Using pre-set license
Built from '6000.0/staging' branch; Version is '6000.0.24f1 (11fa355cd605) revision 1178165'; Using compiler version '193933523'; Build Type 'Release'
OS: 'Windows 11  (10.0.26200) 64bit Core' Language: 'es' Physical Memory: 15917 MB
BatchMode: 1, IsHumanControllingUs: 0, StartBugReporterOnCrash: 0, Is64bit: 1, IsPro: 1

COMMAND LINE ARGUMENTS:
C:\Program Files\Unity 6000.0.24f1\Editor\Unity.exe
-adb2
-batchMode
-noUpm
-name
AssetImportWorker11
-projectPath
C:/Users/Diego/Desktop/Diego/Github/CreadorDeObjetos/My Creator Game
-logFile
Logs/AssetImportWorker11.log
-srvPort
58382
-job-worker-count
10
-background-job-worker-count
8
-asset-garbage-collectors
1
Successfully changed project path to: C:/Users/Diego/Desktop/Diego/Github/CreadorDeObjetos/My Creator Game
C:/Users/Diego/Desktop/Diego/Github/CreadorDeObjetos/My Creator Game
[UnityMemory] Configuration Parameters - Can be set up in boot.config
    "memorysetup-bucket-allocator-granularity=16"
    "memorysetup-bucket-allocator-bucket-count=8"
    "memorysetup-bucket-allocator-block-size=33554432"
    "memorysetup-bucket-allocator-block-count=8"
    "memorysetup-main-allocator-block-size=16777216"
    "memorysetup-thread-allocator-block-size=16777216"
    "memorysetup-gfx-main-allocator-block-size=16777216"
    "memorysetup-gfx-thread-allocator-block-size=16777216"
    "memorysetup-cache-allocator-block-size=4194304"
    "memorysetup-typetree-allocator-block-size=2097152"
    "memorysetup-profiler-bucket-allocator-granularity=16"
    "memorysetup-profiler-bucket-allocator-bucket-count=8"
    "memorysetup-profiler-bucket-allocator-block-size=33554432"
    "memorysetup-profiler-bucket-allocator-block-count=8"
    "memorysetup-profiler-allocator-block-size=16777216"
    "memorysetup-profiler-editor-allocator-block-size=1048576"
    "memorysetup-temp-allocator-size-main=16777216"
    "memorysetup-job-temp-allocator-block-size=2097152"
    "memorysetup-job-temp-allocator-block-size-background=1048576"
    "memorysetup-job-temp-allocator-reduction-small-platforms=262144"
    "memorysetup-allocator-temp-initial-block-size-main=262144"
    "memorysetup-allocator-temp-initial-block-size-worker=262144"
    "memorysetup-temp-allocator-size-background-worker=32768"
    "memorysetup-temp-allocator-size-job-worker=262144"
    "memorysetup-temp-allocator-size-preload-manager=33554432"
    "memorysetup-temp-allocator-size-nav-mesh-worker=65536"
    "memorysetup-temp-allocator-size-audio-worker=65536"
    "memorysetup-temp-allocator-size-cloud-worker=32768"
    "memorysetup-temp-allocator-size-gi-baking-worker=262144"
    "memorysetup-temp-allocator-size-gi-baking-worker=262144"
    "memorysetup-temp-allocator-size-gi-baking-worker=262144"
    "memorysetup-temp-allocator-size-gi-baking-worker=262144"
    "memorysetup-temp-allocator-size-gi-baking-worker=262144"
    "memorysetup-temp-allocator-size-gfx=262144"
Player connection [6052]  Target information:

Player connection [6052]  * "[IP] 192.168.1.54 [Port] 0 [Flags] 2 [Guid] 620482952 [EditorId] 620482952 [Version] 1048832 [Id] WindowsEditor(7,Asus-Zenbook-14) [Debug] 1 [PackageName] WindowsEditor [ProjectName] Editor" 

Player connection [6052] Host joined multi-casting on [225.0.0.222:54997]...
Player connection [6052] Host joined alternative multi-casting on [225.0.0.222:34997]...
JobSystem: Creating JobQueue using job-worker-count value 10
[Physics::Module] Initialized fallback backend.
[Physics::Module] Id: 0xdecafbad
Library Redirect Path: Library/
[Physics::Module] Selected backend.
[Physics::Module] Name: PhysX
[Physics::Module] Id: 0xf2b8ea05
[Physics::Module] SDK Version: 4.1.2
[Physics::Module] Integration Version: 1.0.0
[Physics::Module] Threading Mode: Multi-Threaded
Refreshing native plugins compatible for Editor in 3.09 ms, found 3 plugins.
Preloading 0 native plugins for Editor in 0.00 ms.
Initialize engine version: 6000.0.24f1 (11fa355cd605)
[Subsystems] Discovering subsystems at path C:/Program Files/Unity 6000.0.24f1/Editor/Data/Resources/UnitySubsystems
[Subsystems] Discovering subsystems at path C:/Users/Diego/Desktop/Diego/Github/CreadorDeObjetos/My Creator Game/Assets
GfxDevice: creating device client; kGfxThreadingModeNonThreaded
Direct3D:
    Version:  Direct3D 11.0 [level 11.1]
    Renderer: Intel(R) Arc(TM) Graphics (ID=0x7d55)
    Vendor:   Intel
    VRAM:     9073 MB
    Driver:   32.0.101.6314
Initialize mono
Mono path[0] = 'C:/Program Files/Unity 6000.0.24f1/Editor/Data/Managed'
Mono path[1] = 'C:/Program Files/Unity 6000.0.24f1/Editor/Data/MonoBleedingEdge/lib/mono/unityjit-win32'
Mono config path = 'C:/Program Files/Unity 6000.0.24f1/Editor/Data/MonoBleedingEdge/etc'
Using monoOptions --debugger-agent=transport=dt_socket,embedding=1,server=y,suspend=n,address=127.0.0.1:56132
Begin MonoManager ReloadAssembly
Registering precompiled unity dll's ...
Register platform support module: C:/Program Files/Unity 6000.0.24f1/Editor/Data/PlaybackEngines/WindowsStandaloneSupport/UnityEditor.WindowsStandalone.Extensions.dll
Registered in 0.005697 seconds.
- Loaded All Assemblies, in  0.594 seconds
Native extension for WindowsStandalone target not found
Mono: successfully reloaded assembly
- Finished resetting the current domain, in  0.461 seconds
Domain Reload Profiling: 1053ms
	BeginReloadAssembly (256ms)
		ExecutionOrderSort (0ms)
		DisableScriptedObjects (0ms)
		BackupInstance (0ms)
		ReleaseScriptingObjects (0ms)
		CreateAndSetChildDomain (2ms)
	RebuildCommonClasses (70ms)
	RebuildNativeTypeToScriptingClass (21ms)
	initialDomainReloadingComplete (76ms)
	LoadAllAssembliesAndSetupDomain (169ms)
		LoadAssemblies (249ms)
		RebuildTransferFunctionScriptingTraits (0ms)
		AnalyzeDomain (165ms)
			TypeCache.Refresh (164ms)
				TypeCache.ScanAssembly (149ms)
			BuildScriptInfoCaches (0ms)
			ResolveRequiredComponents (1ms)
	FinalizeReload (462ms)
		ReleaseScriptCaches (0ms)
		RebuildScriptCaches (0ms)
		SetupLoadedEditorAssemblies (402ms)
			LogAssemblyErrors (0ms)
			InitializePlatformSupportModulesInManaged (34ms)
			SetLoadedEditorAssemblies (6ms)
			BeforeProcessingInitializeOnLoad (7ms)
			ProcessInitializeOnLoadAttributes (267ms)
			ProcessInitializeOnLoadMethodAttributes (84ms)
			AfterProcessingInitializeOnLoad (4ms)
			EditorAssembliesLoaded (0ms)
		ExecutionOrderSort2 (0ms)
		AwakeInstancesAfterBackupRestoration (0ms)
========================================================================
Worker process is ready to serve import requests
Import Worker Mode flag is 0x00
Begin MonoManager ReloadAssembly
- Loaded All Assemblies, in  1.315 seconds
Refreshing native plugins compatible for Editor in 1.37 ms, found 3 plugins.
Native extension for WindowsStandalone target not found
Missing types referenced from component UniversalRenderPipelineGlobalSettings on game object UniversalRenderPipelineGlobalSettings:
	UnityEngine.Rendering.Universal.UniversalRenderPipelineEditorAssets, Unity.RenderPipelines.Universal.Runtime (1 object)
Mono: successfully reloaded assembly
- Finished resetting the current domain, in  1.265 seconds
Domain Reload Profiling: 2574ms
	BeginReloadAssembly (508ms)
		ExecutionOrderSort (0ms)
		DisableScriptedObjects (7ms)
		BackupInstance (0ms)
		ReleaseScriptingObjects (0ms)
		CreateAndSetChildDomain (35ms)
	RebuildCommonClasses (42ms)
	RebuildNativeTypeToScriptingClass (13ms)
	initialDomainReloadingComplete (52ms)
	LoadAllAssembliesAndSetupDomain (693ms)
		LoadAssemblies (474ms)
		RebuildTransferFunctionScriptingTraits (0ms)
		AnalyzeDomain (350ms)
			TypeCache.Refresh (236ms)
				TypeCache.ScanAssembly (218ms)
			BuildScriptInfoCaches (95ms)
			ResolveRequiredComponents (13ms)
	FinalizeReload (1266ms)
		ReleaseScriptCaches (0ms)
		RebuildScriptCaches (0ms)
		SetupLoadedEditorAssemblies (908ms)
			LogAssemblyErrors (0ms)
			InitializePlatformSupportModulesInManaged (4ms)
			SetLoadedEditorAssemblies (6ms)
			BeforeProcessingInitializeOnLoad (107ms)
			ProcessInitializeOnLoadAttributes (617ms)
			ProcessInitializeOnLoadMethodAttributes (161ms)
			AfterProcessingInitializeOnLoad (11ms)
			EditorAssembliesLoaded (0ms)
		ExecutionOrderSort2 (0ms)
		AwakeInstancesAfterBackupRestoration (9ms)
Launched and connected shader compiler UnityShaderCompiler.exe after 0.01 seconds
Refreshing native plugins compatible for Editor in 1.83 ms, found 3 plugins.
Preloading 0 native plugins for Editor in 0.00 ms.
Unloading 212 Unused Serialized files (Serialized files now loaded: 0)
Unloading 6089 unused Assets / (3.9 MB). Loaded Objects now: 6874.
Memory consumption went from 215.7 MB to 211.8 MB.
Total: 10.068000 ms (FindLiveObjects: 1.837600 ms CreateObjectMapping: 0.346900 ms MarkObjects: 5.658400 ms  DeleteObjects: 2.223900 ms)

========================================================================
Received Import Request.
  Time since last request: 25787.132987 seconds.
  path: Assets/Kit/Character/enemies/assets/gltf
  artifactKey: Guid(624c2f68e5ec42d45836da0fadf692e5) Importer(815301076,1909f56bfc062723c751e8b465ee728b)
Start importing Assets/Kit/Character/enemies/assets/gltf using Guid(624c2f68e5ec42d45836da0fadf692e5) Importer(815301076,1909f56bfc062723c751e8b465ee728b) (PreviewImporter) -> (artifact id: '77cd3d01371517b33823bd1012dc90c4') in 0.0061558 seconds
Number of updated asset objects reloaded before import = 0Number of asset objects unloaded after import = 0

========================================================================
Received Import Request.
  Time since last request: 0.235050 seconds.
  path: Assets/Kit/Character/enemies/assets/gltf/skeleton_texture.png
  artifactKey: Guid(6287098247fcdf74ebce896f4c686525) Importer(815301076,1909f56bfc062723c751e8b465ee728b)
Start importing Assets/Kit/Character/enemies/assets/gltf/skeleton_texture.png using Guid(6287098247fcdf74ebce896f4c686525) Importer(815301076,1909f56bfc062723c751e8b465ee728b) (PreviewImporter) -> (artifact id: 'a94c6449fa0ff47de03f4a50b2c8bc93') in 0.0669135 seconds
Number of updated asset objects reloaded before import = 0Number of asset objects unloaded after import = 2

========================================================================
Received Import Request.
  Time since last request: 8.480582 seconds.
  path: Assets/Kit/Character/enemies/characters
  artifactKey: Guid(3b6f29cc1cb633d47af072e83e3aec3f) Importer(815301076,1909f56bfc062723c751e8b465ee728b)
Start importing Assets/Kit/Character/enemies/characters using Guid(3b6f29cc1cb633d47af072e83e3aec3f) Importer(815301076,1909f56bfc062723c751e8b465ee728b) (PreviewImporter) -> (artifact id: '1db41a24eb27c53e1b16c25b2e37d081') in 0.0008234 seconds
Number of updated asset objects reloaded before import = 0Number of asset objects unloaded after import = 0

========================================================================
Received Import Request.
  Time since last request: 0.922175 seconds.
  path: Assets/Kit/Character/enemies/characters/fbx
  artifactKey: Guid(685cecfbb829c884fb8aa11d10e02595) Importer(815301076,1909f56bfc062723c751e8b465ee728b)
Start importing Assets/Kit/Character/enemies/characters/fbx using Guid(685cecfbb829c884fb8aa11d10e02595) Importer(815301076,1909f56bfc062723c751e8b465ee728b) (PreviewImporter) -> (artifact id: '4215535c8ed5e4b92359f0dc00aec1a6') in 0.000605 seconds
Number of updated asset objects reloaded before import = 0Number of asset objects unloaded after import = 0

========================================================================
Received Import Request.
  Time since last request: 0.056665 seconds.
  path: Assets/Kit/Character/enemies/characters/fbx/Skeleton_Mage.fbx
  artifactKey: Guid(ceebac54c59f7ce46b2396b35f53027e) Importer(815301076,1909f56bfc062723c751e8b465ee728b)
Start importing Assets/Kit/Character/enemies/characters/fbx/Skeleton_Mage.fbx using Guid(ceebac54c59f7ce46b2396b35f53027e) Importer(815301076,1909f56bfc062723c751e8b465ee728b) (PreviewImporter) -> (artifact id: '16818c35432554e0201bf0fb898b3494') in 1.138745 seconds
Number of updated asset objects reloaded before import = 0Number of asset objects unloaded after import = 92

========================================================================
Received Import Request.
  Time since last request: 4.731335 seconds.
  path: Assets/Kit/Character/enemies/samples
  artifactKey: Guid(3b1dd568aeb6bec43a16ca900cfffb66) Importer(815301076,1909f56bfc062723c751e8b465ee728b)
Start importing Assets/Kit/Character/enemies/samples using Guid(3b1dd568aeb6bec43a16ca900cfffb66) Importer(815301076,1909f56bfc062723c751e8b465ee728b) (PreviewImporter) -> (artifact id: 'b1f026657f25111452a4610227593e8a') in 0.0010169 seconds
Number of updated asset objects reloaded before import = 0Number of asset objects unloaded after import = 0

========================================================================
Received Import Request.
  Time since last request: 0.100509 seconds.
  path: Assets/Kit/Character/enemies/samples/mage.png
  artifactKey: Guid(594e9beec53b11e4ea7960132140fdec) Importer(815301076,1909f56bfc062723c751e8b465ee728b)
Start importing Assets/Kit/Character/enemies/samples/mage.png using Guid(594e9beec53b11e4ea7960132140fdec) Importer(815301076,1909f56bfc062723c751e8b465ee728b) (PreviewImporter) -> (artifact id: '10f2502e57a233a308b92d7104bda8da') in 0.0156662 seconds
Number of updated asset objects reloaded before import = 0Number of asset objects unloaded after import = 2

========================================================================
Received Import Request.
  Time since last request: 0.000028 seconds.
  path: Assets/Kit/Character/enemies/samples/warrior.png
  artifactKey: Guid(5b4a351d35dc34443bfccc322b3ead6d) Importer(815301076,1909f56bfc062723c751e8b465ee728b)
Start importing Assets/Kit/Character/enemies/samples/warrior.png using Guid(5b4a351d35dc34443bfccc322b3ead6d) Importer(815301076,1909f56bfc062723c751e8b465ee728b) (PreviewImporter) -> (artifact id: '50b98b114346535c49ea9b4b29b75a6c') in 0.0242128 seconds
Number of updated asset objects reloaded before import = 0Number of asset objects unloaded after import = 2

========================================================================
Received Import Request.
  Time since last request: 21.611443 seconds.
  path: Assets/Kit/Character/enemies/characters/fbx/Skeleton_Mage.fbx
  artifactKey: Guid(ceebac54c59f7ce46b2396b35f53027e) Importer(815301076,1909f56bfc062723c751e8b465ee728b)
Start importing Assets/Kit/Character/enemies/characters/fbx/Skeleton_Mage.fbx using Guid(ceebac54c59f7ce46b2396b35f53027e) Importer(815301076,1909f56bfc062723c751e8b465ee728b) (PreviewImporter) -> (artifact id: 'dafa46c5b3a306a7a34ac3266e65674d') in 1.1464974 seconds
Number of updated asset objects reloaded before import = 0Number of asset objects unloaded after import = 92

========================================================================
Received Import Request.
  Time since last request: 98.273301 seconds.
  path: Assets/Kit/Character/enemies/characters/character prefab
  artifactKey: Guid(685cecfbb829c884fb8aa11d10e02595) Importer(815301076,1909f56bfc062723c751e8b465ee728b)
Start importing Assets/Kit/Character/enemies/characters/character prefab using Guid(685cecfbb829c884fb8aa11d10e02595) Importer(815301076,1909f56bfc062723c751e8b465ee728b) (PreviewImporter) -> (artifact id: '673d3171743273503f6f83fae352e5b0') in 0.0012217 seconds
Number of updated asset objects reloaded before import = 0Number of asset objects unloaded after import = 0

========================================================================
Received Import Request.
  Time since last request: 30.420852 seconds.
  path: Assets/Kit/DungeonKit
  artifactKey: Guid(a784d4f8b03d1be4283071602025ad4c) Importer(815301076,1909f56bfc062723c751e8b465ee728b)
Start importing Assets/Kit/DungeonKit using Guid(a784d4f8b03d1be4283071602025ad4c) Importer(815301076,1909f56bfc062723c751e8b465ee728b) (PreviewImporter) -> (artifact id: '2500b7d9f7aba59c18943335c17b2c19') in 0.0008128 seconds
Number of updated asset objects reloaded before import = 0Number of asset objects unloaded after import = 0

========================================================================
Received Import Request.
  Time since last request: 0.715068 seconds.
  path: Assets/Kit/DungeonKit/fantasy town
  artifactKey: Guid(0708267a53754b745a3667cbbcb1f170) Importer(815301076,1909f56bfc062723c751e8b465ee728b)
Start importing Assets/Kit/DungeonKit/fantasy town using Guid(0708267a53754b745a3667cbbcb1f170) Importer(815301076,1909f56bfc062723c751e8b465ee728b) (PreviewImporter) -> (artifact id: '8c06320cf8f81ca98aba7aa366382a4c') in 0.0007672 seconds
Number of updated asset objects reloaded before import = 0Number of asset objects unloaded after import = 0

========================================================================
Received Import Request.
  Time since last request: 0.980515 seconds.
  path: Assets/Kit/DungeonKit/fantasy town/kenney_fantasy-town-kit_2.0
  artifactKey: Guid(5b9649d61acb01f49b4b2ba11b930675) Importer(815301076,1909f56bfc062723c751e8b465ee728b)
Start importing Assets/Kit/DungeonKit/fantasy town/kenney_fantasy-town-kit_2.0 using Guid(5b9649d61acb01f49b4b2ba11b930675) Importer(815301076,1909f56bfc062723c751e8b465ee728b) (PreviewImporter) -> (artifact id: '220b9c1947b99f637a8af3df43d49e09') in 0.000792 seconds
Number of updated asset objects reloaded before import = 0Number of asset objects unloaded after import = 0

========================================================================
Received Import Request.
  Time since last request: 0.065932 seconds.
  path: Assets/Kit/DungeonKit/fantasy town/kenney_fantasy-town-kit_2.0/Preview.png
  artifactKey: Guid(367f523da4a74a042a5aa090a0a87cdd) Importer(815301076,1909f56bfc062723c751e8b465ee728b)
Start importing Assets/Kit/DungeonKit/fantasy town/kenney_fantasy-town-kit_2.0/Preview.png using Guid(367f523da4a74a042a5aa090a0a87cdd) Importer(815301076,1909f56bfc062723c751e8b465ee728b) (PreviewImporter) -> (artifact id: '7979d88fee3ebde87db129393ee6a234') in 0.0203638 seconds
Number of updated asset objects reloaded before import = 0Number of asset objects unloaded after import = 2

========================================================================
Received Import Request.
  Time since last request: 0.000026 seconds.
  path: Assets/Kit/DungeonKit/fantasy town/kenney_fantasy-town-kit_2.0/Sample.png
  artifactKey: Guid(eb5d846c526ea7f4295c045ecb9b6bf9) Importer(815301076,1909f56bfc062723c751e8b465ee728b)
Start importing Assets/Kit/DungeonKit/fantasy town/kenney_fantasy-town-kit_2.0/Sample.png using Guid(eb5d846c526ea7f4295c045ecb9b6bf9) Importer(815301076,1909f56bfc062723c751e8b465ee728b) (PreviewImporter) -> (artifact id: '6ec7bbde5333a84092885273bdfb45e5') in 0.0201975 seconds
Number of updated asset objects reloaded before import = 0Number of asset objects unloaded after import = 2

========================================================================
Received Import Request.
  Time since last request: 34.733746 seconds.
  path: Assets/Kit/DungeonKit/fantasy town/kenney_fantasy-town-kit_2.0/Models
  artifactKey: Guid(f66b9961efd62774cbb717dbea29d2e3) Importer(815301076,1909f56bfc062723c751e8b465ee728b)
Start importing Assets/Kit/DungeonKit/fantasy town/kenney_fantasy-town-kit_2.0/Models using Guid(f66b9961efd62774cbb717dbea29d2e3) Importer(815301076,1909f56bfc062723c751e8b465ee728b) (PreviewImporter) -> (artifact id: '5018046155481fb7b74b3ff77ada5e4d') in 0.0007524 seconds
Number of updated asset objects reloaded before import = 0Number of asset objects unloaded after import = 0

========================================================================
Received Import Request.
  Time since last request: 5.300967 seconds.
  path: Assets/Kit/DungeonKit/fantasy town/kenney_fantasy-town-kit_2.0/Models/Textures
  artifactKey: Guid(67e401590b1885a4b8816111dfefac71) Importer(815301076,1909f56bfc062723c751e8b465ee728b)
Start importing Assets/Kit/DungeonKit/fantasy town/kenney_fantasy-town-kit_2.0/Models/Textures using Guid(67e401590b1885a4b8816111dfefac71) Importer(815301076,1909f56bfc062723c751e8b465ee728b) (PreviewImporter) -> (artifact id: 'dd778c6a8a78c1596baebacdc0eff46d') in 0.0009616 seconds
Number of updated asset objects reloaded before import = 0Number of asset objects unloaded after import = 0

========================================================================
Received Import Request.
  Time since last request: 2.385554 seconds.
  path: Assets/Kit/DungeonKit/fantasy town/kenney_fantasy-town-kit_2.0/Models/OBJ format
  artifactKey: Guid(cfbdcf7162f81a54e937072ae5ce484f) Importer(815301076,1909f56bfc062723c751e8b465ee728b)
Start importing Assets/Kit/DungeonKit/fantasy town/kenney_fantasy-town-kit_2.0/Models/OBJ format using Guid(cfbdcf7162f81a54e937072ae5ce484f) Importer(815301076,1909f56bfc062723c751e8b465ee728b) (PreviewImporter) -> (artifact id: '949c747d9611b68336a792bf2d770c32') in 0.0005972 seconds
Number of updated asset objects reloaded before import = 0Number of asset objects unloaded after import = 0

========================================================================
Received Import Request.
  Time since last request: 2.429196 seconds.
  path: Assets/Kit/DungeonKit/fantasy town/kenney_fantasy-town-kit_2.0/Models/GLB format
  artifactKey: Guid(d2e7b9625462d7d4487e3e6b3a701d1b) Importer(815301076,1909f56bfc062723c751e8b465ee728b)
Start importing Assets/Kit/DungeonKit/fantasy town/kenney_fantasy-town-kit_2.0/Models/GLB format using Guid(d2e7b9625462d7d4487e3e6b3a701d1b) Importer(815301076,1909f56bfc062723c751e8b465ee728b) (PreviewImporter) -> (artifact id: '119ccc29e8c04a473c4b035db2aa1232') in 0.0008715 seconds
Number of updated asset objects reloaded before import = 0Number of asset objects unloaded after import = 0

========================================================================
Received Import Request.
  Time since last request: 15.691130 seconds.
  path: Assets/Kit/DungeonKit/fantasy town/kenney_fantasy-town-kit_2.0/Previews
  artifactKey: Guid(b6f277b755bc7e94eaf65ab7fcf4fe69) Importer(815301076,1909f56bfc062723c751e8b465ee728b)
Start importing Assets/Kit/DungeonKit/fantasy town/kenney_fantasy-town-kit_2.0/Previews using Guid(b6f277b755bc7e94eaf65ab7fcf4fe69) Importer(815301076,1909f56bfc062723c751e8b465ee728b) (PreviewImporter) -> (artifact id: '467af4d85c3242a05ad82d287b2e93a7') in 0.0007954 seconds
Number of updated asset objects reloaded before import = 0Number of asset objects unloaded after import = 0

========================================================================
Received Import Request.
  Time since last request: 0.048116 seconds.
  path: Assets/Kit/DungeonKit/fantasy town/kenney_fantasy-town-kit_2.0/Previews/balcony-wall.png
  artifactKey: Guid(261c5872741e8964891da57faefdd123) Importer(815301076,1909f56bfc062723c751e8b465ee728b)
Start importing Assets/Kit/DungeonKit/fantasy town/kenney_fantasy-town-kit_2.0/Previews/balcony-wall.png using Guid(261c5872741e8964891da57faefdd123) Importer(815301076,1909f56bfc062723c751e8b465ee728b) (PreviewImporter) -> (artifact id: 'c14b1c4957011d7feb3f46433ee5d3f3') in 0.0158764 seconds
Number of updated asset objects reloaded before import = 0Number of asset objects unloaded after import = 2

========================================================================
Received Import Request.
  Time since last request: 0.000027 seconds.
  path: Assets/Kit/DungeonKit/fantasy town/kenney_fantasy-town-kit_2.0/Previews/banner-green.png
  artifactKey: Guid(b7186762a4025b9408a4f4ef34c630c4) Importer(815301076,1909f56bfc062723c751e8b465ee728b)
Start importing Assets/Kit/DungeonKit/fantasy town/kenney_fantasy-town-kit_2.0/Previews/banner-green.png using Guid(b7186762a4025b9408a4f4ef34c630c4) Importer(815301076,1909f56bfc062723c751e8b465ee728b) (PreviewImporter) -> (artifact id: '927414569caa089007719da4960ba9de') in 0.0171055 seconds
Number of updated asset objects reloaded before import = 0Number of asset objects unloaded after import = 2

========================================================================
Received Import Request.
  Time since last request: 0.000046 seconds.
  path: Assets/Kit/DungeonKit/fantasy town/kenney_fantasy-town-kit_2.0/Previews/cart.png
  artifactKey: Guid(fdd0e814280765341b62805f2d97add5) Importer(815301076,1909f56bfc062723c751e8b465ee728b)
Start importing Assets/Kit/DungeonKit/fantasy town/kenney_fantasy-town-kit_2.0/Previews/cart.png using Guid(fdd0e814280765341b62805f2d97add5) Importer(815301076,1909f56bfc062723c751e8b465ee728b) (PreviewImporter) -> (artifact id: 'c0c59cc12a8a2a94b770cd208a4c47b6') in 0.0169661 seconds
Number of updated asset objects reloaded before import = 0Number of asset objects unloaded after import = 2

========================================================================
Received Import Request.
  Time since last request: 0.000027 seconds.
  path: Assets/Kit/DungeonKit/fantasy town/kenney_fantasy-town-kit_2.0/Previews/fence-curved.png
  artifactKey: Guid(c5eb7958bc709cc4eb8188170b5bf2ae) Importer(815301076,1909f56bfc062723c751e8b465ee728b)
Start importing Assets/Kit/DungeonKit/fantasy town/kenney_fantasy-town-kit_2.0/Previews/fence-curved.png using Guid(c5eb7958bc709cc4eb8188170b5bf2ae) Importer(815301076,1909f56bfc062723c751e8b465ee728b) (PreviewImporter) -> (artifact id: '39cb63a6270aae0aad3146508b456e84') in 0.026479 seconds
Number of updated asset objects reloaded before import = 0Number of asset objects unloaded after import = 2

========================================================================
Received Import Request.
  Time since last request: 0.000031 seconds.
  path: Assets/Kit/DungeonKit/fantasy town/kenney_fantasy-town-kit_2.0/Previews/fountain-corner-inner-square.png
  artifactKey: Guid(da51cf541e218094c93ededf6140b8c1) Importer(815301076,1909f56bfc062723c751e8b465ee728b)
Start importing Assets/Kit/DungeonKit/fantasy town/kenney_fantasy-town-kit_2.0/Previews/fountain-corner-inner-square.png using Guid(da51cf541e218094c93ededf6140b8c1) Importer(815301076,1909f56bfc062723c751e8b465ee728b) (PreviewImporter) -> (artifact id: '02f3dd02687730be0a41d127b1469498') in 0.018332 seconds
Number of updated asset objects reloaded before import = 0Number of asset objects unloaded after import = 2

========================================================================
Received Import Request.
  Time since last request: 0.000027 seconds.
  path: Assets/Kit/DungeonKit/fantasy town/kenney_fantasy-town-kit_2.0/Previews/fountain-center.png
  artifactKey: Guid(91656c993b1b5334ead30113e63ef92a) Importer(815301076,1909f56bfc062723c751e8b465ee728b)
Start importing Assets/Kit/DungeonKit/fantasy town/kenney_fantasy-town-kit_2.0/Previews/fountain-center.png using Guid(91656c993b1b5334ead30113e63ef92a) Importer(815301076,1909f56bfc062723c751e8b465ee728b) (PreviewImporter) -> (artifact id: '61febea41db20842281c541315fc11f7') in 0.0188875 seconds
Number of updated asset objects reloaded before import = 0Number of asset objects unloaded after import = 2

========================================================================
Received Import Request.
  Time since last request: 0.000039 seconds.
  path: Assets/Kit/DungeonKit/fantasy town/kenney_fantasy-town-kit_2.0/Previews/hedge-curved.png
  artifactKey: Guid(85d0fbb85e6db0b44a1fe0f84b84a751) Importer(815301076,1909f56bfc062723c751e8b465ee728b)
Start importing Assets/Kit/DungeonKit/fantasy town/kenney_fantasy-town-kit_2.0/Previews/hedge-curved.png using Guid(85d0fbb85e6db0b44a1fe0f84b84a751) Importer(815301076,1909f56bfc062723c751e8b465ee728b) (PreviewImporter) -> (artifact id: '3a36e36d24849a5db4b8bdf9964340e6') in 0.0209367 seconds
Number of updated asset objects reloaded before import = 0Number of asset objects unloaded after import = 2

========================================================================
Received Import Request.
  Time since last request: 0.000059 seconds.
  path: Assets/Kit/DungeonKit/fantasy town/kenney_fantasy-town-kit_2.0/Previews/fence-broken.png
  artifactKey: Guid(bef15b505666afb4dafdcd92fde359b8) Importer(815301076,1909f56bfc062723c751e8b465ee728b)
Start importing Assets/Kit/DungeonKit/fantasy town/kenney_fantasy-town-kit_2.0/Previews/fence-broken.png using Guid(bef15b505666afb4dafdcd92fde359b8) Importer(815301076,1909f56bfc062723c751e8b465ee728b) (PreviewImporter) -> (artifact id: '2a8ddd267cb13213a002c2423517e05d') in 0.0473078 seconds
Number of updated asset objects reloaded before import = 0Number of asset objects unloaded after import = 2

========================================================================
Received Import Request.
  Time since last request: 0.000040 seconds.
  path: Assets/Kit/DungeonKit/fantasy town/kenney_fantasy-town-kit_2.0/Previews/fountain-square.png
  artifactKey: Guid(9d42e54c4c5b5624085c40dc3a6b9798) Importer(815301076,1909f56bfc062723c751e8b465ee728b)
Start importing Assets/Kit/DungeonKit/fantasy town/kenney_fantasy-town-kit_2.0/Previews/fountain-square.png using Guid(9d42e54c4c5b5624085c40dc3a6b9798) Importer(815301076,1909f56bfc062723c751e8b465ee728b) (PreviewImporter) -> (artifact id: '7a9dcb79555a705529fbeead396b36b4') in 0.0325331 seconds
Number of updated asset objects reloaded before import = 0Number of asset objects unloaded after import = 2

========================================================================
Received Import Request.
  Time since last request: 0.000034 seconds.
  path: Assets/Kit/DungeonKit/fantasy town/kenney_fantasy-town-kit_2.0/Previews/hedge.png
  artifactKey: Guid(21693d9b71a27d84ebd5d1acb52cb540) Importer(815301076,1909f56bfc062723c751e8b465ee728b)
Start importing Assets/Kit/DungeonKit/fantasy town/kenney_fantasy-town-kit_2.0/Previews/hedge.png using Guid(21693d9b71a27d84ebd5d1acb52cb540) Importer(815301076,1909f56bfc062723c751e8b465ee728b) (PreviewImporter) -> (artifact id: 'bef1d38f19a783d9c4dc00a6b8b4aa09') in 0.033536 seconds
Number of updated asset objects reloaded before import = 0Number of asset objects unloaded after import = 2

========================================================================
Received Import Request.
  Time since last request: 0.000046 seconds.
  path: Assets/Kit/DungeonKit/fantasy town/kenney_fantasy-town-kit_2.0/Previews/fountain-round-detail.png
  artifactKey: Guid(7f15a8cdc6fe9ef4aa82b7dce9fde0ce) Importer(815301076,1909f56bfc062723c751e8b465ee728b)
Start importing Assets/Kit/DungeonKit/fantasy town/kenney_fantasy-town-kit_2.0/Previews/fountain-round-detail.png using Guid(7f15a8cdc6fe9ef4aa82b7dce9fde0ce) Importer(815301076,1909f56bfc062723c751e8b465ee728b) (PreviewImporter) -> (artifact id: '9b07f41873a64233babaf12026400b1d') in 0.0371091 seconds
Number of updated asset objects reloaded before import = 0Number of asset objects unloaded after import = 2

========================================================================
Received Import Request.
  Time since last request: 0.000064 seconds.
  path: Assets/Kit/DungeonKit/fantasy town/kenney_fantasy-town-kit_2.0/Previews/planks-half.png
  artifactKey: Guid(86a84943d3716ce4d916f4f55a9f2715) Importer(815301076,1909f56bfc062723c751e8b465ee728b)
Start importing Assets/Kit/DungeonKit/fantasy town/kenney_fantasy-town-kit_2.0/Previews/planks-half.png using Guid(86a84943d3716ce4d916f4f55a9f2715) Importer(815301076,1909f56bfc062723c751e8b465ee728b) (PreviewImporter) -> (artifact id: '6611a84712d2625ca9c0c3efc15677a4') in 0.035143 seconds
Number of updated asset objects reloaded before import = 0Number of asset objects unloaded after import = 2

========================================================================
Received Import Request.
  Time since last request: 0.000055 seconds.
  path: Assets/Kit/DungeonKit/fantasy town/kenney_fantasy-town-kit_2.0/Previews/fountain-corner-inner.png
  artifactKey: Guid(78e55be437b66f741af20e214600031f) Importer(815301076,1909f56bfc062723c751e8b465ee728b)
Start importing Assets/Kit/DungeonKit/fantasy town/kenney_fantasy-town-kit_2.0/Previews/fountain-corner-inner.png using Guid(78e55be437b66f741af20e214600031f) Importer(815301076,1909f56bfc062723c751e8b465ee728b) (PreviewImporter) -> (artifact id: '9873207e45438ffa177303998c0f87dc') in 0.0384188 seconds
Number of updated asset objects reloaded before import = 0Number of asset objects unloaded after import = 2

========================================================================
Received Import Request.
  Time since last request: 0.000055 seconds.
  path: Assets/Kit/DungeonKit/fantasy town/kenney_fantasy-town-kit_2.0/Previews/hedge-large-gate.png
  artifactKey: Guid(c72d98a4ecbdd814ab4e36a39920138c) Importer(815301076,1909f56bfc062723c751e8b465ee728b)
Start importing Assets/Kit/DungeonKit/fantasy town/kenney_fantasy-town-kit_2.0/Previews/hedge-large-gate.png using Guid(c72d98a4ecbdd814ab4e36a39920138c) Importer(815301076,1909f56bfc062723c751e8b465ee728b) (PreviewImporter) -> (artifact id: '3902e493a8ac261aa5b7dbeef2062d26') in 0.0363875 seconds
Number of updated asset objects reloaded before import = 0Number of asset objects unloaded after import = 2

========================================================================
Received Import Request.
  Time since last request: 0.000066 seconds.
  path: Assets/Kit/DungeonKit/fantasy town/kenney_fantasy-town-kit_2.0/Previews/hedge-large-curved.png
  artifactKey: Guid(c32b244dfdedbec4ebd5b4a2aa5998b2) Importer(815301076,1909f56bfc062723c751e8b465ee728b)
Start importing Assets/Kit/DungeonKit/fantasy town/kenney_fantasy-town-kit_2.0/Previews/hedge-large-curved.png using Guid(c32b244dfdedbec4ebd5b4a2aa5998b2) Importer(815301076,1909f56bfc062723c751e8b465ee728b) (PreviewImporter) -> (artifact id: '5bd67ed35d75dbe0811a62a129e47bad') in 0.0400312 seconds
Number of updated asset objects reloaded before import = 0Number of asset objects unloaded after import = 2

========================================================================
Received Import Request.
  Time since last request: 0.000040 seconds.
  path: Assets/Kit/DungeonKit/fantasy town/kenney_fantasy-town-kit_2.0/Previews/planks.png
  artifactKey: Guid(2ca417551e6f7d44592d99766e6ebc63) Importer(815301076,1909f56bfc062723c751e8b465ee728b)
Start importing Assets/Kit/DungeonKit/fantasy town/kenney_fantasy-town-kit_2.0/Previews/planks.png using Guid(2ca417551e6f7d44592d99766e6ebc63) Importer(815301076,1909f56bfc062723c751e8b465ee728b) (PreviewImporter) -> (artifact id: 'a10e77fdd6434b890c99cb5c8a8ef152') in 0.0377057 seconds
Number of updated asset objects reloaded before import = 0Number of asset objects unloaded after import = 2

========================================================================
Received Import Request.
  Time since last request: 0.000039 seconds.
  path: Assets/Kit/DungeonKit/fantasy town/kenney_fantasy-town-kit_2.0/Previews/fountain-edge.png
  artifactKey: Guid(71819cf81f0288949912001ddf1d4f04) Importer(815301076,1909f56bfc062723c751e8b465ee728b)
Start importing Assets/Kit/DungeonKit/fantasy town/kenney_fantasy-town-kit_2.0/Previews/fountain-edge.png using Guid(71819cf81f0288949912001ddf1d4f04) Importer(815301076,1909f56bfc062723c751e8b465ee728b) (PreviewImporter) -> (artifact id: '7718575d2448129b5e1948db9e0da930') in 0.0371832 seconds
Number of updated asset objects reloaded before import = 0Number of asset objects unloaded after import = 2

========================================================================
Received Import Request.
  Time since last request: 0.000096 seconds.
  path: Assets/Kit/DungeonKit/fantasy town/kenney_fantasy-town-kit_2.0/Previews/hedge-gate.png
  artifactKey: Guid(0ea8df2075b5dc94b842537917d2b51f) Importer(815301076,1909f56bfc062723c751e8b465ee728b)
Start importing Assets/Kit/DungeonKit/fantasy town/kenney_fantasy-town-kit_2.0/Previews/hedge-gate.png using Guid(0ea8df2075b5dc94b842537917d2b51f) Importer(815301076,1909f56bfc062723c751e8b465ee728b) (PreviewImporter) -> (artifact id: '3cf2b9167e516170a3d030b95930decb') in 0.0312991 seconds
Number of updated asset objects reloaded before import = 0Number of asset objects unloaded after import = 2

========================================================================
Received Import Request.
  Time since last request: 0.000041 seconds.
  path: Assets/Kit/DungeonKit/fantasy town/kenney_fantasy-town-kit_2.0/Previews/poles-horizontal.png
  artifactKey: Guid(6062876a51ac4504995a7826cba6787c) Importer(815301076,1909f56bfc062723c751e8b465ee728b)
Start importing Assets/Kit/DungeonKit/fantasy town/kenney_fantasy-town-kit_2.0/Previews/poles-horizontal.png using Guid(6062876a51ac4504995a7826cba6787c) Importer(815301076,1909f56bfc062723c751e8b465ee728b) (PreviewImporter) -> (artifact id: '006b60e6157dd7f70c3bf641d85548bf') in 0.037781 seconds
Number of updated asset objects reloaded before import = 0Number of asset objects unloaded after import = 2

========================================================================
Received Import Request.
  Time since last request: 0.000049 seconds.
  path: Assets/Kit/DungeonKit/fantasy town/kenney_fantasy-town-kit_2.0/Previews/road-bend.png
  artifactKey: Guid(2307415a1a485884bb23378efc94d4f2) Importer(815301076,1909f56bfc062723c751e8b465ee728b)
Start importing Assets/Kit/DungeonKit/fantasy town/kenney_fantasy-town-kit_2.0/Previews/road-bend.png using Guid(2307415a1a485884bb23378efc94d4f2) Importer(815301076,1909f56bfc062723c751e8b465ee728b) (PreviewImporter) -> (artifact id: '3a4aa8c708717e9b05a3dc7be68bb46e') in 0.0382476 seconds
Number of updated asset objects reloaded before import = 0Number of asset objects unloaded after import = 2

========================================================================
Received Import Request.
  Time since last request: 0.000082 seconds.
  path: Assets/Kit/DungeonKit/fantasy town/kenney_fantasy-town-kit_2.0/Previews/rock-small.png
  artifactKey: Guid(66ad1c248aef9a0458a6e5242fc9a27b) Importer(815301076,1909f56bfc062723c751e8b465ee728b)
Start importing Assets/Kit/DungeonKit/fantasy town/kenney_fantasy-town-kit_2.0/Previews/rock-small.png using Guid(66ad1c248aef9a0458a6e5242fc9a27b) Importer(815301076,1909f56bfc062723c751e8b465ee728b) (PreviewImporter) -> (artifact id: 'edaaf98867d9a2a6cee700cf859f8986') in 0.039185 seconds
Number of updated asset objects reloaded before import = 0Number of asset objects unloaded after import = 2

========================================================================
Received Import Request.
  Time since last request: 0.000044 seconds.
  path: Assets/Kit/DungeonKit/fantasy town/kenney_fantasy-town-kit_2.0/Previews/rock-large.png
  artifactKey: Guid(10f3c04de09961a4d8639683114d3a4a) Importer(815301076,1909f56bfc062723c751e8b465ee728b)
Start importing Assets/Kit/DungeonKit/fantasy town/kenney_fantasy-town-kit_2.0/Previews/rock-large.png using Guid(10f3c04de09961a4d8639683114d3a4a) Importer(815301076,1909f56bfc062723c751e8b465ee728b) (PreviewImporter) -> (artifact id: 'ff76ad20ca3e05ca266b041700e1c61b') in 0.0444199 seconds
Number of updated asset objects reloaded before import = 0Number of asset objects unloaded after import = 2

========================================================================
Received Import Request.
  Time since last request: 0.000039 seconds.
  path: Assets/Kit/DungeonKit/fantasy town/kenney_fantasy-town-kit_2.0/Previews/road-curb-end.png
  artifactKey: Guid(ad811ee8b8c19b84bbc1b3eb4ad9fb72) Importer(815301076,1909f56bfc062723c751e8b465ee728b)
Start importing Assets/Kit/DungeonKit/fantasy town/kenney_fantasy-town-kit_2.0/Previews/road-curb-end.png using Guid(ad811ee8b8c19b84bbc1b3eb4ad9fb72) Importer(815301076,1909f56bfc062723c751e8b465ee728b) (PreviewImporter) -> (artifact id: '7e2335bbf70dae2b8529de4ff84d44db') in 0.0401584 seconds
Number of updated asset objects reloaded before import = 0Number of asset objects unloaded after import = 2

========================================================================
Received Import Request.
  Time since last request: 0.000112 seconds.
  path: Assets/Kit/DungeonKit/fantasy town/kenney_fantasy-town-kit_2.0/Previews/road-corner-inner.png
  artifactKey: Guid(0410e939be1dfc343918a1f0a2aac9dd) Importer(815301076,1909f56bfc062723c751e8b465ee728b)
Start importing Assets/Kit/DungeonKit/fantasy town/kenney_fantasy-town-kit_2.0/Previews/road-corner-inner.png using Guid(0410e939be1dfc343918a1f0a2aac9dd) Importer(815301076,1909f56bfc062723c751e8b465ee728b) (PreviewImporter) -> (artifact id: 'c7e1e0b98467fa4157a8c09bfc610668') in 0.0411003 seconds
Number of updated asset objects reloaded before import = 0Number of asset objects unloaded after import = 2

========================================================================
Received Import Request.
  Time since last request: 0.000047 seconds.
  path: Assets/Kit/DungeonKit/fantasy town/kenney_fantasy-town-kit_2.0/Previews/rock-wide.png
  artifactKey: Guid(c727d823f7fe1ce4cbec55983c89d18b) Importer(815301076,1909f56bfc062723c751e8b465ee728b)
Start importing Assets/Kit/DungeonKit/fantasy town/kenney_fantasy-town-kit_2.0/Previews/rock-wide.png using Guid(c727d823f7fe1ce4cbec55983c89d18b) Importer(815301076,1909f56bfc062723c751e8b465ee728b) (PreviewImporter) -> (artifact id: '0418a72237ffdc34b5955efab954d687') in 0.0379384 seconds
Number of updated asset objects reloaded before import = 0Number of asset objects unloaded after import = 2

========================================================================
Received Import Request.
  Time since last request: 0.000073 seconds.
  path: Assets/Kit/DungeonKit/fantasy town/kenney_fantasy-town-kit_2.0/Previews/road-edge.png
  artifactKey: Guid(6f0ede21f2420164c99adff2025496f7) Importer(815301076,1909f56bfc062723c751e8b465ee728b)
Start importing Assets/Kit/DungeonKit/fantasy town/kenney_fantasy-town-kit_2.0/Previews/road-edge.png using Guid(6f0ede21f2420164c99adff2025496f7) Importer(815301076,1909f56bfc062723c751e8b465ee728b) (PreviewImporter) -> (artifact id: '1afb30b6f280f8c4ce3895c949e4ddad') in 0.0426146 seconds
Number of updated asset objects reloaded before import = 0Number of asset objects unloaded after import = 2

========================================================================
Received Import Request.
  Time since last request: 0.000084 seconds.
  path: Assets/Kit/DungeonKit/fantasy town/kenney_fantasy-town-kit_2.0/Previews/roof.png
  artifactKey: Guid(db6dbc34ce7b47541ad63a7f91311808) Importer(815301076,1909f56bfc062723c751e8b465ee728b)
Start importing Assets/Kit/DungeonKit/fantasy town/kenney_fantasy-town-kit_2.0/Previews/roof.png using Guid(db6dbc34ce7b47541ad63a7f91311808) Importer(815301076,1909f56bfc062723c751e8b465ee728b) (PreviewImporter) -> (artifact id: 'edbe82af1ada176ca9fb31bf191869da') in 0.0358484 seconds
Number of updated asset objects reloaded before import = 0Number of asset objects unloaded after import = 2

========================================================================
Received Import Request.
  Time since last request: 0.308791 seconds.
  path: Assets/Kit/DungeonKit/fantasy town/kenney_fantasy-town-kit_2.0/Previews/roof-flat.png
  artifactKey: Guid(d16961c32dd47fc45baf453e317ab2f6) Importer(815301076,1909f56bfc062723c751e8b465ee728b)
Start importing Assets/Kit/DungeonKit/fantasy town/kenney_fantasy-town-kit_2.0/Previews/roof-flat.png using Guid(d16961c32dd47fc45baf453e317ab2f6) Importer(815301076,1909f56bfc062723c751e8b465ee728b) (PreviewImporter) -> (artifact id: '2d911203942aa97ff02bd35f31bc244d') in 0.0247897 seconds
Number of updated asset objects reloaded before import = 0Number of asset objects unloaded after import = 2

========================================================================
Received Import Request.
  Time since last request: 0.000037 seconds.
  path: Assets/Kit/DungeonKit/fantasy town/kenney_fantasy-town-kit_2.0/Previews/roof-gable-detail.png
  artifactKey: Guid(cedc5bf6c62cd8f4aa58db4314eb5f3f) Importer(815301076,1909f56bfc062723c751e8b465ee728b)
Start importing Assets/Kit/DungeonKit/fantasy town/kenney_fantasy-town-kit_2.0/Previews/roof-gable-detail.png using Guid(cedc5bf6c62cd8f4aa58db4314eb5f3f) Importer(815301076,1909f56bfc062723c751e8b465ee728b) (PreviewImporter) -> (artifact id: '4d96fb57b64e877c8d1f38832d44da0b') in 0.0231009 seconds
Number of updated asset objects reloaded before import = 0Number of asset objects unloaded after import = 2

========================================================================
Received Import Request.
  Time since last request: 0.000058 seconds.
  path: Assets/Kit/DungeonKit/fantasy town/kenney_fantasy-town-kit_2.0/Previews/roof-high.png
  artifactKey: Guid(e14c33a8ec11da242af0af31fa2587e7) Importer(815301076,1909f56bfc062723c751e8b465ee728b)
Start importing Assets/Kit/DungeonKit/fantasy town/kenney_fantasy-town-kit_2.0/Previews/roof-high.png using Guid(e14c33a8ec11da242af0af31fa2587e7) Importer(815301076,1909f56bfc062723c751e8b465ee728b) (PreviewImporter) -> (artifact id: 'c30ae3918573015cfe673a50b72da03e') in 0.0234486 seconds
Number of updated asset objects reloaded before import = 0Number of asset objects unloaded after import = 2

========================================================================
Received Import Request.
  Time since last request: 0.000036 seconds.
  path: Assets/Kit/DungeonKit/fantasy town/kenney_fantasy-town-kit_2.0/Previews/roof-high-gable.png
  artifactKey: Guid(06d7caf18e775f548ada796db7e95b90) Importer(815301076,1909f56bfc062723c751e8b465ee728b)
Start importing Assets/Kit/DungeonKit/fantasy town/kenney_fantasy-town-kit_2.0/Previews/roof-high-gable.png using Guid(06d7caf18e775f548ada796db7e95b90) Importer(815301076,1909f56bfc062723c751e8b465ee728b) (PreviewImporter) -> (artifact id: '23ee4b374b189cce4d87ddd3bd4901ca') in 0.0264481 seconds
Number of updated asset objects reloaded before import = 0Number of asset objects unloaded after import = 2

========================================================================
Received Import Request.
  Time since last request: 0.000058 seconds.
  path: Assets/Kit/DungeonKit/fantasy town/kenney_fantasy-town-kit_2.0/Previews/roof-high-cornerinner.png
  artifactKey: Guid(9640b6169862fd94ebafaad5fc15cb6b) Importer(815301076,1909f56bfc062723c751e8b465ee728b)
Start importing Assets/Kit/DungeonKit/fantasy town/kenney_fantasy-town-kit_2.0/Previews/roof-high-cornerinner.png using Guid(9640b6169862fd94ebafaad5fc15cb6b) Importer(815301076,1909f56bfc062723c751e8b465ee728b) (PreviewImporter) -> (artifact id: 'cb393e4c7e6eced7c3d16d28c587d79b') in 0.0261117 seconds
Number of updated asset objects reloaded before import = 0Number of asset objects unloaded after import = 2

========================================================================
Received Import Request.
  Time since last request: 0.000033 seconds.
  path: Assets/Kit/DungeonKit/fantasy town/kenney_fantasy-town-kit_2.0/Previews/roof-window.png
  artifactKey: Guid(908480d9a1f1f614bbb2180a7857522e) Importer(815301076,1909f56bfc062723c751e8b465ee728b)
Start importing Assets/Kit/DungeonKit/fantasy town/kenney_fantasy-town-kit_2.0/Previews/roof-window.png using Guid(908480d9a1f1f614bbb2180a7857522e) Importer(815301076,1909f56bfc062723c751e8b465ee728b) (PreviewImporter) -> (artifact id: 'f9bb1acf9c6f932af6d496dcbe5b77ee') in 0.0252316 seconds
Number of updated asset objects reloaded before import = 0Number of asset objects unloaded after import = 2

========================================================================
Received Import Request.
  Time since last request: 0.000047 seconds.
  path: Assets/Kit/DungeonKit/fantasy town/kenney_fantasy-town-kit_2.0/Previews/stairs-stone-round.png
  artifactKey: Guid(4525fb78a98c94d4d90e4879e9ebe7d5) Importer(815301076,1909f56bfc062723c751e8b465ee728b)
Start importing Assets/Kit/DungeonKit/fantasy town/kenney_fantasy-town-kit_2.0/Previews/stairs-stone-round.png using Guid(4525fb78a98c94d4d90e4879e9ebe7d5) Importer(815301076,1909f56bfc062723c751e8b465ee728b) (PreviewImporter) -> (artifact id: 'cfcc2100d5b11bedf3f25fe5d49fdb39') in 0.0257924 seconds
Number of updated asset objects reloaded before import = 0Number of asset objects unloaded after import = 2

========================================================================
Received Import Request.
  Time since last request: 0.000032 seconds.
  path: Assets/Kit/DungeonKit/fantasy town/kenney_fantasy-town-kit_2.0/Previews/roof-high-window.png
  artifactKey: Guid(b97ca1aadd19d2046ac533c85949b497) Importer(815301076,1909f56bfc062723c751e8b465ee728b)
Start importing Assets/Kit/DungeonKit/fantasy town/kenney_fantasy-town-kit_2.0/Previews/roof-high-window.png using Guid(b97ca1aadd19d2046ac533c85949b497) Importer(815301076,1909f56bfc062723c751e8b465ee728b) (PreviewImporter) -> (artifact id: 'c31335befcd9a8412cddb9dbfbb77168') in 0.0341238 seconds
Number of updated asset objects reloaded before import = 0Number of asset objects unloaded after import = 2

========================================================================
Received Import Request.
  Time since last request: 0.000028 seconds.
  path: Assets/Kit/DungeonKit/fantasy town/kenney_fantasy-town-kit_2.0/Previews/stairs-wide-wood.png
  artifactKey: Guid(349df35336d452c4c88477dd0f39eb10) Importer(815301076,1909f56bfc062723c751e8b465ee728b)
Start importing Assets/Kit/DungeonKit/fantasy town/kenney_fantasy-town-kit_2.0/Previews/stairs-wide-wood.png using Guid(349df35336d452c4c88477dd0f39eb10) Importer(815301076,1909f56bfc062723c751e8b465ee728b) (PreviewImporter) -> (artifact id: 'fcc5747b1a1615579ed35de679c6d656') in 0.0273249 seconds
Number of updated asset objects reloaded before import = 0Number of asset objects unloaded after import = 2

========================================================================
Received Import Request.
  Time since last request: 0.000044 seconds.
  path: Assets/Kit/DungeonKit/fantasy town/kenney_fantasy-town-kit_2.0/Previews/tree-high-round.png
  artifactKey: Guid(3f7d078c9da75984c86d8a10b1c245c3) Importer(815301076,1909f56bfc062723c751e8b465ee728b)
Start importing Assets/Kit/DungeonKit/fantasy town/kenney_fantasy-town-kit_2.0/Previews/tree-high-round.png using Guid(3f7d078c9da75984c86d8a10b1c245c3) Importer(815301076,1909f56bfc062723c751e8b465ee728b) (PreviewImporter) -> (artifact id: 'd9c87fff8a452825a6fa31f425599901') in 0.0265508 seconds
Number of updated asset objects reloaded before import = 0Number of asset objects unloaded after import = 2

========================================================================
Received Import Request.
  Time since last request: 0.000060 seconds.
  path: Assets/Kit/DungeonKit/fantasy town/kenney_fantasy-town-kit_2.0/Previews/wall-block.png
  artifactKey: Guid(c490187c4d0165a42816682968707d11) Importer(815301076,1909f56bfc062723c751e8b465ee728b)
Start importing Assets/Kit/DungeonKit/fantasy town/kenney_fantasy-town-kit_2.0/Previews/wall-block.png using Guid(c490187c4d0165a42816682968707d11) Importer(815301076,1909f56bfc062723c751e8b465ee728b) (PreviewImporter) -> (artifact id: '02f9e7da740c2f33cd692cced9ffed11') in 0.0363886 seconds
Number of updated asset objects reloaded before import = 0Number of asset objects unloaded after import = 2

========================================================================
Received Import Request.
  Time since last request: 0.000032 seconds.
  path: Assets/Kit/DungeonKit/fantasy town/kenney_fantasy-town-kit_2.0/Previews/wall-detail-diagonal.png
  artifactKey: Guid(076beec50dc653845b0aa3a23558f66e) Importer(815301076,1909f56bfc062723c751e8b465ee728b)
Start importing Assets/Kit/DungeonKit/fantasy town/kenney_fantasy-town-kit_2.0/Previews/wall-detail-diagonal.png using Guid(076beec50dc653845b0aa3a23558f66e) Importer(815301076,1909f56bfc062723c751e8b465ee728b) (PreviewImporter) -> (artifact id: 'cd3874736233601f22fd95137a76f99e') in 0.0281543 seconds
Number of updated asset objects reloaded before import = 0Number of asset objects unloaded after import = 2

========================================================================
Received Import Request.
  Time since last request: 0.000032 seconds.
  path: Assets/Kit/DungeonKit/fantasy town/kenney_fantasy-town-kit_2.0/Previews/stairs-wood-handrail.png
  artifactKey: Guid(8dd65ca6a9f9286409d035e345a878da) Importer(815301076,1909f56bfc062723c751e8b465ee728b)
Start importing Assets/Kit/DungeonKit/fantasy town/kenney_fantasy-town-kit_2.0/Previews/stairs-wood-handrail.png using Guid(8dd65ca6a9f9286409d035e345a878da) Importer(815301076,1909f56bfc062723c751e8b465ee728b) (PreviewImporter) -> (artifact id: 'b1ce6bb5a010529df411dd3be2b9f43f') in 0.0245682 seconds
Number of updated asset objects reloaded before import = 0Number of asset objects unloaded after import = 2

========================================================================
Received Import Request.
  Time since last request: 0.000043 seconds.
  path: Assets/Kit/DungeonKit/fantasy town/kenney_fantasy-town-kit_2.0/Previews/stairs-wide-wood-handrail.png
  artifactKey: Guid(5674f45e3af19a44dbd4c5a53a363faf) Importer(815301076,1909f56bfc062723c751e8b465ee728b)
Start importing Assets/Kit/DungeonKit/fantasy town/kenney_fantasy-town-kit_2.0/Previews/stairs-wide-wood-handrail.png using Guid(5674f45e3af19a44dbd4c5a53a363faf) Importer(815301076,1909f56bfc062723c751e8b465ee728b) (PreviewImporter) -> (artifact id: 'e9b9ee99103a56bf8efc69ea0b098a85') in 0.0289186 seconds
Number of updated asset objects reloaded before import = 0Number of asset objects unloaded after import = 2

========================================================================
Received Import Request.
  Time since last request: 0.000061 seconds.
  path: Assets/Kit/DungeonKit/fantasy town/kenney_fantasy-town-kit_2.0/Previews/wall-window-small.png
  artifactKey: Guid(f7033d1cbc36a8548ac645473cde4a99) Importer(815301076,1909f56bfc062723c751e8b465ee728b)
Start importing Assets/Kit/DungeonKit/fantasy town/kenney_fantasy-town-kit_2.0/Previews/wall-window-small.png using Guid(f7033d1cbc36a8548ac645473cde4a99) Importer(815301076,1909f56bfc062723c751e8b465ee728b) (PreviewImporter) -> (artifact id: '74e87a02138af1e2c36f1746af79b381') in 0.0297687 seconds
Number of updated asset objects reloaded before import = 0Number of asset objects unloaded after import = 2

========================================================================
Received Import Request.
  Time since last request: 0.000050 seconds.
  path: Assets/Kit/DungeonKit/fantasy town/kenney_fantasy-town-kit_2.0/Previews/wall-wood-block.png
  artifactKey: Guid(ff3d9cf691ec5714b9e14d1c4d7cf817) Importer(815301076,1909f56bfc062723c751e8b465ee728b)
Start importing Assets/Kit/DungeonKit/fantasy town/kenney_fantasy-town-kit_2.0/Previews/wall-wood-block.png using Guid(ff3d9cf691ec5714b9e14d1c4d7cf817) Importer(815301076,1909f56bfc062723c751e8b465ee728b) (PreviewImporter) -> (artifact id: '903106c8cf4e7279e02d0520f737a058') in 0.0265185 seconds
Number of updated asset objects reloaded before import = 0Number of asset objects unloaded after import = 2

========================================================================
Received Import Request.
  Time since last request: 0.000066 seconds.
  path: Assets/Kit/DungeonKit/fantasy town/kenney_fantasy-town-kit_2.0/Previews/wall-wood-corner-edge.png
  artifactKey: Guid(8fe783bd27370794c8bcdfa5963f947a) Importer(815301076,1909f56bfc062723c751e8b465ee728b)
Start importing Assets/Kit/DungeonKit/fantasy town/kenney_fantasy-town-kit_2.0/Previews/wall-wood-corner-edge.png using Guid(8fe783bd27370794c8bcdfa5963f947a) Importer(815301076,1909f56bfc062723c751e8b465ee728b) (PreviewImporter) -> (artifact id: 'ba1af90862612f5bda8ecbce1c01a66d') in 0.0315729 seconds
Number of updated asset objects reloaded before import = 0Number of asset objects unloaded after import = 2

========================================================================
Received Import Request.
  Time since last request: 0.000050 seconds.
  path: Assets/Kit/DungeonKit/fantasy town/kenney_fantasy-town-kit_2.0/Previews/wall-wood-door.png
  artifactKey: Guid(d4390f0751f548342b78cc479d6092a9) Importer(815301076,1909f56bfc062723c751e8b465ee728b)
Start importing Assets/Kit/DungeonKit/fantasy town/kenney_fantasy-town-kit_2.0/Previews/wall-wood-door.png using Guid(d4390f0751f548342b78cc479d6092a9) Importer(815301076,1909f56bfc062723c751e8b465ee728b) (PreviewImporter) -> (artifact id: '10a02dff6aa3e75add11855d3900e1b2') in 0.0283611 seconds
Number of updated asset objects reloaded before import = 0Number of asset objects unloaded after import = 2

========================================================================
Received Import Request.
  Time since last request: 0.000062 seconds.
  path: Assets/Kit/DungeonKit/fantasy town/kenney_fantasy-town-kit_2.0/Previews/wall-wood-doorway-round.png
  artifactKey: Guid(e5d05ddcb7b96f042adf32136423d50c) Importer(815301076,1909f56bfc062723c751e8b465ee728b)
Start importing Assets/Kit/DungeonKit/fantasy town/kenney_fantasy-town-kit_2.0/Previews/wall-wood-doorway-round.png using Guid(e5d05ddcb7b96f042adf32136423d50c) Importer(815301076,1909f56bfc062723c751e8b465ee728b) (PreviewImporter) -> (artifact id: 'e60d382de03cadbb5d4330f390065cbb') in 0.0281249 seconds
Number of updated asset objects reloaded before import = 0Number of asset objects unloaded after import = 2

========================================================================
Received Import Request.
  Time since last request: 0.000051 seconds.
  path: Assets/Kit/DungeonKit/fantasy town/kenney_fantasy-town-kit_2.0/Previews/wall-wood-arch.png
  artifactKey: Guid(40c71006db845a243a0aa55f6f6eb99c) Importer(815301076,1909f56bfc062723c751e8b465ee728b)
Start importing Assets/Kit/DungeonKit/fantasy town/kenney_fantasy-town-kit_2.0/Previews/wall-wood-arch.png using Guid(40c71006db845a243a0aa55f6f6eb99c) Importer(815301076,1909f56bfc062723c751e8b465ee728b) (PreviewImporter) -> (artifact id: 'a9df69df27a2d2243318dc204e8a34b6') in 0.0261824 seconds
Number of updated asset objects reloaded before import = 0Number of asset objects unloaded after import = 2

========================================================================
Received Import Request.
  Time since last request: 0.000040 seconds.
  path: Assets/Kit/DungeonKit/fantasy town/kenney_fantasy-town-kit_2.0/Previews/wall-arch-top.png
  artifactKey: Guid(1c5eb6ddd787c0b4aa7f2f0d4cbb0203) Importer(815301076,1909f56bfc062723c751e8b465ee728b)
Start importing Assets/Kit/DungeonKit/fantasy town/kenney_fantasy-town-kit_2.0/Previews/wall-arch-top.png using Guid(1c5eb6ddd787c0b4aa7f2f0d4cbb0203) Importer(815301076,1909f56bfc062723c751e8b465ee728b) (PreviewImporter) -> (artifact id: '3d10ad04d99481fc213836ca0c3b5f1a') in 0.0349154 seconds
Number of updated asset objects reloaded before import = 0Number of asset objects unloaded after import = 2

========================================================================
Received Import Request.
  Time since last request: 0.000046 seconds.
  path: Assets/Kit/DungeonKit/fantasy town/kenney_fantasy-town-kit_2.0/Previews/wall-wood.png
  artifactKey: Guid(c464ee1d72bf13949916b76b5c533a64) Importer(815301076,1909f56bfc062723c751e8b465ee728b)
Start importing Assets/Kit/DungeonKit/fantasy town/kenney_fantasy-town-kit_2.0/Previews/wall-wood.png using Guid(c464ee1d72bf13949916b76b5c533a64) Importer(815301076,1909f56bfc062723c751e8b465ee728b) (PreviewImporter) -> (artifact id: '0d20b073a82535fa9bca64e30115dd10') in 0.0322728 seconds
Number of updated asset objects reloaded before import = 0Number of asset objects unloaded after import = 2

========================================================================
Received Import Request.
  Time since last request: 0.000050 seconds.
  path: Assets/Kit/DungeonKit/fantasy town/kenney_fantasy-town-kit_2.0/Previews/roof-high-gable-detail.png
  artifactKey: Guid(db54e9638d2881242b81aa57a2e71309) Importer(815301076,1909f56bfc062723c751e8b465ee728b)
Start importing Assets/Kit/DungeonKit/fantasy town/kenney_fantasy-town-kit_2.0/Previews/roof-high-gable-detail.png using Guid(db54e9638d2881242b81aa57a2e71309) Importer(815301076,1909f56bfc062723c751e8b465ee728b) (PreviewImporter) -> (artifact id: '3760f91ebd16bba1f872242d7a4d50ba') in 0.0327309 seconds
Number of updated asset objects reloaded before import = 0Number of asset objects unloaded after import = 2

========================================================================
Received Import Request.
  Time since last request: 0.000036 seconds.
  path: Assets/Kit/DungeonKit/fantasy town/kenney_fantasy-town-kit_2.0/Previews/wall-window-round.png
  artifactKey: Guid(a5938b7e5fe1a514497e40be45384147) Importer(815301076,1909f56bfc062723c751e8b465ee728b)
Start importing Assets/Kit/DungeonKit/fantasy town/kenney_fantasy-town-kit_2.0/Previews/wall-window-round.png using Guid(a5938b7e5fe1a514497e40be45384147) Importer(815301076,1909f56bfc062723c751e8b465ee728b) (PreviewImporter) -> (artifact id: 'f77351b315f603e5b918403560b9e787') in 0.0355319 seconds
Number of updated asset objects reloaded before import = 0Number of asset objects unloaded after import = 2

========================================================================
Received Import Request.
  Time since last request: 0.000045 seconds.
  path: Assets/Kit/DungeonKit/fantasy town/kenney_fantasy-town-kit_2.0/Previews/wall-window-shutters.png
  artifactKey: Guid(908fe69425ff9a34bb9189ed82efffcc) Importer(815301076,1909f56bfc062723c751e8b465ee728b)
Start importing Assets/Kit/DungeonKit/fantasy town/kenney_fantasy-town-kit_2.0/Previews/wall-window-shutters.png using Guid(908fe69425ff9a34bb9189ed82efffcc) Importer(815301076,1909f56bfc062723c751e8b465ee728b) (PreviewImporter) -> (artifact id: '70a9c52e1a8baa4ff3a92557c250d61d') in 0.0401682 seconds
Number of updated asset objects reloaded before import = 0Number of asset objects unloaded after import = 2

========================================================================
Received Import Request.
  Time since last request: 0.000050 seconds.
  path: Assets/Kit/DungeonKit/fantasy town/kenney_fantasy-town-kit_2.0/Previews/wall-block-half.png
  artifactKey: Guid(12404b23c3174c648bf4dfb2a5347c8e) Importer(815301076,1909f56bfc062723c751e8b465ee728b)
Start importing Assets/Kit/DungeonKit/fantasy town/kenney_fantasy-town-kit_2.0/Previews/wall-block-half.png using Guid(12404b23c3174c648bf4dfb2a5347c8e) Importer(815301076,1909f56bfc062723c751e8b465ee728b) (PreviewImporter) -> (artifact id: '3af276ad0d8f03b2490a38d2a5224d6c') in 0.0346161 seconds
Number of updated asset objects reloaded before import = 0Number of asset objects unloaded after import = 2

========================================================================
Received Import Request.
  Time since last request: 0.000035 seconds.
  path: Assets/Kit/DungeonKit/fantasy town/kenney_fantasy-town-kit_2.0/Previews/wall-wood-doorway-square.png
  artifactKey: Guid(82c4021c650d1f246965659fe50681d9) Importer(815301076,1909f56bfc062723c751e8b465ee728b)
Start importing Assets/Kit/DungeonKit/fantasy town/kenney_fantasy-town-kit_2.0/Previews/wall-wood-doorway-square.png using Guid(82c4021c650d1f246965659fe50681d9) Importer(815301076,1909f56bfc062723c751e8b465ee728b) (PreviewImporter) -> (artifact id: 'e77a1d5bb3ef51c217f26f236ded34b8') in 0.0355936 seconds
Number of updated asset objects reloaded before import = 0Number of asset objects unloaded after import = 2

========================================================================
Received Import Request.
  Time since last request: 0.000063 seconds.
  path: Assets/Kit/DungeonKit/fantasy town/kenney_fantasy-town-kit_2.0/Previews/stairs-full.png
  artifactKey: Guid(aa1f9a2a7ca32814eb724cd1bc054bf0) Importer(815301076,1909f56bfc062723c751e8b465ee728b)
Start importing Assets/Kit/DungeonKit/fantasy town/kenney_fantasy-town-kit_2.0/Previews/stairs-full.png using Guid(aa1f9a2a7ca32814eb724cd1bc054bf0) Importer(815301076,1909f56bfc062723c751e8b465ee728b) (PreviewImporter) -> (artifact id: '3737c347fb661d468827adb1b864b006') in 0.0387346 seconds
Number of updated asset objects reloaded before import = 0Number of asset objects unloaded after import = 2

========================================================================
Received Import Request.
  Time since last request: 0.000049 seconds.
  path: Assets/Kit/DungeonKit/fantasy town/kenney_fantasy-town-kit_2.0/Previews/roof-high-gable-end.png
  artifactKey: Guid(9650d6810a75ede4996ae6e1f7b697a0) Importer(815301076,1909f56bfc062723c751e8b465ee728b)
Start importing Assets/Kit/DungeonKit/fantasy town/kenney_fantasy-town-kit_2.0/Previews/roof-high-gable-end.png using Guid(9650d6810a75ede4996ae6e1f7b697a0) Importer(815301076,1909f56bfc062723c751e8b465ee728b) (PreviewImporter) -> (artifact id: '58a53ab8214ce97d48b16cd0308c01c7') in 0.0340567 seconds
Number of updated asset objects reloaded before import = 0Number of asset objects unloaded after import = 2

========================================================================
Received Import Request.
  Time since last request: 0.000051 seconds.
  path: Assets/Kit/DungeonKit/fantasy town/kenney_fantasy-town-kit_2.0/Previews/stall-bench.png
  artifactKey: Guid(4806ceb171af2e14b91203529e2fb127) Importer(815301076,1909f56bfc062723c751e8b465ee728b)
Start importing Assets/Kit/DungeonKit/fantasy town/kenney_fantasy-town-kit_2.0/Previews/stall-bench.png using Guid(4806ceb171af2e14b91203529e2fb127) Importer(815301076,1909f56bfc062723c751e8b465ee728b) (PreviewImporter) -> (artifact id: 'ceb6fdcbd5ed2a3b7f158ea48f1c14f1') in 0.0343499 seconds
Number of updated asset objects reloaded before import = 0Number of asset objects unloaded after import = 2

========================================================================
Received Import Request.
  Time since last request: 0.000041 seconds.
  path: Assets/Kit/DungeonKit/fantasy town/kenney_fantasy-town-kit_2.0/Previews/wall-doorway-square-wide.png
  artifactKey: Guid(bf4597b73dd5bf047a04b77ee0fa20be) Importer(815301076,1909f56bfc062723c751e8b465ee728b)
Start importing Assets/Kit/DungeonKit/fantasy town/kenney_fantasy-town-kit_2.0/Previews/wall-doorway-square-wide.png using Guid(bf4597b73dd5bf047a04b77ee0fa20be) Importer(815301076,1909f56bfc062723c751e8b465ee728b) (PreviewImporter) -> (artifact id: '000c93e8f6ef307c81e81865b3fd05b3') in 0.0331925 seconds
Number of updated asset objects reloaded before import = 0Number of asset objects unloaded after import = 2

========================================================================
Received Import Request.
  Time since last request: 0.000043 seconds.
  path: Assets/Kit/DungeonKit/fantasy town/kenney_fantasy-town-kit_2.0/Previews/roof-high-point.png
  artifactKey: Guid(602650236c3867749a5ddd08de9f4c29) Importer(815301076,1909f56bfc062723c751e8b465ee728b)
Start importing Assets/Kit/DungeonKit/fantasy town/kenney_fantasy-town-kit_2.0/Previews/roof-high-point.png using Guid(602650236c3867749a5ddd08de9f4c29) Importer(815301076,1909f56bfc062723c751e8b465ee728b) (PreviewImporter) -> (artifact id: '468b7d9b27a9a9b4806eb18ef6afe0bc') in 0.037215 seconds
Number of updated asset objects reloaded before import = 0Number of asset objects unloaded after import = 2

========================================================================
Received Import Request.
  Time since last request: 0.000115 seconds.
  path: Assets/Kit/DungeonKit/fantasy town/kenney_fantasy-town-kit_2.0/Previews/windmill.png
  artifactKey: Guid(dbdd22f384cc74a48b7ce1360ec6f4d7) Importer(815301076,1909f56bfc062723c751e8b465ee728b)
Start importing Assets/Kit/DungeonKit/fantasy town/kenney_fantasy-town-kit_2.0/Previews/windmill.png using Guid(dbdd22f384cc74a48b7ce1360ec6f4d7) Importer(815301076,1909f56bfc062723c751e8b465ee728b) (PreviewImporter) -> (artifact id: '8cf8c0b59a092db5582703c6809a28ba') in 0.0368812 seconds
Number of updated asset objects reloaded before import = 0Number of asset objects unloaded after import = 2

========================================================================
Received Import Request.
  Time since last request: 0.000036 seconds.
  path: Assets/Kit/DungeonKit/fantasy town/kenney_fantasy-town-kit_2.0/Previews/stall-red.png
  artifactKey: Guid(f0ec591f2d367db48907bd19de6690bd) Importer(815301076,1909f56bfc062723c751e8b465ee728b)
Start importing Assets/Kit/DungeonKit/fantasy town/kenney_fantasy-town-kit_2.0/Previews/stall-red.png using Guid(f0ec591f2d367db48907bd19de6690bd) Importer(815301076,1909f56bfc062723c751e8b465ee728b) (PreviewImporter) -> (artifact id: 'ae49364ea078deba4f4c3a23857925a4') in 0.0361584 seconds
Number of updated asset objects reloaded before import = 0Number of asset objects unloaded after import = 2

========================================================================
Received Import Request.
  Time since last request: 0.000047 seconds.
  path: Assets/Kit/DungeonKit/fantasy town/kenney_fantasy-town-kit_2.0/Previews/wall-corner.png
  artifactKey: Guid(9ecdca8e7140eef4f8aaa3fde2743819) Importer(815301076,1909f56bfc062723c751e8b465ee728b)
Start importing Assets/Kit/DungeonKit/fantasy town/kenney_fantasy-town-kit_2.0/Previews/wall-corner.png using Guid(9ecdca8e7140eef4f8aaa3fde2743819) Importer(815301076,1909f56bfc062723c751e8b465ee728b) (PreviewImporter) -> (artifact id: '266baba1c9d9a0197a8918e4e431dc3a') in 0.0393613 seconds
Number of updated asset objects reloaded before import = 0Number of asset objects unloaded after import = 2

========================================================================
Received Import Request.
  Time since last request: 0.000089 seconds.
  path: Assets/Kit/DungeonKit/fantasy town/kenney_fantasy-town-kit_2.0/Previews/wall-arch.png
  artifactKey: Guid(0f71bae3d899c3c46a3a74e43b097723) Importer(815301076,1909f56bfc062723c751e8b465ee728b)
Start importing Assets/Kit/DungeonKit/fantasy town/kenney_fantasy-town-kit_2.0/Previews/wall-arch.png using Guid(0f71bae3d899c3c46a3a74e43b097723) Importer(815301076,1909f56bfc062723c751e8b465ee728b) (PreviewImporter) -> (artifact id: '03eebde53a2daeba13804a8ca853c983') in 0.046648 seconds
Number of updated asset objects reloaded before import = 0Number of asset objects unloaded after import = 2

========================================================================
Received Import Request.
  Time since last request: 0.000043 seconds.
  path: Assets/Kit/DungeonKit/fantasy town/kenney_fantasy-town-kit_2.0/Previews/wall-half.png
  artifactKey: Guid(057c76f8e6f6aa84dbad415b3ce07515) Importer(815301076,1909f56bfc062723c751e8b465ee728b)
Start importing Assets/Kit/DungeonKit/fantasy town/kenney_fantasy-town-kit_2.0/Previews/wall-half.png using Guid(057c76f8e6f6aa84dbad415b3ce07515) Importer(815301076,1909f56bfc062723c751e8b465ee728b) (PreviewImporter) -> (artifact id: '39e8669d14ff39662a5ec3361ee0043e') in 0.0674921 seconds
Number of updated asset objects reloaded before import = 0Number of asset objects unloaded after import = 2

========================================================================
Received Import Request.
  Time since last request: 0.000045 seconds.
  path: Assets/Kit/DungeonKit/fantasy town/kenney_fantasy-town-kit_2.0/Previews/roof-left.png
  artifactKey: Guid(5196058b9019f104ea1bb2be884c8273) Importer(815301076,1909f56bfc062723c751e8b465ee728b)
Start importing Assets/Kit/DungeonKit/fantasy town/kenney_fantasy-town-kit_2.0/Previews/roof-left.png using Guid(5196058b9019f104ea1bb2be884c8273) Importer(815301076,1909f56bfc062723c751e8b465ee728b) (PreviewImporter) -> (artifact id: '649e8a20dfd80f56a4ccbc32da763e93') in 0.0623688 seconds
Number of updated asset objects reloaded before import = 0Number of asset objects unloaded after import = 2

========================================================================
Received Import Request.
  Time since last request: 0.000061 seconds.
  path: Assets/Kit/DungeonKit/fantasy town/kenney_fantasy-town-kit_2.0/Previews/wall-wood-slope.png
  artifactKey: Guid(e43175bf61def044e86ffb5d371a8723) Importer(815301076,1909f56bfc062723c751e8b465ee728b)
Start importing Assets/Kit/DungeonKit/fantasy town/kenney_fantasy-town-kit_2.0/Previews/wall-wood-slope.png using Guid(e43175bf61def044e86ffb5d371a8723) Importer(815301076,1909f56bfc062723c751e8b465ee728b) (PreviewImporter) -> (artifact id: 'ad27fd1101671f2800eb355fd4e4f74a') in 0.0363309 seconds
Number of updated asset objects reloaded before import = 0Number of asset objects unloaded after import = 2

========================================================================
Received Import Request.
  Time since last request: 0.000046 seconds.
  path: Assets/Kit/DungeonKit/fantasy town/kenney_fantasy-town-kit_2.0/Previews/stall.png
  artifactKey: Guid(69671351821c4cf4eadad8819b920dc8) Importer(815301076,1909f56bfc062723c751e8b465ee728b)
Start importing Assets/Kit/DungeonKit/fantasy town/kenney_fantasy-town-kit_2.0/Previews/stall.png using Guid(69671351821c4cf4eadad8819b920dc8) Importer(815301076,1909f56bfc062723c751e8b465ee728b) (PreviewImporter) -> (artifact id: 'a06e474f8ec20ea992a55b6af8c65881') in 0.0552768 seconds
Number of updated asset objects reloaded before import = 0Number of asset objects unloaded after import = 2

========================================================================
Received Import Request.
  Time since last request: 0.000044 seconds.
  path: Assets/Kit/DungeonKit/fantasy town/kenney_fantasy-town-kit_2.0/Previews/wall-wood-window-round.png
  artifactKey: Guid(661f2c2be5d66204a9e7084e606b9eca) Importer(815301076,1909f56bfc062723c751e8b465ee728b)
Start importing Assets/Kit/DungeonKit/fantasy town/kenney_fantasy-town-kit_2.0/Previews/wall-wood-window-round.png using Guid(661f2c2be5d66204a9e7084e606b9eca) Importer(815301076,1909f56bfc062723c751e8b465ee728b) (PreviewImporter) -> (artifact id: 'ec4ef28c50f0c8ab98131e313e103600') in 0.0430807 seconds
Number of updated asset objects reloaded before import = 0Number of asset objects unloaded after import = 2

========================================================================
Received Import Request.
  Time since last request: 0.000056 seconds.
  path: Assets/Kit/DungeonKit/fantasy town/kenney_fantasy-town-kit_2.0/Previews/stairs-wide-stone.png
  artifactKey: Guid(710945a7035c50b41b5e1ff2717bef5a) Importer(815301076,1909f56bfc062723c751e8b465ee728b)
Start importing Assets/Kit/DungeonKit/fantasy town/kenney_fantasy-town-kit_2.0/Previews/stairs-wide-stone.png using Guid(710945a7035c50b41b5e1ff2717bef5a) Importer(815301076,1909f56bfc062723c751e8b465ee728b) (PreviewImporter) -> (artifact id: '9b7036957be5c9b95b0f04328aa015cb') in 0.0447544 seconds
Number of updated asset objects reloaded before import = 0Number of asset objects unloaded after import = 2

========================================================================
Received Import Request.
  Time since last request: 0.000038 seconds.
  path: Assets/Kit/DungeonKit/fantasy town/kenney_fantasy-town-kit_2.0/Previews/wall-doorway-square.png
  artifactKey: Guid(9ac5f9074250fe24eaa4ddc2b94874cc) Importer(815301076,1909f56bfc062723c751e8b465ee728b)
Start importing Assets/Kit/DungeonKit/fantasy town/kenney_fantasy-town-kit_2.0/Previews/wall-doorway-square.png using Guid(9ac5f9074250fe24eaa4ddc2b94874cc) Importer(815301076,1909f56bfc062723c751e8b465ee728b) (PreviewImporter) -> (artifact id: '43a7a6646bd69ab8638e016a332186f6') in 0.038308 seconds
Number of updated asset objects reloaded before import = 0Number of asset objects unloaded after import = 2

========================================================================
Received Import Request.
  Time since last request: 0.000072 seconds.
  path: Assets/Kit/DungeonKit/fantasy town/kenney_fantasy-town-kit_2.0/Previews/roof-right.png
  artifactKey: Guid(78001d191f50ed04da198c96db5b2c8d) Importer(815301076,1909f56bfc062723c751e8b465ee728b)
Start importing Assets/Kit/DungeonKit/fantasy town/kenney_fantasy-town-kit_2.0/Previews/roof-right.png using Guid(78001d191f50ed04da198c96db5b2c8d) Importer(815301076,1909f56bfc062723c751e8b465ee728b) (PreviewImporter) -> (artifact id: '35e3519e820bc4cc73d35e9b9549bece') in 0.0491796 seconds
Number of updated asset objects reloaded before import = 0Number of asset objects unloaded after import = 2

========================================================================
Received Import Request.
  Time since last request: 0.000072 seconds.
  path: Assets/Kit/DungeonKit/fantasy town/kenney_fantasy-town-kit_2.0/Previews/wall-wood-doorway-base.png
  artifactKey: Guid(474f54c4801cf0243b69de09308e8fc9) Importer(815301076,1909f56bfc062723c751e8b465ee728b)
Start importing Assets/Kit/DungeonKit/fantasy town/kenney_fantasy-town-kit_2.0/Previews/wall-wood-doorway-base.png using Guid(474f54c4801cf0243b69de09308e8fc9) Importer(815301076,1909f56bfc062723c751e8b465ee728b) (PreviewImporter) -> (artifact id: '1c4cca4cc58a2e08191485a1d6dbcba4') in 0.0481892 seconds
Number of updated asset objects reloaded before import = 0Number of asset objects unloaded after import = 2

========================================================================
Received Import Request.
  Time since last request: 0.000038 seconds.
  path: Assets/Kit/DungeonKit/fantasy town/kenney_fantasy-town-kit_2.0/Previews/roof-high-flat.png
  artifactKey: Guid(144144fc7aa4b4a4385cc37661d499ea) Importer(815301076,1909f56bfc062723c751e8b465ee728b)
Start importing Assets/Kit/DungeonKit/fantasy town/kenney_fantasy-town-kit_2.0/Previews/roof-high-flat.png using Guid(144144fc7aa4b4a4385cc37661d499ea) Importer(815301076,1909f56bfc062723c751e8b465ee728b) (PreviewImporter) -> (artifact id: 'ee2e7f31f37083a9ece27d3ed7c2f524') in 0.0397015 seconds
Number of updated asset objects reloaded before import = 0Number of asset objects unloaded after import = 2

========================================================================
Received Import Request.
  Time since last request: 0.000050 seconds.
  path: Assets/Kit/DungeonKit/fantasy town/kenney_fantasy-town-kit_2.0/Previews/tree-high.png
  artifactKey: Guid(d99259137dd5bc6439bd03afcd501366) Importer(815301076,1909f56bfc062723c751e8b465ee728b)
Start importing Assets/Kit/DungeonKit/fantasy town/kenney_fantasy-town-kit_2.0/Previews/tree-high.png using Guid(d99259137dd5bc6439bd03afcd501366) Importer(815301076,1909f56bfc062723c751e8b465ee728b) (PreviewImporter) -> (artifact id: '900d9156ee58bace04caf0feffe3a871') in 0.0430046 seconds
Number of updated asset objects reloaded before import = 0Number of asset objects unloaded after import = 2

========================================================================
Received Import Request.
  Time since last request: 0.000069 seconds.
  path: Assets/Kit/DungeonKit/fantasy town/kenney_fantasy-town-kit_2.0/Previews/wall-arch-top-detail.png
  artifactKey: Guid(f030d28cbfcac974fb88d9a0bc4eca2e) Importer(815301076,1909f56bfc062723c751e8b465ee728b)
Start importing Assets/Kit/DungeonKit/fantasy town/kenney_fantasy-town-kit_2.0/Previews/wall-arch-top-detail.png using Guid(f030d28cbfcac974fb88d9a0bc4eca2e) Importer(815301076,1909f56bfc062723c751e8b465ee728b) (PreviewImporter) -> (artifact id: '568c4aabc3af8646e56d60bebbb42ad7') in 0.0631733 seconds
Number of updated asset objects reloaded before import = 0Number of asset objects unloaded after import = 2

========================================================================
Received Import Request.
  Time since last request: 0.000040 seconds.
  path: Assets/Kit/DungeonKit/fantasy town/kenney_fantasy-town-kit_2.0/Previews/wall-wood-rounded.png
  artifactKey: Guid(c721d257d4707bd4f85fb0ba684e119a) Importer(815301076,1909f56bfc062723c751e8b465ee728b)
Start importing Assets/Kit/DungeonKit/fantasy town/kenney_fantasy-town-kit_2.0/Previews/wall-wood-rounded.png using Guid(c721d257d4707bd4f85fb0ba684e119a) Importer(815301076,1909f56bfc062723c751e8b465ee728b) (PreviewImporter) -> (artifact id: '0f4c278a50b5eae8aefca2ea666a75b2') in 0.0413139 seconds
Number of updated asset objects reloaded before import = 0Number of asset objects unloaded after import = 2

========================================================================
Received Import Request.
  Time since last request: 0.000047 seconds.
  path: Assets/Kit/DungeonKit/fantasy town/kenney_fantasy-town-kit_2.0/Previews/watermill-wide.png
  artifactKey: Guid(03dbf249cf62fa845a46f8f7729beabd) Importer(815301076,1909f56bfc062723c751e8b465ee728b)
Start importing Assets/Kit/DungeonKit/fantasy town/kenney_fantasy-town-kit_2.0/Previews/watermill-wide.png using Guid(03dbf249cf62fa845a46f8f7729beabd) Importer(815301076,1909f56bfc062723c751e8b465ee728b) (PreviewImporter) -> (artifact id: 'ad89906efe4ad7267cad5e69118e19eb') in 0.0463647 seconds
Number of updated asset objects reloaded before import = 0Number of asset objects unloaded after import = 2

========================================================================
Received Import Request.
  Time since last request: 0.000071 seconds.
  path: Assets/Kit/DungeonKit/fantasy town/kenney_fantasy-town-kit_2.0/Previews/wall-wood-window-small.png
  artifactKey: Guid(b8a57d33ac7009547a63795a3227e654) Importer(815301076,1909f56bfc062723c751e8b465ee728b)
Start importing Assets/Kit/DungeonKit/fantasy town/kenney_fantasy-town-kit_2.0/Previews/wall-wood-window-small.png using Guid(b8a57d33ac7009547a63795a3227e654) Importer(815301076,1909f56bfc062723c751e8b465ee728b) (PreviewImporter) -> (artifact id: '1e40880ff785a077f4de72a681850c69') in 0.0471881 seconds
Number of updated asset objects reloaded before import = 0Number of asset objects unloaded after import = 2

========================================================================
Received Import Request.
  Time since last request: 0.000038 seconds.
  path: Assets/Kit/DungeonKit/fantasy town/kenney_fantasy-town-kit_2.0/Previews/wall-wood-half.png
  artifactKey: Guid(f69f2bf8b61d09f48af379b82632a587) Importer(815301076,1909f56bfc062723c751e8b465ee728b)
Start importing Assets/Kit/DungeonKit/fantasy town/kenney_fantasy-town-kit_2.0/Previews/wall-wood-half.png using Guid(f69f2bf8b61d09f48af379b82632a587) Importer(815301076,1909f56bfc062723c751e8b465ee728b) (PreviewImporter) -> (artifact id: 'efe936ff2ba9e16ca0371c4f08e8c6f4') in 0.0470386 seconds
Number of updated asset objects reloaded before import = 0Number of asset objects unloaded after import = 2

========================================================================
Received Import Request.
  Time since last request: 0.000070 seconds.
  path: Assets/Kit/DungeonKit/fantasy town/kenney_fantasy-town-kit_2.0/Previews/wall-door.png
  artifactKey: Guid(6078da2bcd2ee254b80d0c1351390d4b) Importer(815301076,1909f56bfc062723c751e8b465ee728b)
Start importing Assets/Kit/DungeonKit/fantasy town/kenney_fantasy-town-kit_2.0/Previews/wall-door.png using Guid(6078da2bcd2ee254b80d0c1351390d4b) Importer(815301076,1909f56bfc062723c751e8b465ee728b) (PreviewImporter) -> (artifact id: 'be99a233491b1125bb1d7ff9b37509f3') in 0.0400368 seconds
Number of updated asset objects reloaded before import = 0Number of asset objects unloaded after import = 2

========================================================================
Received Import Request.
  Time since last request: 0.000076 seconds.
  path: Assets/Kit/DungeonKit/fantasy town/kenney_fantasy-town-kit_2.0/Previews/wheel.png
  artifactKey: Guid(6aec43933d48a7f47974688a0001fafc) Importer(815301076,1909f56bfc062723c751e8b465ee728b)
Start importing Assets/Kit/DungeonKit/fantasy town/kenney_fantasy-town-kit_2.0/Previews/wheel.png using Guid(6aec43933d48a7f47974688a0001fafc) Importer(815301076,1909f56bfc062723c751e8b465ee728b) (PreviewImporter) -> (artifact id: '957d9992f2aa4178c7f2dc6f3a3af2cb') in 0.0390393 seconds
Number of updated asset objects reloaded before import = 0Number of asset objects unloaded after import = 2

========================================================================
Received Import Request.
  Time since last request: 0.000042 seconds.
  path: Assets/Kit/DungeonKit/fantasy town/kenney_fantasy-town-kit_2.0/Previews/stairs-wide-stone-handrail.png
  artifactKey: Guid(55eacb5aeb507574e9b89d501d7e703a) Importer(815301076,1909f56bfc062723c751e8b465ee728b)
Start importing Assets/Kit/DungeonKit/fantasy town/kenney_fantasy-town-kit_2.0/Previews/stairs-wide-stone-handrail.png using Guid(55eacb5aeb507574e9b89d501d7e703a) Importer(815301076,1909f56bfc062723c751e8b465ee728b) (PreviewImporter) -> (artifact id: '9d34a2dff991cd67275376eb190bd3e6') in 0.042163 seconds
Number of updated asset objects reloaded before import = 0Number of asset objects unloaded after import = 2

========================================================================
Received Import Request.
  Time since last request: 0.000053 seconds.
  path: Assets/Kit/DungeonKit/fantasy town/kenney_fantasy-town-kit_2.0/Previews/wall-rounded.png
  artifactKey: Guid(dde4980c84f3a1f49b63d3af9dceb377) Importer(815301076,1909f56bfc062723c751e8b465ee728b)
Start importing Assets/Kit/DungeonKit/fantasy town/kenney_fantasy-town-kit_2.0/Previews/wall-rounded.png using Guid(dde4980c84f3a1f49b63d3af9dceb377) Importer(815301076,1909f56bfc062723c751e8b465ee728b) (PreviewImporter) -> (artifact id: '0df9be7b6e0051ca99c329af749ff64e') in 0.0484451 seconds
Number of updated asset objects reloaded before import = 0Number of asset objects unloaded after import = 2

========================================================================
Received Import Request.
  Time since last request: 447.047879 seconds.
  path: Assets/Kit/Enviroment/dungeon kit
  artifactKey: Guid(95785079e85063d46a61bf6828b57b08) Importer(815301076,1909f56bfc062723c751e8b465ee728b)
Start importing Assets/Kit/Enviroment/dungeon kit using Guid(95785079e85063d46a61bf6828b57b08) Importer(815301076,1909f56bfc062723c751e8b465ee728b) (PreviewImporter) -> (artifact id: 'd7985c79783c8034addd357236f5e5a5') in 0.0010697 seconds
Number of updated asset objects reloaded before import = 0Number of asset objects unloaded after import = 0

========================================================================
Received Import Request.
  Time since last request: 5.424276 seconds.
  path: Assets/Kit/Enviroment/dungeon kit/dungeon
  artifactKey: Guid(21913cdd67a06b24cb7b06b3ef2ff42b) Importer(815301076,1909f56bfc062723c751e8b465ee728b)
Start importing Assets/Kit/Enviroment/dungeon kit/dungeon using Guid(21913cdd67a06b24cb7b06b3ef2ff42b) Importer(815301076,1909f56bfc062723c751e8b465ee728b) (PreviewImporter) -> (artifact id: '8c5e37f5a4858bec2ff2b71dfc12bc56') in 0.0006227 seconds
Number of updated asset objects reloaded before import = 0Number of asset objects unloaded after import = 0

========================================================================
Received Import Request.
  Time since last request: 0.062552 seconds.
  path: Assets/Kit/Enviroment/dungeon kit/dungeon/Preview.png
  artifactKey: Guid(28aa93998712e2445b92cbcc3ace83fd) Importer(815301076,1909f56bfc062723c751e8b465ee728b)
Start importing Assets/Kit/Enviroment/dungeon kit/dungeon/Preview.png using Guid(28aa93998712e2445b92cbcc3ace83fd) Importer(815301076,1909f56bfc062723c751e8b465ee728b) (PreviewImporter) -> (artifact id: '62303f05dffe89705e0e3cdb9407fefd') in 0.0341964 seconds
Number of updated asset objects reloaded before import = 0Number of asset objects unloaded after import = 2

========================================================================
Received Import Request.
  Time since last request: 18.599799 seconds.
  path: Assets/Kit/Enviroment/dungeon kit/dungeon map
  artifactKey: Guid(465a28e4a6f52e144a9451cf9841e75e) Importer(815301076,1909f56bfc062723c751e8b465ee728b)
Start importing Assets/Kit/Enviroment/dungeon kit/dungeon map using Guid(465a28e4a6f52e144a9451cf9841e75e) Importer(815301076,1909f56bfc062723c751e8b465ee728b) (PreviewImporter) -> (artifact id: 'b8753f4f59800f32275b5ff664b799b1') in 0.0007205 seconds
Number of updated asset objects reloaded before import = 0Number of asset objects unloaded after import = 0

========================================================================
Received Import Request.
  Time since last request: 0.048877 seconds.
  path: Assets/Kit/Enviroment/dungeon kit/dungeon map/Preview.png
  artifactKey: Guid(b6bd9dbd7350c294ca126ffb31fbad95) Importer(815301076,1909f56bfc062723c751e8b465ee728b)
Start importing Assets/Kit/Enviroment/dungeon kit/dungeon map/Preview.png using Guid(b6bd9dbd7350c294ca126ffb31fbad95) Importer(815301076,1909f56bfc062723c751e8b465ee728b) (PreviewImporter) -> (artifact id: 'c5dc453cd5e6ed59c23fe7914a8e9df9') in 0.0213078 seconds
Number of updated asset objects reloaded before import = 0Number of asset objects unloaded after import = 2

========================================================================
Received Import Request.
  Time since last request: 3.038442 seconds.
  path: Assets/Kit/Enviroment/dungeon kit/KayKit_DungeonRemastered_1.1_FREE
  artifactKey: Guid(840fe95cd7f5aff4bbf5b7294377f3b6) Importer(815301076,1909f56bfc062723c751e8b465ee728b)
Start importing Assets/Kit/Enviroment/dungeon kit/KayKit_DungeonRemastered_1.1_FREE using Guid(840fe95cd7f5aff4bbf5b7294377f3b6) Importer(815301076,1909f56bfc062723c751e8b465ee728b) (PreviewImporter) -> (artifact id: '80cfdcd8cbb46672d3673672ebce50e9') in 0.0008394 seconds
Number of updated asset objects reloaded before import = 0Number of asset objects unloaded after import = 0

========================================================================
Received Import Request.
  Time since last request: 116.428752 seconds.
  path: Assets/Kit/DungeonKit/dungeon/Preview_ext.png
  artifactKey: Guid(28aa93998712e2445b92cbcc3ace83fd) Importer(815301076,1909f56bfc062723c751e8b465ee728b)
Start importing Assets/Kit/DungeonKit/dungeon/Preview_ext.png using Guid(28aa93998712e2445b92cbcc3ace83fd) Importer(815301076,1909f56bfc062723c751e8b465ee728b) (PreviewImporter) -> (artifact id: 'cf9c33a204f5886fae8c5a41156431d4') in 0.0210059 seconds
Number of updated asset objects reloaded before import = 0Number of asset objects unloaded after import = 2

========================================================================
Received Import Request.
  Time since last request: 8.181262 seconds.
  path: Assets/Kit/DungeonKit/dungeon/Sample_ext.png
  artifactKey: Guid(fed7ed2d4d454ad409c1140222a81697) Importer(815301076,1909f56bfc062723c751e8b465ee728b)
Start importing Assets/Kit/DungeonKit/dungeon/Sample_ext.png using Guid(fed7ed2d4d454ad409c1140222a81697) Importer(815301076,1909f56bfc062723c751e8b465ee728b) (PreviewImporter) -> (artifact id: 'f1195f0a5b327e6c33a44ca369a8c01e') in 0.0167104 seconds
Number of updated asset objects reloaded before import = 0Number of asset objects unloaded after import = 2

========================================================================
Received Import Request.
  Time since last request: 0.914559 seconds.
  path: Assets/Kit/DungeonKit/dungeon/Models
  artifactKey: Guid(d394ae57e4c13e1458374496df6d8740) Importer(815301076,1909f56bfc062723c751e8b465ee728b)
Start importing Assets/Kit/DungeonKit/dungeon/Models using Guid(d394ae57e4c13e1458374496df6d8740) Importer(815301076,1909f56bfc062723c751e8b465ee728b) (PreviewImporter) -> (artifact id: '27aeb0b144a6aebae1f9e47332070e0e') in 0.0008497 seconds
Number of updated asset objects reloaded before import = 0Number of asset objects unloaded after import = 0

========================================================================
Received Import Request.
  Time since last request: 1.276458 seconds.
  path: Assets/Kit/DungeonKit/dungeon/Models/GLB format
  artifactKey: Guid(7811b78b9313d3c4cb80a679249f3a43) Importer(815301076,1909f56bfc062723c751e8b465ee728b)
Start importing Assets/Kit/DungeonKit/dungeon/Models/GLB format using Guid(7811b78b9313d3c4cb80a679249f3a43) Importer(815301076,1909f56bfc062723c751e8b465ee728b) (PreviewImporter) -> (artifact id: '08abd0edbf48e00cc537395a94d7d2cc') in 0.0007777 seconds
Number of updated asset objects reloaded before import = 0Number of asset objects unloaded after import = 0

========================================================================
Received Import Request.
  Time since last request: 0.680039 seconds.
  path: Assets/Kit/DungeonKit/dungeon/Models/OBJ format
  artifactKey: Guid(b5c16cbd544af6f44a7dad6ed179cdfb) Importer(815301076,1909f56bfc062723c751e8b465ee728b)
Start importing Assets/Kit/DungeonKit/dungeon/Models/OBJ format using Guid(b5c16cbd544af6f44a7dad6ed179cdfb) Importer(815301076,1909f56bfc062723c751e8b465ee728b) (PreviewImporter) -> (artifact id: '03eb3d0da1d2361153a5ff878ea05234') in 0.0006763 seconds
Number of updated asset objects reloaded before import = 0Number of asset objects unloaded after import = 0

========================================================================
Received Import Request.
  Time since last request: 5.198157 seconds.
  path: Assets/Kit/DungeonKit/dungeon/Previews
  artifactKey: Guid(a62b7457defd98b4db8dae8c4d1de431) Importer(815301076,1909f56bfc062723c751e8b465ee728b)
Start importing Assets/Kit/DungeonKit/dungeon/Previews using Guid(a62b7457defd98b4db8dae8c4d1de431) Importer(815301076,1909f56bfc062723c751e8b465ee728b) (PreviewImporter) -> (artifact id: '9ada10a84975353165ecae7c77e6dcc1') in 0.0005713 seconds
Number of updated asset objects reloaded before import = 0Number of asset objects unloaded after import = 0

========================================================================
Received Import Request.
  Time since last request: 0.042658 seconds.
  path: Assets/Kit/DungeonKit/dungeon/Previews/altar-stone.png
  artifactKey: Guid(9aeff238d8a4ceb478d0643b8f0788cf) Importer(815301076,1909f56bfc062723c751e8b465ee728b)
Start importing Assets/Kit/DungeonKit/dungeon/Previews/altar-stone.png using Guid(9aeff238d8a4ceb478d0643b8f0788cf) Importer(815301076,1909f56bfc062723c751e8b465ee728b) (PreviewImporter) -> (artifact id: '9637ee14c8556c60c8c64099aefc192f') in 0.0141151 seconds
Number of updated asset objects reloaded before import = 0Number of asset objects unloaded after import = 2

========================================================================
Received Import Request.
  Time since last request: 0.000032 seconds.
  path: Assets/Kit/DungeonKit/dungeon/Previews/bench.png
  artifactKey: Guid(33c400d66f1337245a76ca12fe0c50ef) Importer(815301076,1909f56bfc062723c751e8b465ee728b)
Start importing Assets/Kit/DungeonKit/dungeon/Previews/bench.png using Guid(33c400d66f1337245a76ca12fe0c50ef) Importer(815301076,1909f56bfc062723c751e8b465ee728b) (PreviewImporter) -> (artifact id: '8d23a16ad3c6a21f5a62112ce4e03cf8') in 0.0174142 seconds
Number of updated asset objects reloaded before import = 0Number of asset objects unloaded after import = 2

========================================================================
Received Import Request.
  Time since last request: 0.000049 seconds.
  path: Assets/Kit/DungeonKit/dungeon/Previews/brick-wall-curve.png
  artifactKey: Guid(f8ccbc8ed9efa3c45a6c79f7eaf8b547) Importer(815301076,1909f56bfc062723c751e8b465ee728b)
Start importing Assets/Kit/DungeonKit/dungeon/Previews/brick-wall-curve.png using Guid(f8ccbc8ed9efa3c45a6c79f7eaf8b547) Importer(815301076,1909f56bfc062723c751e8b465ee728b) (PreviewImporter) -> (artifact id: '27a974ec0d0d1481be52f8f7577ce7a3') in 0.018747 seconds
Number of updated asset objects reloaded before import = 0Number of asset objects unloaded after import = 2

========================================================================
Received Import Request.
  Time since last request: 0.000027 seconds.
  path: Assets/Kit/DungeonKit/dungeon/Previews/candle.png
  artifactKey: Guid(a34998ea8862ed545981146bfe0ce438) Importer(815301076,1909f56bfc062723c751e8b465ee728b)
Start importing Assets/Kit/DungeonKit/dungeon/Previews/candle.png using Guid(a34998ea8862ed545981146bfe0ce438) Importer(815301076,1909f56bfc062723c751e8b465ee728b) (PreviewImporter) -> (artifact id: 'ab4bbd3cfa6190fac6ea0c6da786188d') in 0.0190026 seconds
Number of updated asset objects reloaded before import = 0Number of asset objects unloaded after import = 2

========================================================================
Received Import Request.
  Time since last request: 0.000033 seconds.
  path: Assets/Kit/DungeonKit/dungeon/Previews/character-zombie.png
  artifactKey: Guid(9a8be022c5f045849aac0277b63d6d93) Importer(815301076,1909f56bfc062723c751e8b465ee728b)
Start importing Assets/Kit/DungeonKit/dungeon/Previews/character-zombie.png using Guid(9a8be022c5f045849aac0277b63d6d93) Importer(815301076,1909f56bfc062723c751e8b465ee728b) (PreviewImporter) -> (artifact id: '606b574d7b2cd39663c26293a644b4be') in 0.0204182 seconds
Number of updated asset objects reloaded before import = 0Number of asset objects unloaded after import = 2

========================================================================
Received Import Request.
  Time since last request: 0.000027 seconds.
  path: Assets/Kit/DungeonKit/dungeon/Previews/cross-wood.png
  artifactKey: Guid(e9ce1c5dd91bc4a488ccbdc7d6421b73) Importer(815301076,1909f56bfc062723c751e8b465ee728b)
Start importing Assets/Kit/DungeonKit/dungeon/Previews/cross-wood.png using Guid(e9ce1c5dd91bc4a488ccbdc7d6421b73) Importer(815301076,1909f56bfc062723c751e8b465ee728b) (PreviewImporter) -> (artifact id: 'ea9e4095ec608febece9541867c218ba') in 0.0209251 seconds
Number of updated asset objects reloaded before import = 0Number of asset objects unloaded after import = 2

========================================================================
Received Import Request.
  Time since last request: 0.000033 seconds.
  path: Assets/Kit/DungeonKit/dungeon/Previews/crypt-large-roof.png
  artifactKey: Guid(a3fcab02ad6c45c4b95b9f88edff033e) Importer(815301076,1909f56bfc062723c751e8b465ee728b)
Start importing Assets/Kit/DungeonKit/dungeon/Previews/crypt-large-roof.png using Guid(a3fcab02ad6c45c4b95b9f88edff033e) Importer(815301076,1909f56bfc062723c751e8b465ee728b) (PreviewImporter) -> (artifact id: '6a4aff9f8740d1f1f23bf01f9930fbc4') in 0.0211683 seconds
Number of updated asset objects reloaded before import = 0Number of asset objects unloaded after import = 2

========================================================================
Received Import Request.
  Time since last request: 0.000041 seconds.
  path: Assets/Kit/DungeonKit/dungeon/Previews/debris-wood.png
  artifactKey: Guid(04c5102d13ac6154eae978fde5f6f791) Importer(815301076,1909f56bfc062723c751e8b465ee728b)
Start importing Assets/Kit/DungeonKit/dungeon/Previews/debris-wood.png using Guid(04c5102d13ac6154eae978fde5f6f791) Importer(815301076,1909f56bfc062723c751e8b465ee728b) (PreviewImporter) -> (artifact id: '84f64b561ae73121ced291cd290ce86c') in 0.0312341 seconds
Number of updated asset objects reloaded before import = 0Number of asset objects unloaded after import = 2

========================================================================
Received Import Request.
  Time since last request: 0.000028 seconds.
  path: Assets/Kit/DungeonKit/dungeon/Previews/detail-plate.png
  artifactKey: Guid(0cc80ef13f5b47e48be3c94bc3ad5c86) Importer(815301076,1909f56bfc062723c751e8b465ee728b)
Start importing Assets/Kit/DungeonKit/dungeon/Previews/detail-plate.png using Guid(0cc80ef13f5b47e48be3c94bc3ad5c86) Importer(815301076,1909f56bfc062723c751e8b465ee728b) (PreviewImporter) -> (artifact id: 'afcbfd4ca3c6e48da75026aab5e54d3b') in 0.0283995 seconds
Number of updated asset objects reloaded before import = 0Number of asset objects unloaded after import = 2

========================================================================
Received Import Request.
  Time since last request: 0.000037 seconds.
  path: Assets/Kit/DungeonKit/dungeon/Previews/detail-chalice.png
  artifactKey: Guid(808d069f4ac8de24f8bf20219701e189) Importer(815301076,1909f56bfc062723c751e8b465ee728b)
Start importing Assets/Kit/DungeonKit/dungeon/Previews/detail-chalice.png using Guid(808d069f4ac8de24f8bf20219701e189) Importer(815301076,1909f56bfc062723c751e8b465ee728b) (PreviewImporter) -> (artifact id: '63d7fc524caba962bbe0088c8eba2205') in 0.0337301 seconds
Number of updated asset objects reloaded before import = 0Number of asset objects unloaded after import = 2

========================================================================
Received Import Request.
  Time since last request: 0.000041 seconds.
  path: Assets/Kit/DungeonKit/dungeon/Previews/crypt-a.png
  artifactKey: Guid(ee5d695bd966d3c49beb802c89324700) Importer(815301076,1909f56bfc062723c751e8b465ee728b)
Start importing Assets/Kit/DungeonKit/dungeon/Previews/crypt-a.png using Guid(ee5d695bd966d3c49beb802c89324700) Importer(815301076,1909f56bfc062723c751e8b465ee728b) (PreviewImporter) -> (artifact id: '82e42f5d579a81391cd264734eafbff8') in 0.0323456 seconds
Number of updated asset objects reloaded before import = 0Number of asset objects unloaded after import = 2

========================================================================
Received Import Request.
  Time since last request: 0.000056 seconds.
  path: Assets/Kit/DungeonKit/dungeon/Previews/candle-multiple.png
  artifactKey: Guid(2e7d1a59310bef24c99bfea705f908dc) Importer(815301076,1909f56bfc062723c751e8b465ee728b)
Start importing Assets/Kit/DungeonKit/dungeon/Previews/candle-multiple.png using Guid(2e7d1a59310bef24c99bfea705f908dc) Importer(815301076,1909f56bfc062723c751e8b465ee728b) (PreviewImporter) -> (artifact id: '8490d8bf814d7c3536d3cdabe3463de8') in 0.0350586 seconds
Number of updated asset objects reloaded before import = 0Number of asset objects unloaded after import = 2

========================================================================
Received Import Request.
  Time since last request: 0.000054 seconds.
  path: Assets/Kit/DungeonKit/dungeon/Previews/coffin-old.png
  artifactKey: Guid(270c83a540116b24eb8ee1f9b287e19f) Importer(815301076,1909f56bfc062723c751e8b465ee728b)
Start importing Assets/Kit/DungeonKit/dungeon/Previews/coffin-old.png using Guid(270c83a540116b24eb8ee1f9b287e19f) Importer(815301076,1909f56bfc062723c751e8b465ee728b) (PreviewImporter) -> (artifact id: '5313b552a0352c34352e75039c7ea42c') in 0.0339397 seconds
Number of updated asset objects reloaded before import = 0Number of asset objects unloaded after import = 2

========================================================================
Received Import Request.
  Time since last request: 0.000037 seconds.
  path: Assets/Kit/DungeonKit/dungeon/Previews/column-large.png
  artifactKey: Guid(d80f41c2dfaf4f440b4d2db59d01bc71) Importer(815301076,1909f56bfc062723c751e8b465ee728b)
Start importing Assets/Kit/DungeonKit/dungeon/Previews/column-large.png using Guid(d80f41c2dfaf4f440b4d2db59d01bc71) Importer(815301076,1909f56bfc062723c751e8b465ee728b) (PreviewImporter) -> (artifact id: 'c5a621891dc1b8d107400f64a3fe5f3a') in 0.0327349 seconds
Number of updated asset objects reloaded before import = 0Number of asset objects unloaded after import = 2

========================================================================
Received Import Request.
  Time since last request: 0.000058 seconds.
  path: Assets/Kit/DungeonKit/dungeon/Previews/brick-wall-curve-small.png
  artifactKey: Guid(30ea48f21e79a404eb0973514182d03e) Importer(815301076,1909f56bfc062723c751e8b465ee728b)
Start importing Assets/Kit/DungeonKit/dungeon/Previews/brick-wall-curve-small.png using Guid(30ea48f21e79a404eb0973514182d03e) Importer(815301076,1909f56bfc062723c751e8b465ee728b) (PreviewImporter) -> (artifact id: '20b863a2a690bec80fd462e880a46545') in 0.036292 seconds
Number of updated asset objects reloaded before import = 0Number of asset objects unloaded after import = 2

========================================================================
Received Import Request.
  Time since last request: 0.000038 seconds.
  path: Assets/Kit/DungeonKit/dungeon/Previews/character-ghost.png
  artifactKey: Guid(19d57a0d27d038741bd73ea44353c403) Importer(815301076,1909f56bfc062723c751e8b465ee728b)
Start importing Assets/Kit/DungeonKit/dungeon/Previews/character-ghost.png using Guid(19d57a0d27d038741bd73ea44353c403) Importer(815301076,1909f56bfc062723c751e8b465ee728b) (PreviewImporter) -> (artifact id: '9daa1672043bfee0b19b3a2c1c5d39ae') in 0.0362866 seconds
Number of updated asset objects reloaded before import = 0Number of asset objects unloaded after import = 2

========================================================================
Received Import Request.
  Time since last request: 0.000044 seconds.
  path: Assets/Kit/DungeonKit/dungeon/Previews/crypt-b.png
  artifactKey: Guid(e864097c81870454ab5cbf94cd7e6d96) Importer(815301076,1909f56bfc062723c751e8b465ee728b)
Start importing Assets/Kit/DungeonKit/dungeon/Previews/crypt-b.png using Guid(e864097c81870454ab5cbf94cd7e6d96) Importer(815301076,1909f56bfc062723c751e8b465ee728b) (PreviewImporter) -> (artifact id: '8b0947517e5c9d833e680fcdfcee228c') in 0.0372882 seconds
Number of updated asset objects reloaded before import = 0Number of asset objects unloaded after import = 2

========================================================================
Received Import Request.
  Time since last request: 0.000055 seconds.
  path: Assets/Kit/DungeonKit/dungeon/Previews/coffin.png
  artifactKey: Guid(7527ce9d9c714504f9dce8e2e61cc36e) Importer(815301076,1909f56bfc062723c751e8b465ee728b)
Start importing Assets/Kit/DungeonKit/dungeon/Previews/coffin.png using Guid(7527ce9d9c714504f9dce8e2e61cc36e) Importer(815301076,1909f56bfc062723c751e8b465ee728b) (PreviewImporter) -> (artifact id: '0cac4ede73efd3582376b395897ab588') in 0.0349172 seconds
Number of updated asset objects reloaded before import = 0Number of asset objects unloaded after import = 2

========================================================================
Received Import Request.
  Time since last request: 0.000039 seconds.
  path: Assets/Kit/DungeonKit/dungeon/Previews/crypt.png
  artifactKey: Guid(552a1fcc403106c49a9c252f737acbe4) Importer(815301076,1909f56bfc062723c751e8b465ee728b)
Start importing Assets/Kit/DungeonKit/dungeon/Previews/crypt.png using Guid(552a1fcc403106c49a9c252f737acbe4) Importer(815301076,1909f56bfc062723c751e8b465ee728b) (PreviewImporter) -> (artifact id: '82bb381cd3fbec7521fd79d58a59f8da') in 0.0392671 seconds
Number of updated asset objects reloaded before import = 0Number of asset objects unloaded after import = 2

========================================================================
Received Import Request.
  Time since last request: 5.448638 seconds.
  path: Assets/Kit/DungeonKit/dungeon/Models/FBX format
  artifactKey: Guid(3789b936b6c23c241a8a1ba6462c129d) Importer(815301076,1909f56bfc062723c751e8b465ee728b)
Start importing Assets/Kit/DungeonKit/dungeon/Models/FBX format using Guid(3789b936b6c23c241a8a1ba6462c129d) Importer(815301076,1909f56bfc062723c751e8b465ee728b) (PreviewImporter) -> (artifact id: 'f219d0a154a80dad405488ef8676f892') in 0.00079 seconds
Number of updated asset objects reloaded before import = 0Number of asset objects unloaded after import = 0

========================================================================
Received Import Request.
  Time since last request: 21.411140 seconds.
  path: Assets/Kit/DungeonKit/dungeon/Models/fantasyKit_ext
  artifactKey: Guid(3789b936b6c23c241a8a1ba6462c129d) Importer(815301076,1909f56bfc062723c751e8b465ee728b)
Start importing Assets/Kit/DungeonKit/dungeon/Models/fantasyKit_ext using Guid(3789b936b6c23c241a8a1ba6462c129d) Importer(815301076,1909f56bfc062723c751e8b465ee728b) (PreviewImporter) -> (artifact id: 'e79db4cd8e5f6dfb3b23d2ee347cb3c6') in 0.0010359 seconds
Number of updated asset objects reloaded before import = 0Number of asset objects unloaded after import = 0

========================================================================
Received Import Request.
  Time since last request: 0.628528 seconds.
  path: Assets/Kit/DungeonKit/dungeon/Models/fantasyKit_ext/altar-stone.fbx
  artifactKey: Guid(46339c9020c7b0f43b87b9c368c578ad) Importer(815301076,1909f56bfc062723c751e8b465ee728b)
Start importing Assets/Kit/DungeonKit/dungeon/Models/fantasyKit_ext/altar-stone.fbx using Guid(46339c9020c7b0f43b87b9c368c578ad) Importer(815301076,1909f56bfc062723c751e8b465ee728b) (PreviewImporter) -> (artifact id: 'd6ab66eeeb1e8aa3a7a445459c4029d8') in 0.0647249 seconds
Number of updated asset objects reloaded before import = 0Number of asset objects unloaded after import = 9

========================================================================
Received Import Request.
  Time since last request: 0.000065 seconds.
  path: Assets/Kit/DungeonKit/dungeon/Models/fantasyKit_ext/brick-wall-end.fbx
  artifactKey: Guid(d5574a8221a032444b0df08952a4540a) Importer(815301076,1909f56bfc062723c751e8b465ee728b)
Start importing Assets/Kit/DungeonKit/dungeon/Models/fantasyKit_ext/brick-wall-end.fbx using Guid(d5574a8221a032444b0df08952a4540a) Importer(815301076,1909f56bfc062723c751e8b465ee728b) (PreviewImporter) -> (artifact id: '5441ad339d9f186e615ddc27a159e3ee') in 0.0576877 seconds
Number of updated asset objects reloaded before import = 0Number of asset objects unloaded after import = 9

========================================================================
Received Import Request.
  Time since last request: 0.000049 seconds.
  path: Assets/Kit/DungeonKit/dungeon/Models/fantasyKit_ext/brick-wall.fbx
  artifactKey: Guid(c65e31b5c10413b4692b439e7fbd1124) Importer(815301076,1909f56bfc062723c751e8b465ee728b)
Start importing Assets/Kit/DungeonKit/dungeon/Models/fantasyKit_ext/brick-wall.fbx using Guid(c65e31b5c10413b4692b439e7fbd1124) Importer(815301076,1909f56bfc062723c751e8b465ee728b) (PreviewImporter) -> (artifact id: 'b532875bc97e916446aa6a7a5d8e94a8') in 0.0773773 seconds
Number of updated asset objects reloaded before import = 0Number of asset objects unloaded after import = 9

========================================================================
Received Import Request.
  Time since last request: 0.000034 seconds.
  path: Assets/Kit/DungeonKit/dungeon/Models/fantasyKit_ext/crypt-a.fbx
  artifactKey: Guid(fbb0775c9ad464b4ab5d480689abed90) Importer(815301076,1909f56bfc062723c751e8b465ee728b)
Start importing Assets/Kit/DungeonKit/dungeon/Models/fantasyKit_ext/crypt-a.fbx using Guid(fbb0775c9ad464b4ab5d480689abed90) Importer(815301076,1909f56bfc062723c751e8b465ee728b) (PreviewImporter) -> (artifact id: 'aadad70bb715382529f8e05c0aefca08') in 0.064204 seconds
Number of updated asset objects reloaded before import = 0Number of asset objects unloaded after import = 9

========================================================================
Received Import Request.
  Time since last request: 0.000038 seconds.
  path: Assets/Kit/DungeonKit/dungeon/Models/fantasyKit_ext/detail-chalice.fbx
  artifactKey: Guid(f13b5dfd912fbbd4da7ac0a7cf93675d) Importer(815301076,1909f56bfc062723c751e8b465ee728b)
Start importing Assets/Kit/DungeonKit/dungeon/Models/fantasyKit_ext/detail-chalice.fbx using Guid(f13b5dfd912fbbd4da7ac0a7cf93675d) Importer(815301076,1909f56bfc062723c751e8b465ee728b) (PreviewImporter) -> (artifact id: 'eecc95857628681376a400f3eec03af2') in 0.0591076 seconds
Number of updated asset objects reloaded before import = 0Number of asset objects unloaded after import = 9

========================================================================
Received Import Request.
  Time since last request: 0.000078 seconds.
  path: Assets/Kit/DungeonKit/dungeon/Models/fantasyKit_ext/character-zombie.fbx
  artifactKey: Guid(01ecc1eb3ee9fa842976c2d641d94b81) Importer(815301076,1909f56bfc062723c751e8b465ee728b)
Start importing Assets/Kit/DungeonKit/dungeon/Models/fantasyKit_ext/character-zombie.fbx using Guid(01ecc1eb3ee9fa842976c2d641d94b81) Importer(815301076,1909f56bfc062723c751e8b465ee728b) (PreviewImporter) -> (artifact id: '4cb9976e7bab00e358fad4e18399d14c') in 0.1339117 seconds
Number of updated asset objects reloaded before import = 0Number of asset objects unloaded after import = 70

========================================================================
Received Import Request.
  Time since last request: 0.000037 seconds.
  path: Assets/Kit/DungeonKit/dungeon/Models/fantasyKit_ext/brick-wall-curve-small.fbx
  artifactKey: Guid(ee9eeb054024401469e172d240129d28) Importer(815301076,1909f56bfc062723c751e8b465ee728b)
Start importing Assets/Kit/DungeonKit/dungeon/Models/fantasyKit_ext/brick-wall-curve-small.fbx using Guid(ee9eeb054024401469e172d240129d28) Importer(815301076,1909f56bfc062723c751e8b465ee728b) (PreviewImporter) -> (artifact id: 'ad1addc0baf746ed1c0c1cf6aa1c579f') in 0.0610207 seconds
Number of updated asset objects reloaded before import = 0Number of asset objects unloaded after import = 9

========================================================================
Received Import Request.
  Time since last request: 0.000039 seconds.
  path: Assets/Kit/DungeonKit/dungeon/Models/fantasyKit_ext/candle-multiple.fbx
  artifactKey: Guid(ba68eada700b994428c8fb0a468d7c79) Importer(815301076,1909f56bfc062723c751e8b465ee728b)
Start importing Assets/Kit/DungeonKit/dungeon/Models/fantasyKit_ext/candle-multiple.fbx using Guid(ba68eada700b994428c8fb0a468d7c79) Importer(815301076,1909f56bfc062723c751e8b465ee728b) (PreviewImporter) -> (artifact id: 'c5101ee40bd998d3f9220e29a5b4a392') in 0.0883014 seconds
Number of updated asset objects reloaded before import = 0Number of asset objects unloaded after import = 9

========================================================================
Received Import Request.
  Time since last request: 0.000051 seconds.
  path: Assets/Kit/DungeonKit/dungeon/Models/fantasyKit_ext/detail-plate.fbx
  artifactKey: Guid(6d4931f21df16e64c9113c4e1be02e2a) Importer(815301076,1909f56bfc062723c751e8b465ee728b)
Start importing Assets/Kit/DungeonKit/dungeon/Models/fantasyKit_ext/detail-plate.fbx using Guid(6d4931f21df16e64c9113c4e1be02e2a) Importer(815301076,1909f56bfc062723c751e8b465ee728b) (PreviewImporter) -> (artifact id: '63f0e7f38f440e706fbc17b1acabfc11') in 0.1263771 seconds
Number of updated asset objects reloaded before import = 0Number of asset objects unloaded after import = 9

========================================================================
Received Import Request.
  Time since last request: 0.000048 seconds.
  path: Assets/Kit/DungeonKit/dungeon/Models/fantasyKit_ext/crypt-small.fbx
  artifactKey: Guid(25f51c8f21ac1134a871efc5e20ba2e6) Importer(815301076,1909f56bfc062723c751e8b465ee728b)
Start importing Assets/Kit/DungeonKit/dungeon/Models/fantasyKit_ext/crypt-small.fbx using Guid(25f51c8f21ac1134a871efc5e20ba2e6) Importer(815301076,1909f56bfc062723c751e8b465ee728b) (PreviewImporter) -> (artifact id: '9f7b0c413740f47da97a9c5be1bbb10d') in 0.1336442 seconds
Number of updated asset objects reloaded before import = 0Number of asset objects unloaded after import = 9

========================================================================
Received Import Request.
  Time since last request: 0.000079 seconds.
  path: Assets/Kit/DungeonKit/dungeon/Models/fantasyKit_ext/cross.fbx
  artifactKey: Guid(026fd363f75ad764c939e1187d982135) Importer(815301076,1909f56bfc062723c751e8b465ee728b)
Start importing Assets/Kit/DungeonKit/dungeon/Models/fantasyKit_ext/cross.fbx using Guid(026fd363f75ad764c939e1187d982135) Importer(815301076,1909f56bfc062723c751e8b465ee728b) (PreviewImporter) -> (artifact id: '8fbeaaf1f3d6e367218d2424239880a5') in 0.0894667 seconds
Number of updated asset objects reloaded before import = 0Number of asset objects unloaded after import = 9

========================================================================
Received Import Request.
  Time since last request: 0.000046 seconds.
  path: Assets/Kit/DungeonKit/dungeon/Models/fantasyKit_ext/coffin.fbx
  artifactKey: Guid(7d12792207c16354ebdfc5b1ba573e82) Importer(815301076,1909f56bfc062723c751e8b465ee728b)
Start importing Assets/Kit/DungeonKit/dungeon/Models/fantasyKit_ext/coffin.fbx using Guid(7d12792207c16354ebdfc5b1ba573e82) Importer(815301076,1909f56bfc062723c751e8b465ee728b) (PreviewImporter) -> (artifact id: 'a7c98e19b417cd4360a27ad06d4e2f95') in 0.1106725 seconds
Number of updated asset objects reloaded before import = 0Number of asset objects unloaded after import = 14

========================================================================
Received Import Request.
  Time since last request: 0.000044 seconds.
  path: Assets/Kit/DungeonKit/dungeon/Models/fantasyKit_ext/gravestone-decorative.fbx
  artifactKey: Guid(87a9539cf784029479cbcdd43e5e6be4) Importer(815301076,1909f56bfc062723c751e8b465ee728b)
Start importing Assets/Kit/DungeonKit/dungeon/Models/fantasyKit_ext/gravestone-decorative.fbx using Guid(87a9539cf784029479cbcdd43e5e6be4) Importer(815301076,1909f56bfc062723c751e8b465ee728b) (PreviewImporter) -> (artifact id: '6fca6137285fe5fea18b27b58433d755') in 0.0833288 seconds
Number of updated asset objects reloaded before import = 0Number of asset objects unloaded after import = 9

========================================================================
Received Import Request.
  Time since last request: 0.000050 seconds.
  path: Assets/Kit/DungeonKit/dungeon/Models/fantasyKit_ext/gravestone-cross.fbx
  artifactKey: Guid(48d6d887c70cad3449b8948cabbd86e8) Importer(815301076,1909f56bfc062723c751e8b465ee728b)
Start importing Assets/Kit/DungeonKit/dungeon/Models/fantasyKit_ext/gravestone-cross.fbx using Guid(48d6d887c70cad3449b8948cabbd86e8) Importer(815301076,1909f56bfc062723c751e8b465ee728b) (PreviewImporter) -> (artifact id: 'c6bcb440898d5aa20fc8c8fc06de74e7') in 0.0682305 seconds
Number of updated asset objects reloaded before import = 0Number of asset objects unloaded after import = 9

========================================================================
Received Import Request.
  Time since last request: 0.000037 seconds.
  path: Assets/Kit/DungeonKit/dungeon/Models/fantasyKit_ext/gravestone-bevel.fbx
  artifactKey: Guid(9c9f7f10bd7849b4a95fe6b71e923945) Importer(815301076,1909f56bfc062723c751e8b465ee728b)
Start importing Assets/Kit/DungeonKit/dungeon/Models/fantasyKit_ext/gravestone-bevel.fbx using Guid(9c9f7f10bd7849b4a95fe6b71e923945) Importer(815301076,1909f56bfc062723c751e8b465ee728b) (PreviewImporter) -> (artifact id: 'ef176cef0c9c6138716caa4cd4cca729') in 0.0886428 seconds
Number of updated asset objects reloaded before import = 0Number of asset objects unloaded after import = 9

========================================================================
Received Import Request.
  Time since last request: 0.000042 seconds.
  path: Assets/Kit/DungeonKit/dungeon/Models/fantasyKit_ext/iron-fence-bar.fbx
  artifactKey: Guid(1aaf745490145ee4bbe5670eef0692cf) Importer(815301076,1909f56bfc062723c751e8b465ee728b)
Start importing Assets/Kit/DungeonKit/dungeon/Models/fantasyKit_ext/iron-fence-bar.fbx using Guid(1aaf745490145ee4bbe5670eef0692cf) Importer(815301076,1909f56bfc062723c751e8b465ee728b) (PreviewImporter) -> (artifact id: 'c62dbfdfdc4258b8335a8c4fa4bfdf67') in 0.0612729 seconds
Number of updated asset objects reloaded before import = 0Number of asset objects unloaded after import = 9

========================================================================
Received Import Request.
  Time since last request: 0.000058 seconds.
  path: Assets/Kit/DungeonKit/dungeon/Models/fantasyKit_ext/iron-fence-border-column.fbx
  artifactKey: Guid(3bd8d928fbebbb44bb4603deabba926c) Importer(815301076,1909f56bfc062723c751e8b465ee728b)
Start importing Assets/Kit/DungeonKit/dungeon/Models/fantasyKit_ext/iron-fence-border-column.fbx using Guid(3bd8d928fbebbb44bb4603deabba926c) Importer(815301076,1909f56bfc062723c751e8b465ee728b) (PreviewImporter) -> (artifact id: 'cc08bd4c1a50a2244dd4de6c2b0f0fea') in 0.0762216 seconds
Number of updated asset objects reloaded before import = 0Number of asset objects unloaded after import = 9

========================================================================
Received Import Request.
  Time since last request: 0.000052 seconds.
  path: Assets/Kit/DungeonKit/dungeon/Models/fantasyKit_ext/trunk-long.fbx
  artifactKey: Guid(0e7100f98dec78948846aa386d4dd382) Importer(815301076,1909f56bfc062723c751e8b465ee728b)
Start importing Assets/Kit/DungeonKit/dungeon/Models/fantasyKit_ext/trunk-long.fbx using Guid(0e7100f98dec78948846aa386d4dd382) Importer(815301076,1909f56bfc062723c751e8b465ee728b) (PreviewImporter) -> (artifact id: '1dc8957af8dd2628e8c99ab4664cd733') in 0.150934 seconds
Number of updated asset objects reloaded before import = 0Number of asset objects unloaded after import = 9

========================================================================
Received Import Request.
  Time since last request: 0.000040 seconds.
  path: Assets/Kit/DungeonKit/dungeon/Models/fantasyKit_ext/pine-crooked.fbx
  artifactKey: Guid(13a3655011960b94295d6e669980fd3e) Importer(815301076,1909f56bfc062723c751e8b465ee728b)
Start importing Assets/Kit/DungeonKit/dungeon/Models/fantasyKit_ext/pine-crooked.fbx using Guid(13a3655011960b94295d6e669980fd3e) Importer(815301076,1909f56bfc062723c751e8b465ee728b) (PreviewImporter) -> (artifact id: 'f10317e12a56d391984ebeb1a358561a') in 0.1859571 seconds
Number of updated asset objects reloaded before import = 0Number of asset objects unloaded after import = 9

========================================================================
Received Import Request.
  Time since last request: 0.000058 seconds.
  path: Assets/Kit/DungeonKit/dungeon/Models/fantasyKit_ext/rocks.fbx
  artifactKey: Guid(6916401790eb3384a8b908130fee0b76) Importer(815301076,1909f56bfc062723c751e8b465ee728b)
Start importing Assets/Kit/DungeonKit/dungeon/Models/fantasyKit_ext/rocks.fbx using Guid(6916401790eb3384a8b908130fee0b76) Importer(815301076,1909f56bfc062723c751e8b465ee728b) (PreviewImporter) -> (artifact id: '8de075820edbe99da159b3fd42b1357b') in 0.1756326 seconds
Number of updated asset objects reloaded before import = 0Number of asset objects unloaded after import = 9

========================================================================
Received Import Request.
  Time since last request: 0.000046 seconds.
  path: Assets/Kit/DungeonKit/dungeon/Models/fantasyKit_ext/gravestone-round.fbx
  artifactKey: Guid(7deabfccc33cf034cb23af67f3143fe0) Importer(815301076,1909f56bfc062723c751e8b465ee728b)
Start importing Assets/Kit/DungeonKit/dungeon/Models/fantasyKit_ext/gravestone-round.fbx using Guid(7deabfccc33cf034cb23af67f3143fe0) Importer(815301076,1909f56bfc062723c751e8b465ee728b) (PreviewImporter) -> (artifact id: 'c918efd8114ed5bfd3f7e613e5b28fe3') in 0.2503673 seconds
Number of updated asset objects reloaded before import = 0Number of asset objects unloaded after import = 9

========================================================================
Received Import Request.
  Time since last request: 0.000051 seconds.
  path: Assets/Kit/DungeonKit/dungeon/Models/fantasyKit_ext/crypt-large-door.fbx
  artifactKey: Guid(4ea3b0d7be8a50d4d83fd99257831883) Importer(815301076,1909f56bfc062723c751e8b465ee728b)
Start importing Assets/Kit/DungeonKit/dungeon/Models/fantasyKit_ext/crypt-large-door.fbx using Guid(4ea3b0d7be8a50d4d83fd99257831883) Importer(815301076,1909f56bfc062723c751e8b465ee728b) (PreviewImporter) -> (artifact id: 'f99c491bfa116344bce916af76e1f6c5') in 0.3896384 seconds
Number of updated asset objects reloaded before import = 0Number of asset objects unloaded after import = 14

========================================================================
Received Import Request.
  Time since last request: 0.000065 seconds.
  path: Assets/Kit/DungeonKit/dungeon/Models/fantasyKit_ext/gravestone-debris.fbx
  artifactKey: Guid(18da2a5b641fb534389ce62627726c8e) Importer(815301076,1909f56bfc062723c751e8b465ee728b)
Start importing Assets/Kit/DungeonKit/dungeon/Models/fantasyKit_ext/gravestone-debris.fbx using Guid(18da2a5b641fb534389ce62627726c8e) Importer(815301076,1909f56bfc062723c751e8b465ee728b) (PreviewImporter) -> (artifact id: '41f5799104e71c42b0e838355e0ab500') in 0.1112578 seconds
Number of updated asset objects reloaded before import = 0Number of asset objects unloaded after import = 9

========================================================================
Received Import Request.
  Time since last request: 0.000047 seconds.
  path: Assets/Kit/DungeonKit/dungeon/Models/fantasyKit_ext/crypt-door.fbx
  artifactKey: Guid(7ba7646227c43da40b54e794b098337b) Importer(815301076,1909f56bfc062723c751e8b465ee728b)
Start importing Assets/Kit/DungeonKit/dungeon/Models/fantasyKit_ext/crypt-door.fbx using Guid(7ba7646227c43da40b54e794b098337b) Importer(815301076,1909f56bfc062723c751e8b465ee728b) (PreviewImporter) -> (artifact id: 'c9fe6f78207194eff886a06833fbbbe6') in 0.4256362 seconds
Number of updated asset objects reloaded before import = 0Number of asset objects unloaded after import = 14

========================================================================
Received Import Request.
  Time since last request: 0.000042 seconds.
  path: Assets/Kit/DungeonKit/dungeon/Models/fantasyKit_ext/pumpkin-tall-carved.fbx
  artifactKey: Guid(7b363010665da704ab7e456eabe42f8f) Importer(815301076,1909f56bfc062723c751e8b465ee728b)
Start importing Assets/Kit/DungeonKit/dungeon/Models/fantasyKit_ext/pumpkin-tall-carved.fbx using Guid(7b363010665da704ab7e456eabe42f8f) Importer(815301076,1909f56bfc062723c751e8b465ee728b) (PreviewImporter) -> (artifact id: 'ba21101d1172d57567fc11b7b38a8317') in 0.0636571 seconds
Number of updated asset objects reloaded before import = 0Number of asset objects unloaded after import = 9

========================================================================
Received Import Request.
  Time since last request: 1.492139 seconds.
  path: Assets/Kit/DungeonKit/dungeon/Models/fantasyKit_ext/Textures
  artifactKey: Guid(588cdaff1d9f74241845911d825fa8b0) Importer(815301076,1909f56bfc062723c751e8b465ee728b)
Start importing Assets/Kit/DungeonKit/dungeon/Models/fantasyKit_ext/Textures using Guid(588cdaff1d9f74241845911d825fa8b0) Importer(815301076,1909f56bfc062723c751e8b465ee728b) (PreviewImporter) -> (artifact id: '8234fa5643bb41133c4d7a5a664bb3af') in 0.0006598 seconds
Number of updated asset objects reloaded before import = 0Number of asset objects unloaded after import = 0

========================================================================
Received Import Request.
  Time since last request: 0.047235 seconds.
  path: Assets/Kit/DungeonKit/dungeon/Models/fantasyKit_ext/Textures/colormap.png
  artifactKey: Guid(c16122ced538b1d4c87661cbc751fffb) Importer(815301076,1909f56bfc062723c751e8b465ee728b)
Start importing Assets/Kit/DungeonKit/dungeon/Models/fantasyKit_ext/Textures/colormap.png using Guid(c16122ced538b1d4c87661cbc751fffb) Importer(815301076,1909f56bfc062723c751e8b465ee728b) (PreviewImporter) -> (artifact id: '128a4fdaaf1f527348842af0d823dedf') in 0.0237339 seconds
Number of updated asset objects reloaded before import = 0Number of asset objects unloaded after import = 2

========================================================================
Received Import Request.
  Time since last request: 11.443687 seconds.
  path: Assets/Kit/DungeonKit/dungeon/Models/fantasyKit_ext/altar-stone.fbx
  artifactKey: Guid(46339c9020c7b0f43b87b9c368c578ad) Importer(815301076,1909f56bfc062723c751e8b465ee728b)
Start importing Assets/Kit/DungeonKit/dungeon/Models/fantasyKit_ext/altar-stone.fbx using Guid(46339c9020c7b0f43b87b9c368c578ad) Importer(815301076,1909f56bfc062723c751e8b465ee728b) (PreviewImporter) -> (artifact id: '7ba4fb0fbb833a504b6f25d8e35ff693') in 0.1025295 seconds
Number of updated asset objects reloaded before import = 0Number of asset objects unloaded after import = 9

========================================================================
Received Import Request.
  Time since last request: 0.000025 seconds.
  path: Assets/Kit/DungeonKit/dungeon/Models/fantasyKit_ext/brick-wall-end.fbx
  artifactKey: Guid(d5574a8221a032444b0df08952a4540a) Importer(815301076,1909f56bfc062723c751e8b465ee728b)
Start importing Assets/Kit/DungeonKit/dungeon/Models/fantasyKit_ext/brick-wall-end.fbx using Guid(d5574a8221a032444b0df08952a4540a) Importer(815301076,1909f56bfc062723c751e8b465ee728b) (PreviewImporter) -> (artifact id: 'c5518c8b1b3ca4e55323ec89d6a5b3a4') in 0.0591446 seconds
Number of updated asset objects reloaded before import = 0Number of asset objects unloaded after import = 9

========================================================================
Received Import Request.
  Time since last request: 0.000048 seconds.
  path: Assets/Kit/DungeonKit/dungeon/Models/fantasyKit_ext/brick-wall-curve-small.fbx
  artifactKey: Guid(ee9eeb054024401469e172d240129d28) Importer(815301076,1909f56bfc062723c751e8b465ee728b)
Start importing Assets/Kit/DungeonKit/dungeon/Models/fantasyKit_ext/brick-wall-curve-small.fbx using Guid(ee9eeb054024401469e172d240129d28) Importer(815301076,1909f56bfc062723c751e8b465ee728b) (PreviewImporter) -> (artifact id: '187d73c4e4e2e897901e45fd33bfd6ec') in 0.0680885 seconds
Number of updated asset objects reloaded before import = 0Number of asset objects unloaded after import = 9

========================================================================
Received Import Request.
  Time since last request: 0.000036 seconds.
  path: Assets/Kit/DungeonKit/dungeon/Models/fantasyKit_ext/detail-plate.fbx
  artifactKey: Guid(6d4931f21df16e64c9113c4e1be02e2a) Importer(815301076,1909f56bfc062723c751e8b465ee728b)
Start importing Assets/Kit/DungeonKit/dungeon/Models/fantasyKit_ext/detail-plate.fbx using Guid(6d4931f21df16e64c9113c4e1be02e2a) Importer(815301076,1909f56bfc062723c751e8b465ee728b) (PreviewImporter) -> (artifact id: 'd429ac696fdf14932288eb7b90281913') in 0.0634896 seconds
Number of updated asset objects reloaded before import = 0Number of asset objects unloaded after import = 9

========================================================================
Received Import Request.
  Time since last request: 0.000107 seconds.
  path: Assets/Kit/DungeonKit/dungeon/Models/fantasyKit_ext/coffin-old.fbx
  artifactKey: Guid(b9173ee655b72ce4bb13b0309435103a) Importer(815301076,1909f56bfc062723c751e8b465ee728b)
Start importing Assets/Kit/DungeonKit/dungeon/Models/fantasyKit_ext/coffin-old.fbx using Guid(b9173ee655b72ce4bb13b0309435103a) Importer(815301076,1909f56bfc062723c751e8b465ee728b) (PreviewImporter) -> (artifact id: 'b73fb19845fabca33df4347e16297056') in 0.1555427 seconds
Number of updated asset objects reloaded before import = 0Number of asset objects unloaded after import = 9

========================================================================
Received Import Request.
  Time since last request: 0.000061 seconds.
  path: Assets/Kit/DungeonKit/dungeon/Models/fantasyKit_ext/column-large.fbx
  artifactKey: Guid(ccfe31234bcd10044bd8c1ad4da5578a) Importer(815301076,1909f56bfc062723c751e8b465ee728b)
Start importing Assets/Kit/DungeonKit/dungeon/Models/fantasyKit_ext/column-large.fbx using Guid(ccfe31234bcd10044bd8c1ad4da5578a) Importer(815301076,1909f56bfc062723c751e8b465ee728b) (PreviewImporter) -> (artifact id: '3be73868efa8b4cd8026bc21fc952c90') in 0.0720616 seconds
Number of updated asset objects reloaded before import = 0Number of asset objects unloaded after import = 9

========================================================================
Received Import Request.
  Time since last request: 0.000031 seconds.
  path: Assets/Kit/DungeonKit/dungeon/Models/fantasyKit_ext/crypt-small-roof.fbx
  artifactKey: Guid(856436c39f9bf1441907aa5062e45d38) Importer(815301076,1909f56bfc062723c751e8b465ee728b)
Start importing Assets/Kit/DungeonKit/dungeon/Models/fantasyKit_ext/crypt-small-roof.fbx using Guid(856436c39f9bf1441907aa5062e45d38) Importer(815301076,1909f56bfc062723c751e8b465ee728b) (PreviewImporter) -> (artifact id: 'a92058d77d210a33970835870087ddde') in 0.0749972 seconds
Number of updated asset objects reloaded before import = 0Number of asset objects unloaded after import = 9

========================================================================
Received Import Request.
  Time since last request: 0.000042 seconds.
  path: Assets/Kit/DungeonKit/dungeon/Models/fantasyKit_ext/character-ghost.fbx
  artifactKey: Guid(b445ca8494c8c7e4fa4d84bcd1b3799f) Importer(815301076,1909f56bfc062723c751e8b465ee728b)
Start importing Assets/Kit/DungeonKit/dungeon/Models/fantasyKit_ext/character-ghost.fbx using Guid(b445ca8494c8c7e4fa4d84bcd1b3799f) Importer(815301076,1909f56bfc062723c751e8b465ee728b) (PreviewImporter) -> (artifact id: '3f8d42c022d3426a693b64b5d06ffa8e') in 0.1641689 seconds
Number of updated asset objects reloaded before import = 0Number of asset objects unloaded after import = 55

========================================================================
Received Import Request.
  Time since last request: 0.000063 seconds.
  path: Assets/Kit/DungeonKit/dungeon/Models/fantasyKit_ext/crypt-door.fbx
  artifactKey: Guid(7ba7646227c43da40b54e794b098337b) Importer(815301076,1909f56bfc062723c751e8b465ee728b)
Start importing Assets/Kit/DungeonKit/dungeon/Models/fantasyKit_ext/crypt-door.fbx using Guid(7ba7646227c43da40b54e794b098337b) Importer(815301076,1909f56bfc062723c751e8b465ee728b) (PreviewImporter) -> (artifact id: '12c4b559bdd86938dbe3e1c6f94c82ae') in 0.185466 seconds
Number of updated asset objects reloaded before import = 0Number of asset objects unloaded after import = 14

========================================================================
Received Import Request.
  Time since last request: 24.111182 seconds.
  path: Assets/Kit/DungeonKit/dungeon/KayKit_DungeonRemastered_1.1_FREE
  artifactKey: Guid(a7e727a7ed72423429e7bc1425ef3d39) Importer(815301076,1909f56bfc062723c751e8b465ee728b)
Start importing Assets/Kit/DungeonKit/dungeon/KayKit_DungeonRemastered_1.1_FREE using Guid(a7e727a7ed72423429e7bc1425ef3d39) Importer(815301076,1909f56bfc062723c751e8b465ee728b) (PreviewImporter) -> (artifact id: '6801632d3d13e22443df1bdc6cee1e45') in 0.0009523 seconds
Number of updated asset objects reloaded before import = 0Number of asset objects unloaded after import = 0

========================================================================
Received Import Request.
  Time since last request: 2.787229 seconds.
  path: Assets/Kit/DungeonKit/dungeon/Visit Patreon.url
  artifactKey: Guid(2f956869e2f03cd4b9de0442e636ea9d) Importer(815301076,1909f56bfc062723c751e8b465ee728b)
Start importing Assets/Kit/DungeonKit/dungeon/Visit Patreon.url using Guid(2f956869e2f03cd4b9de0442e636ea9d) Importer(815301076,1909f56bfc062723c751e8b465ee728b) (PreviewImporter) -> (artifact id: 'f3643be1a24d7dae7611fcb16b4855de') in 0.0016654 seconds
Number of updated asset objects reloaded before import = 0Number of asset objects unloaded after import = 1

========================================================================
Received Import Request.
  Time since last request: 0.393446 seconds.
  path: Assets/Kit/DungeonKit/dungeon/Visit Kenney.url
  artifactKey: Guid(2bfc6485da678bc4581851f23fd8c142) Importer(815301076,1909f56bfc062723c751e8b465ee728b)
Start importing Assets/Kit/DungeonKit/dungeon/Visit Kenney.url using Guid(2bfc6485da678bc4581851f23fd8c142) Importer(815301076,1909f56bfc062723c751e8b465ee728b) (PreviewImporter) -> (artifact id: '026dd564df4b2fe27de9b4a5837652a1') in 0.0011298 seconds
Number of updated asset objects reloaded before import = 0Number of asset objects unloaded after import = 1

========================================================================
Received Import Request.
  Time since last request: 0.320547 seconds.
  path: Assets/Kit/DungeonKit/dungeon/View Documentation.url
  artifactKey: Guid(7216053b433c7454c8d7e8c5630c565e) Importer(815301076,1909f56bfc062723c751e8b465ee728b)
Start importing Assets/Kit/DungeonKit/dungeon/View Documentation.url using Guid(7216053b433c7454c8d7e8c5630c565e) Importer(815301076,1909f56bfc062723c751e8b465ee728b) (PreviewImporter) -> (artifact id: 'dd040541c205d4c49ae83b728fb7c92b') in 0.0011368 seconds
Number of updated asset objects reloaded before import = 0Number of asset objects unloaded after import = 1

========================================================================
Received Import Request.
  Time since last request: 16.266097 seconds.
  path: Assets/Kit/DungeonKit/dungeon/Models_ext
  artifactKey: Guid(d394ae57e4c13e1458374496df6d8740) Importer(815301076,1909f56bfc062723c751e8b465ee728b)
Start importing Assets/Kit/DungeonKit/dungeon/Models_ext using Guid(d394ae57e4c13e1458374496df6d8740) Importer(815301076,1909f56bfc062723c751e8b465ee728b) (PreviewImporter) -> (artifact id: '341906c4b2363fb24c5ea483733c4982') in 0.00092 seconds
Number of updated asset objects reloaded before import = 0Number of asset objects unloaded after import = 0

========================================================================
Received Import Request.
  Time since last request: 4.649297 seconds.
  path: Assets/Kit/DungeonKit/dungeon/Previews_ext
  artifactKey: Guid(a62b7457defd98b4db8dae8c4d1de431) Importer(815301076,1909f56bfc062723c751e8b465ee728b)
Start importing Assets/Kit/DungeonKit/dungeon/Previews_ext using Guid(a62b7457defd98b4db8dae8c4d1de431) Importer(815301076,1909f56bfc062723c751e8b465ee728b) (PreviewImporter) -> (artifact id: 'a9c7a3bac3890d63f3bfbf1e99712acb') in 0.0007414 seconds
Number of updated asset objects reloaded before import = 0Number of asset objects unloaded after import = 0

========================================================================
Received Import Request.
  Time since last request: 16.891056 seconds.
  path: Assets/Kit/DungeonKit/fantasy town/Models_int
  artifactKey: Guid(f66b9961efd62774cbb717dbea29d2e3) Importer(815301076,1909f56bfc062723c751e8b465ee728b)
Start importing Assets/Kit/DungeonKit/fantasy town/Models_int using Guid(f66b9961efd62774cbb717dbea29d2e3) Importer(815301076,1909f56bfc062723c751e8b465ee728b) (PreviewImporter) -> (artifact id: '23d4aa756dcb339f13e9d8836d8d8015') in 0.0009167 seconds
Number of updated asset objects reloaded before import = 0Number of asset objects unloaded after import = 0

========================================================================
Received Import Request.
  Time since last request: 4.985068 seconds.
  path: Assets/Kit/DungeonKit/fantasy town/Previews_int
  artifactKey: Guid(b6f277b755bc7e94eaf65ab7fcf4fe69) Importer(815301076,1909f56bfc062723c751e8b465ee728b)
Start importing Assets/Kit/DungeonKit/fantasy town/Previews_int using Guid(b6f277b755bc7e94eaf65ab7fcf4fe69) Importer(815301076,1909f56bfc062723c751e8b465ee728b) (PreviewImporter) -> (artifact id: '89e5acce0c1421bbee9c7b44c9969261') in 0.0007046 seconds
Number of updated asset objects reloaded before import = 0Number of asset objects unloaded after import = 0

========================================================================
Received Import Request.
  Time since last request: 10.095301 seconds.
  path: Assets/Kit/DungeonKit/fantasy town/Preview_int.png
  artifactKey: Guid(367f523da4a74a042a5aa090a0a87cdd) Importer(815301076,1909f56bfc062723c751e8b465ee728b)
Start importing Assets/Kit/DungeonKit/fantasy town/Preview_int.png using Guid(367f523da4a74a042a5aa090a0a87cdd) Importer(815301076,1909f56bfc062723c751e8b465ee728b) (PreviewImporter) -> (artifact id: '4d2cb91b13da4c0ee03279bd76635d57') in 0.0212271 seconds
Number of updated asset objects reloaded before import = 0Number of asset objects unloaded after import = 2

========================================================================
Received Import Request.
  Time since last request: 5.196941 seconds.
  path: Assets/Kit/DungeonKit/fantasy town/Preview (Variation A)_int.png
  artifactKey: Guid(f9887aeaed4790741b08233ff3a31a56) Importer(815301076,1909f56bfc062723c751e8b465ee728b)
Start importing Assets/Kit/DungeonKit/fantasy town/Preview (Variation A)_int.png using Guid(f9887aeaed4790741b08233ff3a31a56) Importer(815301076,1909f56bfc062723c751e8b465ee728b) (PreviewImporter) -> (artifact id: '554ab1fb53e39348cb16c36d3e644878') in 0.0163277 seconds
Number of updated asset objects reloaded before import = 0Number of asset objects unloaded after import = 2

========================================================================
Received Import Request.
  Time since last request: 4.228684 seconds.
  path: Assets/Kit/DungeonKit/fantasy town/_.png
  artifactKey: Guid(eb5d846c526ea7f4295c045ecb9b6bf9) Importer(815301076,1909f56bfc062723c751e8b465ee728b)
Start importing Assets/Kit/DungeonKit/fantasy town/_.png using Guid(eb5d846c526ea7f4295c045ecb9b6bf9) Importer(815301076,1909f56bfc062723c751e8b465ee728b) (PreviewImporter) -> (artifact id: '43c1c1bf7dd2abaf107c9aab19a37c10') in 0.016539 seconds
Number of updated asset objects reloaded before import = 0Number of asset objects unloaded after import = 2

========================================================================
Received Import Request.
  Time since last request: 12.015032 seconds.
  path: Assets/Kit/DungeonKit/fantasy town/Sample_int.png
  artifactKey: Guid(eb5d846c526ea7f4295c045ecb9b6bf9) Importer(815301076,1909f56bfc062723c751e8b465ee728b)
Start importing Assets/Kit/DungeonKit/fantasy town/Sample_int.png using Guid(eb5d846c526ea7f4295c045ecb9b6bf9) Importer(815301076,1909f56bfc062723c751e8b465ee728b) (PreviewImporter) -> (artifact id: 'c5aa6db7a5e46075393f0922bd074c44') in 0.017157 seconds
Number of updated asset objects reloaded before import = 0Number of asset objects unloaded after import = 2

========================================================================
Received Import Request.
  Time since last request: 124.102731 seconds.
  path: Assets/Kit/Enviroment/enviroment tower defense
  artifactKey: Guid(2e8cd1292d7c7484ca02c8d5654123ac) Importer(815301076,1909f56bfc062723c751e8b465ee728b)
Start importing Assets/Kit/Enviroment/enviroment tower defense using Guid(2e8cd1292d7c7484ca02c8d5654123ac) Importer(815301076,1909f56bfc062723c751e8b465ee728b) (PreviewImporter) -> (artifact id: 'fa1128b56c61860ec24482d2c240ce16') in 0.000732 seconds
Number of updated asset objects reloaded before import = 0Number of asset objects unloaded after import = 0

========================================================================
Received Import Request.
  Time since last request: 1.413865 seconds.
  path: Assets/Kit/Enviroment/enviroment tower defense/Preview.png
  artifactKey: Guid(60040bd65e8864d4fa9136b770da9ba7) Importer(815301076,1909f56bfc062723c751e8b465ee728b)
Start importing Assets/Kit/Enviroment/enviroment tower defense/Preview.png using Guid(60040bd65e8864d4fa9136b770da9ba7) Importer(815301076,1909f56bfc062723c751e8b465ee728b) (PreviewImporter) -> (artifact id: '3a1f65c6555c092011c97fb4f6c3e876') in 0.0138002 seconds
Number of updated asset objects reloaded before import = 0Number of asset objects unloaded after import = 2

========================================================================
Received Import Request.
  Time since last request: 0.000022 seconds.
  path: Assets/Kit/Enviroment/enviroment tower defense/Preview (Variation A).png
  artifactKey: Guid(2a94c5ee743ccad4b8c435958b08917f) Importer(815301076,1909f56bfc062723c751e8b465ee728b)
Start importing Assets/Kit/Enviroment/enviroment tower defense/Preview (Variation A).png using Guid(2a94c5ee743ccad4b8c435958b08917f) Importer(815301076,1909f56bfc062723c751e8b465ee728b) (PreviewImporter) -> (artifact id: 'e91b9bad3c8c9141078f1192a9532de5') in 0.0197827 seconds
Number of updated asset objects reloaded before import = 0Number of asset objects unloaded after import = 2

========================================================================
Received Import Request.
  Time since last request: 21.101722 seconds.
  path: Assets/Kit/Enviroment/Eviroment hexa
  artifactKey: Guid(83ba89c2c50abf349bcf80755cba07e6) Importer(815301076,1909f56bfc062723c751e8b465ee728b)
Start importing Assets/Kit/Enviroment/Eviroment hexa using Guid(83ba89c2c50abf349bcf80755cba07e6) Importer(815301076,1909f56bfc062723c751e8b465ee728b) (PreviewImporter) -> (artifact id: 'c26d4257dc28db04e924819e0229baa9') in 0.000961 seconds
Number of updated asset objects reloaded before import = 0Number of asset objects unloaded after import = 0

========================================================================
Received Import Request.
  Time since last request: 0.970322 seconds.
  path: Assets/Kit/Enviroment/Eviroment hexa/KayKit_Medieval_Hexagon_Pack_1.0_FREE
  artifactKey: Guid(5abcda4e27c53b248ba860cdf23e165a) Importer(815301076,1909f56bfc062723c751e8b465ee728b)
Start importing Assets/Kit/Enviroment/Eviroment hexa/KayKit_Medieval_Hexagon_Pack_1.0_FREE using Guid(5abcda4e27c53b248ba860cdf23e165a) Importer(815301076,1909f56bfc062723c751e8b465ee728b) (PreviewImporter) -> (artifact id: '4550856dc91d6e25464a9360ab46b7be') in 0.0008015 seconds
Number of updated asset objects reloaded before import = 0Number of asset objects unloaded after import = 0

========================================================================
Received Import Request.
  Time since last request: 1.214534 seconds.
  path: Assets/Kit/Enviroment/Eviroment hexa/KayKit_Medieval_Hexagon_Pack_1.0_FREE/contents_buildings.jpg
  artifactKey: Guid(49ca8ee364a301e488abaee1b6180ff2) Importer(815301076,1909f56bfc062723c751e8b465ee728b)
Start importing Assets/Kit/Enviroment/Eviroment hexa/KayKit_Medieval_Hexagon_Pack_1.0_FREE/contents_buildings.jpg using Guid(49ca8ee364a301e488abaee1b6180ff2) Importer(815301076,1909f56bfc062723c751e8b465ee728b) (PreviewImporter) -> (artifact id: '53c0060e684f3b771c20e210441c3127') in 0.0140918 seconds
Number of updated asset objects reloaded before import = 0Number of asset objects unloaded after import = 2

========================================================================
Received Import Request.
  Time since last request: 0.000034 seconds.
  path: Assets/Kit/Enviroment/Eviroment hexa/KayKit_Medieval_Hexagon_Pack_1.0_FREE/contents_tiles.jpg
  artifactKey: Guid(31ab1abcee4b1814c99c7ec230d17307) Importer(815301076,1909f56bfc062723c751e8b465ee728b)
Start importing Assets/Kit/Enviroment/Eviroment hexa/KayKit_Medieval_Hexagon_Pack_1.0_FREE/contents_tiles.jpg using Guid(31ab1abcee4b1814c99c7ec230d17307) Importer(815301076,1909f56bfc062723c751e8b465ee728b) (PreviewImporter) -> (artifact id: 'acae837ce306bd93351394ea5d478b4b') in 0.0218401 seconds
Number of updated asset objects reloaded before import = 0Number of asset objects unloaded after import = 2

========================================================================
Received Import Request.
  Time since last request: 17.654730 seconds.
  path: Assets/Kit/Enviroment/Eviroment hexa/KayKit_Medieval_Hexagon_Pack_1.0_FREE/Discord Server.url
  artifactKey: Guid(52645824fd4ab0c4c82cc4a554790a7f) Importer(815301076,1909f56bfc062723c751e8b465ee728b)
Start importing Assets/Kit/Enviroment/Eviroment hexa/KayKit_Medieval_Hexagon_Pack_1.0_FREE/Discord Server.url using Guid(52645824fd4ab0c4c82cc4a554790a7f) Importer(815301076,1909f56bfc062723c751e8b465ee728b) (PreviewImporter) -> (artifact id: 'a0b33ff4bfc9769e2854371c440cb053') in 0.0013355 seconds
Number of updated asset objects reloaded before import = 0Number of asset objects unloaded after import = 1

========================================================================
Received Import Request.
  Time since last request: 11.281593 seconds.
  path: Assets/Kit/Enviroment/Eviroment hexa/KayKit_Medieval_Hexagon_Pack_1.0_FREE/Patreon.url
  artifactKey: Guid(6e1a0c9e878c0014a80225250ae6c6ac) Importer(815301076,1909f56bfc062723c751e8b465ee728b)
Start importing Assets/Kit/Enviroment/Eviroment hexa/KayKit_Medieval_Hexagon_Pack_1.0_FREE/Patreon.url using Guid(6e1a0c9e878c0014a80225250ae6c6ac) Importer(815301076,1909f56bfc062723c751e8b465ee728b) (PreviewImporter) -> (artifact id: '873ab138efd3fde1cd75c57302cef09c') in 0.0013764 seconds
Number of updated asset objects reloaded before import = 0Number of asset objects unloaded after import = 1

========================================================================
Received Import Request.
  Time since last request: 14.059012 seconds.
  path: Assets/Kit/Enviroment/Eviroment hexa/kenny_hexagon
  artifactKey: Guid(58b49f7ba1891ca4998cc4c8cdd6b242) Importer(815301076,1909f56bfc062723c751e8b465ee728b)
Start importing Assets/Kit/Enviroment/Eviroment hexa/kenny_hexagon using Guid(58b49f7ba1891ca4998cc4c8cdd6b242) Importer(815301076,1909f56bfc062723c751e8b465ee728b) (PreviewImporter) -> (artifact id: '7fbfea885326e616b8ed0c740e5ef239') in 0.0007094 seconds
Number of updated asset objects reloaded before import = 0Number of asset objects unloaded after import = 0

========================================================================
Received Import Request.
  Time since last request: 1.305871 seconds.
  path: Assets/Kit/Enviroment/Eviroment hexa/kenny_hexagon/Preview.png
  artifactKey: Guid(1165d12d9c7dce0429dec6637c45b69a) Importer(815301076,1909f56bfc062723c751e8b465ee728b)
Start importing Assets/Kit/Enviroment/Eviroment hexa/kenny_hexagon/Preview.png using Guid(1165d12d9c7dce0429dec6637c45b69a) Importer(815301076,1909f56bfc062723c751e8b465ee728b) (PreviewImporter) -> (artifact id: '8b1dffc633d03acefdadf7167d124ca4') in 0.0138002 seconds
Number of updated asset objects reloaded before import = 0Number of asset objects unloaded after import = 2

========================================================================
Received Import Request.
  Time since last request: 0.000026 seconds.
  path: Assets/Kit/Enviroment/Eviroment hexa/kenny_hexagon/Preview (Variation A).png
  artifactKey: Guid(6f2a373ee78819d4390bc15d58e31395) Importer(815301076,1909f56bfc062723c751e8b465ee728b)
Start importing Assets/Kit/Enviroment/Eviroment hexa/kenny_hexagon/Preview (Variation A).png using Guid(6f2a373ee78819d4390bc15d58e31395) Importer(815301076,1909f56bfc062723c751e8b465ee728b) (PreviewImporter) -> (artifact id: '82247cccb033210a674defd952344d10') in 0.0271697 seconds
Number of updated asset objects reloaded before import = 0Number of asset objects unloaded after import = 2

========================================================================
Received Import Request.
  Time since last request: 98.701824 seconds.
  path: Assets/Kit/Enviroment/Eviroment hexa/KayKit_Medieval_Hexagon_Pack_1.0_FREE/Samples
  artifactKey: Guid(870d3af368592774e9145ab4021c9c9f) Importer(815301076,1909f56bfc062723c751e8b465ee728b)
Start importing Assets/Kit/Enviroment/Eviroment hexa/KayKit_Medieval_Hexagon_Pack_1.0_FREE/Samples using Guid(870d3af368592774e9145ab4021c9c9f) Importer(815301076,1909f56bfc062723c751e8b465ee728b) (PreviewImporter) -> (artifact id: '706fea19da4cadaf8516e135ab75aaa7') in 0.0011522 seconds
Number of updated asset objects reloaded before import = 0Number of asset objects unloaded after import = 0

========================================================================
Received Import Request.
  Time since last request: 0.073295 seconds.
  path: Assets/Kit/Enviroment/Eviroment hexa/KayKit_Medieval_Hexagon_Pack_1.0_FREE/Samples/sample1.jpg
  artifactKey: Guid(fd57ac54eec56b04088b68730177c0fb) Importer(815301076,1909f56bfc062723c751e8b465ee728b)
Start importing Assets/Kit/Enviroment/Eviroment hexa/KayKit_Medieval_Hexagon_Pack_1.0_FREE/Samples/sample1.jpg using Guid(fd57ac54eec56b04088b68730177c0fb) Importer(815301076,1909f56bfc062723c751e8b465ee728b) (PreviewImporter) -> (artifact id: '410d051978f3d3a0363b9a1accef41b3') in 0.025685 seconds
Number of updated asset objects reloaded before import = 0Number of asset objects unloaded after import = 2

========================================================================
Received Import Request.
  Time since last request: 17.261963 seconds.
  path: Assets/Kit/Enviroment/Eviroment hexa/KayKit_Medieval_Hexagon_Pack_1.0_FREE/Assets
  artifactKey: Guid(747433ca79566814c9d67492e44e6613) Importer(815301076,1909f56bfc062723c751e8b465ee728b)
Start importing Assets/Kit/Enviroment/Eviroment hexa/KayKit_Medieval_Hexagon_Pack_1.0_FREE/Assets using Guid(747433ca79566814c9d67492e44e6613) Importer(815301076,1909f56bfc062723c751e8b465ee728b) (PreviewImporter) -> (artifact id: '6b09c3496f6d4b9922b0ab7378c179f3') in 0.0007026 seconds
Number of updated asset objects reloaded before import = 0Number of asset objects unloaded after import = 0

========================================================================
Received Import Request.
  Time since last request: 2.033276 seconds.
  path: Assets/Kit/Enviroment/Eviroment hexa/KayKit_Medieval_Hexagon_Pack_1.0_FREE/Assets/fbx
  artifactKey: Guid(f6b8971a4b14f134e9e7d5ba3706b37c) Importer(815301076,1909f56bfc062723c751e8b465ee728b)
Start importing Assets/Kit/Enviroment/Eviroment hexa/KayKit_Medieval_Hexagon_Pack_1.0_FREE/Assets/fbx using Guid(f6b8971a4b14f134e9e7d5ba3706b37c) Importer(815301076,1909f56bfc062723c751e8b465ee728b) (PreviewImporter) -> (artifact id: '7d35e19a15d1950e6f497bca4e07bd23') in 0.0009424 seconds
Number of updated asset objects reloaded before import = 0Number of asset objects unloaded after import = 0

========================================================================
Received Import Request.
  Time since last request: 2.195149 seconds.
  path: Assets/Kit/Enviroment/Eviroment hexa/KayKit_Medieval_Hexagon_Pack_1.0_FREE/Assets/obj
  artifactKey: Guid(7eb511dab28db904f8ec43cb1e1db978) Importer(815301076,1909f56bfc062723c751e8b465ee728b)
Start importing Assets/Kit/Enviroment/Eviroment hexa/KayKit_Medieval_Hexagon_Pack_1.0_FREE/Assets/obj using Guid(7eb511dab28db904f8ec43cb1e1db978) Importer(815301076,1909f56bfc062723c751e8b465ee728b) (PreviewImporter) -> (artifact id: '2329a7b43648dbd9b6c4ef6dbb0218f1') in 0.0007434 seconds
Number of updated asset objects reloaded before import = 0Number of asset objects unloaded after import = 0

========================================================================
Received Import Request.
  Time since last request: 5.694385 seconds.
  path: Assets/Kit/Enviroment/Eviroment hexa/KayKit_Medieval_Hexagon_Pack_1.0_FREE/Assets/fbx(unity)
  artifactKey: Guid(e07d1b1d10ccd8e4887c012b712a16b6) Importer(815301076,1909f56bfc062723c751e8b465ee728b)
Start importing Assets/Kit/Enviroment/Eviroment hexa/KayKit_Medieval_Hexagon_Pack_1.0_FREE/Assets/fbx(unity) using Guid(e07d1b1d10ccd8e4887c012b712a16b6) Importer(815301076,1909f56bfc062723c751e8b465ee728b) (PreviewImporter) -> (artifact id: '7d982d17bdbd210308fac40f9e387b57') in 0.0007113 seconds
Number of updated asset objects reloaded before import = 0Number of asset objects unloaded after import = 0

========================================================================
Received Import Request.
  Time since last request: 2.553151 seconds.
  path: Assets/Kit/Enviroment/Eviroment hexa/KayKit_Medieval_Hexagon_Pack_1.0_FREE/Assets/fbx(unity)/tiles
  artifactKey: Guid(505778e0a82397641bbbc227390da0fb) Importer(815301076,1909f56bfc062723c751e8b465ee728b)
Start importing Assets/Kit/Enviroment/Eviroment hexa/KayKit_Medieval_Hexagon_Pack_1.0_FREE/Assets/fbx(unity)/tiles using Guid(505778e0a82397641bbbc227390da0fb) Importer(815301076,1909f56bfc062723c751e8b465ee728b) (PreviewImporter) -> (artifact id: 'bdc17b897f42cdc83b5bad9099fe92ea') in 0.000707 seconds
Number of updated asset objects reloaded before import = 0Number of asset objects unloaded after import = 0

========================================================================
Received Import Request.
  Time since last request: 0.626790 seconds.
  path: Assets/Kit/Enviroment/Eviroment hexa/KayKit_Medieval_Hexagon_Pack_1.0_FREE/Assets/fbx(unity)/buildings
  artifactKey: Guid(679d8726696f7a04694c460c1d90bc65) Importer(815301076,1909f56bfc062723c751e8b465ee728b)
Start importing Assets/Kit/Enviroment/Eviroment hexa/KayKit_Medieval_Hexagon_Pack_1.0_FREE/Assets/fbx(unity)/buildings using Guid(679d8726696f7a04694c460c1d90bc65) Importer(815301076,1909f56bfc062723c751e8b465ee728b) (PreviewImporter) -> (artifact id: 'b5c439b544aa55b5e28ad198c8e5e2ac') in 0.0008075 seconds
Number of updated asset objects reloaded before import = 0Number of asset objects unloaded after import = 0

========================================================================
Received Import Request.
  Time since last request: 31.469798 seconds.
  path: Assets/Kit/Enviroment/Eviroment hexa/KayKit_Medieval_Hexagon_Pack_1.0_FREE/Assets/decoration/nature
  artifactKey: Guid(b879038c7fb9e994f8d3cf59c9ad9f17) Importer(815301076,1909f56bfc062723c751e8b465ee728b)
Start importing Assets/Kit/Enviroment/Eviroment hexa/KayKit_Medieval_Hexagon_Pack_1.0_FREE/Assets/decoration/nature using Guid(b879038c7fb9e994f8d3cf59c9ad9f17) Importer(815301076,1909f56bfc062723c751e8b465ee728b) (PreviewImporter) -> (artifact id: '05cec43c2bdc4f0f3567245eaef53291') in 0.0008724 seconds
Number of updated asset objects reloaded before import = 0Number of asset objects unloaded after import = 0

========================================================================
Received Import Request.
  Time since last request: 0.043894 seconds.
  path: Assets/Kit/Enviroment/Eviroment hexa/KayKit_Medieval_Hexagon_Pack_1.0_FREE/Assets/decoration/nature/cloud_big.fbx
  artifactKey: Guid(cd4a687c9dfa21542901a0a8a2063afb) Importer(815301076,1909f56bfc062723c751e8b465ee728b)
Start importing Assets/Kit/Enviroment/Eviroment hexa/KayKit_Medieval_Hexagon_Pack_1.0_FREE/Assets/decoration/nature/cloud_big.fbx using Guid(cd4a687c9dfa21542901a0a8a2063afb) Importer(815301076,1909f56bfc062723c751e8b465ee728b) (PreviewImporter) -> (artifact id: 'b0018f0ad2947ee851afc1ee0b719feb') in 0.0533935 seconds
Number of updated asset objects reloaded before import = 0Number of asset objects unloaded after import = 9

========================================================================
Received Import Request.
  Time since last request: 0.000033 seconds.
  path: Assets/Kit/Enviroment/Eviroment hexa/KayKit_Medieval_Hexagon_Pack_1.0_FREE/Assets/decoration/nature/hills_B_trees.fbx
  artifactKey: Guid(a116fe0c3e65bcc4bb85682e92c9cfc9) Importer(815301076,1909f56bfc062723c751e8b465ee728b)
Start importing Assets/Kit/Enviroment/Eviroment hexa/KayKit_Medieval_Hexagon_Pack_1.0_FREE/Assets/decoration/nature/hills_B_trees.fbx using Guid(a116fe0c3e65bcc4bb85682e92c9cfc9) Importer(815301076,1909f56bfc062723c751e8b465ee728b) (PreviewImporter) -> (artifact id: '352c43be625b788c0401fbd5dfb31761') in 0.0465302 seconds
Number of updated asset objects reloaded before import = 0Number of asset objects unloaded after import = 9

========================================================================
Received Import Request.
  Time since last request: 0.000038 seconds.
  path: Assets/Kit/Enviroment/Eviroment hexa/KayKit_Medieval_Hexagon_Pack_1.0_FREE/Assets/decoration/nature/hills_B.fbx
  artifactKey: Guid(d531b0d55757d32439faf3fe69466c8f) Importer(815301076,1909f56bfc062723c751e8b465ee728b)
Start importing Assets/Kit/Enviroment/Eviroment hexa/KayKit_Medieval_Hexagon_Pack_1.0_FREE/Assets/decoration/nature/hills_B.fbx using Guid(d531b0d55757d32439faf3fe69466c8f) Importer(815301076,1909f56bfc062723c751e8b465ee728b) (PreviewImporter) -> (artifact id: '4c1de1777fafda68226cfd96931edd86') in 0.0977095 seconds
Number of updated asset objects reloaded before import = 0Number of asset objects unloaded after import = 9

========================================================================
Received Import Request.
  Time since last request: 0.000044 seconds.
  path: Assets/Kit/Enviroment/Eviroment hexa/KayKit_Medieval_Hexagon_Pack_1.0_FREE/Assets/decoration/nature/tree_single_A_cut.fbx
  artifactKey: Guid(aeee6ba249bd3554fb6969c24d251502) Importer(815301076,1909f56bfc062723c751e8b465ee728b)
Start importing Assets/Kit/Enviroment/Eviroment hexa/KayKit_Medieval_Hexagon_Pack_1.0_FREE/Assets/decoration/nature/tree_single_A_cut.fbx using Guid(aeee6ba249bd3554fb6969c24d251502) Importer(815301076,1909f56bfc062723c751e8b465ee728b) (PreviewImporter) -> (artifact id: '4cf48c3e6a2973550ef427681c975654') in 0.0710251 seconds
Number of updated asset objects reloaded before import = 0Number of asset objects unloaded after import = 9

========================================================================
Received Import Request.
  Time since last request: 0.000033 seconds.
  path: Assets/Kit/Enviroment/Eviroment hexa/KayKit_Medieval_Hexagon_Pack_1.0_FREE/Assets/decoration/nature/hill_single_A.fbx
  artifactKey: Guid(af50a0f0b5abaa746afebc54876fd750) Importer(815301076,1909f56bfc062723c751e8b465ee728b)
Start importing Assets/Kit/Enviroment/Eviroment hexa/KayKit_Medieval_Hexagon_Pack_1.0_FREE/Assets/decoration/nature/hill_single_A.fbx using Guid(af50a0f0b5abaa746afebc54876fd750) Importer(815301076,1909f56bfc062723c751e8b465ee728b) (PreviewImporter) -> (artifact id: 'edc9af3c721cabb6323c072ea340fd2d') in 0.08114 seconds
Number of updated asset objects reloaded before import = 0Number of asset objects unloaded after import = 9

========================================================================
Received Import Request.
  Time since last request: 0.000105 seconds.
  path: Assets/Kit/Enviroment/Eviroment hexa/KayKit_Medieval_Hexagon_Pack_1.0_FREE/Assets/decoration/nature/hills_A_trees.fbx
  artifactKey: Guid(748292a5398d2454f90aac28aa7291d8) Importer(815301076,1909f56bfc062723c751e8b465ee728b)
Start importing Assets/Kit/Enviroment/Eviroment hexa/KayKit_Medieval_Hexagon_Pack_1.0_FREE/Assets/decoration/nature/hills_A_trees.fbx using Guid(748292a5398d2454f90aac28aa7291d8) Importer(815301076,1909f56bfc062723c751e8b465ee728b) (PreviewImporter) -> (artifact id: '0122ba1842a8576e4704bdda1575c3cf') in 0.0728634 seconds
Number of updated asset objects reloaded before import = 0Number of asset objects unloaded after import = 9

========================================================================
Received Import Request.
  Time since last request: 0.000080 seconds.
  path: Assets/Kit/Enviroment/Eviroment hexa/KayKit_Medieval_Hexagon_Pack_1.0_FREE/Assets/decoration/nature/trees_B_large.fbx
  artifactKey: Guid(dae822e5aec90e24c9d1fdbee19294a5) Importer(815301076,1909f56bfc062723c751e8b465ee728b)
Start importing Assets/Kit/Enviroment/Eviroment hexa/KayKit_Medieval_Hexagon_Pack_1.0_FREE/Assets/decoration/nature/trees_B_large.fbx using Guid(dae822e5aec90e24c9d1fdbee19294a5) Importer(815301076,1909f56bfc062723c751e8b465ee728b) (PreviewImporter) -> (artifact id: 'b97c4ed3633a5a4d7973844db3ff3f2b') in 0.0976493 seconds
Number of updated asset objects reloaded before import = 0Number of asset objects unloaded after import = 9

========================================================================
Received Import Request.
  Time since last request: 0.000044 seconds.
  path: Assets/Kit/Enviroment/Eviroment hexa/KayKit_Medieval_Hexagon_Pack_1.0_FREE/Assets/decoration/nature/rock_single_D.fbx
  artifactKey: Guid(ef3d7cbde936c864f8bb6a99ea57d4f0) Importer(815301076,1909f56bfc062723c751e8b465ee728b)
Start importing Assets/Kit/Enviroment/Eviroment hexa/KayKit_Medieval_Hexagon_Pack_1.0_FREE/Assets/decoration/nature/rock_single_D.fbx using Guid(ef3d7cbde936c864f8bb6a99ea57d4f0) Importer(815301076,1909f56bfc062723c751e8b465ee728b) (PreviewImporter) -> (artifact id: '1229bbf8ad327c987049629b5135b041') in 0.0867678 seconds
Number of updated asset objects reloaded before import = 0Number of asset objects unloaded after import = 9

========================================================================
Received Import Request.
  Time since last request: 0.000089 seconds.
  path: Assets/Kit/Enviroment/Eviroment hexa/KayKit_Medieval_Hexagon_Pack_1.0_FREE/Assets/decoration/nature/trees_B_cut.fbx
  artifactKey: Guid(767db8e077c13714bbe8a4ace231dd1f) Importer(815301076,1909f56bfc062723c751e8b465ee728b)
Start importing Assets/Kit/Enviroment/Eviroment hexa/KayKit_Medieval_Hexagon_Pack_1.0_FREE/Assets/decoration/nature/trees_B_cut.fbx using Guid(767db8e077c13714bbe8a4ace231dd1f) Importer(815301076,1909f56bfc062723c751e8b465ee728b) (PreviewImporter) -> (artifact id: '7beb4cee67e383fff9e3b9081b8969e3') in 0.2082325 seconds
Number of updated asset objects reloaded before import = 0Number of asset objects unloaded after import = 9

========================================================================
Received Import Request.
  Time since last request: 0.000046 seconds.
  path: Assets/Kit/Enviroment/Eviroment hexa/KayKit_Medieval_Hexagon_Pack_1.0_FREE/Assets/decoration/nature/rock_single_B.fbx
  artifactKey: Guid(d181c07c939f84746b05707eb82e4c5d) Importer(815301076,1909f56bfc062723c751e8b465ee728b)
Start importing Assets/Kit/Enviroment/Eviroment hexa/KayKit_Medieval_Hexagon_Pack_1.0_FREE/Assets/decoration/nature/rock_single_B.fbx using Guid(d181c07c939f84746b05707eb82e4c5d) Importer(815301076,1909f56bfc062723c751e8b465ee728b) (PreviewImporter) -> (artifact id: '5f7207729cad6bfc8a4f8f2ce5dc5cf1') in 0.0912225 seconds
Number of updated asset objects reloaded before import = 0Number of asset objects unloaded after import = 9

========================================================================
Received Import Request.
  Time since last request: 0.000108 seconds.
  path: Assets/Kit/Enviroment/Eviroment hexa/KayKit_Medieval_Hexagon_Pack_1.0_FREE/Assets/decoration/nature/tree_single_B_cut.fbx
  artifactKey: Guid(a42c7aad5279105458aadd0d6628f43d) Importer(815301076,1909f56bfc062723c751e8b465ee728b)
Start importing Assets/Kit/Enviroment/Eviroment hexa/KayKit_Medieval_Hexagon_Pack_1.0_FREE/Assets/decoration/nature/tree_single_B_cut.fbx using Guid(a42c7aad5279105458aadd0d6628f43d) Importer(815301076,1909f56bfc062723c751e8b465ee728b) (PreviewImporter) -> (artifact id: '532a84db043d191fd044f4978274dd3a') in 0.0674922 seconds
Number of updated asset objects reloaded before import = 0Number of asset objects unloaded after import = 9

========================================================================
Received Import Request.
  Time since last request: 0.000036 seconds.
  path: Assets/Kit/Enviroment/Eviroment hexa/KayKit_Medieval_Hexagon_Pack_1.0_FREE/Assets/decoration/nature/trees_A_medium.fbx
  artifactKey: Guid(aef31209a351a984dba783bd28797403) Importer(815301076,1909f56bfc062723c751e8b465ee728b)
Start importing Assets/Kit/Enviroment/Eviroment hexa/KayKit_Medieval_Hexagon_Pack_1.0_FREE/Assets/decoration/nature/trees_A_medium.fbx using Guid(aef31209a351a984dba783bd28797403) Importer(815301076,1909f56bfc062723c751e8b465ee728b) (PreviewImporter) -> (artifact id: '32b45924f2ee94306b3102560065286f') in 0.0606178 seconds
Number of updated asset objects reloaded before import = 0Number of asset objects unloaded after import = 9

========================================================================
Received Import Request.
  Time since last request: 0.000058 seconds.
  path: Assets/Kit/Enviroment/Eviroment hexa/KayKit_Medieval_Hexagon_Pack_1.0_FREE/Assets/decoration/nature/waterplant_C.fbx
  artifactKey: Guid(515bb0a852047ed44bccc0a06c49a200) Importer(815301076,1909f56bfc062723c751e8b465ee728b)
Start importing Assets/Kit/Enviroment/Eviroment hexa/KayKit_Medieval_Hexagon_Pack_1.0_FREE/Assets/decoration/nature/waterplant_C.fbx using Guid(515bb0a852047ed44bccc0a06c49a200) Importer(815301076,1909f56bfc062723c751e8b465ee728b) (PreviewImporter) -> (artifact id: 'ec77c90839d23b2f2e4a4c094952ae47') in 0.0611576 seconds
Number of updated asset objects reloaded before import = 0Number of asset objects unloaded after import = 9

========================================================================
Received Import Request.
  Time since last request: 0.000058 seconds.
  path: Assets/Kit/Enviroment/Eviroment hexa/KayKit_Medieval_Hexagon_Pack_1.0_FREE/Assets/decoration/nature/hills_C.fbx
  artifactKey: Guid(785ecb927b5401d41ac086de0fb7dce2) Importer(815301076,1909f56bfc062723c751e8b465ee728b)
Start importing Assets/Kit/Enviroment/Eviroment hexa/KayKit_Medieval_Hexagon_Pack_1.0_FREE/Assets/decoration/nature/hills_C.fbx using Guid(785ecb927b5401d41ac086de0fb7dce2) Importer(815301076,1909f56bfc062723c751e8b465ee728b) (PreviewImporter) -> (artifact id: '01f21e8b36dc6eb92e2ca55666d928cb') in 0.0578567 seconds
Number of updated asset objects reloaded before import = 0Number of asset objects unloaded after import = 9

========================================================================
Received Import Request.
  Time since last request: 0.000036 seconds.
  path: Assets/Kit/Enviroment/Eviroment hexa/KayKit_Medieval_Hexagon_Pack_1.0_FREE/Assets/decoration/nature/rock_single_A.fbx
  artifactKey: Guid(f74e6edf2fc5cbc4bb2c3021be654c90) Importer(815301076,1909f56bfc062723c751e8b465ee728b)
Start importing Assets/Kit/Enviroment/Eviroment hexa/KayKit_Medieval_Hexagon_Pack_1.0_FREE/Assets/decoration/nature/rock_single_A.fbx using Guid(f74e6edf2fc5cbc4bb2c3021be654c90) Importer(815301076,1909f56bfc062723c751e8b465ee728b) (PreviewImporter) -> (artifact id: '151379e7c020e8c9921d3c56e4ed24fb') in 0.0615359 seconds
Number of updated asset objects reloaded before import = 0Number of asset objects unloaded after import = 9

========================================================================
Received Import Request.
  Time since last request: 0.000056 seconds.
  path: Assets/Kit/Enviroment/Eviroment hexa/KayKit_Medieval_Hexagon_Pack_1.0_FREE/Assets/decoration/nature/waterlily_A.fbx
  artifactKey: Guid(f6b510cde718e5040a41b07a7e3097dc) Importer(815301076,1909f56bfc062723c751e8b465ee728b)
Start importing Assets/Kit/Enviroment/Eviroment hexa/KayKit_Medieval_Hexagon_Pack_1.0_FREE/Assets/decoration/nature/waterlily_A.fbx using Guid(f6b510cde718e5040a41b07a7e3097dc) Importer(815301076,1909f56bfc062723c751e8b465ee728b) (PreviewImporter) -> (artifact id: 'e4b9d451c84a88f201d0f0dd50140c30') in 0.0606744 seconds
Number of updated asset objects reloaded before import = 0Number of asset objects unloaded after import = 9

========================================================================
Received Import Request.
  Time since last request: 0.000067 seconds.
  path: Assets/Kit/Enviroment/Eviroment hexa/KayKit_Medieval_Hexagon_Pack_1.0_FREE/Assets/decoration/nature/waterlily_B.fbx
  artifactKey: Guid(aa78a51982bae064892834b13868bfa8) Importer(815301076,1909f56bfc062723c751e8b465ee728b)
Start importing Assets/Kit/Enviroment/Eviroment hexa/KayKit_Medieval_Hexagon_Pack_1.0_FREE/Assets/decoration/nature/waterlily_B.fbx using Guid(aa78a51982bae064892834b13868bfa8) Importer(815301076,1909f56bfc062723c751e8b465ee728b) (PreviewImporter) -> (artifact id: 'ca0f2d542c822b3d3e6a3a1749ee7264') in 0.0674102 seconds
Number of updated asset objects reloaded before import = 0Number of asset objects unloaded after import = 9

========================================================================
Received Import Request.
  Time since last request: 0.000045 seconds.
  path: Assets/Kit/Enviroment/Eviroment hexa/KayKit_Medieval_Hexagon_Pack_1.0_FREE/Assets/decoration/nature/hill_single_C.fbx
  artifactKey: Guid(ba282f10b72f67b4391aff17c70585f4) Importer(815301076,1909f56bfc062723c751e8b465ee728b)
Start importing Assets/Kit/Enviroment/Eviroment hexa/KayKit_Medieval_Hexagon_Pack_1.0_FREE/Assets/decoration/nature/hill_single_C.fbx using Guid(ba282f10b72f67b4391aff17c70585f4) Importer(815301076,1909f56bfc062723c751e8b465ee728b) (PreviewImporter) -> (artifact id: '97991f916bb5dcf4018c476df40839a8') in 0.062211 seconds
Number of updated asset objects reloaded before import = 0Number of asset objects unloaded after import = 9

========================================================================
Received Import Request.
  Time since last request: 0.000035 seconds.
  path: Assets/Kit/Enviroment/Eviroment hexa/KayKit_Medieval_Hexagon_Pack_1.0_FREE/Assets/decoration/nature/trees_B_medium.fbx
  artifactKey: Guid(eb934ef94ed4700418d8af0d760ff910) Importer(815301076,1909f56bfc062723c751e8b465ee728b)
Start importing Assets/Kit/Enviroment/Eviroment hexa/KayKit_Medieval_Hexagon_Pack_1.0_FREE/Assets/decoration/nature/trees_B_medium.fbx using Guid(eb934ef94ed4700418d8af0d760ff910) Importer(815301076,1909f56bfc062723c751e8b465ee728b) (PreviewImporter) -> (artifact id: '682b7c6be34a772f396562ed709ce9fa') in 0.0583593 seconds
Number of updated asset objects reloaded before import = 0Number of asset objects unloaded after import = 9

========================================================================
Received Import Request.
  Time since last request: 0.000039 seconds.
  path: Assets/Kit/Enviroment/Eviroment hexa/KayKit_Medieval_Hexagon_Pack_1.0_FREE/Assets/decoration/nature/mountain_A_grass_trees.fbx
  artifactKey: Guid(dfaee071b9d679940b862ff4475b7bfe) Importer(815301076,1909f56bfc062723c751e8b465ee728b)
Start importing Assets/Kit/Enviroment/Eviroment hexa/KayKit_Medieval_Hexagon_Pack_1.0_FREE/Assets/decoration/nature/mountain_A_grass_trees.fbx using Guid(dfaee071b9d679940b862ff4475b7bfe) Importer(815301076,1909f56bfc062723c751e8b465ee728b) (PreviewImporter) -> (artifact id: '8acdec11a363c78af96822a21491b1fc') in 0.0562559 seconds
Number of updated asset objects reloaded before import = 0Number of asset objects unloaded after import = 9

========================================================================
Received Import Request.
  Time since last request: 0.000035 seconds.
  path: Assets/Kit/Enviroment/Eviroment hexa/KayKit_Medieval_Hexagon_Pack_1.0_FREE/Assets/decoration/nature/mountain_B.fbx
  artifactKey: Guid(23a626a7b277ee9499dd401a9f9c4a33) Importer(815301076,1909f56bfc062723c751e8b465ee728b)
Start importing Assets/Kit/Enviroment/Eviroment hexa/KayKit_Medieval_Hexagon_Pack_1.0_FREE/Assets/decoration/nature/mountain_B.fbx using Guid(23a626a7b277ee9499dd401a9f9c4a33) Importer(815301076,1909f56bfc062723c751e8b465ee728b) (PreviewImporter) -> (artifact id: '8973f4ba774e226165fa9b686959ecc2') in 0.0504951 seconds
Number of updated asset objects reloaded before import = 0Number of asset objects unloaded after import = 9

========================================================================
Received Import Request.
  Time since last request: 0.000031 seconds.
  path: Assets/Kit/Enviroment/Eviroment hexa/KayKit_Medieval_Hexagon_Pack_1.0_FREE/Assets/decoration/nature/trees_A_small.fbx
  artifactKey: Guid(deae1c21fd87efc4a8dd954cd772065e) Importer(815301076,1909f56bfc062723c751e8b465ee728b)
Start importing Assets/Kit/Enviroment/Eviroment hexa/KayKit_Medieval_Hexagon_Pack_1.0_FREE/Assets/decoration/nature/trees_A_small.fbx using Guid(deae1c21fd87efc4a8dd954cd772065e) Importer(815301076,1909f56bfc062723c751e8b465ee728b) (PreviewImporter) -> (artifact id: '7d8cec9b96d1e811f233952572a62106') in 0.0565943 seconds
Number of updated asset objects reloaded before import = 0Number of asset objects unloaded after import = 9

========================================================================
Received Import Request.
  Time since last request: 6.181315 seconds.
  path: Assets/Kit/Enviroment/Eviroment hexa/KayKit_Medieval_Hexagon_Pack_1.0_FREE/Assets/decoration
  artifactKey: Guid(c86528a79f9b2e44e9dbfd678ed0e23f) Importer(815301076,1909f56bfc062723c751e8b465ee728b)
Start importing Assets/Kit/Enviroment/Eviroment hexa/KayKit_Medieval_Hexagon_Pack_1.0_FREE/Assets/decoration using Guid(c86528a79f9b2e44e9dbfd678ed0e23f) Importer(815301076,1909f56bfc062723c751e8b465ee728b) (PreviewImporter) -> (artifact id: 'da0d3589742a68136790f890fddc717c') in 0.0006679 seconds
Number of updated asset objects reloaded before import = 0Number of asset objects unloaded after import = 0

========================================================================
Received Import Request.
  Time since last request: 10.620454 seconds.
  path: Assets/Kit/Enviroment/Eviroment hexa/KayKit_Medieval_Hexagon_Pack_1.0_FREE/Assets/tiles/base
  artifactKey: Guid(ab3c8b0f963546e4288f6c3903a0da76) Importer(815301076,1909f56bfc062723c751e8b465ee728b)
Start importing Assets/Kit/Enviroment/Eviroment hexa/KayKit_Medieval_Hexagon_Pack_1.0_FREE/Assets/tiles/base using Guid(ab3c8b0f963546e4288f6c3903a0da76) Importer(815301076,1909f56bfc062723c751e8b465ee728b) (PreviewImporter) -> (artifact id: '6aa97b8dff6bdd7b4fb4bb8c5687f730') in 0.0006651 seconds
Number of updated asset objects reloaded before import = 0Number of asset objects unloaded after import = 0

========================================================================
Received Import Request.
  Time since last request: 0.239639 seconds.
  path: Assets/Kit/Enviroment/Eviroment hexa/KayKit_Medieval_Hexagon_Pack_1.0_FREE/Assets/tiles/base/hex_grass.fbx
  artifactKey: Guid(62f1fdcc7f442944a97e5f819cdc7224) Importer(815301076,1909f56bfc062723c751e8b465ee728b)
Start importing Assets/Kit/Enviroment/Eviroment hexa/KayKit_Medieval_Hexagon_Pack_1.0_FREE/Assets/tiles/base/hex_grass.fbx using Guid(62f1fdcc7f442944a97e5f819cdc7224) Importer(815301076,1909f56bfc062723c751e8b465ee728b) (PreviewImporter) -> (artifact id: '46240794c6ca3c2949aa0d8a3dcbc871') in 0.0539279 seconds
Number of updated asset objects reloaded before import = 0Number of asset objects unloaded after import = 9

========================================================================
Received Import Request.
  Time since last request: 0.000029 seconds.
  path: Assets/Kit/Enviroment/Eviroment hexa/KayKit_Medieval_Hexagon_Pack_1.0_FREE/Assets/tiles/base/hexagons_medieval.png
  artifactKey: Guid(148424ec43d3e1e45a0f727cd13b9ed9) Importer(815301076,1909f56bfc062723c751e8b465ee728b)
Start importing Assets/Kit/Enviroment/Eviroment hexa/KayKit_Medieval_Hexagon_Pack_1.0_FREE/Assets/tiles/base/hexagons_medieval.png using Guid(148424ec43d3e1e45a0f727cd13b9ed9) Importer(815301076,1909f56bfc062723c751e8b465ee728b) (PreviewImporter) -> (artifact id: '9676b5ddd345c2c579c2b1704716557b') in 0.0143562 seconds
Number of updated asset objects reloaded before import = 0Number of asset objects unloaded after import = 2

========================================================================
Received Import Request.
  Time since last request: 9.546869 seconds.
  path: Assets/Kit/Enviroment/Eviroment hexa/KayKit_Medieval_Hexagon_Pack_1.0_FREE/Assets/decoration/props/barrel.fbx
  artifactKey: Guid(42f536725745f1949887d317746b8115) Importer(815301076,1909f56bfc062723c751e8b465ee728b)
Start importing Assets/Kit/Enviroment/Eviroment hexa/KayKit_Medieval_Hexagon_Pack_1.0_FREE/Assets/decoration/props/barrel.fbx using Guid(42f536725745f1949887d317746b8115) Importer(815301076,1909f56bfc062723c751e8b465ee728b) (PreviewImporter) -> (artifact id: '762add1b7bdb1e446e1afb58d3b56aa3') in 0.0856284 seconds
Number of updated asset objects reloaded before import = 0Number of asset objects unloaded after import = 9

========================================================================
Received Import Request.
  Time since last request: 0.000030 seconds.
  path: Assets/Kit/Enviroment/Eviroment hexa/KayKit_Medieval_Hexagon_Pack_1.0_FREE/Assets/decoration/props/crate_long_B.fbx
  artifactKey: Guid(c01002eeb5b9aea449d91ca9ab828adc) Importer(815301076,1909f56bfc062723c751e8b465ee728b)
Start importing Assets/Kit/Enviroment/Eviroment hexa/KayKit_Medieval_Hexagon_Pack_1.0_FREE/Assets/decoration/props/crate_long_B.fbx using Guid(c01002eeb5b9aea449d91ca9ab828adc) Importer(815301076,1909f56bfc062723c751e8b465ee728b) (PreviewImporter) -> (artifact id: '38c365c15727579839bff61371b9e667') in 0.0693196 seconds
Number of updated asset objects reloaded before import = 0Number of asset objects unloaded after import = 9

========================================================================
Received Import Request.
  Time since last request: 0.000047 seconds.
  path: Assets/Kit/Enviroment/Eviroment hexa/KayKit_Medieval_Hexagon_Pack_1.0_FREE/Assets/decoration/props/crate_B_big.fbx
  artifactKey: Guid(7df33c3ce5e33b34280cb582f4a5b683) Importer(815301076,1909f56bfc062723c751e8b465ee728b)
Start importing Assets/Kit/Enviroment/Eviroment hexa/KayKit_Medieval_Hexagon_Pack_1.0_FREE/Assets/decoration/props/crate_B_big.fbx using Guid(7df33c3ce5e33b34280cb582f4a5b683) Importer(815301076,1909f56bfc062723c751e8b465ee728b) (PreviewImporter) -> (artifact id: 'd218cf51bbaaf61db5ab219733aa287d') in 0.0666916 seconds
Number of updated asset objects reloaded before import = 0Number of asset objects unloaded after import = 9

========================================================================
Received Import Request.
  Time since last request: 0.000043 seconds.
  path: Assets/Kit/Enviroment/Eviroment hexa/KayKit_Medieval_Hexagon_Pack_1.0_FREE/Assets/decoration/props/hexagons_medieval.png
  artifactKey: Guid(20dd3bfdeb2aa5e4fb4916ea80a7d74f) Importer(815301076,1909f56bfc062723c751e8b465ee728b)
Start importing Assets/Kit/Enviroment/Eviroment hexa/KayKit_Medieval_Hexagon_Pack_1.0_FREE/Assets/decoration/props/hexagons_medieval.png using Guid(20dd3bfdeb2aa5e4fb4916ea80a7d74f) Importer(815301076,1909f56bfc062723c751e8b465ee728b) (PreviewImporter) -> (artifact id: '2361b1855f2e0d5644c45d8d0ce6149e') in 0.0360898 seconds
Number of updated asset objects reloaded before import = 0Number of asset objects unloaded after import = 2

========================================================================
Received Import Request.
  Time since last request: 0.000035 seconds.
  path: Assets/Kit/Enviroment/Eviroment hexa/KayKit_Medieval_Hexagon_Pack_1.0_FREE/Assets/decoration/props/flag_green.fbx
  artifactKey: Guid(fc9a20d5db9d7a148ae18438cf9a194c) Importer(815301076,1909f56bfc062723c751e8b465ee728b)
Start importing Assets/Kit/Enviroment/Eviroment hexa/KayKit_Medieval_Hexagon_Pack_1.0_FREE/Assets/decoration/props/flag_green.fbx using Guid(fc9a20d5db9d7a148ae18438cf9a194c) Importer(815301076,1909f56bfc062723c751e8b465ee728b) (PreviewImporter) -> (artifact id: '6f04078b48c437e6e52e70ee5d8eae1e') in 0.0477237 seconds
Number of updated asset objects reloaded before import = 0Number of asset objects unloaded after import = 9

========================================================================
Received Import Request.
  Time since last request: 0.000049 seconds.
  path: Assets/Kit/Enviroment/Eviroment hexa/KayKit_Medieval_Hexagon_Pack_1.0_FREE/Assets/decoration/props/crate_long_empty.fbx
  artifactKey: Guid(e858013db9e273d4a98a72c116683714) Importer(815301076,1909f56bfc062723c751e8b465ee728b)
Start importing Assets/Kit/Enviroment/Eviroment hexa/KayKit_Medieval_Hexagon_Pack_1.0_FREE/Assets/decoration/props/crate_long_empty.fbx using Guid(e858013db9e273d4a98a72c116683714) Importer(815301076,1909f56bfc062723c751e8b465ee728b) (PreviewImporter) -> (artifact id: 'c922b3afc8f6a124b14284244e30c59b') in 0.125445 seconds
Number of updated asset objects reloaded before import = 0Number of asset objects unloaded after import = 9

========================================================================
Received Import Request.
  Time since last request: 5.063307 seconds.
  path: Assets/Kit/Enviroment/Eviroment hexa/KayKit_Medieval_Hexagon_Pack_1.0_FREE/Assets/tiles/coast/hex_coast_A.fbx
  artifactKey: Guid(fec483ba2b0bdaa45a1d24dceb8e93ff) Importer(815301076,1909f56bfc062723c751e8b465ee728b)
Start importing Assets/Kit/Enviroment/Eviroment hexa/KayKit_Medieval_Hexagon_Pack_1.0_FREE/Assets/tiles/coast/hex_coast_A.fbx using Guid(fec483ba2b0bdaa45a1d24dceb8e93ff) Importer(815301076,1909f56bfc062723c751e8b465ee728b) (PreviewImporter) -> (artifact id: 'eb2f47da55c3020441be32b7a7fb1985') in 0.1514469 seconds
Number of updated asset objects reloaded before import = 0Number of asset objects unloaded after import = 9

========================================================================
Received Import Request.
  Time since last request: 0.540092 seconds.
  path: Assets/Kit/Enviroment/Eviroment hexa/KayKit_Medieval_Hexagon_Pack_1.0_FREE/Assets/tiles/rivers/hex_river_A.fbx
  artifactKey: Guid(22b4654dd900f764f86c644030bfe702) Importer(815301076,1909f56bfc062723c751e8b465ee728b)
Start importing Assets/Kit/Enviroment/Eviroment hexa/KayKit_Medieval_Hexagon_Pack_1.0_FREE/Assets/tiles/rivers/hex_river_A.fbx using Guid(22b4654dd900f764f86c644030bfe702) Importer(815301076,1909f56bfc062723c751e8b465ee728b) (PreviewImporter) -> (artifact id: 'b236d1c8344abb1eef7e923b3fd0c2ff') in 0.1714046 seconds
Number of updated asset objects reloaded before import = 0Number of asset objects unloaded after import = 9

========================================================================
Received Import Request.
  Time since last request: 0.000037 seconds.
  path: Assets/Kit/Enviroment/Eviroment hexa/KayKit_Medieval_Hexagon_Pack_1.0_FREE/Assets/tiles/rivers/hex_river_H.fbx
  artifactKey: Guid(7948708786f19c64bb8731954192bbdd) Importer(815301076,1909f56bfc062723c751e8b465ee728b)
Start importing Assets/Kit/Enviroment/Eviroment hexa/KayKit_Medieval_Hexagon_Pack_1.0_FREE/Assets/tiles/rivers/hex_river_H.fbx using Guid(7948708786f19c64bb8731954192bbdd) Importer(815301076,1909f56bfc062723c751e8b465ee728b) (PreviewImporter) -> (artifact id: '0a8977cb69ac7960ea18174553ba1e30') in 0.0533475 seconds
Number of updated asset objects reloaded before import = 0Number of asset objects unloaded after import = 9

========================================================================
Received Import Request.
  Time since last request: 0.000045 seconds.
  path: Assets/Kit/Enviroment/Eviroment hexa/KayKit_Medieval_Hexagon_Pack_1.0_FREE/Assets/tiles/rivers/hex_river_F.fbx
  artifactKey: Guid(6055d21c1b7a07d42ae7588df2aebc8a) Importer(815301076,1909f56bfc062723c751e8b465ee728b)
Start importing Assets/Kit/Enviroment/Eviroment hexa/KayKit_Medieval_Hexagon_Pack_1.0_FREE/Assets/tiles/rivers/hex_river_F.fbx using Guid(6055d21c1b7a07d42ae7588df2aebc8a) Importer(815301076,1909f56bfc062723c751e8b465ee728b) (PreviewImporter) -> (artifact id: 'ca46afb8ed468d141cbadf227ee9a834') in 0.1446284 seconds
Number of updated asset objects reloaded before import = 0Number of asset objects unloaded after import = 9

========================================================================
Received Import Request.
  Time since last request: 0.352265 seconds.
  path: Assets/Kit/Enviroment/Eviroment hexa/KayKit_Medieval_Hexagon_Pack_1.0_FREE/Assets/tiles/roads/hex_road_A.fbx
  artifactKey: Guid(bbde8b10d25b0a049aa64d8b0cc8a7eb) Importer(815301076,1909f56bfc062723c751e8b465ee728b)
Start importing Assets/Kit/Enviroment/Eviroment hexa/KayKit_Medieval_Hexagon_Pack_1.0_FREE/Assets/tiles/roads/hex_road_A.fbx using Guid(bbde8b10d25b0a049aa64d8b0cc8a7eb) Importer(815301076,1909f56bfc062723c751e8b465ee728b) (PreviewImporter) -> (artifact id: '6a08122b7b5a4bb26718ce2574873928') in 0.1066945 seconds
Number of updated asset objects reloaded before import = 0Number of asset objects unloaded after import = 9

========================================================================
Received Import Request.
  Time since last request: 0.000039 seconds.
  path: Assets/Kit/Enviroment/Eviroment hexa/KayKit_Medieval_Hexagon_Pack_1.0_FREE/Assets/tiles/roads/hex_road_F.fbx
  artifactKey: Guid(3a65ffe743552b74293137029655f8ac) Importer(815301076,1909f56bfc062723c751e8b465ee728b)
Start importing Assets/Kit/Enviroment/Eviroment hexa/KayKit_Medieval_Hexagon_Pack_1.0_FREE/Assets/tiles/roads/hex_road_F.fbx using Guid(3a65ffe743552b74293137029655f8ac) Importer(815301076,1909f56bfc062723c751e8b465ee728b) (PreviewImporter) -> (artifact id: '55da7fa01f9efa54975b21ccd81bf7c1') in 0.1086097 seconds
Number of updated asset objects reloaded before import = 0Number of asset objects unloaded after import = 9

========================================================================
Received Import Request.
  Time since last request: 0.000058 seconds.
  path: Assets/Kit/Enviroment/Eviroment hexa/KayKit_Medieval_Hexagon_Pack_1.0_FREE/Assets/tiles/roads/hex_road_L.fbx
  artifactKey: Guid(03cdec1cc3ab4314c9a84d924b4eb18e) Importer(815301076,1909f56bfc062723c751e8b465ee728b)
Start importing Assets/Kit/Enviroment/Eviroment hexa/KayKit_Medieval_Hexagon_Pack_1.0_FREE/Assets/tiles/roads/hex_road_L.fbx using Guid(03cdec1cc3ab4314c9a84d924b4eb18e) Importer(815301076,1909f56bfc062723c751e8b465ee728b) (PreviewImporter) -> (artifact id: '02f160cc94dcc9c1c1fd977d90ad264f') in 0.0683357 seconds
Number of updated asset objects reloaded before import = 0Number of asset objects unloaded after import = 9

========================================================================
Received Import Request.
  Time since last request: 0.000031 seconds.
  path: Assets/Kit/Enviroment/Eviroment hexa/KayKit_Medieval_Hexagon_Pack_1.0_FREE/Assets/tiles/roads/hex_road_I.fbx
  artifactKey: Guid(ed9b5ee97a0030b4eb07434250b87e1f) Importer(815301076,1909f56bfc062723c751e8b465ee728b)
Start importing Assets/Kit/Enviroment/Eviroment hexa/KayKit_Medieval_Hexagon_Pack_1.0_FREE/Assets/tiles/roads/hex_road_I.fbx using Guid(ed9b5ee97a0030b4eb07434250b87e1f) Importer(815301076,1909f56bfc062723c751e8b465ee728b) (PreviewImporter) -> (artifact id: '9f131a03e58f20418e9d9f17932260cc') in 0.1778953 seconds
Number of updated asset objects reloaded before import = 0Number of asset objects unloaded after import = 9

========================================================================
Received Import Request.
  Time since last request: 1.722570 seconds.
  path: Assets/Kit/Enviroment/Eviroment hexa/KayKit_Medieval_Hexagon_Pack_1.0_FREE/Assets/tiles/rivers/waterless/hex_river_A_curvy_waterless.fbx
  artifactKey: Guid(f574e7847217caa408c4b6bb4d06d11a) Importer(815301076,1909f56bfc062723c751e8b465ee728b)
Start importing Assets/Kit/Enviroment/Eviroment hexa/KayKit_Medieval_Hexagon_Pack_1.0_FREE/Assets/tiles/rivers/waterless/hex_river_A_curvy_waterless.fbx using Guid(f574e7847217caa408c4b6bb4d06d11a) Importer(815301076,1909f56bfc062723c751e8b465ee728b) (PreviewImporter) -> (artifact id: '2f285a0b6e115e2ee84da0e227d8d60a') in 0.0584003 seconds
Number of updated asset objects reloaded before import = 0Number of asset objects unloaded after import = 9

========================================================================
Received Import Request.
  Time since last request: 0.000027 seconds.
  path: Assets/Kit/Enviroment/Eviroment hexa/KayKit_Medieval_Hexagon_Pack_1.0_FREE/Assets/tiles/rivers/waterless/hex_river_K_waterless.fbx
  artifactKey: Guid(2ca8eb4a8e0dd574bbd54f735440b012) Importer(815301076,1909f56bfc062723c751e8b465ee728b)
Start importing Assets/Kit/Enviroment/Eviroment hexa/KayKit_Medieval_Hexagon_Pack_1.0_FREE/Assets/tiles/rivers/waterless/hex_river_K_waterless.fbx using Guid(2ca8eb4a8e0dd574bbd54f735440b012) Importer(815301076,1909f56bfc062723c751e8b465ee728b) (PreviewImporter) -> (artifact id: '1e0448ba5d956edeb615bf0aebeadb6c') in 0.1295072 seconds
Number of updated asset objects reloaded before import = 0Number of asset objects unloaded after import = 9

========================================================================
Received Import Request.
  Time since last request: 0.000046 seconds.
  path: Assets/Kit/Enviroment/Eviroment hexa/KayKit_Medieval_Hexagon_Pack_1.0_FREE/Assets/tiles/rivers/waterless/hex_river_E_waterless.fbx
  artifactKey: Guid(06ae511346b403b42b14eba92287bbb1) Importer(815301076,1909f56bfc062723c751e8b465ee728b)
Start importing Assets/Kit/Enviroment/Eviroment hexa/KayKit_Medieval_Hexagon_Pack_1.0_FREE/Assets/tiles/rivers/waterless/hex_river_E_waterless.fbx using Guid(06ae511346b403b42b14eba92287bbb1) Importer(815301076,1909f56bfc062723c751e8b465ee728b) (PreviewImporter) -> (artifact id: '0a952422b35b0343b0a50bc1a9dc73b0') in 0.1097152 seconds
Number of updated asset objects reloaded before import = 0Number of asset objects unloaded after import = 9

========================================================================
Received Import Request.
  Time since last request: 0.000052 seconds.
  path: Assets/Kit/Enviroment/Eviroment hexa/KayKit_Medieval_Hexagon_Pack_1.0_FREE/Assets/tiles/rivers/waterless/hex_river_D_waterless.fbx
  artifactKey: Guid(5bb28ecfbce894b49b1905c6b68251db) Importer(815301076,1909f56bfc062723c751e8b465ee728b)
Start importing Assets/Kit/Enviroment/Eviroment hexa/KayKit_Medieval_Hexagon_Pack_1.0_FREE/Assets/tiles/rivers/waterless/hex_river_D_waterless.fbx using Guid(5bb28ecfbce894b49b1905c6b68251db) Importer(815301076,1909f56bfc062723c751e8b465ee728b) (PreviewImporter) -> (artifact id: '2368189219985260a97f624619a99e0a') in 0.0909752 seconds
Number of updated asset objects reloaded before import = 0Number of asset objects unloaded after import = 9

========================================================================
Received Import Request.
  Time since last request: 2.223513 seconds.
  path: Assets/Kit/Enviroment/Eviroment hexa/KayKit_Medieval_Hexagon_Pack_1.0_FREE/Textures/hexagons_medieval.png
  artifactKey: Guid(85fcc4f433b81e74f8f6926cc4deccc6) Importer(815301076,1909f56bfc062723c751e8b465ee728b)
Start importing Assets/Kit/Enviroment/Eviroment hexa/KayKit_Medieval_Hexagon_Pack_1.0_FREE/Textures/hexagons_medieval.png using Guid(85fcc4f433b81e74f8f6926cc4deccc6) Importer(815301076,1909f56bfc062723c751e8b465ee728b) (PreviewImporter) -> (artifact id: 'a0207dc79168bfdc97537f55c8677f0f') in 0.0115421 seconds
Number of updated asset objects reloaded before import = 0Number of asset objects unloaded after import = 2

========================================================================
Received Import Request.
  Time since last request: 7.787432 seconds.
  path: Assets/Kit/Enviroment/Eviroment hexa/kenny_hexagon/KayKit_Medieval_Hexagon_Pack_1.0_FREE
  artifactKey: Guid(232c708a80a05c545b139a32dd6f9877) Importer(815301076,1909f56bfc062723c751e8b465ee728b)
Start importing Assets/Kit/Enviroment/Eviroment hexa/kenny_hexagon/KayKit_Medieval_Hexagon_Pack_1.0_FREE using Guid(232c708a80a05c545b139a32dd6f9877) Importer(815301076,1909f56bfc062723c751e8b465ee728b) (PreviewImporter) -> (artifact id: 'be13a6eb979db4e8c42c6393963a1b69') in 0.0009777 seconds
Number of updated asset objects reloaded before import = 0Number of asset objects unloaded after import = 0

========================================================================
Received Import Request.
  Time since last request: 4.443807 seconds.
  path: Assets/Kit/Enviroment/Eviroment hexa/kenny_hexagon/Models
  artifactKey: Guid(5067760db8af93e49a1a6ecc35434af0) Importer(815301076,1909f56bfc062723c751e8b465ee728b)
Start importing Assets/Kit/Enviroment/Eviroment hexa/kenny_hexagon/Models using Guid(5067760db8af93e49a1a6ecc35434af0) Importer(815301076,1909f56bfc062723c751e8b465ee728b) (PreviewImporter) -> (artifact id: 'b853042b5ae6ad8da8dfc34a5d4b6a3d') in 0.0010636 seconds
Number of updated asset objects reloaded before import = 0Number of asset objects unloaded after import = 0

========================================================================
Received Import Request.
  Time since last request: 3.411442 seconds.
  path: Assets/Kit/Enviroment/Eviroment hexa/kenny_hexagon/Models/GLB format
  artifactKey: Guid(563f77fdd1d57be4ba56148ce3db26c4) Importer(815301076,1909f56bfc062723c751e8b465ee728b)
Start importing Assets/Kit/Enviroment/Eviroment hexa/kenny_hexagon/Models/GLB format using Guid(563f77fdd1d57be4ba56148ce3db26c4) Importer(815301076,1909f56bfc062723c751e8b465ee728b) (PreviewImporter) -> (artifact id: 'e72bc724ac6f16c640a45a14b0a01a2c') in 0.0008553 seconds
Number of updated asset objects reloaded before import = 0Number of asset objects unloaded after import = 0

========================================================================
Received Import Request.
  Time since last request: 7.951360 seconds.
  path: Assets/Kit/Enviroment/Eviroment hexa/kenny_hexagon/Models/Textures
  artifactKey: Guid(8f9a088de1cf425409ccbdc87c145644) Importer(815301076,1909f56bfc062723c751e8b465ee728b)
Start importing Assets/Kit/Enviroment/Eviroment hexa/kenny_hexagon/Models/Textures using Guid(8f9a088de1cf425409ccbdc87c145644) Importer(815301076,1909f56bfc062723c751e8b465ee728b) (PreviewImporter) -> (artifact id: '4767ec072ae0f63806892dc9b28d98ff') in 0.0006983 seconds
Number of updated asset objects reloaded before import = 0Number of asset objects unloaded after import = 0

========================================================================
Received Import Request.
  Time since last request: 0.465042 seconds.
  path: Assets/Kit/Enviroment/Eviroment hexa/kenny_hexagon/Models/FBX format
  artifactKey: Guid(8b5a61ca676a9e649a36b214fab463e1) Importer(815301076,1909f56bfc062723c751e8b465ee728b)
Start importing Assets/Kit/Enviroment/Eviroment hexa/kenny_hexagon/Models/FBX format using Guid(8b5a61ca676a9e649a36b214fab463e1) Importer(815301076,1909f56bfc062723c751e8b465ee728b) (PreviewImporter) -> (artifact id: '55af9440db51ed35ba69273fd2f639a9') in 0.0007302 seconds
Number of updated asset objects reloaded before import = 0Number of asset objects unloaded after import = 0

========================================================================
Received Import Request.
  Time since last request: 13.865588 seconds.
  path: Assets/Kit/Enviroment/Eviroment hexa/kenny_hexagon/License.txt
  artifactKey: Guid(2e8aa278177da8a4cb62bb49d1b29dda) Importer(815301076,1909f56bfc062723c751e8b465ee728b)
Start importing Assets/Kit/Enviroment/Eviroment hexa/kenny_hexagon/License.txt using Guid(2e8aa278177da8a4cb62bb49d1b29dda) Importer(815301076,1909f56bfc062723c751e8b465ee728b) (PreviewImporter) -> (artifact id: 'a0eccff5aab2c0a8fb80c756ae2a252a') in 0.0012679 seconds
Number of updated asset objects reloaded before import = 0Number of asset objects unloaded after import = 1

========================================================================
Received Import Request.
  Time since last request: 40.119798 seconds.
  path: Assets/Kit/Enviroment/Eviroment hexa/KayKit_Medieval_Hexagon_Pack_1.0_FREE/Assets/tiles/coast
  artifactKey: Guid(b96a923287482be4c9e19960d3d81c19) Importer(815301076,1909f56bfc062723c751e8b465ee728b)
Start importing Assets/Kit/Enviroment/Eviroment hexa/KayKit_Medieval_Hexagon_Pack_1.0_FREE/Assets/tiles/coast using Guid(b96a923287482be4c9e19960d3d81c19) Importer(815301076,1909f56bfc062723c751e8b465ee728b) (PreviewImporter) -> (artifact id: 'e46d05e65cf34d512b229f3cda12e85b') in 0.0007178 seconds
Number of updated asset objects reloaded before import = 0Number of asset objects unloaded after import = 0

========================================================================
Received Import Request.
  Time since last request: 2.904315 seconds.
  path: Assets/Kit/Enviroment/Eviroment hexa/KayKit_Medieval_Hexagon_Pack_1.0_FREE/Assets/tiles/rivers
  artifactKey: Guid(86d60db23945d2b4387f1b95f46a99c8) Importer(815301076,1909f56bfc062723c751e8b465ee728b)
Start importing Assets/Kit/Enviroment/Eviroment hexa/KayKit_Medieval_Hexagon_Pack_1.0_FREE/Assets/tiles/rivers using Guid(86d60db23945d2b4387f1b95f46a99c8) Importer(815301076,1909f56bfc062723c751e8b465ee728b) (PreviewImporter) -> (artifact id: 'eeb598bc43b36002fedfa2a71bf2254a') in 0.0008314 seconds
Number of updated asset objects reloaded before import = 0Number of asset objects unloaded after import = 0

========================================================================
Received Import Request.
  Time since last request: 2.241470 seconds.
  path: Assets/Kit/Enviroment/Eviroment hexa/KayKit_Medieval_Hexagon_Pack_1.0_FREE/Assets/tiles/roads
  artifactKey: Guid(a8a1b083a50f3a04f8f6e39f938279e3) Importer(815301076,1909f56bfc062723c751e8b465ee728b)
Start importing Assets/Kit/Enviroment/Eviroment hexa/KayKit_Medieval_Hexagon_Pack_1.0_FREE/Assets/tiles/roads using Guid(a8a1b083a50f3a04f8f6e39f938279e3) Importer(815301076,1909f56bfc062723c751e8b465ee728b) (PreviewImporter) -> (artifact id: '1e6bf524dedd8c9357ae411ebfa98d08') in 0.0009286 seconds
Number of updated asset objects reloaded before import = 0Number of asset objects unloaded after import = 0

========================================================================
Received Import Request.
  Time since last request: 163.091997 seconds.
  path: Assets/Kit/Enviroment/Eviroment hexa/KayKit_Medieval_Hexagon_Pack_1.0_FREE/Assets/tiles/coast/waterless
  artifactKey: Guid(2deb31308b7867948bfc11ec7d1d501b) Importer(815301076,1909f56bfc062723c751e8b465ee728b)
Start importing Assets/Kit/Enviroment/Eviroment hexa/KayKit_Medieval_Hexagon_Pack_1.0_FREE/Assets/tiles/coast/waterless using Guid(2deb31308b7867948bfc11ec7d1d501b) Importer(815301076,1909f56bfc062723c751e8b465ee728b) (PreviewImporter) -> (artifact id: '9249b39bd4bc42adb193d0bd70e22b46') in 0.0010685 seconds
Number of updated asset objects reloaded before import = 0Number of asset objects unloaded after import = 0

========================================================================
Received Import Request.
  Time since last request: 0.205150 seconds.
  path: Assets/Kit/Enviroment/Eviroment hexa/KayKit_Medieval_Hexagon_Pack_1.0_FREE/Assets/tiles/coast/waterless/hex_coast_A_waterless.fbx
  artifactKey: Guid(4da5b720061489c4392f92c4740982ae) Importer(815301076,1909f56bfc062723c751e8b465ee728b)
Start importing Assets/Kit/Enviroment/Eviroment hexa/KayKit_Medieval_Hexagon_Pack_1.0_FREE/Assets/tiles/coast/waterless/hex_coast_A_waterless.fbx using Guid(4da5b720061489c4392f92c4740982ae) Importer(815301076,1909f56bfc062723c751e8b465ee728b) (PreviewImporter) -> (artifact id: '19381db3034bb48301c7f9701b9b708a') in 0.0722253 seconds
Number of updated asset objects reloaded before import = 0Number of asset objects unloaded after import = 9

========================================================================
Received Import Request.
  Time since last request: 0.000037 seconds.
  path: Assets/Kit/Enviroment/Eviroment hexa/KayKit_Medieval_Hexagon_Pack_1.0_FREE/Assets/tiles/coast/waterless/hex_coast_D_waterless.fbx
  artifactKey: Guid(cf57e01790eed014286a77837da80004) Importer(815301076,1909f56bfc062723c751e8b465ee728b)
Start importing Assets/Kit/Enviroment/Eviroment hexa/KayKit_Medieval_Hexagon_Pack_1.0_FREE/Assets/tiles/coast/waterless/hex_coast_D_waterless.fbx using Guid(cf57e01790eed014286a77837da80004) Importer(815301076,1909f56bfc062723c751e8b465ee728b) (PreviewImporter) -> (artifact id: 'a30e7b9782beef4be9a518b39f1b7d76') in 0.0508152 seconds
Number of updated asset objects reloaded before import = 0Number of asset objects unloaded after import = 9

========================================================================
Received Import Request.
  Time since last request: 0.000041 seconds.
  path: Assets/Kit/Enviroment/Eviroment hexa/KayKit_Medieval_Hexagon_Pack_1.0_FREE/Assets/tiles/coast/waterless/hex_coast_C_waterless.fbx
  artifactKey: Guid(31dd7ce4f1ddb8d4da9988cc382dfabd) Importer(815301076,1909f56bfc062723c751e8b465ee728b)
Start importing Assets/Kit/Enviroment/Eviroment hexa/KayKit_Medieval_Hexagon_Pack_1.0_FREE/Assets/tiles/coast/waterless/hex_coast_C_waterless.fbx using Guid(31dd7ce4f1ddb8d4da9988cc382dfabd) Importer(815301076,1909f56bfc062723c751e8b465ee728b) (PreviewImporter) -> (artifact id: '390fdaa0e5993060b2771bafb8749cf0') in 0.0498206 seconds
Number of updated asset objects reloaded before import = 0Number of asset objects unloaded after import = 9

========================================================================
Received Import Request.
  Time since last request: 786.802571 seconds.
  path: Assets/Kit/Enviroment/tower defense
  artifactKey: Guid(5fe18d772fd75f447b3a60f92aebba25) Importer(815301076,1909f56bfc062723c751e8b465ee728b)
Start importing Assets/Kit/Enviroment/tower defense using Guid(5fe18d772fd75f447b3a60f92aebba25) Importer(815301076,1909f56bfc062723c751e8b465ee728b) (PreviewImporter) -> (artifact id: 'cc52b82b8394a733d6b001605c2ec47d') in 0.0010792 seconds
Number of updated asset objects reloaded before import = 0Number of asset objects unloaded after import = 0

========================================================================
Received Import Request.
  Time since last request: 0.058979 seconds.
  path: Assets/Kit/Enviroment/tower defense/Preview.png
  artifactKey: Guid(8ad581ddbb77fc448bc34ad15c36cfdb) Importer(815301076,1909f56bfc062723c751e8b465ee728b)
Start importing Assets/Kit/Enviroment/tower defense/Preview.png using Guid(8ad581ddbb77fc448bc34ad15c36cfdb) Importer(815301076,1909f56bfc062723c751e8b465ee728b) (PreviewImporter) -> (artifact id: '097b08e76dfce1c53db63c59bf9ad3d4') in 0.0183567 seconds
Number of updated asset objects reloaded before import = 0Number of asset objects unloaded after import = 2

========================================================================
Received Import Request.
  Time since last request: 81.403294 seconds.
  path: Assets/Kit/DungeonKit/KayKit_DungeonRemastered_1.1_FREE/contents.png
  artifactKey: Guid(7d45c3aff7169b848af5fd4d05646bf6) Importer(815301076,1909f56bfc062723c751e8b465ee728b)
Start importing Assets/Kit/DungeonKit/KayKit_DungeonRemastered_1.1_FREE/contents.png using Guid(7d45c3aff7169b848af5fd4d05646bf6) Importer(815301076,1909f56bfc062723c751e8b465ee728b) (PreviewImporter) -> (artifact id: '2ac75a6032b2ca049e90095a6c1abc59') in 0.0318509 seconds
Number of updated asset objects reloaded before import = 0Number of asset objects unloaded after import = 2

========================================================================
Received Import Request.
  Time since last request: 802.628729 seconds.
  path: Assets/Kit/Enviroment/Eviroment hexa/KayKit_Medieval_Hexagon_Pack_1.0_FREE/Assets/obj
  artifactKey: Guid(7eb511dab28db904f8ec43cb1e1db978) Importer(815301076,1909f56bfc062723c751e8b465ee728b)
Start importing Assets/Kit/Enviroment/Eviroment hexa/KayKit_Medieval_Hexagon_Pack_1.0_FREE/Assets/obj using Guid(7eb511dab28db904f8ec43cb1e1db978) Importer(815301076,1909f56bfc062723c751e8b465ee728b) (PreviewImporter) -> (artifact id: '20c0c3d58691a2dbac4a00b17a13a837') in 0.0010116 seconds
Number of updated asset objects reloaded before import = 0Number of asset objects unloaded after import = 0

========================================================================
Received Import Request.
  Time since last request: 1.165911 seconds.
  path: Assets/Kit/Enviroment/Eviroment hexa/KayKit_Medieval_Hexagon_Pack_1.0_FREE/Assets/obj/buildings
  artifactKey: Guid(3d1824d455841cb42bd8ab39a1fb82be) Importer(815301076,1909f56bfc062723c751e8b465ee728b)
Start importing Assets/Kit/Enviroment/Eviroment hexa/KayKit_Medieval_Hexagon_Pack_1.0_FREE/Assets/obj/buildings using Guid(3d1824d455841cb42bd8ab39a1fb82be) Importer(815301076,1909f56bfc062723c751e8b465ee728b) (PreviewImporter) -> (artifact id: 'bdaaf807ba8cf908095ec5f43561b212') in 0.0007004 seconds
Number of updated asset objects reloaded before import = 0Number of asset objects unloaded after import = 0

========================================================================
Received Import Request.
  Time since last request: 0.914731 seconds.
  path: Assets/Kit/Enviroment/Eviroment hexa/KayKit_Medieval_Hexagon_Pack_1.0_FREE/Assets/obj/buildings/green
  artifactKey: Guid(b300c83874c88694bb7f3af54a9ab853) Importer(815301076,1909f56bfc062723c751e8b465ee728b)
Start importing Assets/Kit/Enviroment/Eviroment hexa/KayKit_Medieval_Hexagon_Pack_1.0_FREE/Assets/obj/buildings/green using Guid(b300c83874c88694bb7f3af54a9ab853) Importer(815301076,1909f56bfc062723c751e8b465ee728b) (PreviewImporter) -> (artifact id: '4172f71d594fe4f64e49b4ea74d8ce2a') in 0.0007381 seconds
Number of updated asset objects reloaded before import = 0Number of asset objects unloaded after import = 0

========================================================================
Received Import Request.
  Time since last request: 0.063547 seconds.
  path: Assets/Kit/Enviroment/Eviroment hexa/KayKit_Medieval_Hexagon_Pack_1.0_FREE/Assets/obj/buildings/green/building_windmill_green_building_windmill_top_green_building_windmill_top_fan_green.obj
  artifactKey: Guid(11fe606ff40b0d44f8011927fe936650) Importer(815301076,1909f56bfc062723c751e8b465ee728b)
Start importing Assets/Kit/Enviroment/Eviroment hexa/KayKit_Medieval_Hexagon_Pack_1.0_FREE/Assets/obj/buildings/green/building_windmill_green_building_windmill_top_green_building_windmill_top_fan_green.obj using Guid(11fe606ff40b0d44f8011927fe936650) Importer(815301076,1909f56bfc062723c751e8b465ee728b) (PreviewImporter) -> (artifact id: '52b65fe2d52d43d84f99cfb32bff66c1') in 0.0694273 seconds
Number of updated asset objects reloaded before import = 0Number of asset objects unloaded after import = 11

========================================================================
Received Import Request.
  Time since last request: 38.792516 seconds.
  path: Assets/Kit/Enviroment/Eviroment hexa/KayKit_Medieval_Hexagon_Pack_1.0_FREE/Assets/obj/buildings/green/building_windmill_green_building_windmill_top_green_building_windmill_top_fan_green.obj
  artifactKey: Guid(11fe606ff40b0d44f8011927fe936650) Importer(815301076,1909f56bfc062723c751e8b465ee728b)
Start importing Assets/Kit/Enviroment/Eviroment hexa/KayKit_Medieval_Hexagon_Pack_1.0_FREE/Assets/obj/buildings/green/building_windmill_green_building_windmill_top_green_building_windmill_top_fan_green.obj using Guid(11fe606ff40b0d44f8011927fe936650) Importer(815301076,1909f56bfc062723c751e8b465ee728b) (PreviewImporter) -> (artifact id: '5dc8514855c9ef1bcdcbe9a8dda50a3e') in 0.0527821 seconds
Number of updated asset objects reloaded before import = 0Number of asset objects unloaded after import = 10

========================================================================
Received Import Request.
  Time since last request: 72.387257 seconds.
  path: Assets/Kit/Enviroment/Eviroment hexa/KayKit_Medieval_Hexagon_Pack_1.0_FREE/Assets/obj/buildings/green/miau.obj
  artifactKey: Guid(37ddb654742590c4e93b8aafdd4db6f1) Importer(815301076,1909f56bfc062723c751e8b465ee728b)
Start importing Assets/Kit/Enviroment/Eviroment hexa/KayKit_Medieval_Hexagon_Pack_1.0_FREE/Assets/obj/buildings/green/miau.obj using Guid(37ddb654742590c4e93b8aafdd4db6f1) Importer(815301076,1909f56bfc062723c751e8b465ee728b) (PreviewImporter) -> (artifact id: '9931ca8a493c80faef987c1500e880ba') in 0.0541236 seconds
Number of updated asset objects reloaded before import = 0Number of asset objects unloaded after import = 10

========================================================================
Received Import Request.
  Time since last request: 28.812050 seconds.
  path: Assets/Kit/Enviroment/Eviroment hexa/KayKit_Medieval_Hexagon_Pack_1.0_FREE/Textures
  artifactKey: Guid(1f9a917d192419041b5b7f656441a679) Importer(815301076,1909f56bfc062723c751e8b465ee728b)
Start importing Assets/Kit/Enviroment/Eviroment hexa/KayKit_Medieval_Hexagon_Pack_1.0_FREE/Textures using Guid(1f9a917d192419041b5b7f656441a679) Importer(815301076,1909f56bfc062723c751e8b465ee728b) (PreviewImporter) -> (artifact id: 'f026b53481ca79252c5ebe4f69e7010f') in 0.0007611 seconds
Number of updated asset objects reloaded before import = 0Number of asset objects unloaded after import = 0

========================================================================
Received Import Request.
  Time since last request: 20.055989 seconds.
  path: Assets/Kit/Enviroment/enviroment tower defense/License.txt
  artifactKey: Guid(e079d9ac04fe27b42b6c1f8afb503252) Importer(815301076,1909f56bfc062723c751e8b465ee728b)
Start importing Assets/Kit/Enviroment/enviroment tower defense/License.txt using Guid(e079d9ac04fe27b42b6c1f8afb503252) Importer(815301076,1909f56bfc062723c751e8b465ee728b) (PreviewImporter) -> (artifact id: 'dc6e5745ecb6d9fc133b1f3307c30fa8') in 0.0012447 seconds
Number of updated asset objects reloaded before import = 0Number of asset objects unloaded after import = 1

========================================================================
Received Import Request.
  Time since last request: 4.405915 seconds.
  path: Assets/Kit/Enviroment/enviroment tower defense/Models
  artifactKey: Guid(9bc0ecb7e13ab1a4fb7de1fec049124b) Importer(815301076,1909f56bfc062723c751e8b465ee728b)
Start importing Assets/Kit/Enviroment/enviroment tower defense/Models using Guid(9bc0ecb7e13ab1a4fb7de1fec049124b) Importer(815301076,1909f56bfc062723c751e8b465ee728b) (PreviewImporter) -> (artifact id: 'c0539415eda8f1fd546f795ed0ccfcfc') in 0.0006663 seconds
Number of updated asset objects reloaded before import = 0Number of asset objects unloaded after import = 0

========================================================================
Received Import Request.
  Time since last request: 1.111135 seconds.
  path: Assets/Kit/Enviroment/enviroment tower defense/Models/GLB format
  artifactKey: Guid(c63319c37255a044e8f7745d1ea3ea6d) Importer(815301076,1909f56bfc062723c751e8b465ee728b)
Start importing Assets/Kit/Enviroment/enviroment tower defense/Models/GLB format using Guid(c63319c37255a044e8f7745d1ea3ea6d) Importer(815301076,1909f56bfc062723c751e8b465ee728b) (PreviewImporter) -> (artifact id: '196e09532681711364d00b9c5ef5d4ce') in 0.0008645 seconds
Number of updated asset objects reloaded before import = 0Number of asset objects unloaded after import = 0

========================================================================
Received Import Request.
  Time since last request: 2.225156 seconds.
  path: Assets/Kit/Enviroment/enviroment tower defense/Models/OBJ format
  artifactKey: Guid(170551c33bee3a2419f3bcaa05e32e3f) Importer(815301076,1909f56bfc062723c751e8b465ee728b)
Start importing Assets/Kit/Enviroment/enviroment tower defense/Models/OBJ format using Guid(170551c33bee3a2419f3bcaa05e32e3f) Importer(815301076,1909f56bfc062723c751e8b465ee728b) (PreviewImporter) -> (artifact id: '9bcf190ef1e15a1c1566d5311a2df10d') in 0.0006502 seconds
Number of updated asset objects reloaded before import = 0Number of asset objects unloaded after import = 0

========================================================================
Received Import Request.
  Time since last request: 0.906412 seconds.
  path: Assets/Kit/Enviroment/enviroment tower defense/Models/OBJ format/detail-crystal.obj
  artifactKey: Guid(3ea3c7a23bd3383488d96f32fcaaed6f) Importer(815301076,1909f56bfc062723c751e8b465ee728b)
Start importing Assets/Kit/Enviroment/enviroment tower defense/Models/OBJ format/detail-crystal.obj using Guid(3ea3c7a23bd3383488d96f32fcaaed6f) Importer(815301076,1909f56bfc062723c751e8b465ee728b) (PreviewImporter) -> (artifact id: 'be06057120715c71e2fca5030f4dff4b') in 0.0747644 seconds
Number of updated asset objects reloaded before import = 0Number of asset objects unloaded after import = 11

========================================================================
Received Import Request.
  Time since last request: 0.000039 seconds.
  path: Assets/Kit/Enviroment/enviroment tower defense/Models/OBJ format/detail-dirt.obj
  artifactKey: Guid(c9d34aab938389b4e9b1d18a98b8e282) Importer(815301076,1909f56bfc062723c751e8b465ee728b)
Start importing Assets/Kit/Enviroment/enviroment tower defense/Models/OBJ format/detail-dirt.obj using Guid(c9d34aab938389b4e9b1d18a98b8e282) Importer(815301076,1909f56bfc062723c751e8b465ee728b) (PreviewImporter) -> (artifact id: '9d3f0a55edad1bdb445f346efa8ee03e') in 0.0493015 seconds
Number of updated asset objects reloaded before import = 0Number of asset objects unloaded after import = 11

========================================================================
Received Import Request.
  Time since last request: 0.000042 seconds.
  path: Assets/Kit/Enviroment/enviroment tower defense/Models/OBJ format/enemy-ufo-d.obj
  artifactKey: Guid(221534df1dc12f74cbd6df40fb4354c7) Importer(815301076,1909f56bfc062723c751e8b465ee728b)
Start importing Assets/Kit/Enviroment/enviroment tower defense/Models/OBJ format/enemy-ufo-d.obj using Guid(221534df1dc12f74cbd6df40fb4354c7) Importer(815301076,1909f56bfc062723c751e8b465ee728b) (PreviewImporter) -> (artifact id: '8f0173ee5cb90f0b6db4653f037d7968') in 0.0549246 seconds
Number of updated asset objects reloaded before import = 0Number of asset objects unloaded after import = 11

========================================================================
Received Import Request.
  Time since last request: 0.000043 seconds.
  path: Assets/Kit/Enviroment/enviroment tower defense/Models/OBJ format/enemy-ufo-a.obj
  artifactKey: Guid(36a1e0af0987fe64d81bd875aa39a0af) Importer(815301076,1909f56bfc062723c751e8b465ee728b)
Start importing Assets/Kit/Enviroment/enviroment tower defense/Models/OBJ format/enemy-ufo-a.obj using Guid(36a1e0af0987fe64d81bd875aa39a0af) Importer(815301076,1909f56bfc062723c751e8b465ee728b) (PreviewImporter) -> (artifact id: '7bab29fd288cad56a31d8fa96411546e') in 0.0734786 seconds
Number of updated asset objects reloaded before import = 0Number of asset objects unloaded after import = 11

========================================================================
Received Import Request.
  Time since last request: 0.000050 seconds.
  path: Assets/Kit/Enviroment/enviroment tower defense/Models/OBJ format/enemy-ufo-c-weapon.obj
  artifactKey: Guid(2c152f0ff7450724889b08c9f976086f) Importer(815301076,1909f56bfc062723c751e8b465ee728b)
Start importing Assets/Kit/Enviroment/enviroment tower defense/Models/OBJ format/enemy-ufo-c-weapon.obj using Guid(2c152f0ff7450724889b08c9f976086f) Importer(815301076,1909f56bfc062723c751e8b465ee728b) (PreviewImporter) -> (artifact id: 'bab3ed7dc047a4b0d60b58b510ee9db7') in 0.1500517 seconds
Number of updated asset objects reloaded before import = 0Number of asset objects unloaded after import = 16

========================================================================
Received Import Request.
  Time since last request: 0.000060 seconds.
  path: Assets/Kit/Enviroment/enviroment tower defense/Models/OBJ format/enemy-ufo-beam.obj
  artifactKey: Guid(54267bd60c7114c44b08814d6f81b482) Importer(815301076,1909f56bfc062723c751e8b465ee728b)
Start importing Assets/Kit/Enviroment/enviroment tower defense/Models/OBJ format/enemy-ufo-beam.obj using Guid(54267bd60c7114c44b08814d6f81b482) Importer(815301076,1909f56bfc062723c751e8b465ee728b) (PreviewImporter) -> (artifact id: 'e2820d70c1ebbb199f7da94a5f994d14') in 0.0754256 seconds
Number of updated asset objects reloaded before import = 0Number of asset objects unloaded after import = 11

========================================================================
Received Import Request.
  Time since last request: 0.000036 seconds.
  path: Assets/Kit/Enviroment/enviroment tower defense/Models/OBJ format/detail-rocks-large.obj
  artifactKey: Guid(eaa9f45c319598d48a57d943c72bac65) Importer(815301076,1909f56bfc062723c751e8b465ee728b)
Start importing Assets/Kit/Enviroment/enviroment tower defense/Models/OBJ format/detail-rocks-large.obj using Guid(eaa9f45c319598d48a57d943c72bac65) Importer(815301076,1909f56bfc062723c751e8b465ee728b) (PreviewImporter) -> (artifact id: '3e6f1e11a71d00730701fb7576de0714') in 0.0800306 seconds
Number of updated asset objects reloaded before import = 0Number of asset objects unloaded after import = 11

========================================================================
Received Import Request.
  Time since last request: 0.000053 seconds.
  path: Assets/Kit/Enviroment/enviroment tower defense/Models/OBJ format/enemy-ufo-d-weapon.obj
  artifactKey: Guid(7c8b07790c50e4c47a2327ea9b3412ee) Importer(815301076,1909f56bfc062723c751e8b465ee728b)
Start importing Assets/Kit/Enviroment/enviroment tower defense/Models/OBJ format/enemy-ufo-d-weapon.obj using Guid(7c8b07790c50e4c47a2327ea9b3412ee) Importer(815301076,1909f56bfc062723c751e8b465ee728b) (PreviewImporter) -> (artifact id: '26e6f43202bcba20935730befa928768') in 0.097077 seconds
Number of updated asset objects reloaded before import = 0Number of asset objects unloaded after import = 16

========================================================================
Received Import Request.
  Time since last request: 0.000060 seconds.
  path: Assets/Kit/Enviroment/enviroment tower defense/Models/OBJ format/detail-tree.obj
  artifactKey: Guid(56cee7e0acbcca24e96b02192da4789b) Importer(815301076,1909f56bfc062723c751e8b465ee728b)
Start importing Assets/Kit/Enviroment/enviroment tower defense/Models/OBJ format/detail-tree.obj using Guid(56cee7e0acbcca24e96b02192da4789b) Importer(815301076,1909f56bfc062723c751e8b465ee728b) (PreviewImporter) -> (artifact id: '85238e81a7dd579546b90a17f8886a15') in 0.0896889 seconds
Number of updated asset objects reloaded before import = 0Number of asset objects unloaded after import = 11

========================================================================
Received Import Request.
  Time since last request: 0.000066 seconds.
  path: Assets/Kit/Enviroment/enviroment tower defense/Models/OBJ format/enemy-ufo-b-weapon.obj
  artifactKey: Guid(8f891ed723c3980408c32fe835a98ee7) Importer(815301076,1909f56bfc062723c751e8b465ee728b)
Start importing Assets/Kit/Enviroment/enviroment tower defense/Models/OBJ format/enemy-ufo-b-weapon.obj using Guid(8f891ed723c3980408c32fe835a98ee7) Importer(815301076,1909f56bfc062723c751e8b465ee728b) (PreviewImporter) -> (artifact id: '9d3be8a33e5bd93bbc4fba5e1bb81195') in 0.1072994 seconds
Number of updated asset objects reloaded before import = 0Number of asset objects unloaded after import = 16

========================================================================
Received Import Request.
  Time since last request: 0.000049 seconds.
  path: Assets/Kit/Enviroment/enviroment tower defense/Models/OBJ format/detail-dirt-large.obj
  artifactKey: Guid(c0b6200352a15cd4caccb1e87bf7e9f4) Importer(815301076,1909f56bfc062723c751e8b465ee728b)
Start importing Assets/Kit/Enviroment/enviroment tower defense/Models/OBJ format/detail-dirt-large.obj using Guid(c0b6200352a15cd4caccb1e87bf7e9f4) Importer(815301076,1909f56bfc062723c751e8b465ee728b) (PreviewImporter) -> (artifact id: 'e9597bb27c53e26b9ec6f387afb3b553') in 0.0823491 seconds
Number of updated asset objects reloaded before import = 0Number of asset objects unloaded after import = 11

========================================================================
Received Import Request.
  Time since last request: 0.000064 seconds.
  path: Assets/Kit/Enviroment/enviroment tower defense/Models/OBJ format/detail-rocks.obj
  artifactKey: Guid(24fc0991659455842b2f5af0dd455d7f) Importer(815301076,1909f56bfc062723c751e8b465ee728b)
Start importing Assets/Kit/Enviroment/enviroment tower defense/Models/OBJ format/detail-rocks.obj using Guid(24fc0991659455842b2f5af0dd455d7f) Importer(815301076,1909f56bfc062723c751e8b465ee728b) (PreviewImporter) -> (artifact id: '7547cc077e8eebc0df99ac8cb0c06f1a') in 0.086021 seconds
Number of updated asset objects reloaded before import = 0Number of asset objects unloaded after import = 11

========================================================================
Received Import Request.
  Time since last request: 3.054068 seconds.
  path: Assets/Kit/Enviroment/enviroment tower defense/Models/OBJ format/selection-a.obj
  artifactKey: Guid(343a2c5aa5bf50b4998e4e18f6a45487) Importer(815301076,1909f56bfc062723c751e8b465ee728b)
Start importing Assets/Kit/Enviroment/enviroment tower defense/Models/OBJ format/selection-a.obj using Guid(343a2c5aa5bf50b4998e4e18f6a45487) Importer(815301076,1909f56bfc062723c751e8b465ee728b) (PreviewImporter) -> (artifact id: '98da024ab0abcfacc3a2a03a2cdcec3e') in 0.2932782 seconds
Number of updated asset objects reloaded before import = 0Number of asset objects unloaded after import = 11

========================================================================
Received Import Request.
  Time since last request: 0.000050 seconds.
  path: Assets/Kit/Enviroment/enviroment tower defense/Models/OBJ format/snow-detail-tree.obj
  artifactKey: Guid(d42a5df576c619142927ac7ae64e4d61) Importer(815301076,1909f56bfc062723c751e8b465ee728b)
Start importing Assets/Kit/Enviroment/enviroment tower defense/Models/OBJ format/snow-detail-tree.obj using Guid(d42a5df576c619142927ac7ae64e4d61) Importer(815301076,1909f56bfc062723c751e8b465ee728b) (PreviewImporter) -> (artifact id: '5f3a842cebb01ede2b59499131c2dba6') in 0.2766694 seconds
Number of updated asset objects reloaded before import = 0Number of asset objects unloaded after import = 11

========================================================================
Received Import Request.
  Time since last request: 0.000072 seconds.
  path: Assets/Kit/Enviroment/enviroment tower defense/Models/OBJ format/snow-detail-crystal-large.obj
  artifactKey: Guid(6dc15f776392d784aa08dfb84e63c51e) Importer(815301076,1909f56bfc062723c751e8b465ee728b)
Start importing Assets/Kit/Enviroment/enviroment tower defense/Models/OBJ format/snow-detail-crystal-large.obj using Guid(6dc15f776392d784aa08dfb84e63c51e) Importer(815301076,1909f56bfc062723c751e8b465ee728b) (PreviewImporter) -> (artifact id: 'cafdefcd70e2806d0f318b27b0b76a2a') in 0.1846661 seconds
Number of updated asset objects reloaded before import = 0Number of asset objects unloaded after import = 11

========================================================================
Received Import Request.
  Time since last request: 0.000053 seconds.
  path: Assets/Kit/Enviroment/enviroment tower defense/Models/OBJ format/snow-detail-crystal.obj
  artifactKey: Guid(c0b00507820266f4589aa835d852d23b) Importer(815301076,1909f56bfc062723c751e8b465ee728b)
Start importing Assets/Kit/Enviroment/enviroment tower defense/Models/OBJ format/snow-detail-crystal.obj using Guid(c0b00507820266f4589aa835d852d23b) Importer(815301076,1909f56bfc062723c751e8b465ee728b) (PreviewImporter) -> (artifact id: '80e97d22b5cecf10643fd482c3eebc43') in 0.2028828 seconds
Number of updated asset objects reloaded before import = 0Number of asset objects unloaded after import = 11

========================================================================
Received Import Request.
  Time since last request: 0.247662 seconds.
  path: Assets/Kit/Enviroment/enviroment tower defense/Models/OBJ format/snow-detail-tree-large.obj
  artifactKey: Guid(b77619f4b94480043b606650e1f0a876) Importer(815301076,1909f56bfc062723c751e8b465ee728b)
Start importing Assets/Kit/Enviroment/enviroment tower defense/Models/OBJ format/snow-detail-tree-large.obj using Guid(b77619f4b94480043b606650e1f0a876) Importer(815301076,1909f56bfc062723c751e8b465ee728b) (PreviewImporter) -> (artifact id: 'a97bb1a618568d4e2dd4b7524e0780d8') in 0.1776754 seconds
Number of updated asset objects reloaded before import = 0Number of asset objects unloaded after import = 11

========================================================================
Received Import Request.
  Time since last request: 0.000035 seconds.
  path: Assets/Kit/Enviroment/enviroment tower defense/Models/OBJ format/snow-tile-crossing.obj
  artifactKey: Guid(d7d2f61497a15b148aadc954d8724d54) Importer(815301076,1909f56bfc062723c751e8b465ee728b)
Start importing Assets/Kit/Enviroment/enviroment tower defense/Models/OBJ format/snow-tile-crossing.obj using Guid(d7d2f61497a15b148aadc954d8724d54) Importer(815301076,1909f56bfc062723c751e8b465ee728b) (PreviewImporter) -> (artifact id: 'f9f646bd1a838a774dcc92e6cc32ec22') in 0.2129404 seconds
Number of updated asset objects reloaded before import = 0Number of asset objects unloaded after import = 11

========================================================================
Received Import Request.
  Time since last request: 0.000056 seconds.
  path: Assets/Kit/Enviroment/enviroment tower defense/Models/OBJ format/snow-tile-crystal.obj
  artifactKey: Guid(fb92c97bd8e46eb4a9f07dd583bca283) Importer(815301076,1909f56bfc062723c751e8b465ee728b)
Start importing Assets/Kit/Enviroment/enviroment tower defense/Models/OBJ format/snow-tile-crystal.obj using Guid(fb92c97bd8e46eb4a9f07dd583bca283) Importer(815301076,1909f56bfc062723c751e8b465ee728b) (PreviewImporter) -> (artifact id: 'ba15ec2c1b246040b57af33ba9e3939d') in 0.1749873 seconds
Number of updated asset objects reloaded before import = 0Number of asset objects unloaded after import = 11

========================================================================
Received Import Request.
  Time since last request: 0.000035 seconds.
  path: Assets/Kit/Enviroment/enviroment tower defense/Models/OBJ format/snow-tile-corner-inner.obj
  artifactKey: Guid(51361481f6cbd8a458081b7864324edb) Importer(815301076,1909f56bfc062723c751e8b465ee728b)
Start importing Assets/Kit/Enviroment/enviroment tower defense/Models/OBJ format/snow-tile-corner-inner.obj using Guid(51361481f6cbd8a458081b7864324edb) Importer(815301076,1909f56bfc062723c751e8b465ee728b) (PreviewImporter) -> (artifact id: '9e28fe65cbe2e1f725f533c9900bb3d5') in 0.166618 seconds
Number of updated asset objects reloaded before import = 0Number of asset objects unloaded after import = 11

========================================================================
Received Import Request.
  Time since last request: 0.000070 seconds.
  path: Assets/Kit/Enviroment/enviroment tower defense/Models/OBJ format/snow-tile-corner-square.obj
  artifactKey: Guid(14766228904e7bc41b3a443753054b7d) Importer(815301076,1909f56bfc062723c751e8b465ee728b)
Start importing Assets/Kit/Enviroment/enviroment tower defense/Models/OBJ format/snow-tile-corner-square.obj using Guid(14766228904e7bc41b3a443753054b7d) Importer(815301076,1909f56bfc062723c751e8b465ee728b) (PreviewImporter) -> (artifact id: 'e97601c7c37aa164419cddd257c6ddde') in 0.1114887 seconds
Number of updated asset objects reloaded before import = 0Number of asset objects unloaded after import = 11

========================================================================
Received Import Request.
  Time since last request: 0.000047 seconds.
  path: Assets/Kit/Enviroment/enviroment tower defense/Models/OBJ format/snow-tile-corner-round.obj
  artifactKey: Guid(d67cbd3c30381a34f8e5793da3fd0127) Importer(815301076,1909f56bfc062723c751e8b465ee728b)
Start importing Assets/Kit/Enviroment/enviroment tower defense/Models/OBJ format/snow-tile-corner-round.obj using Guid(d67cbd3c30381a34f8e5793da3fd0127) Importer(815301076,1909f56bfc062723c751e8b465ee728b) (PreviewImporter) -> (artifact id: '09d023f23b624c188afd01fb8d934644') in 0.2111802 seconds
Number of updated asset objects reloaded before import = 0Number of asset objects unloaded after import = 11

========================================================================
Received Import Request.
  Time since last request: 3.825844 seconds.
  path: Assets/Kit/Enviroment/enviroment tower defense/Models/FBX format
  artifactKey: Guid(d3bf3807165f455498bf2ce2c0811c70) Importer(815301076,1909f56bfc062723c751e8b465ee728b)
Start importing Assets/Kit/Enviroment/enviroment tower defense/Models/FBX format using Guid(d3bf3807165f455498bf2ce2c0811c70) Importer(815301076,1909f56bfc062723c751e8b465ee728b) (PreviewImporter) -> (artifact id: '97a15c7a2c87a92f9ff761b626415c9b') in 0.0008759 seconds
Number of updated asset objects reloaded before import = 0Number of asset objects unloaded after import = 0

========================================================================
Received Import Request.
  Time since last request: 0.919633 seconds.
  path: Assets/Kit/Enviroment/enviroment tower defense/Models/FBX format/detail-crystal.fbx
  artifactKey: Guid(8f8c0ff52fa28654280284b2e5781b97) Importer(815301076,1909f56bfc062723c751e8b465ee728b)
Start importing Assets/Kit/Enviroment/enviroment tower defense/Models/FBX format/detail-crystal.fbx using Guid(8f8c0ff52fa28654280284b2e5781b97) Importer(815301076,1909f56bfc062723c751e8b465ee728b) (PreviewImporter) -> (artifact id: '4919cbf7f2fb3f9011dccd06d1427d9b') in 0.0509971 seconds
Number of updated asset objects reloaded before import = 0Number of asset objects unloaded after import = 9

========================================================================
Received Import Request.
  Time since last request: 0.000062 seconds.
  path: Assets/Kit/Enviroment/enviroment tower defense/Models/FBX format/enemy-ufo-a-weapon.fbx
  artifactKey: Guid(9787b011976848b499bbeb38569e5853) Importer(815301076,1909f56bfc062723c751e8b465ee728b)
Start importing Assets/Kit/Enviroment/enviroment tower defense/Models/FBX format/enemy-ufo-a-weapon.fbx using Guid(9787b011976848b499bbeb38569e5853) Importer(815301076,1909f56bfc062723c751e8b465ee728b) (PreviewImporter) -> (artifact id: '245a6e63d5d85c01d4207afe3654d319') in 0.0634181 seconds
Number of updated asset objects reloaded before import = 0Number of asset objects unloaded after import = 14

========================================================================
Received Import Request.
  Time since last request: 0.000048 seconds.
  path: Assets/Kit/Enviroment/enviroment tower defense/Models/FBX format/snow-tile-bump.fbx
  artifactKey: Guid(f844a8143e198f746b3898695b1da679) Importer(815301076,1909f56bfc062723c751e8b465ee728b)
Start importing Assets/Kit/Enviroment/enviroment tower defense/Models/FBX format/snow-tile-bump.fbx using Guid(f844a8143e198f746b3898695b1da679) Importer(815301076,1909f56bfc062723c751e8b465ee728b) (PreviewImporter) -> (artifact id: '2ec527bb6a12101207bb78b6a9b61bff') in 0.0698661 seconds
Number of updated asset objects reloaded before import = 0Number of asset objects unloaded after import = 9

========================================================================
Received Import Request.
  Time since last request: 0.000050 seconds.
  path: Assets/Kit/Enviroment/enviroment tower defense/Models/FBX format/snow-detail-crystal-large.fbx
  artifactKey: Guid(d3dd18a6242230d41944c1a7bd780724) Importer(815301076,1909f56bfc062723c751e8b465ee728b)
Start importing Assets/Kit/Enviroment/enviroment tower defense/Models/FBX format/snow-detail-crystal-large.fbx using Guid(d3dd18a6242230d41944c1a7bd780724) Importer(815301076,1909f56bfc062723c751e8b465ee728b) (PreviewImporter) -> (artifact id: '154021c45bfd309f77d2cddb766aa77e') in 0.052732 seconds
Number of updated asset objects reloaded before import = 0Number of asset objects unloaded after import = 9

========================================================================
Received Import Request.
  Time since last request: 0.000033 seconds.
  path: Assets/Kit/Enviroment/enviroment tower defense/Models/FBX format/enemy-ufo-b-weapon.fbx
  artifactKey: Guid(6055c64eb6ef2624eac1fdff4dce9872) Importer(815301076,1909f56bfc062723c751e8b465ee728b)
Start importing Assets/Kit/Enviroment/enviroment tower defense/Models/FBX format/enemy-ufo-b-weapon.fbx using Guid(6055c64eb6ef2624eac1fdff4dce9872) Importer(815301076,1909f56bfc062723c751e8b465ee728b) (PreviewImporter) -> (artifact id: '2244cd905abbd2ac9afdce91352b447e') in 0.0758947 seconds
Number of updated asset objects reloaded before import = 0Number of asset objects unloaded after import = 14

========================================================================
Received Import Request.
  Time since last request: 0.000042 seconds.
  path: Assets/Kit/Enviroment/enviroment tower defense/Models/FBX format/enemy-ufo-beam.fbx
  artifactKey: Guid(71401f55c2bb9d842a266305c03d7da4) Importer(815301076,1909f56bfc062723c751e8b465ee728b)
Start importing Assets/Kit/Enviroment/enviroment tower defense/Models/FBX format/enemy-ufo-beam.fbx using Guid(71401f55c2bb9d842a266305c03d7da4) Importer(815301076,1909f56bfc062723c751e8b465ee728b) (PreviewImporter) -> (artifact id: '711d8e2840e1c06f038b7fb39349fb35') in 0.0532218 seconds
Number of updated asset objects reloaded before import = 0Number of asset objects unloaded after import = 9

========================================================================
Received Import Request.
  Time since last request: 0.000052 seconds.
  path: Assets/Kit/Enviroment/enviroment tower defense/Models/FBX format/snow-detail-dirt.fbx
  artifactKey: Guid(5c47bae09cd219d4c8c13d22a26d1286) Importer(815301076,1909f56bfc062723c751e8b465ee728b)
Start importing Assets/Kit/Enviroment/enviroment tower defense/Models/FBX format/snow-detail-dirt.fbx using Guid(5c47bae09cd219d4c8c13d22a26d1286) Importer(815301076,1909f56bfc062723c751e8b465ee728b) (PreviewImporter) -> (artifact id: '8650e354cc92c669655ffee4f197e9f9') in 0.0678147 seconds
Number of updated asset objects reloaded before import = 0Number of asset objects unloaded after import = 9

========================================================================
Received Import Request.
  Time since last request: 0.000045 seconds.
  path: Assets/Kit/Enviroment/enviroment tower defense/Models/FBX format/snow-detail-tree-large.fbx
  artifactKey: Guid(766d69e76bcb32344b4fc9bcfb0010c5) Importer(815301076,1909f56bfc062723c751e8b465ee728b)
Start importing Assets/Kit/Enviroment/enviroment tower defense/Models/FBX format/snow-detail-tree-large.fbx using Guid(766d69e76bcb32344b4fc9bcfb0010c5) Importer(815301076,1909f56bfc062723c751e8b465ee728b) (PreviewImporter) -> (artifact id: 'd53fc9e01a3f59de2277dba0c3a1feea') in 0.0572067 seconds
Number of updated asset objects reloaded before import = 0Number of asset objects unloaded after import = 9

========================================================================
Received Import Request.
  Time since last request: 0.000052 seconds.
  path: Assets/Kit/Enviroment/enviroment tower defense/Models/FBX format/snow-tile.fbx
  artifactKey: Guid(b593b0f5e19562f48bd60501c9d1b437) Importer(815301076,1909f56bfc062723c751e8b465ee728b)
Start importing Assets/Kit/Enviroment/enviroment tower defense/Models/FBX format/snow-tile.fbx using Guid(b593b0f5e19562f48bd60501c9d1b437) Importer(815301076,1909f56bfc062723c751e8b465ee728b) (PreviewImporter) -> (artifact id: '10f1930ca7e270a6a26cf808724f1784') in 0.075485 seconds
Number of updated asset objects reloaded before import = 0Number of asset objects unloaded after import = 9

========================================================================
Received Import Request.
  Time since last request: 0.000053 seconds.
  path: Assets/Kit/Enviroment/enviroment tower defense/Models/FBX format/detail-tree-large.fbx
  artifactKey: Guid(3e8cd9d4ff2859b47905ede42e7fac88) Importer(815301076,1909f56bfc062723c751e8b465ee728b)
Start importing Assets/Kit/Enviroment/enviroment tower defense/Models/FBX format/detail-tree-large.fbx using Guid(3e8cd9d4ff2859b47905ede42e7fac88) Importer(815301076,1909f56bfc062723c751e8b465ee728b) (PreviewImporter) -> (artifact id: '3c0c7aeceab17250a71098fe31996371') in 0.0889985 seconds
Number of updated asset objects reloaded before import = 0Number of asset objects unloaded after import = 9

========================================================================
Received Import Request.
  Time since last request: 0.000040 seconds.
  path: Assets/Kit/Enviroment/enviroment tower defense/Models/FBX format/selection-b.fbx
  artifactKey: Guid(7dcb93a603f466b4a90d50189d8446a1) Importer(815301076,1909f56bfc062723c751e8b465ee728b)
Start importing Assets/Kit/Enviroment/enviroment tower defense/Models/FBX format/selection-b.fbx using Guid(7dcb93a603f466b4a90d50189d8446a1) Importer(815301076,1909f56bfc062723c751e8b465ee728b) (PreviewImporter) -> (artifact id: '8341fd7a8bdc41ea584bc2eece89b2a8') in 0.0527633 seconds
Number of updated asset objects reloaded before import = 0Number of asset objects unloaded after import = 9

========================================================================
Received Import Request.
  Time since last request: 0.000037 seconds.
  path: Assets/Kit/Enviroment/enviroment tower defense/Models/FBX format/enemy-ufo-d.fbx
  artifactKey: Guid(f427357f54b35374a857e4a6df48cb1c) Importer(815301076,1909f56bfc062723c751e8b465ee728b)
Start importing Assets/Kit/Enviroment/enviroment tower defense/Models/FBX format/enemy-ufo-d.fbx using Guid(f427357f54b35374a857e4a6df48cb1c) Importer(815301076,1909f56bfc062723c751e8b465ee728b) (PreviewImporter) -> (artifact id: '738836280d90f93f1193c3ad3dbd5312') in 0.2550315 seconds
Number of updated asset objects reloaded before import = 0Number of asset objects unloaded after import = 9

========================================================================
Received Import Request.
  Time since last request: 9.387253 seconds.
  path: Assets/Kit/Enviroment/enviroment tower defense/Models/OBJ format/Textures
  artifactKey: Guid(45a3ac741da6d824abc3d766be18e508) Importer(815301076,1909f56bfc062723c751e8b465ee728b)
Start importing Assets/Kit/Enviroment/enviroment tower defense/Models/OBJ format/Textures using Guid(45a3ac741da6d824abc3d766be18e508) Importer(815301076,1909f56bfc062723c751e8b465ee728b) (PreviewImporter) -> (artifact id: '4051f003a327141236695122ebb2d869') in 0.000732 seconds
Number of updated asset objects reloaded before import = 0Number of asset objects unloaded after import = 0

========================================================================
Received Import Request.
  Time since last request: 10.202389 seconds.
  path: Assets/Kit/Enviroment/enviroment tower defense/Models/Textures
  artifactKey: Guid(b9ead70586323ec43a8a10861f050d2c) Importer(815301076,1909f56bfc062723c751e8b465ee728b)
Start importing Assets/Kit/Enviroment/enviroment tower defense/Models/Textures using Guid(b9ead70586323ec43a8a10861f050d2c) Importer(815301076,1909f56bfc062723c751e8b465ee728b) (PreviewImporter) -> (artifact id: 'e7b902ff127f1ad575f8dd9dacaf1d78') in 0.000817 seconds
Number of updated asset objects reloaded before import = 0Number of asset objects unloaded after import = 0

========================================================================
Received Import Request.
  Time since last request: 0.035549 seconds.
  path: Assets/Kit/Enviroment/enviroment tower defense/Models/Textures/variation-a.png
  artifactKey: Guid(32d5187523d5a7b4fa6ebd4f77261af2) Importer(815301076,1909f56bfc062723c751e8b465ee728b)
Start importing Assets/Kit/Enviroment/enviroment tower defense/Models/Textures/variation-a.png using Guid(32d5187523d5a7b4fa6ebd4f77261af2) Importer(815301076,1909f56bfc062723c751e8b465ee728b) (PreviewImporter) -> (artifact id: '39800fed1d9d3ff542e0850e06769379') in 0.0233307 seconds
Number of updated asset objects reloaded before import = 0Number of asset objects unloaded after import = 2

========================================================================
Received Import Request.
  Time since last request: 2.468530 seconds.
  path: Assets/Kit/Enviroment/enviroment tower defense/Models/FBX format/Textures
  artifactKey: Guid(08b7547e7e8a5dd438b63ec73bc3f392) Importer(815301076,1909f56bfc062723c751e8b465ee728b)
Start importing Assets/Kit/Enviroment/enviroment tower defense/Models/FBX format/Textures using Guid(08b7547e7e8a5dd438b63ec73bc3f392) Importer(815301076,1909f56bfc062723c751e8b465ee728b) (PreviewImporter) -> (artifact id: '35261c0268e96abee8b29b7575ab5c99') in 0.0007892 seconds
Number of updated asset objects reloaded before import = 0Number of asset objects unloaded after import = 0

========================================================================
Received Import Request.
  Time since last request: 0.044807 seconds.
  path: Assets/Kit/Enviroment/enviroment tower defense/Models/FBX format/Textures/colormap.png
  artifactKey: Guid(ded992c7208cb2444ba4011e3ee29e30) Importer(815301076,1909f56bfc062723c751e8b465ee728b)
Start importing Assets/Kit/Enviroment/enviroment tower defense/Models/FBX format/Textures/colormap.png using Guid(ded992c7208cb2444ba4011e3ee29e30) Importer(815301076,1909f56bfc062723c751e8b465ee728b) (PreviewImporter) -> (artifact id: '17c94b5a8e558f0902f24471d8dd417b') in 0.0218538 seconds
Number of updated asset objects reloaded before import = 0Number of asset objects unloaded after import = 2

========================================================================
Received Import Request.
  Time since last request: 9.147903 seconds.
  path: Assets/Kit/Enviroment/enviroment tower defense/Models/FBX format/detail-crystal.fbx
  artifactKey: Guid(8f8c0ff52fa28654280284b2e5781b97) Importer(815301076,1909f56bfc062723c751e8b465ee728b)
Start importing Assets/Kit/Enviroment/enviroment tower defense/Models/FBX format/detail-crystal.fbx using Guid(8f8c0ff52fa28654280284b2e5781b97) Importer(815301076,1909f56bfc062723c751e8b465ee728b) (PreviewImporter) -> (artifact id: '61f0fd9704eb1e5d5a0bcc4fa4271040') in 0.0521159 seconds
Number of updated asset objects reloaded before import = 0Number of asset objects unloaded after import = 9

========================================================================
Received Import Request.
  Time since last request: 0.000033 seconds.
  path: Assets/Kit/Enviroment/enviroment tower defense/Models/FBX format/selection-a.fbx
  artifactKey: Guid(d94386ea813569f4da466c6ca5f99460) Importer(815301076,1909f56bfc062723c751e8b465ee728b)
Start importing Assets/Kit/Enviroment/enviroment tower defense/Models/FBX format/selection-a.fbx using Guid(d94386ea813569f4da466c6ca5f99460) Importer(815301076,1909f56bfc062723c751e8b465ee728b) (PreviewImporter) -> (artifact id: '311039ebd4152e65c6c870a6144c51d8') in 0.3045437 seconds
Number of updated asset objects reloaded before import = 0Number of asset objects unloaded after import = 9

========================================================================
Received Import Request.
  Time since last request: 0.000046 seconds.
  path: Assets/Kit/Enviroment/enviroment tower defense/Models/FBX format/enemy-ufo-beam.fbx
  artifactKey: Guid(71401f55c2bb9d842a266305c03d7da4) Importer(815301076,1909f56bfc062723c751e8b465ee728b)
Start importing Assets/Kit/Enviroment/enviroment tower defense/Models/FBX format/enemy-ufo-beam.fbx using Guid(71401f55c2bb9d842a266305c03d7da4) Importer(815301076,1909f56bfc062723c751e8b465ee728b) (PreviewImporter) -> (artifact id: '17faca4199bda05c3089514aa06579e6') in 0.0823874 seconds
Number of updated asset objects reloaded before import = 0Number of asset objects unloaded after import = 9

========================================================================
Received Import Request.
  Time since last request: 0.000051 seconds.
  path: Assets/Kit/Enviroment/enviroment tower defense/Models/FBX format/detail-tree.fbx
  artifactKey: Guid(6fb437aef45d97141878ebcac4f952f7) Importer(815301076,1909f56bfc062723c751e8b465ee728b)
Start importing Assets/Kit/Enviroment/enviroment tower defense/Models/FBX format/detail-tree.fbx using Guid(6fb437aef45d97141878ebcac4f952f7) Importer(815301076,1909f56bfc062723c751e8b465ee728b) (PreviewImporter) -> (artifact id: '96f27ff8b3243e285c72899167f26c9c') in 0.1362613 seconds
Number of updated asset objects reloaded before import = 0Number of asset objects unloaded after import = 9

========================================================================
Received Import Request.
  Time since last request: 0.000033 seconds.
  path: Assets/Kit/Enviroment/enviroment tower defense/Models/FBX format/snow-detail-tree.fbx
  artifactKey: Guid(ca6b0c5e7d4872f4690abb54db12647b) Importer(815301076,1909f56bfc062723c751e8b465ee728b)
Start importing Assets/Kit/Enviroment/enviroment tower defense/Models/FBX format/snow-detail-tree.fbx using Guid(ca6b0c5e7d4872f4690abb54db12647b) Importer(815301076,1909f56bfc062723c751e8b465ee728b) (PreviewImporter) -> (artifact id: '5bdca4b56943ae6501b1bb69827aebdc') in 0.2166563 seconds
Number of updated asset objects reloaded before import = 0Number of asset objects unloaded after import = 9

========================================================================
Received Import Request.
  Time since last request: 0.000039 seconds.
  path: Assets/Kit/Enviroment/enviroment tower defense/Models/FBX format/snow-tile-corner-outer.fbx
  artifactKey: Guid(2919941cea3b07b479e3c2e2efc48bcd) Importer(815301076,1909f56bfc062723c751e8b465ee728b)
Start importing Assets/Kit/Enviroment/enviroment tower defense/Models/FBX format/snow-tile-corner-outer.fbx using Guid(2919941cea3b07b479e3c2e2efc48bcd) Importer(815301076,1909f56bfc062723c751e8b465ee728b) (PreviewImporter) -> (artifact id: '251f71ef25f95fe51d4d699f5695d477') in 0.2476633 seconds
Number of updated asset objects reloaded before import = 0Number of asset objects unloaded after import = 9

========================================================================
Received Import Request.
  Time since last request: 0.000049 seconds.
  path: Assets/Kit/Enviroment/enviroment tower defense/Models/FBX format/snow-tile-corner-square.fbx
  artifactKey: Guid(0af6c005a6b113c46a311926934d8fa0) Importer(815301076,1909f56bfc062723c751e8b465ee728b)
Start importing Assets/Kit/Enviroment/enviroment tower defense/Models/FBX format/snow-tile-corner-square.fbx using Guid(0af6c005a6b113c46a311926934d8fa0) Importer(815301076,1909f56bfc062723c751e8b465ee728b) (PreviewImporter) -> (artifact id: '1e57eadc64f90470ada03a3535b2446a') in 0.1364442 seconds
Number of updated asset objects reloaded before import = 0Number of asset objects unloaded after import = 9

========================================================================
Received Import Request.
  Time since last request: 16.323322 seconds.
  path: Assets/Kit/Enviroment/enviroment tower defense/Models/FBX format/snow-tile-dirt.fbx
  artifactKey: Guid(2a54183b307781d4ea0dff04ae0c1cae) Importer(815301076,1909f56bfc062723c751e8b465ee728b)
Start importing Assets/Kit/Enviroment/enviroment tower defense/Models/FBX format/snow-tile-dirt.fbx using Guid(2a54183b307781d4ea0dff04ae0c1cae) Importer(815301076,1909f56bfc062723c751e8b465ee728b) (PreviewImporter) -> (artifact id: '27c9a0471ddd93b8f635266c286d9427') in 0.1015648 seconds
Number of updated asset objects reloaded before import = 0Number of asset objects unloaded after import = 9

========================================================================
Received Import Request.
  Time since last request: 0.000030 seconds.
  path: Assets/Kit/Enviroment/enviroment tower defense/Models/FBX format/snow-tile-river-transition.fbx
  artifactKey: Guid(88eac952f537b0841ad0fbeec1baff5a) Importer(815301076,1909f56bfc062723c751e8b465ee728b)
Start importing Assets/Kit/Enviroment/enviroment tower defense/Models/FBX format/snow-tile-river-transition.fbx using Guid(88eac952f537b0841ad0fbeec1baff5a) Importer(815301076,1909f56bfc062723c751e8b465ee728b) (PreviewImporter) -> (artifact id: '415828be626859f636cd902da3196845') in 0.0966761 seconds
Number of updated asset objects reloaded before import = 0Number of asset objects unloaded after import = 9

========================================================================
Received Import Request.
  Time since last request: 0.000054 seconds.
  path: Assets/Kit/Enviroment/enviroment tower defense/Models/FBX format/snow-tile-river-waterfall.fbx
  artifactKey: Guid(8415156001510d3469e76b21c71c25e7) Importer(815301076,1909f56bfc062723c751e8b465ee728b)
Start importing Assets/Kit/Enviroment/enviroment tower defense/Models/FBX format/snow-tile-river-waterfall.fbx using Guid(8415156001510d3469e76b21c71c25e7) Importer(815301076,1909f56bfc062723c751e8b465ee728b) (PreviewImporter) -> (artifact id: '06e49d43f06c05da6f97a9fd8e0e2f83') in 0.0503721 seconds
Number of updated asset objects reloaded before import = 0Number of asset objects unloaded after import = 9

========================================================================
Received Import Request.
  Time since last request: 0.000032 seconds.
  path: Assets/Kit/Enviroment/enviroment tower defense/Models/FBX format/snow-tile-tree-double.fbx
  artifactKey: Guid(4fbd8ae7e0037ce418d84b2fbb819133) Importer(815301076,1909f56bfc062723c751e8b465ee728b)
Start importing Assets/Kit/Enviroment/enviroment tower defense/Models/FBX format/snow-tile-tree-double.fbx using Guid(4fbd8ae7e0037ce418d84b2fbb819133) Importer(815301076,1909f56bfc062723c751e8b465ee728b) (PreviewImporter) -> (artifact id: '2c8e4d16e030634ef0ae5e02ee051c71') in 0.0708332 seconds
Number of updated asset objects reloaded before import = 0Number of asset objects unloaded after import = 9

========================================================================
Received Import Request.
  Time since last request: 0.000039 seconds.
  path: Assets/Kit/Enviroment/enviroment tower defense/Models/FBX format/snow-tile-straight-slope.fbx
  artifactKey: Guid(3b5811286c52e7849a86997fd29ee015) Importer(815301076,1909f56bfc062723c751e8b465ee728b)
Start importing Assets/Kit/Enviroment/enviroment tower defense/Models/FBX format/snow-tile-straight-slope.fbx using Guid(3b5811286c52e7849a86997fd29ee015) Importer(815301076,1909f56bfc062723c751e8b465ee728b) (PreviewImporter) -> (artifact id: '2cbba77bc8435d9fa5906815eab70c57') in 0.0771348 seconds
Number of updated asset objects reloaded before import = 0Number of asset objects unloaded after import = 9

========================================================================
Received Import Request.
  Time since last request: 0.000058 seconds.
  path: Assets/Kit/Enviroment/enviroment tower defense/Models/FBX format/tile-corner-round.fbx
  artifactKey: Guid(9fd27879ea7abc8419099abc5e6ffc1c) Importer(815301076,1909f56bfc062723c751e8b465ee728b)
Start importing Assets/Kit/Enviroment/enviroment tower defense/Models/FBX format/tile-corner-round.fbx using Guid(9fd27879ea7abc8419099abc5e6ffc1c) Importer(815301076,1909f56bfc062723c751e8b465ee728b) (PreviewImporter) -> (artifact id: '5ab29038e58d66048a26100e56cde4be') in 0.1831477 seconds
Number of updated asset objects reloaded before import = 0Number of asset objects unloaded after import = 9

========================================================================
Received Import Request.
  Time since last request: 0.000047 seconds.
  path: Assets/Kit/Enviroment/enviroment tower defense/Models/FBX format/tile-rock.fbx
  artifactKey: Guid(b3b197cc2912ede429c05e16c2d9707d) Importer(815301076,1909f56bfc062723c751e8b465ee728b)
Start importing Assets/Kit/Enviroment/enviroment tower defense/Models/FBX format/tile-rock.fbx using Guid(b3b197cc2912ede429c05e16c2d9707d) Importer(815301076,1909f56bfc062723c751e8b465ee728b) (PreviewImporter) -> (artifact id: 'ac96bf95a1908e803fd2a84b9b1cd365') in 0.108674 seconds
Number of updated asset objects reloaded before import = 0Number of asset objects unloaded after import = 9

========================================================================
Received Import Request.
  Time since last request: 0.000127 seconds.
  path: Assets/Kit/Enviroment/enviroment tower defense/Models/FBX format/tower-round-bottom-a.fbx
  artifactKey: Guid(a6133cf893e529643ba40c35413259f6) Importer(815301076,1909f56bfc062723c751e8b465ee728b)
Start importing Assets/Kit/Enviroment/enviroment tower defense/Models/FBX format/tower-round-bottom-a.fbx using Guid(a6133cf893e529643ba40c35413259f6) Importer(815301076,1909f56bfc062723c751e8b465ee728b) (PreviewImporter) -> (artifact id: '15f192ee694eaa6a711e1e98d85404eb') in 0.0891051 seconds
Number of updated asset objects reloaded before import = 0Number of asset objects unloaded after import = 9

========================================================================
Received Import Request.
  Time since last request: 0.000035 seconds.
  path: Assets/Kit/Enviroment/enviroment tower defense/Models/FBX format/tile-transition.fbx
  artifactKey: Guid(b46839c07566ad1428c5f7fee9441e85) Importer(815301076,1909f56bfc062723c751e8b465ee728b)
Start importing Assets/Kit/Enviroment/enviroment tower defense/Models/FBX format/tile-transition.fbx using Guid(b46839c07566ad1428c5f7fee9441e85) Importer(815301076,1909f56bfc062723c751e8b465ee728b) (PreviewImporter) -> (artifact id: 'dbc7a6b4f339d0dfcf940ba4d2ec7bba') in 0.0731937 seconds
Number of updated asset objects reloaded before import = 0Number of asset objects unloaded after import = 9

========================================================================
Received Import Request.
  Time since last request: 0.000043 seconds.
  path: Assets/Kit/Enviroment/enviroment tower defense/Models/FBX format/tower-round-middle-c.fbx
  artifactKey: Guid(90df05bf7734897438992c33a3fe5c68) Importer(815301076,1909f56bfc062723c751e8b465ee728b)
Start importing Assets/Kit/Enviroment/enviroment tower defense/Models/FBX format/tower-round-middle-c.fbx using Guid(90df05bf7734897438992c33a3fe5c68) Importer(815301076,1909f56bfc062723c751e8b465ee728b) (PreviewImporter) -> (artifact id: 'c15c5f0b3cb5897f065cb503336b0411') in 0.1080205 seconds
Number of updated asset objects reloaded before import = 0Number of asset objects unloaded after import = 9

========================================================================
Received Import Request.
  Time since last request: 0.000047 seconds.
  path: Assets/Kit/Enviroment/enviroment tower defense/Models/FBX format/tower-square-build-d.fbx
  artifactKey: Guid(787d5ae034e41364e92b013bec482256) Importer(815301076,1909f56bfc062723c751e8b465ee728b)
Start importing Assets/Kit/Enviroment/enviroment tower defense/Models/FBX format/tower-square-build-d.fbx using Guid(787d5ae034e41364e92b013bec482256) Importer(815301076,1909f56bfc062723c751e8b465ee728b) (PreviewImporter) -> (artifact id: 'f3ddfcfedaf485aef80d6084f641c804') in 0.1251102 seconds
Number of updated asset objects reloaded before import = 0Number of asset objects unloaded after import = 9

========================================================================
Received Import Request.
  Time since last request: 0.000036 seconds.
  path: Assets/Kit/Enviroment/enviroment tower defense/Models/FBX format/weapon-ammo-boulder.fbx
  artifactKey: Guid(d935f086265d499408cd181c0c4b754c) Importer(815301076,1909f56bfc062723c751e8b465ee728b)
Start importing Assets/Kit/Enviroment/enviroment tower defense/Models/FBX format/weapon-ammo-boulder.fbx using Guid(d935f086265d499408cd181c0c4b754c) Importer(815301076,1909f56bfc062723c751e8b465ee728b) (PreviewImporter) -> (artifact id: 'ce033378eb0a3341af663714804d5572') in 0.1418199 seconds
Number of updated asset objects reloaded before import = 0Number of asset objects unloaded after import = 9

========================================================================
Received Import Request.
  Time since last request: 0.000035 seconds.
  path: Assets/Kit/Enviroment/enviroment tower defense/Models/FBX format/snow-tile-spawn-round.fbx
  artifactKey: Guid(ac21792b06d19ee449605e4913e4e395) Importer(815301076,1909f56bfc062723c751e8b465ee728b)
Start importing Assets/Kit/Enviroment/enviroment tower defense/Models/FBX format/snow-tile-spawn-round.fbx using Guid(ac21792b06d19ee449605e4913e4e395) Importer(815301076,1909f56bfc062723c751e8b465ee728b) (PreviewImporter) -> (artifact id: 'ea3bf5f1eb6d2315c0b01a35662fcd4e') in 0.1041035 seconds
Number of updated asset objects reloaded before import = 0Number of asset objects unloaded after import = 9

========================================================================
Received Import Request.
  Time since last request: 0.000056 seconds.
  path: Assets/Kit/Enviroment/enviroment tower defense/Models/FBX format/tower-square-top-a.fbx
  artifactKey: Guid(7200082d3776fbf45b15d37cbf3d989c) Importer(815301076,1909f56bfc062723c751e8b465ee728b)
Start importing Assets/Kit/Enviroment/enviroment tower defense/Models/FBX format/tower-square-top-a.fbx using Guid(7200082d3776fbf45b15d37cbf3d989c) Importer(815301076,1909f56bfc062723c751e8b465ee728b) (PreviewImporter) -> (artifact id: '9a9173f15fb6e3aa5ee484600cdff6f4') in 0.2140714 seconds
Number of updated asset objects reloaded before import = 0Number of asset objects unloaded after import = 9

========================================================================
Received Import Request.
  Time since last request: 0.000054 seconds.
  path: Assets/Kit/Enviroment/enviroment tower defense/Models/FBX format/weapon-ammo-arrow.fbx
  artifactKey: Guid(c4d2cb8dbe5d8cc4091de2f94d30025e) Importer(815301076,1909f56bfc062723c751e8b465ee728b)
Start importing Assets/Kit/Enviroment/enviroment tower defense/Models/FBX format/weapon-ammo-arrow.fbx using Guid(c4d2cb8dbe5d8cc4091de2f94d30025e) Importer(815301076,1909f56bfc062723c751e8b465ee728b) (PreviewImporter) -> (artifact id: 'd925ea2aad5f7520285172fbfce5bd0d') in 0.2881827 seconds
Number of updated asset objects reloaded before import = 0Number of asset objects unloaded after import = 9

========================================================================
Received Import Request.
  Time since last request: 0.000064 seconds.
  path: Assets/Kit/Enviroment/enviroment tower defense/Models/FBX format/tile-tree-quad.fbx
  artifactKey: Guid(0d382e3f7fcee1b4ea956b0c108f522c) Importer(815301076,1909f56bfc062723c751e8b465ee728b)
Start importing Assets/Kit/Enviroment/enviroment tower defense/Models/FBX format/tile-tree-quad.fbx using Guid(0d382e3f7fcee1b4ea956b0c108f522c) Importer(815301076,1909f56bfc062723c751e8b465ee728b) (PreviewImporter) -> (artifact id: 'f07e7486a5ba832e0594a410a01b3dde') in 0.0962278 seconds
Number of updated asset objects reloaded before import = 0Number of asset objects unloaded after import = 9

========================================================================
Received Import Request.
  Time since last request: 0.000040 seconds.
  path: Assets/Kit/Enviroment/enviroment tower defense/Models/FBX format/tile-crossing.fbx
  artifactKey: Guid(34099dc0a62b4ab4aa302425ce3bdc37) Importer(815301076,1909f56bfc062723c751e8b465ee728b)
Start importing Assets/Kit/Enviroment/enviroment tower defense/Models/FBX format/tile-crossing.fbx using Guid(34099dc0a62b4ab4aa302425ce3bdc37) Importer(815301076,1909f56bfc062723c751e8b465ee728b) (PreviewImporter) -> (artifact id: '1fb88d0fac878099ee799be67f259cb2') in 0.0950304 seconds
Number of updated asset objects reloaded before import = 0Number of asset objects unloaded after import = 9

========================================================================
Received Import Request.
  Time since last request: 0.000035 seconds.
  path: Assets/Kit/Enviroment/enviroment tower defense/Models/FBX format/tile-river-slope-large.fbx
  artifactKey: Guid(2ae059d97af391b438cc592578168bef) Importer(815301076,1909f56bfc062723c751e8b465ee728b)
Start importing Assets/Kit/Enviroment/enviroment tower defense/Models/FBX format/tile-river-slope-large.fbx using Guid(2ae059d97af391b438cc592578168bef) Importer(815301076,1909f56bfc062723c751e8b465ee728b) (PreviewImporter) -> (artifact id: '2e8db957264f817bfff9981fc61cda7f') in 0.1150867 seconds
Number of updated asset objects reloaded before import = 0Number of asset objects unloaded after import = 9

========================================================================
Received Import Request.
  Time since last request: 0.000049 seconds.
  path: Assets/Kit/Enviroment/enviroment tower defense/Models/FBX format/tower-square-bottom-c.fbx
  artifactKey: Guid(de605116eea52154e9b77a6dfbc2f973) Importer(815301076,1909f56bfc062723c751e8b465ee728b)
Start importing Assets/Kit/Enviroment/enviroment tower defense/Models/FBX format/tower-square-bottom-c.fbx using Guid(de605116eea52154e9b77a6dfbc2f973) Importer(815301076,1909f56bfc062723c751e8b465ee728b) (PreviewImporter) -> (artifact id: 'b23af4852119decf205330c1d222ad67') in 0.2164201 seconds
Number of updated asset objects reloaded before import = 0Number of asset objects unloaded after import = 9

========================================================================
Received Import Request.
  Time since last request: 0.000051 seconds.
  path: Assets/Kit/Enviroment/enviroment tower defense/Models/FBX format/snow-tile-wide-split.fbx
  artifactKey: Guid(86b041db947f09141a15f909c53eed4a) Importer(815301076,1909f56bfc062723c751e8b465ee728b)
Start importing Assets/Kit/Enviroment/enviroment tower defense/Models/FBX format/snow-tile-wide-split.fbx using Guid(86b041db947f09141a15f909c53eed4a) Importer(815301076,1909f56bfc062723c751e8b465ee728b) (PreviewImporter) -> (artifact id: '626cd3e656876722babca0564667275b') in 0.2332155 seconds
Number of updated asset objects reloaded before import = 0Number of asset objects unloaded after import = 9

========================================================================
Received Import Request.
  Time since last request: 0.000052 seconds.
  path: Assets/Kit/Enviroment/enviroment tower defense/Models/FBX format/tower-round-middle-a.fbx
  artifactKey: Guid(07f5604f566d57c42a464ec0fe28d033) Importer(815301076,1909f56bfc062723c751e8b465ee728b)
Start importing Assets/Kit/Enviroment/enviroment tower defense/Models/FBX format/tower-round-middle-a.fbx using Guid(07f5604f566d57c42a464ec0fe28d033) Importer(815301076,1909f56bfc062723c751e8b465ee728b) (PreviewImporter) -> (artifact id: '2a8f9d3c1ad0566eda2472b4a82d1fc9') in 0.3500141 seconds
Number of updated asset objects reloaded before import = 0Number of asset objects unloaded after import = 9

========================================================================
Received Import Request.
  Time since last request: 0.000038 seconds.
  path: Assets/Kit/Enviroment/enviroment tower defense/Models/FBX format/tower-round-bottom-c.fbx
  artifactKey: Guid(00e5d6f96be2b7c44a9e7aba26343559) Importer(815301076,1909f56bfc062723c751e8b465ee728b)
Start importing Assets/Kit/Enviroment/enviroment tower defense/Models/FBX format/tower-round-bottom-c.fbx using Guid(00e5d6f96be2b7c44a9e7aba26343559) Importer(815301076,1909f56bfc062723c751e8b465ee728b) (PreviewImporter) -> (artifact id: '892a3ebf25acfbf4b08f4e7d24ebb173') in 0.2016059 seconds
Number of updated asset objects reloaded before import = 0Number of asset objects unloaded after import = 9

========================================================================
Received Import Request.
  Time since last request: 0.000068 seconds.
  path: Assets/Kit/Enviroment/enviroment tower defense/Models/FBX format/tower-square-roof-a.fbx
  artifactKey: Guid(be72300d5d9206b4397d0c99e1b48c07) Importer(815301076,1909f56bfc062723c751e8b465ee728b)
Start importing Assets/Kit/Enviroment/enviroment tower defense/Models/FBX format/tower-square-roof-a.fbx using Guid(be72300d5d9206b4397d0c99e1b48c07) Importer(815301076,1909f56bfc062723c751e8b465ee728b) (PreviewImporter) -> (artifact id: '1d90a421728181d3119a377e04f38ac1') in 0.2650437 seconds
Number of updated asset objects reloaded before import = 0Number of asset objects unloaded after import = 9

========================================================================
Received Import Request.
  Time since last request: 0.000046 seconds.
  path: Assets/Kit/Enviroment/enviroment tower defense/Models/FBX format/snow-tile-rock.fbx
  artifactKey: Guid(4905b3f48fed2da45b8d49c175634b14) Importer(815301076,1909f56bfc062723c751e8b465ee728b)
Start importing Assets/Kit/Enviroment/enviroment tower defense/Models/FBX format/snow-tile-rock.fbx using Guid(4905b3f48fed2da45b8d49c175634b14) Importer(815301076,1909f56bfc062723c751e8b465ee728b) (PreviewImporter) -> (artifact id: 'b80046a628f16fd09cfa12307520c14f') in 0.08686 seconds
Number of updated asset objects reloaded before import = 0Number of asset objects unloaded after import = 9

========================================================================
Received Import Request.
  Time since last request: 0.000051 seconds.
  path: Assets/Kit/Enviroment/enviroment tower defense/Models/FBX format/tower-round-build-c.fbx
  artifactKey: Guid(287309dfa9ba02d4084de5dfbfcc162b) Importer(815301076,1909f56bfc062723c751e8b465ee728b)
Start importing Assets/Kit/Enviroment/enviroment tower defense/Models/FBX format/tower-round-build-c.fbx using Guid(287309dfa9ba02d4084de5dfbfcc162b) Importer(815301076,1909f56bfc062723c751e8b465ee728b) (PreviewImporter) -> (artifact id: '704fe63683f7fcecca514f31c94ce60c') in 0.1886367 seconds
Number of updated asset objects reloaded before import = 0Number of asset objects unloaded after import = 9

Editor requested this worker to shutdown with reason: Scaling down because of idle timeout
AssetImportWorker is now disconnected from the server
Process exiting
Exiting without the bug reporter. Application will terminate with return code 0