Using pre-set license
Built from '6000.0/staging' branch; Version is '6000.0.24f1 (11fa355cd605) revision 1178165'; Using compiler version '193933523'; Build Type 'Release'
OS: 'Windows 11  (10.0.26200) 64bit Core' Language: 'es' Physical Memory: 15917 MB
BatchMode: 1, IsHumanControllingUs: 0, StartBugReporterOnCrash: 0, Is64bit: 1, IsPro: 1

COMMAND LINE ARGUMENTS:
C:\Program Files\Unity 6000.0.24f1\Editor\Unity.exe
-adb2
-batchMode
-noUpm
-name
AssetImportWorker5
-projectPath
C:/Users/Diego/Desktop/Diego/Github/CreadorDeObjetos/My Creator Game
-logFile
Logs/AssetImportWorker5.log
-srvPort
52999
-job-worker-count
10
-background-job-worker-count
8
-asset-garbage-collectors
1
Successfully changed project path to: C:/Users/Diego/Desktop/Diego/Github/CreadorDeObjetos/My Creator Game
C:/Users/Diego/Desktop/Diego/Github/CreadorDeObjetos/My Creator Game
[UnityMemory] Configuration Parameters - Can be set up in boot.config
    "memorysetup-bucket-allocator-granularity=16"
    "memorysetup-bucket-allocator-bucket-count=8"
    "memorysetup-bucket-allocator-block-size=33554432"
    "memorysetup-bucket-allocator-block-count=8"
    "memorysetup-main-allocator-block-size=16777216"
    "memorysetup-thread-allocator-block-size=16777216"
    "memorysetup-gfx-main-allocator-block-size=16777216"
    "memorysetup-gfx-thread-allocator-block-size=16777216"
    "memorysetup-cache-allocator-block-size=4194304"
    "memorysetup-typetree-allocator-block-size=2097152"
    "memorysetup-profiler-bucket-allocator-granularity=16"
    "memorysetup-profiler-bucket-allocator-bucket-count=8"
    "memorysetup-profiler-bucket-allocator-block-size=33554432"
    "memorysetup-profiler-bucket-allocator-block-count=8"
    "memorysetup-profiler-allocator-block-size=16777216"
    "memorysetup-profiler-editor-allocator-block-size=1048576"
    "memorysetup-temp-allocator-size-main=16777216"
    "memorysetup-job-temp-allocator-block-size=2097152"
    "memorysetup-job-temp-allocator-block-size-background=1048576"
    "memorysetup-job-temp-allocator-reduction-small-platforms=262144"
    "memorysetup-allocator-temp-initial-block-size-main=262144"
    "memorysetup-allocator-temp-initial-block-size-worker=262144"
    "memorysetup-temp-allocator-size-background-worker=32768"
    "memorysetup-temp-allocator-size-job-worker=262144"
    "memorysetup-temp-allocator-size-preload-manager=33554432"
    "memorysetup-temp-allocator-size-nav-mesh-worker=65536"
    "memorysetup-temp-allocator-size-audio-worker=65536"
    "memorysetup-temp-allocator-size-cloud-worker=32768"
    "memorysetup-temp-allocator-size-gi-baking-worker=262144"
    "memorysetup-temp-allocator-size-gi-baking-worker=262144"
    "memorysetup-temp-allocator-size-gi-baking-worker=262144"
    "memorysetup-temp-allocator-size-gi-baking-worker=262144"
    "memorysetup-temp-allocator-size-gi-baking-worker=262144"
    "memorysetup-temp-allocator-size-gfx=262144"
Player connection [3184]  Target information:

Player connection [3184]  * "[IP] 10.172.16.185 [Port] 0 [Flags] 2 [Guid] 422883390 [EditorId] 422883390 [Version] 1048832 [Id] WindowsEditor(7,Asus-Zenbook-14) [Debug] 1 [PackageName] WindowsEditor [ProjectName] Editor" 

Player connection [3184] Host joined multi-casting on [225.0.0.222:54997]...
Player connection [3184] Host joined alternative multi-casting on [225.0.0.222:34997]...
JobSystem: Creating JobQueue using job-worker-count value 10
[Physics::Module] Initialized fallback backend.
[Physics::Module] Id: 0xdecafbad
Library Redirect Path: Library/
[Physics::Module] Selected backend.
[Physics::Module] Name: PhysX
[Physics::Module] Id: 0xf2b8ea05
[Physics::Module] SDK Version: 4.1.2
[Physics::Module] Integration Version: 1.0.0
[Physics::Module] Threading Mode: Multi-Threaded
Refreshing native plugins compatible for Editor in 372.58 ms, found 3 plugins.
Preloading 0 native plugins for Editor in 0.00 ms.
Initialize engine version: 6000.0.24f1 (11fa355cd605)
[Subsystems] Discovering subsystems at path C:/Program Files/Unity 6000.0.24f1/Editor/Data/Resources/UnitySubsystems
[Subsystems] Discovering subsystems at path C:/Users/Diego/Desktop/Diego/Github/CreadorDeObjetos/My Creator Game/Assets
GfxDevice: creating device client; kGfxThreadingModeNonThreaded
Direct3D:
    Version:  Direct3D 11.0 [level 11.1]
    Renderer: Intel(R) Arc(TM) Graphics (ID=0x7d55)
    Vendor:   Intel
    VRAM:     9073 MB
    Driver:   32.0.101.6314
Initialize mono
Mono path[0] = 'C:/Program Files/Unity 6000.0.24f1/Editor/Data/Managed'
Mono path[1] = 'C:/Program Files/Unity 6000.0.24f1/Editor/Data/MonoBleedingEdge/lib/mono/unityjit-win32'
Mono config path = 'C:/Program Files/Unity 6000.0.24f1/Editor/Data/MonoBleedingEdge/etc'
Using monoOptions --debugger-agent=transport=dt_socket,embedding=1,server=y,suspend=n,address=127.0.0.1:56748
Begin MonoManager ReloadAssembly
Registering precompiled unity dll's ...
Register platform support module: C:/Program Files/Unity 6000.0.24f1/Editor/Data/PlaybackEngines/WindowsStandaloneSupport/UnityEditor.WindowsStandalone.Extensions.dll
Registered in 0.281950 seconds.
- Loaded All Assemblies, in 19.780 seconds
Native extension for WindowsStandalone target not found
Mono: successfully reloaded assembly
- Finished resetting the current domain, in  0.791 seconds
Domain Reload Profiling: 20566ms
	BeginReloadAssembly (18183ms)
		ExecutionOrderSort (0ms)
		DisableScriptedObjects (0ms)
		BackupInstance (0ms)
		ReleaseScriptingObjects (0ms)
		CreateAndSetChildDomain (1ms)
	RebuildCommonClasses (455ms)
	RebuildNativeTypeToScriptingClass (28ms)
	initialDomainReloadingComplete (373ms)
	LoadAllAssembliesAndSetupDomain (734ms)
		LoadAssemblies (18177ms)
		RebuildTransferFunctionScriptingTraits (0ms)
		AnalyzeDomain (730ms)
			TypeCache.Refresh (727ms)
				TypeCache.ScanAssembly (701ms)
			BuildScriptInfoCaches (0ms)
			ResolveRequiredComponents (1ms)
	FinalizeReload (792ms)
		ReleaseScriptCaches (0ms)
		RebuildScriptCaches (0ms)
		SetupLoadedEditorAssemblies (690ms)
			LogAssemblyErrors (0ms)
			InitializePlatformSupportModulesInManaged (61ms)
			SetLoadedEditorAssemblies (10ms)
			BeforeProcessingInitializeOnLoad (15ms)
			ProcessInitializeOnLoadAttributes (459ms)
			ProcessInitializeOnLoadMethodAttributes (140ms)
			AfterProcessingInitializeOnLoad (5ms)
			EditorAssembliesLoaded (0ms)
		ExecutionOrderSort2 (0ms)
		AwakeInstancesAfterBackupRestoration (0ms)
========================================================================
Worker process is ready to serve import requests
Import Worker Mode flag is 0x00
Begin MonoManager ReloadAssembly
- Loaded All Assemblies, in 20.280 seconds
Refreshing native plugins compatible for Editor in 2.63 ms, found 3 plugins.
Native extension for WindowsStandalone target not found
Missing types referenced from component UniversalRenderPipelineGlobalSettings on game object UniversalRenderPipelineGlobalSettings:
	UnityEngine.Rendering.Universal.UniversalRenderPipelineEditorAssets, Unity.RenderPipelines.Universal.Runtime (1 object)
Mono: successfully reloaded assembly
- Finished resetting the current domain, in  2.735 seconds
Domain Reload Profiling: 22999ms
	BeginReloadAssembly (3952ms)
		ExecutionOrderSort (0ms)
		DisableScriptedObjects (9ms)
		BackupInstance (0ms)
		ReleaseScriptingObjects (0ms)
		CreateAndSetChildDomain (44ms)
	RebuildCommonClasses (66ms)
	RebuildNativeTypeToScriptingClass (25ms)
	initialDomainReloadingComplete (97ms)
	LoadAllAssembliesAndSetupDomain (16123ms)
		LoadAssemblies (15394ms)
		RebuildTransferFunctionScriptingTraits (0ms)
		AnalyzeDomain (934ms)
			TypeCache.Refresh (760ms)
				TypeCache.ScanAssembly (738ms)
			BuildScriptInfoCaches (150ms)
			ResolveRequiredComponents (19ms)
	FinalizeReload (2736ms)
		ReleaseScriptCaches (0ms)
		RebuildScriptCaches (0ms)
		SetupLoadedEditorAssemblies (1382ms)
			LogAssemblyErrors (0ms)
			InitializePlatformSupportModulesInManaged (5ms)
			SetLoadedEditorAssemblies (11ms)
			BeforeProcessingInitializeOnLoad (153ms)
			ProcessInitializeOnLoadAttributes (978ms)
			ProcessInitializeOnLoadMethodAttributes (217ms)
			AfterProcessingInitializeOnLoad (17ms)
			EditorAssembliesLoaded (0ms)
		ExecutionOrderSort2 (0ms)
		AwakeInstancesAfterBackupRestoration (13ms)
Launched and connected shader compiler UnityShaderCompiler.exe after 0.03 seconds
Refreshing native plugins compatible for Editor in 2.82 ms, found 3 plugins.
Preloading 0 native plugins for Editor in 0.00 ms.
Unloading 213 Unused Serialized files (Serialized files now loaded: 0)
Unloading 6089 unused Assets / (3.5 MB). Loaded Objects now: 6875.
Memory consumption went from 202.2 MB to 198.7 MB.
Total: 11.756200 ms (FindLiveObjects: 0.872500 ms CreateObjectMapping: 0.428800 ms MarkObjects: 7.642000 ms  DeleteObjects: 2.810900 ms)

========================================================================
Received Import Request.
  Time since last request: 372947.795034 seconds.
  path: Assets/Kit/Enviroment/tower defense/Isometric/pot_large_NE.png
  artifactKey: Guid(0da0f19ab27f90b44ace09843339d47e) Importer(2089858483,192608db42251d675da83286b1cce702)
Start importing Assets/Kit/Enviroment/tower defense/Isometric/pot_large_NE.png using Guid(0da0f19ab27f90b44ace09843339d47e) Importer(2089858483,192608db42251d675da83286b1cce702) (ScriptedImporter) -> (artifact id: '3c22c4cfdb9968c9e935bade49b03897') in 0.379319 seconds
Number of updated asset objects reloaded before import = 0Number of asset objects unloaded after import = 1

========================================================================
Received Import Request.
  Time since last request: 0.000028 seconds.
  path: Assets/Kit/Enviroment/tower defense/Isometric/rock_largeE_SE.png
  artifactKey: Guid(08ee9bd16b1c0ce4fa527dd3195ee831) Importer(2089858483,192608db42251d675da83286b1cce702)
Start importing Assets/Kit/Enviroment/tower defense/Isometric/rock_largeE_SE.png using Guid(08ee9bd16b1c0ce4fa527dd3195ee831) Importer(2089858483,192608db42251d675da83286b1cce702) (ScriptedImporter) -> (artifact id: '1f9313d82be4999621efa72da4346a1d') in 0.0552587 seconds
Number of updated asset objects reloaded before import = 0Number of asset objects unloaded after import = 1

========================================================================
Received Import Request.
  Time since last request: 0.000053 seconds.
  path: Assets/Kit/Enviroment/tower defense/Isometric/rock_largeB_SW.png
  artifactKey: Guid(8e1deb7fd713c8948bf86e4f6503ed20) Importer(2089858483,192608db42251d675da83286b1cce702)
Start importing Assets/Kit/Enviroment/tower defense/Isometric/rock_largeB_SW.png using Guid(8e1deb7fd713c8948bf86e4f6503ed20) Importer(2089858483,192608db42251d675da83286b1cce702) (ScriptedImporter) -> (artifact id: '09121257de7044e60cb115a2aededc95') in 0.0620637 seconds
Number of updated asset objects reloaded before import = 0Number of asset objects unloaded after import = 1

========================================================================
Received Import Request.
  Time since last request: 0.000030 seconds.
  path: Assets/Kit/Enviroment/tower defense/Isometric/rock_largeD_NE.png
  artifactKey: Guid(25d53a3960838fd41a96e0186bf9dd3f) Importer(2089858483,192608db42251d675da83286b1cce702)
Start importing Assets/Kit/Enviroment/tower defense/Isometric/rock_largeD_NE.png using Guid(25d53a3960838fd41a96e0186bf9dd3f) Importer(2089858483,192608db42251d675da83286b1cce702) (ScriptedImporter) -> (artifact id: '796134ad6d7500a60f2a02f642b866c0') in 0.0628296 seconds
Number of updated asset objects reloaded before import = 0Number of asset objects unloaded after import = 1

========================================================================
Received Import Request.
  Time since last request: 0.000031 seconds.
  path: Assets/Kit/Enviroment/tower defense/Isometric/rock_smallB_NE.png
  artifactKey: Guid(dbe538fc824424740bd4ee63ae193592) Importer(2089858483,192608db42251d675da83286b1cce702)
Start importing Assets/Kit/Enviroment/tower defense/Isometric/rock_smallB_NE.png using Guid(dbe538fc824424740bd4ee63ae193592) Importer(2089858483,192608db42251d675da83286b1cce702) (ScriptedImporter) -> (artifact id: '649440b7bc20941953d2fbe3f76a3ee5') in 0.0578315 seconds
Number of updated asset objects reloaded before import = 0Number of asset objects unloaded after import = 1

========================================================================
Received Import Request.
  Time since last request: 0.000062 seconds.
  path: Assets/Kit/Enviroment/tower defense/Isometric/rock_largeF_SW.png
  artifactKey: Guid(e9b21938e043eed4583df38c88cc0074) Importer(2089858483,192608db42251d675da83286b1cce702)
Start importing Assets/Kit/Enviroment/tower defense/Isometric/rock_largeF_SW.png using Guid(e9b21938e043eed4583df38c88cc0074) Importer(2089858483,192608db42251d675da83286b1cce702) (ScriptedImporter) -> (artifact id: '96afdc3a5040f0cbcf1817a65c738c05') in 0.0582885 seconds
Number of updated asset objects reloaded before import = 0Number of asset objects unloaded after import = 1

========================================================================
Received Import Request.
  Time since last request: 0.000036 seconds.
  path: Assets/Kit/Enviroment/tower defense/Isometric/platform_beach_SE.png
  artifactKey: Guid(9e0ab02fc13f5de46954d851feec12fa) Importer(2089858483,192608db42251d675da83286b1cce702)
Start importing Assets/Kit/Enviroment/tower defense/Isometric/platform_beach_SE.png using Guid(9e0ab02fc13f5de46954d851feec12fa) Importer(2089858483,192608db42251d675da83286b1cce702) (ScriptedImporter) -> (artifact id: '8294abce3c68e9bf7d262450d3ec234f') in 0.0660756 seconds
Number of updated asset objects reloaded before import = 0Number of asset objects unloaded after import = 1

========================================================================
Received Import Request.
  Time since last request: 0.000032 seconds.
  path: Assets/Kit/Tower Defense/Previews/weapon-catapult.png
  artifactKey: Guid(10e0616938fecbb4a951876a8fe12c6e) Importer(2089858483,192608db42251d675da83286b1cce702)
Start importing Assets/Kit/Tower Defense/Previews/weapon-catapult.png using Guid(10e0616938fecbb4a951876a8fe12c6e) Importer(2089858483,192608db42251d675da83286b1cce702) (ScriptedImporter) -> (artifact id: '37bd3a790c36ee456008dfa3b56b94a7') in 0.0588917 seconds
Number of updated asset objects reloaded before import = 0Number of asset objects unloaded after import = 1

========================================================================
Received Import Request.
  Time since last request: 0.000040 seconds.
  path: Assets/Kit/Tower Defense/Previews/snow-tile-wide-corner.png
  artifactKey: Guid(6d07ba9b4e0bbeb4cb06ab20757ae2eb) Importer(2089858483,192608db42251d675da83286b1cce702)
Start importing Assets/Kit/Tower Defense/Previews/snow-tile-wide-corner.png using Guid(6d07ba9b4e0bbeb4cb06ab20757ae2eb) Importer(2089858483,192608db42251d675da83286b1cce702) (ScriptedImporter) -> (artifact id: '5e528133cdacb83c1310a6a9174429b1') in 0.0511593 seconds
Number of updated asset objects reloaded before import = 0Number of asset objects unloaded after import = 1

========================================================================
Received Import Request.
  Time since last request: 0.000028 seconds.
  path: Assets/Kit/Tower Defense/Previews/tile-spawn-end.png
  artifactKey: Guid(2cef7395b22b42d498e585b3456d2c70) Importer(2089858483,192608db42251d675da83286b1cce702)
Start importing Assets/Kit/Tower Defense/Previews/tile-spawn-end.png using Guid(2cef7395b22b42d498e585b3456d2c70) Importer(2089858483,192608db42251d675da83286b1cce702) (ScriptedImporter) -> (artifact id: '64284254fbbdd7c0eadff876bcd1d3ca') in 0.0600265 seconds
Number of updated asset objects reloaded before import = 0Number of asset objects unloaded after import = 1

========================================================================
Received Import Request.
  Time since last request: 0.000030 seconds.
  path: Assets/Kit/Enviroment/tower defense/Isometric/bridge_woodRound_NW.png
  artifactKey: Guid(c2f73dfcbd1f9d54ba4c326f7dfa5dfc) Importer(2089858483,192608db42251d675da83286b1cce702)
Start importing Assets/Kit/Enviroment/tower defense/Isometric/bridge_woodRound_NW.png using Guid(c2f73dfcbd1f9d54ba4c326f7dfa5dfc) Importer(2089858483,192608db42251d675da83286b1cce702) (ScriptedImporter) -> (artifact id: '16aa8d1728e51afc0703ba92fc6e6e73') in 0.0578898 seconds
Number of updated asset objects reloaded before import = 0Number of asset objects unloaded after import = 1

========================================================================
Received Import Request.
  Time since last request: 0.000047 seconds.
  path: Assets/Kit/Tower Defense/Previews/tower-round-middle-c.png
  artifactKey: Guid(1bcf62009dd40664ba9716767aafa7c8) Importer(2089858483,192608db42251d675da83286b1cce702)
Start importing Assets/Kit/Tower Defense/Previews/tower-round-middle-c.png using Guid(1bcf62009dd40664ba9716767aafa7c8) Importer(2089858483,192608db42251d675da83286b1cce702) (ScriptedImporter) -> (artifact id: '5e124c6fa2677ea31b44bfd4d5ba8837') in 0.0553597 seconds
Number of updated asset objects reloaded before import = 0Number of asset objects unloaded after import = 1

========================================================================
Received Import Request.
  Time since last request: 0.000025 seconds.
  path: Assets/Kit/Enviroment/tower defense/Isometric/fence_simpleHigh_SE.png
  artifactKey: Guid(dea6006ad3ec1a74695e268d0504426d) Importer(2089858483,192608db42251d675da83286b1cce702)
Start importing Assets/Kit/Enviroment/tower defense/Isometric/fence_simpleHigh_SE.png using Guid(dea6006ad3ec1a74695e268d0504426d) Importer(2089858483,192608db42251d675da83286b1cce702) (ScriptedImporter) -> (artifact id: 'ab064a74eb753e50482c8bf597087a2a') in 0.0634857 seconds
Number of updated asset objects reloaded before import = 0Number of asset objects unloaded after import = 1

========================================================================
Received Import Request.
  Time since last request: 0.000028 seconds.
  path: Assets/TextMesh Pro/Sprites/EmojiOne Attribution.txt
  artifactKey: Guid(381dcb09d5029d14897e55f98031fca5) Importer(2089858483,192608db42251d675da83286b1cce702)
Start importing Assets/TextMesh Pro/Sprites/EmojiOne Attribution.txt using Guid(381dcb09d5029d14897e55f98031fca5) Importer(2089858483,192608db42251d675da83286b1cce702) (ScriptedImporter) -> (artifact id: '0efc36a793040ec7745255e309eff2e1') in 0.0457846 seconds
Number of updated asset objects reloaded before import = 0Number of asset objects unloaded after import = 1

========================================================================
Received Import Request.
  Time since last request: 0.000039 seconds.
  path: Assets/Kit/Enviroment/tower defense/Isometric/rock_tallG_SW.png
  artifactKey: Guid(f0630e00e6f6bd846b9f482944a20a45) Importer(2089858483,192608db42251d675da83286b1cce702)
Start importing Assets/Kit/Enviroment/tower defense/Isometric/rock_tallG_SW.png using Guid(f0630e00e6f6bd846b9f482944a20a45) Importer(2089858483,192608db42251d675da83286b1cce702) (ScriptedImporter) -> (artifact id: '182106ce356fa4802537253db9e12319') in 0.0586374 seconds
Number of updated asset objects reloaded before import = 0Number of asset objects unloaded after import = 1

========================================================================
Received Import Request.
  Time since last request: 0.000028 seconds.
  path: Assets/Kit/Enviroment/tower defense/Isometric/rock_tallI_SE.png
  artifactKey: Guid(3c91b0c12e9b24c43a71475f1ff07244) Importer(2089858483,192608db42251d675da83286b1cce702)
Start importing Assets/Kit/Enviroment/tower defense/Isometric/rock_tallI_SE.png using Guid(3c91b0c12e9b24c43a71475f1ff07244) Importer(2089858483,192608db42251d675da83286b1cce702) (ScriptedImporter) -> (artifact id: '7cd065d668a145b772ad2596bf4fd64a') in 0.0515112 seconds
Number of updated asset objects reloaded before import = 0Number of asset objects unloaded after import = 1

========================================================================
Received Import Request.
  Time since last request: 0.000039 seconds.
  path: Assets/Kit/Enviroment/tower defense/Isometric/rock_tallC_SE.png
  artifactKey: Guid(844f769911a582b4c9dabdbc1dd72ce4) Importer(2089858483,192608db42251d675da83286b1cce702)
Start importing Assets/Kit/Enviroment/tower defense/Isometric/rock_tallC_SE.png using Guid(844f769911a582b4c9dabdbc1dd72ce4) Importer(2089858483,192608db42251d675da83286b1cce702) (ScriptedImporter) -> (artifact id: '95f933cc465099fb95ab784e1beb9893') in 0.0682991 seconds
Number of updated asset objects reloaded before import = 0Number of asset objects unloaded after import = 1

========================================================================
Received Import Request.
  Time since last request: 0.000040 seconds.
  path: Assets/Kit/Enviroment/tower defense/Isometric/rock_tallG_NE.png
  artifactKey: Guid(06353bd63d5abc6489a9a59c33773927) Importer(2089858483,192608db42251d675da83286b1cce702)
Start importing Assets/Kit/Enviroment/tower defense/Isometric/rock_tallG_NE.png using Guid(06353bd63d5abc6489a9a59c33773927) Importer(2089858483,192608db42251d675da83286b1cce702) (ScriptedImporter) -> (artifact id: '925497154e0ab5d4ca763d1f78794191') in 0.0547133 seconds
Number of updated asset objects reloaded before import = 0Number of asset objects unloaded after import = 1

========================================================================
Received Import Request.
  Time since last request: 0.000027 seconds.
  path: Assets/Kit/Enviroment/tower defense/Isometric/statue_block_NE.png
  artifactKey: Guid(032c37a5833cce84a8eb4ceeb1d4c9cf) Importer(2089858483,192608db42251d675da83286b1cce702)
Start importing Assets/Kit/Enviroment/tower defense/Isometric/statue_block_NE.png using Guid(032c37a5833cce84a8eb4ceeb1d4c9cf) Importer(2089858483,192608db42251d675da83286b1cce702) (ScriptedImporter) -> (artifact id: 'aa1d44205522490a4dcf6ea1d87bd808') in 0.0592564 seconds
Number of updated asset objects reloaded before import = 0Number of asset objects unloaded after import = 1

========================================================================
Received Import Request.
  Time since last request: 0.000076 seconds.
  path: Assets/Kit/Enviroment/tower defense/Isometric/statue_columnDamaged_NW.png
  artifactKey: Guid(dad89e05fa24cf243bea07be7181cdbe) Importer(2089858483,192608db42251d675da83286b1cce702)
Start importing Assets/Kit/Enviroment/tower defense/Isometric/statue_columnDamaged_NW.png using Guid(dad89e05fa24cf243bea07be7181cdbe) Importer(2089858483,192608db42251d675da83286b1cce702) (ScriptedImporter) -> (artifact id: 'b20aba0501efbb3fc35e4b259ac68a3a') in 0.059568 seconds
Number of updated asset objects reloaded before import = 0Number of asset objects unloaded after import = 1

========================================================================
Received Import Request.
  Time since last request: 0.000063 seconds.
  path: Assets/Kit/Enviroment/tower defense/Isometric/rock_tallB_SE.png
  artifactKey: Guid(8a4aecab7a61cdd46985527da2a25f12) Importer(2089858483,192608db42251d675da83286b1cce702)
Start importing Assets/Kit/Enviroment/tower defense/Isometric/rock_tallB_SE.png using Guid(8a4aecab7a61cdd46985527da2a25f12) Importer(2089858483,192608db42251d675da83286b1cce702) (ScriptedImporter) -> (artifact id: 'ede25fc80827ba345c53f027e3786b49') in 0.0642873 seconds
Number of updated asset objects reloaded before import = 0Number of asset objects unloaded after import = 1

========================================================================
Received Import Request.
  Time since last request: 0.000025 seconds.
  path: Assets/Kit/Enviroment/tower defense/Isometric/rock_smallE_SE.png
  artifactKey: Guid(d55c1ede1cf2d404fb0fee91b8db1fd2) Importer(2089858483,192608db42251d675da83286b1cce702)
Start importing Assets/Kit/Enviroment/tower defense/Isometric/rock_smallE_SE.png using Guid(d55c1ede1cf2d404fb0fee91b8db1fd2) Importer(2089858483,192608db42251d675da83286b1cce702) (ScriptedImporter) -> (artifact id: '71cfdcc674957123aada305ba908151b') in 0.0550817 seconds
Number of updated asset objects reloaded before import = 0Number of asset objects unloaded after import = 1

========================================================================
Received Import Request.
  Time since last request: 0.000040 seconds.
  path: Assets/Kit/Enviroment/tower defense/Isometric/rock_smallTopB_SE.png
  artifactKey: Guid(1cb267276f1042649897386261d27a52) Importer(2089858483,192608db42251d675da83286b1cce702)
Start importing Assets/Kit/Enviroment/tower defense/Isometric/rock_smallTopB_SE.png using Guid(1cb267276f1042649897386261d27a52) Importer(2089858483,192608db42251d675da83286b1cce702) (ScriptedImporter) -> (artifact id: '5dc6f8f1250660fff650a0ec09767fb3') in 0.0559542 seconds
Number of updated asset objects reloaded before import = 0Number of asset objects unloaded after import = 1

========================================================================
Received Import Request.
  Time since last request: 0.000036 seconds.
  path: Assets/Kit/Enviroment/tower defense/Isometric/rock_tallC_SW.png
  artifactKey: Guid(24f0c6314ce6b6148a61ab25b671bc2f) Importer(2089858483,192608db42251d675da83286b1cce702)
Start importing Assets/Kit/Enviroment/tower defense/Isometric/rock_tallC_SW.png using Guid(24f0c6314ce6b6148a61ab25b671bc2f) Importer(2089858483,192608db42251d675da83286b1cce702) (ScriptedImporter) -> (artifact id: 'bc03f1d284d24930b50ae627a8e7d99a') in 0.060459 seconds
Number of updated asset objects reloaded before import = 0Number of asset objects unloaded after import = 1

========================================================================
Received Import Request.
  Time since last request: 0.000031 seconds.
  path: Assets/Kit/Enviroment/tower defense/Isometric/rock_smallH_SE.png
  artifactKey: Guid(1bae2e473ca9c974fbcafc71cff67ff8) Importer(2089858483,192608db42251d675da83286b1cce702)
Start importing Assets/Kit/Enviroment/tower defense/Isometric/rock_smallH_SE.png using Guid(1bae2e473ca9c974fbcafc71cff67ff8) Importer(2089858483,192608db42251d675da83286b1cce702) (ScriptedImporter) -> (artifact id: '4ca518252085e90d7aaded83e0ad1839') in 0.0637517 seconds
Number of updated asset objects reloaded before import = 0Number of asset objects unloaded after import = 1

========================================================================
Received Import Request.
  Time since last request: 0.000032 seconds.
  path: Assets/Kit/Enviroment/tower defense/Isometric/rock_smallTopB_SW.png
  artifactKey: Guid(df0a89701c1208d4ca26310000205f96) Importer(2089858483,192608db42251d675da83286b1cce702)
Start importing Assets/Kit/Enviroment/tower defense/Isometric/rock_smallTopB_SW.png using Guid(df0a89701c1208d4ca26310000205f96) Importer(2089858483,192608db42251d675da83286b1cce702) (ScriptedImporter) -> (artifact id: '9b8b5b81825d2f36d8b4fcec4d7f7477') in 0.0556521 seconds
Number of updated asset objects reloaded before import = 0Number of asset objects unloaded after import = 1

========================================================================
Received Import Request.
  Time since last request: 0.000051 seconds.
  path: Assets/Kit/Enviroment/tower defense/Isometric/statue_columnDamaged_NE.png
  artifactKey: Guid(2684b41adcc698144a7287f4b791c999) Importer(2089858483,192608db42251d675da83286b1cce702)
Start importing Assets/Kit/Enviroment/tower defense/Isometric/statue_columnDamaged_NE.png using Guid(2684b41adcc698144a7287f4b791c999) Importer(2089858483,192608db42251d675da83286b1cce702) (ScriptedImporter) -> (artifact id: 'e5a3f0d003480a3ee15aa669db9f57ed') in 0.0623574 seconds
Number of updated asset objects reloaded before import = 0Number of asset objects unloaded after import = 1

========================================================================
Received Import Request.
  Time since last request: 0.000033 seconds.
  path: Assets/Kit/Enviroment/tower defense/Isometric/sign_NW.png
  artifactKey: Guid(c616c44c117fa9243a83a920ecf6d41b) Importer(2089858483,192608db42251d675da83286b1cce702)
Start importing Assets/Kit/Enviroment/tower defense/Isometric/sign_NW.png using Guid(c616c44c117fa9243a83a920ecf6d41b) Importer(2089858483,192608db42251d675da83286b1cce702) (ScriptedImporter) -> (artifact id: '7ae528ac10fc17d44b31017af89b5141') in 0.0598424 seconds
Number of updated asset objects reloaded before import = 0Number of asset objects unloaded after import = 1

========================================================================
Received Import Request.
  Time since last request: 0.000031 seconds.
  path: Assets/Kit/Enviroment/tower defense/Isometric/rock_tallJ_NE.png
  artifactKey: Guid(f3da7e883543cb54f83adff2dfa9d19c) Importer(2089858483,192608db42251d675da83286b1cce702)
Start importing Assets/Kit/Enviroment/tower defense/Isometric/rock_tallJ_NE.png using Guid(f3da7e883543cb54f83adff2dfa9d19c) Importer(2089858483,192608db42251d675da83286b1cce702) (ScriptedImporter) -> (artifact id: '7c21fd016fcf0925fc8c0d1fc68357b5') in 0.0605116 seconds
Number of updated asset objects reloaded before import = 0Number of asset objects unloaded after import = 1

========================================================================
Received Import Request.
  Time since last request: 0.000041 seconds.
  path: Assets/Kit/Enviroment/tower defense/Isometric/rock_tallB_NW.png
  artifactKey: Guid(b51ee43f43d128944984642ec874add8) Importer(2089858483,192608db42251d675da83286b1cce702)
Start importing Assets/Kit/Enviroment/tower defense/Isometric/rock_tallB_NW.png using Guid(b51ee43f43d128944984642ec874add8) Importer(2089858483,192608db42251d675da83286b1cce702) (ScriptedImporter) -> (artifact id: 'd93a1f040ccd58960d487c011f7f670f') in 0.0566364 seconds
Number of updated asset objects reloaded before import = 0Number of asset objects unloaded after import = 1

========================================================================
Received Import Request.
  Time since last request: 0.000037 seconds.
  path: Assets/Kit/Enviroment/tower defense/Isometric/rock_tallA_NW.png
  artifactKey: Guid(e9ef1a85b22262046b3ed2e3c55e825d) Importer(2089858483,192608db42251d675da83286b1cce702)
Start importing Assets/Kit/Enviroment/tower defense/Isometric/rock_tallA_NW.png using Guid(e9ef1a85b22262046b3ed2e3c55e825d) Importer(2089858483,192608db42251d675da83286b1cce702) (ScriptedImporter) -> (artifact id: '82db9687e12788714028b4932debfeb0') in 0.0656318 seconds
Number of updated asset objects reloaded before import = 0Number of asset objects unloaded after import = 1

========================================================================
Received Import Request.
  Time since last request: 0.000031 seconds.
  path: Assets/Kit/Enviroment/tower defense/Isometric/rock_tallF_NE.png
  artifactKey: Guid(ad8037e10fa186343be1160720e5a6be) Importer(2089858483,192608db42251d675da83286b1cce702)
Start importing Assets/Kit/Enviroment/tower defense/Isometric/rock_tallF_NE.png using Guid(ad8037e10fa186343be1160720e5a6be) Importer(2089858483,192608db42251d675da83286b1cce702) (ScriptedImporter) -> (artifact id: '8b282d0068dc00a84e78c2eacd509c0f') in 0.0515614 seconds
Number of updated asset objects reloaded before import = 0Number of asset objects unloaded after import = 1

========================================================================
Received Import Request.
  Time since last request: 0.000046 seconds.
  path: Assets/Kit/Tower Defense/Previews/tower-round-middle-b.png
  artifactKey: Guid(2fdef3bf3a13d3244be1a5e306eab509) Importer(2089858483,192608db42251d675da83286b1cce702)
Start importing Assets/Kit/Tower Defense/Previews/tower-round-middle-b.png using Guid(2fdef3bf3a13d3244be1a5e306eab509) Importer(2089858483,192608db42251d675da83286b1cce702) (ScriptedImporter) -> (artifact id: 'da0d80f057915a9112e559d4afe001ff') in 0.0581138 seconds
Number of updated asset objects reloaded before import = 0Number of asset objects unloaded after import = 1

========================================================================
Received Import Request.
  Time since last request: 0.464455 seconds.
  path: Assets/Kit/Enviroment/tower defense/Isometric/statue_column_SE.png
  artifactKey: Guid(620ca121adc325541a2ccef989bdb7e6) Importer(2089858483,192608db42251d675da83286b1cce702)
Start importing Assets/Kit/Enviroment/tower defense/Isometric/statue_column_SE.png using Guid(620ca121adc325541a2ccef989bdb7e6) Importer(2089858483,192608db42251d675da83286b1cce702) (ScriptedImporter) -> (artifact id: 'd39273e2d2172cb9ffadb96b6c236505') in 0.0394199 seconds
Number of updated asset objects reloaded before import = 0Number of asset objects unloaded after import = 1

========================================================================
Received Import Request.
  Time since last request: 0.000025 seconds.
  path: Assets/Kit/Enviroment/tower defense/Isometric/stone_smallTopA_NE.png
  artifactKey: Guid(e12b7e9879d5bb54b9d98a2eedbda8cd) Importer(2089858483,192608db42251d675da83286b1cce702)
Start importing Assets/Kit/Enviroment/tower defense/Isometric/stone_smallTopA_NE.png using Guid(e12b7e9879d5bb54b9d98a2eedbda8cd) Importer(2089858483,192608db42251d675da83286b1cce702) (ScriptedImporter) -> (artifact id: '3b8adeddc13746b486bf0d7efae382f0') in 0.0572298 seconds
Number of updated asset objects reloaded before import = 0Number of asset objects unloaded after import = 1

========================================================================
Received Import Request.
  Time since last request: 0.000037 seconds.
  path: Assets/Kit/Enviroment/tower defense/Isometric/stone_largeC_SW.png
  artifactKey: Guid(df7920f672e0aca46b12bae5e488797f) Importer(2089858483,192608db42251d675da83286b1cce702)
Start importing Assets/Kit/Enviroment/tower defense/Isometric/stone_largeC_SW.png using Guid(df7920f672e0aca46b12bae5e488797f) Importer(2089858483,192608db42251d675da83286b1cce702) (ScriptedImporter) -> (artifact id: 'c3d9abe86691c94bf43a380e2e4e0c90') in 0.0540932 seconds
Number of updated asset objects reloaded before import = 0Number of asset objects unloaded after import = 1

========================================================================
Received Import Request.
  Time since last request: 0.000031 seconds.
  path: Assets/Kit/Enviroment/tower defense/Isometric/stone_smallFlatB_SE.png
  artifactKey: Guid(6f02bd3379e19664099b7a7858b4a580) Importer(2089858483,192608db42251d675da83286b1cce702)
Start importing Assets/Kit/Enviroment/tower defense/Isometric/stone_smallFlatB_SE.png using Guid(6f02bd3379e19664099b7a7858b4a580) Importer(2089858483,192608db42251d675da83286b1cce702) (ScriptedImporter) -> (artifact id: '368e7bdb83525eb89c0a24fa76af0622') in 0.0490929 seconds
Number of updated asset objects reloaded before import = 0Number of asset objects unloaded after import = 1

========================================================================
Received Import Request.
  Time since last request: 0.000028 seconds.
  path: Assets/Kit/Enviroment/tower defense/Isometric/stone_smallE_SW.png
  artifactKey: Guid(44617858d48b9af4582073a88c156824) Importer(2089858483,192608db42251d675da83286b1cce702)
Start importing Assets/Kit/Enviroment/tower defense/Isometric/stone_smallE_SW.png using Guid(44617858d48b9af4582073a88c156824) Importer(2089858483,192608db42251d675da83286b1cce702) (ScriptedImporter) -> (artifact id: '9c5bbfec9c5514346a9aced2f4f1ce71') in 0.0576354 seconds
Number of updated asset objects reloaded before import = 0Number of asset objects unloaded after import = 1

========================================================================
Received Import Request.
  Time since last request: 0.000083 seconds.
  path: Assets/Kit/Enviroment/tower defense/Isometric/stone_largeF_SW.png
  artifactKey: Guid(36390cac386ea3849ae7bd36628ea204) Importer(2089858483,192608db42251d675da83286b1cce702)
Start importing Assets/Kit/Enviroment/tower defense/Isometric/stone_largeF_SW.png using Guid(36390cac386ea3849ae7bd36628ea204) Importer(2089858483,192608db42251d675da83286b1cce702) (ScriptedImporter) -> (artifact id: 'a59682eac10f930017343ac4564d8bb6') in 0.0706549 seconds
Number of updated asset objects reloaded before import = 0Number of asset objects unloaded after import = 1

========================================================================
Received Import Request.
  Time since last request: 0.000024 seconds.
  path: Assets/Kit/Enviroment/tower defense/Isometric/statue_head_SE.png
  artifactKey: Guid(65a3276dc1700c54c86c53a6d75b1758) Importer(2089858483,192608db42251d675da83286b1cce702)
Start importing Assets/Kit/Enviroment/tower defense/Isometric/statue_head_SE.png using Guid(65a3276dc1700c54c86c53a6d75b1758) Importer(2089858483,192608db42251d675da83286b1cce702) (ScriptedImporter) -> (artifact id: '872a2cfc8dc9714242bd4447c290ca25') in 0.0576874 seconds
Number of updated asset objects reloaded before import = 0Number of asset objects unloaded after import = 1

========================================================================
Received Import Request.
  Time since last request: 0.000027 seconds.
  path: Assets/Kit/Enviroment/tower defense/Isometric/stone_largeA_NE.png
  artifactKey: Guid(66bf7a27c4dbabc4cbbe4337d4e1f64b) Importer(2089858483,192608db42251d675da83286b1cce702)
Start importing Assets/Kit/Enviroment/tower defense/Isometric/stone_largeA_NE.png using Guid(66bf7a27c4dbabc4cbbe4337d4e1f64b) Importer(2089858483,192608db42251d675da83286b1cce702) (ScriptedImporter) -> (artifact id: '51c6768f00b5845c4cac6a1d9921b4fb') in 0.0896051 seconds
Number of updated asset objects reloaded before import = 0Number of asset objects unloaded after import = 1

========================================================================
Received Import Request.
  Time since last request: 0.000039 seconds.
  path: Assets/Kit/Enviroment/tower defense/Isometric/stone_smallFlatC_SE.png
  artifactKey: Guid(f9b6b3ed041fa7e4daa1fc4106fc901f) Importer(2089858483,192608db42251d675da83286b1cce702)
Start importing Assets/Kit/Enviroment/tower defense/Isometric/stone_smallFlatC_SE.png using Guid(f9b6b3ed041fa7e4daa1fc4106fc901f) Importer(2089858483,192608db42251d675da83286b1cce702) (ScriptedImporter) -> (artifact id: '922ed7463f549c030f35df1598d89d0f') in 0.0538186 seconds
Number of updated asset objects reloaded before import = 0Number of asset objects unloaded after import = 1

========================================================================
Received Import Request.
  Time since last request: 0.000022 seconds.
  path: Assets/Kit/Enviroment/tower defense/Isometric/stone_largeC_NW.png
  artifactKey: Guid(a31d85b60a8930444b71f21b849e21ee) Importer(2089858483,192608db42251d675da83286b1cce702)
Start importing Assets/Kit/Enviroment/tower defense/Isometric/stone_largeC_NW.png using Guid(a31d85b60a8930444b71f21b849e21ee) Importer(2089858483,192608db42251d675da83286b1cce702) (ScriptedImporter) -> (artifact id: '2df8e9faf57e8d4c30a3001b8f379498') in 0.0766852 seconds
Number of updated asset objects reloaded before import = 0Number of asset objects unloaded after import = 1

========================================================================
Received Import Request.
  Time since last request: 0.000030 seconds.
  path: Assets/Kit/Enviroment/tower defense/Isometric/statue_obelisk_SW.png
  artifactKey: Guid(a1269fd42c2a1f84196059febdb0ca37) Importer(2089858483,192608db42251d675da83286b1cce702)
Start importing Assets/Kit/Enviroment/tower defense/Isometric/statue_obelisk_SW.png using Guid(a1269fd42c2a1f84196059febdb0ca37) Importer(2089858483,192608db42251d675da83286b1cce702) (ScriptedImporter) -> (artifact id: 'e882a31a3d72ffc2869efa930fc4c82a') in 0.0702589 seconds
Number of updated asset objects reloaded before import = 0Number of asset objects unloaded after import = 1

========================================================================
Received Import Request.
  Time since last request: 0.000035 seconds.
  path: Assets/Kit/Enviroment/tower defense/Isometric/stone_tallA_NE.png
  artifactKey: Guid(6c528ce60cd17c44abfc948ca43021db) Importer(2089858483,192608db42251d675da83286b1cce702)
Start importing Assets/Kit/Enviroment/tower defense/Isometric/stone_tallA_NE.png using Guid(6c528ce60cd17c44abfc948ca43021db) Importer(2089858483,192608db42251d675da83286b1cce702) (ScriptedImporter) -> (artifact id: 'c0c5304c9556b9a43b726912b593ed22') in 0.0549211 seconds
Number of updated asset objects reloaded before import = 0Number of asset objects unloaded after import = 1

========================================================================
Received Import Request.
  Time since last request: 0.000025 seconds.
  path: Assets/Kit/Enviroment/tower defense/Isometric/statue_ring_SW.png
  artifactKey: Guid(55912169998ff554eac57ffc4a8c6864) Importer(2089858483,192608db42251d675da83286b1cce702)
Start importing Assets/Kit/Enviroment/tower defense/Isometric/statue_ring_SW.png using Guid(55912169998ff554eac57ffc4a8c6864) Importer(2089858483,192608db42251d675da83286b1cce702) (ScriptedImporter) -> (artifact id: '53b2d091e49e15f41ba2cd43be00eb96') in 0.0588247 seconds
Number of updated asset objects reloaded before import = 0Number of asset objects unloaded after import = 1

========================================================================
Received Import Request.
  Time since last request: 0.000030 seconds.
  path: Assets/Kit/Enviroment/tower defense/Isometric/stone_smallB_SW.png
  artifactKey: Guid(cd16ac943c1aea348a8b386f6004331d) Importer(2089858483,192608db42251d675da83286b1cce702)
Start importing Assets/Kit/Enviroment/tower defense/Isometric/stone_smallB_SW.png using Guid(cd16ac943c1aea348a8b386f6004331d) Importer(2089858483,192608db42251d675da83286b1cce702) (ScriptedImporter) -> (artifact id: '74465f42f6e8d109dd7255838a20387b') in 0.0844655 seconds
Number of updated asset objects reloaded before import = 0Number of asset objects unloaded after import = 1

========================================================================
Received Import Request.
  Time since last request: 0.000050 seconds.
  path: Assets/Kit/Enviroment/tower defense/Isometric/stone_smallTopA_SE.png
  artifactKey: Guid(4bf998caef2c92a43844c7b6eaf06965) Importer(2089858483,192608db42251d675da83286b1cce702)
Start importing Assets/Kit/Enviroment/tower defense/Isometric/stone_smallTopA_SE.png using Guid(4bf998caef2c92a43844c7b6eaf06965) Importer(2089858483,192608db42251d675da83286b1cce702) (ScriptedImporter) -> (artifact id: '2c93e926f388474893933f3b02bbc870') in 0.0560093 seconds
Number of updated asset objects reloaded before import = 0Number of asset objects unloaded after import = 1

========================================================================
Received Import Request.
  Time since last request: 0.000029 seconds.
  path: Assets/Kit/Enviroment/tower defense/Isometric/stone_smallD_NE.png
  artifactKey: Guid(2d5792103dd30c641979a1c8ccf5a825) Importer(2089858483,192608db42251d675da83286b1cce702)
Start importing Assets/Kit/Enviroment/tower defense/Isometric/stone_smallD_NE.png using Guid(2d5792103dd30c641979a1c8ccf5a825) Importer(2089858483,192608db42251d675da83286b1cce702) (ScriptedImporter) -> (artifact id: '38a2ba6a0573fb54b2cd3a62a2944783') in 0.0533717 seconds
Number of updated asset objects reloaded before import = 0Number of asset objects unloaded after import = 1

========================================================================
Received Import Request.
  Time since last request: 0.000024 seconds.
  path: Assets/Kit/Enviroment/tower defense/Isometric/stone_smallA_SE.png
  artifactKey: Guid(7bac5a5a4cb75934eb7ef73a4cb70163) Importer(2089858483,192608db42251d675da83286b1cce702)
Start importing Assets/Kit/Enviroment/tower defense/Isometric/stone_smallA_SE.png using Guid(7bac5a5a4cb75934eb7ef73a4cb70163) Importer(2089858483,192608db42251d675da83286b1cce702) (ScriptedImporter) -> (artifact id: '8efdc6f0d90babe2649a4fdb6942c464') in 0.0532927 seconds
Number of updated asset objects reloaded before import = 0Number of asset objects unloaded after import = 1

========================================================================
Received Import Request.
  Time since last request: 0.000038 seconds.
  path: Assets/Kit/Enviroment/tower defense/Isometric/stone_smallG_SW.png
  artifactKey: Guid(eac76a4e494af5940a91d246b0437ba3) Importer(2089858483,192608db42251d675da83286b1cce702)
Start importing Assets/Kit/Enviroment/tower defense/Isometric/stone_smallG_SW.png using Guid(eac76a4e494af5940a91d246b0437ba3) Importer(2089858483,192608db42251d675da83286b1cce702) (ScriptedImporter) -> (artifact id: '41b11e0cab60aae366e6ce3eb879a368') in 0.0582901 seconds
Number of updated asset objects reloaded before import = 0Number of asset objects unloaded after import = 1

========================================================================
Received Import Request.
  Time since last request: 0.000031 seconds.
  path: Assets/Kit/Enviroment/tower defense/Isometric/statue_head_NE.png
  artifactKey: Guid(acaae3574ab92bb41b3f2e54b410481c) Importer(2089858483,192608db42251d675da83286b1cce702)
Start importing Assets/Kit/Enviroment/tower defense/Isometric/statue_head_NE.png using Guid(acaae3574ab92bb41b3f2e54b410481c) Importer(2089858483,192608db42251d675da83286b1cce702) (ScriptedImporter) -> (artifact id: '1527a2518335c76e2dcdf7c04b4306de') in 0.0529276 seconds
Number of updated asset objects reloaded before import = 0Number of asset objects unloaded after import = 1

========================================================================
Received Import Request.
  Time since last request: 0.000031 seconds.
  path: Assets/Kit/Enviroment/tower defense/Isometric/stone_smallG_SE.png
  artifactKey: Guid(c9cfed8ca05d32b4cb880f7c76584565) Importer(2089858483,192608db42251d675da83286b1cce702)
Start importing Assets/Kit/Enviroment/tower defense/Isometric/stone_smallG_SE.png using Guid(c9cfed8ca05d32b4cb880f7c76584565) Importer(2089858483,192608db42251d675da83286b1cce702) (ScriptedImporter) -> (artifact id: 'b10553270f482a8f0e4f0763be7953be') in 0.0574475 seconds
Number of updated asset objects reloaded before import = 0Number of asset objects unloaded after import = 1

========================================================================
Received Import Request.
  Time since last request: 0.515821 seconds.
  path: Assets/Kit/Enviroment/tower defense/Isometric/stone_tallB_SE.png
  artifactKey: Guid(87a5b926d27261e4997cd684eed91049) Importer(2089858483,192608db42251d675da83286b1cce702)
Start importing Assets/Kit/Enviroment/tower defense/Isometric/stone_tallB_SE.png using Guid(87a5b926d27261e4997cd684eed91049) Importer(2089858483,192608db42251d675da83286b1cce702) (ScriptedImporter) -> (artifact id: '9523a2af5303b8fbbdbde14893d37453') in 0.0360653 seconds
Number of updated asset objects reloaded before import = 0Number of asset objects unloaded after import = 1

========================================================================
Received Import Request.
  Time since last request: 0.000024 seconds.
  path: Assets/Kit/Enviroment/tower defense/Isometric/tree_detailed_dark_SW.png
  artifactKey: Guid(e0925af5935472f4d9fb2ccfce1f4ab0) Importer(2089858483,192608db42251d675da83286b1cce702)
Start importing Assets/Kit/Enviroment/tower defense/Isometric/tree_detailed_dark_SW.png using Guid(e0925af5935472f4d9fb2ccfce1f4ab0) Importer(2089858483,192608db42251d675da83286b1cce702) (ScriptedImporter) -> (artifact id: 'bb68d7f98a8a64d74b41c0d88a18dbff') in 0.0417854 seconds
Number of updated asset objects reloaded before import = 0Number of asset objects unloaded after import = 1

========================================================================
Received Import Request.
  Time since last request: 0.000024 seconds.
  path: Assets/Kit/Enviroment/tower defense/Isometric/tent_smallClosed_SE.png
  artifactKey: Guid(f04efae702c2c1247b254fea178717b4) Importer(2089858483,192608db42251d675da83286b1cce702)
Start importing Assets/Kit/Enviroment/tower defense/Isometric/tent_smallClosed_SE.png using Guid(f04efae702c2c1247b254fea178717b4) Importer(2089858483,192608db42251d675da83286b1cce702) (ScriptedImporter) -> (artifact id: '0f344dcdfe47b136caa3243811220441') in 0.05058 seconds
Number of updated asset objects reloaded before import = 0Number of asset objects unloaded after import = 1

========================================================================
Received Import Request.
  Time since last request: 0.000038 seconds.
  path: Assets/Kit/Enviroment/tower defense/Isometric/tree_default_NE.png
  artifactKey: Guid(f1da1fe326b36a34b8bd1a4292f213a6) Importer(2089858483,192608db42251d675da83286b1cce702)
Start importing Assets/Kit/Enviroment/tower defense/Isometric/tree_default_NE.png using Guid(f1da1fe326b36a34b8bd1a4292f213a6) Importer(2089858483,192608db42251d675da83286b1cce702) (ScriptedImporter) -> (artifact id: '54b4ff2e9f89243561c89abd1dfa2612') in 0.0616045 seconds
Number of updated asset objects reloaded before import = 0Number of asset objects unloaded after import = 1

========================================================================
Received Import Request.
  Time since last request: 0.000021 seconds.
  path: Assets/Kit/Enviroment/tower defense/Isometric/stone_tallD_SW.png
  artifactKey: Guid(c93de3b2a8c230e49ac94bed0c33cc4d) Importer(2089858483,192608db42251d675da83286b1cce702)
Start importing Assets/Kit/Enviroment/tower defense/Isometric/stone_tallD_SW.png using Guid(c93de3b2a8c230e49ac94bed0c33cc4d) Importer(2089858483,192608db42251d675da83286b1cce702) (ScriptedImporter) -> (artifact id: 'cc0ea868e85fd7c4a90970b97f1d5d1c') in 0.0670236 seconds
Number of updated asset objects reloaded before import = 0Number of asset objects unloaded after import = 1

========================================================================
Received Import Request.
  Time since last request: 0.000055 seconds.
  path: Assets/Kit/Enviroment/tower defense/Isometric/tree_blocks_dark_NW.png
  artifactKey: Guid(ddbf59d323d426540a3ba80f1e9f6c15) Importer(2089858483,192608db42251d675da83286b1cce702)
Start importing Assets/Kit/Enviroment/tower defense/Isometric/tree_blocks_dark_NW.png using Guid(ddbf59d323d426540a3ba80f1e9f6c15) Importer(2089858483,192608db42251d675da83286b1cce702) (ScriptedImporter) -> (artifact id: '1f7325b373e63712cdca668bc3dec909') in 0.0573629 seconds
Number of updated asset objects reloaded before import = 0Number of asset objects unloaded after import = 1

========================================================================
Received Import Request.
  Time since last request: 0.000046 seconds.
  path: Assets/Kit/Enviroment/tower defense/Isometric/stone_tallI_SW.png
  artifactKey: Guid(2f6d2380fa7492c43aca842828b0255a) Importer(2089858483,192608db42251d675da83286b1cce702)
Start importing Assets/Kit/Enviroment/tower defense/Isometric/stone_tallI_SW.png using Guid(2f6d2380fa7492c43aca842828b0255a) Importer(2089858483,192608db42251d675da83286b1cce702) (ScriptedImporter) -> (artifact id: 'db6e6c72362e3f4487abc80863e83bca') in 0.0499053 seconds
Number of updated asset objects reloaded before import = 0Number of asset objects unloaded after import = 1

========================================================================
Received Import Request.
  Time since last request: 0.000039 seconds.
  path: Assets/Kit/Enviroment/tower defense/Isometric/stump_squareDetailed_NE.png
  artifactKey: Guid(0a8dab2bb81a3b640a6e862ae35c18fd) Importer(2089858483,192608db42251d675da83286b1cce702)
Start importing Assets/Kit/Enviroment/tower defense/Isometric/stump_squareDetailed_NE.png using Guid(0a8dab2bb81a3b640a6e862ae35c18fd) Importer(2089858483,192608db42251d675da83286b1cce702) (ScriptedImporter) -> (artifact id: '208615d4607d194230c530936bb2eb98') in 0.0577275 seconds
Number of updated asset objects reloaded before import = 0Number of asset objects unloaded after import = 1

========================================================================
Received Import Request.
  Time since last request: 0.000035 seconds.
  path: Assets/Kit/Enviroment/tower defense/Isometric/tree_fat_fall_NW.png
  artifactKey: Guid(41460b601150bf243b08309cfc3f5858) Importer(2089858483,192608db42251d675da83286b1cce702)
Start importing Assets/Kit/Enviroment/tower defense/Isometric/tree_fat_fall_NW.png using Guid(41460b601150bf243b08309cfc3f5858) Importer(2089858483,192608db42251d675da83286b1cce702) (ScriptedImporter) -> (artifact id: 'c297e4db8eae6950ed058568a74fe52f') in 0.0860283 seconds
Number of updated asset objects reloaded before import = 0Number of asset objects unloaded after import = 1

========================================================================
Received Import Request.
  Time since last request: 0.000060 seconds.
  path: Assets/Kit/Enviroment/tower defense/Isometric/stone_tallE_SW.png
  artifactKey: Guid(cff19c1d58fa28e459467a7c9fc3850f) Importer(2089858483,192608db42251d675da83286b1cce702)
Start importing Assets/Kit/Enviroment/tower defense/Isometric/stone_tallE_SW.png using Guid(cff19c1d58fa28e459467a7c9fc3850f) Importer(2089858483,192608db42251d675da83286b1cce702) (ScriptedImporter) -> (artifact id: 'ce636d082148a5dcde831fd1c4a955dc') in 0.0596347 seconds
Number of updated asset objects reloaded before import = 0Number of asset objects unloaded after import = 1

========================================================================
Received Import Request.
  Time since last request: 0.000034 seconds.
  path: Assets/Kit/Enviroment/tower defense/Isometric/tent_smallClosed_SW.png
  artifactKey: Guid(19c96f22341f55f479e75fe3c7e99da5) Importer(2089858483,192608db42251d675da83286b1cce702)
Start importing Assets/Kit/Enviroment/tower defense/Isometric/tent_smallClosed_SW.png using Guid(19c96f22341f55f479e75fe3c7e99da5) Importer(2089858483,192608db42251d675da83286b1cce702) (ScriptedImporter) -> (artifact id: '2548e38a4bbfe7a430090bf745845311') in 0.0525544 seconds
Number of updated asset objects reloaded before import = 0Number of asset objects unloaded after import = 1

========================================================================
Received Import Request.
  Time since last request: 0.000030 seconds.
  path: Assets/Kit/Enviroment/tower defense/Isometric/stone_tallG_NW.png
  artifactKey: Guid(d8e69babaddb4944aa61905605817fbb) Importer(2089858483,192608db42251d675da83286b1cce702)
Start importing Assets/Kit/Enviroment/tower defense/Isometric/stone_tallG_NW.png using Guid(d8e69babaddb4944aa61905605817fbb) Importer(2089858483,192608db42251d675da83286b1cce702) (ScriptedImporter) -> (artifact id: 'e5f29b49b4d2413666807a4204daf920') in 0.0665129 seconds
Number of updated asset objects reloaded before import = 0Number of asset objects unloaded after import = 1

========================================================================
Received Import Request.
  Time since last request: 0.000035 seconds.
  path: Assets/Kit/Enviroment/tower defense/Isometric/tree_cone_dark_NW.png
  artifactKey: Guid(48abc6bb9706601448680d01d664f82b) Importer(2089858483,192608db42251d675da83286b1cce702)
Start importing Assets/Kit/Enviroment/tower defense/Isometric/tree_cone_dark_NW.png using Guid(48abc6bb9706601448680d01d664f82b) Importer(2089858483,192608db42251d675da83286b1cce702) (ScriptedImporter) -> (artifact id: 'd59263b3a411428491fdda24951630bd') in 0.0573032 seconds
Number of updated asset objects reloaded before import = 0Number of asset objects unloaded after import = 1

========================================================================
Received Import Request.
  Time since last request: 0.000029 seconds.
  path: Assets/Kit/Enviroment/tower defense/Isometric/tent_detailedClosed_SW.png
  artifactKey: Guid(125ea86f3a0ef1b49a0b60ec2d77fb47) Importer(2089858483,192608db42251d675da83286b1cce702)
Start importing Assets/Kit/Enviroment/tower defense/Isometric/tent_detailedClosed_SW.png using Guid(125ea86f3a0ef1b49a0b60ec2d77fb47) Importer(2089858483,192608db42251d675da83286b1cce702) (ScriptedImporter) -> (artifact id: '1df71a5887dca1e38c6404f91255a895') in 0.0562599 seconds
Number of updated asset objects reloaded before import = 0Number of asset objects unloaded after import = 1

========================================================================
Received Import Request.
  Time since last request: 0.000034 seconds.
  path: Assets/Kit/Enviroment/tower defense/Isometric/tree_detailed_NE.png
  artifactKey: Guid(5a03b8ce98ab2c444954b9640d2db5dc) Importer(2089858483,192608db42251d675da83286b1cce702)
Start importing Assets/Kit/Enviroment/tower defense/Isometric/tree_detailed_NE.png using Guid(5a03b8ce98ab2c444954b9640d2db5dc) Importer(2089858483,192608db42251d675da83286b1cce702) (ScriptedImporter) -> (artifact id: '04ba6287a3a1b62425dded8468906a3e') in 0.0615719 seconds
Number of updated asset objects reloaded before import = 0Number of asset objects unloaded after import = 1

========================================================================
Received Import Request.
  Time since last request: 0.000045 seconds.
  path: Assets/Kit/Enviroment/tower defense/Isometric/tree_fat_darkh_SW.png
  artifactKey: Guid(2ca67eb47d226e448b0ae9186ad80ecc) Importer(2089858483,192608db42251d675da83286b1cce702)
Start importing Assets/Kit/Enviroment/tower defense/Isometric/tree_fat_darkh_SW.png using Guid(2ca67eb47d226e448b0ae9186ad80ecc) Importer(2089858483,192608db42251d675da83286b1cce702) (ScriptedImporter) -> (artifact id: '467bf56f6b945ba2a7d5d3d8d48fbcd9') in 0.060077 seconds
Number of updated asset objects reloaded before import = 0Number of asset objects unloaded after import = 1

========================================================================
Received Import Request.
  Time since last request: 0.000034 seconds.
  path: Assets/Kit/Enviroment/tower defense/Isometric/tree_detailed_fall_NW.png
  artifactKey: Guid(6e416aecbef5c0c4aab5e0e52d7712d7) Importer(2089858483,192608db42251d675da83286b1cce702)
Start importing Assets/Kit/Enviroment/tower defense/Isometric/tree_detailed_fall_NW.png using Guid(6e416aecbef5c0c4aab5e0e52d7712d7) Importer(2089858483,192608db42251d675da83286b1cce702) (ScriptedImporter) -> (artifact id: '0902070a35889abe64e61a39c9082702') in 0.056181 seconds
Number of updated asset objects reloaded before import = 0Number of asset objects unloaded after import = 1

========================================================================
Received Import Request.
  Time since last request: 0.000031 seconds.
  path: Assets/Kit/Enviroment/tower defense/Isometric/tent_detailedClosed_NE.png
  artifactKey: Guid(23cb93d2a74e2d94084f528f3e40d831) Importer(2089858483,192608db42251d675da83286b1cce702)
Start importing Assets/Kit/Enviroment/tower defense/Isometric/tent_detailedClosed_NE.png using Guid(23cb93d2a74e2d94084f528f3e40d831) Importer(2089858483,192608db42251d675da83286b1cce702) (ScriptedImporter) -> (artifact id: 'a55151e95d019e699d0d817a000ca25a') in 0.0719172 seconds
Number of updated asset objects reloaded before import = 0Number of asset objects unloaded after import = 1

========================================================================
Received Import Request.
  Time since last request: 0.000062 seconds.
  path: Assets/Kit/Enviroment/tower defense/Isometric/stone_tallF_SE.png
  artifactKey: Guid(e6fdac1021fc7fc48a2efb53baa1b2d9) Importer(2089858483,192608db42251d675da83286b1cce702)
Start importing Assets/Kit/Enviroment/tower defense/Isometric/stone_tallF_SE.png using Guid(e6fdac1021fc7fc48a2efb53baa1b2d9) Importer(2089858483,192608db42251d675da83286b1cce702) (ScriptedImporter) -> (artifact id: 'e6e089856e5f6cebf26a46f6af0e5e92') in 0.0690463 seconds
Number of updated asset objects reloaded before import = 0Number of asset objects unloaded after import = 1

========================================================================
Received Import Request.
  Time since last request: 0.000028 seconds.
  path: Assets/Kit/Enviroment/tower defense/Isometric/tree_fat_SW.png
  artifactKey: Guid(36224dd414e65974f8ec379d4e28a755) Importer(2089858483,192608db42251d675da83286b1cce702)
Start importing Assets/Kit/Enviroment/tower defense/Isometric/tree_fat_SW.png using Guid(36224dd414e65974f8ec379d4e28a755) Importer(2089858483,192608db42251d675da83286b1cce702) (ScriptedImporter) -> (artifact id: '95fd59ef5dceeb351a15ecff0a3f8519') in 0.0671317 seconds
Number of updated asset objects reloaded before import = 0Number of asset objects unloaded after import = 1

========================================================================
Received Import Request.
  Time since last request: 0.000036 seconds.
  path: Assets/Kit/Enviroment/tower defense/Isometric/stone_tallD_NW.png
  artifactKey: Guid(c60ac3aa867cf8249829639ac3d987ad) Importer(2089858483,192608db42251d675da83286b1cce702)
Start importing Assets/Kit/Enviroment/tower defense/Isometric/stone_tallD_NW.png using Guid(c60ac3aa867cf8249829639ac3d987ad) Importer(2089858483,192608db42251d675da83286b1cce702) (ScriptedImporter) -> (artifact id: 'd4a6ba879129a5b8090774849b556b74') in 0.0784534 seconds
Number of updated asset objects reloaded before import = 0Number of asset objects unloaded after import = 1

========================================================================
Received Import Request.
  Time since last request: 0.000037 seconds.
  path: Assets/Kit/Enviroment/tower defense/Isometric/tree_blocks_dark_SW.png
  artifactKey: Guid(e4b0e5e604d08cd45a63b6ebc6fe696b) Importer(2089858483,192608db42251d675da83286b1cce702)
Start importing Assets/Kit/Enviroment/tower defense/Isometric/tree_blocks_dark_SW.png using Guid(e4b0e5e604d08cd45a63b6ebc6fe696b) Importer(2089858483,192608db42251d675da83286b1cce702) (ScriptedImporter) -> (artifact id: '9105532c8f8a61b46bdd9a5f07ef1daa') in 0.0563195 seconds
Number of updated asset objects reloaded before import = 0Number of asset objects unloaded after import = 1

========================================================================
Received Import Request.
  Time since last request: 0.000025 seconds.
  path: Assets/Kit/Enviroment/tower defense/Isometric/tree_detailed_fall_SW.png
  artifactKey: Guid(5160c46ecc5946b43b11c9f3e5bcc069) Importer(2089858483,192608db42251d675da83286b1cce702)
Start importing Assets/Kit/Enviroment/tower defense/Isometric/tree_detailed_fall_SW.png using Guid(5160c46ecc5946b43b11c9f3e5bcc069) Importer(2089858483,192608db42251d675da83286b1cce702) (ScriptedImporter) -> (artifact id: '800a1efd02ff4c9d73655dac8fd4c6bf') in 0.058947 seconds
Number of updated asset objects reloaded before import = 0Number of asset objects unloaded after import = 1

========================================================================
Received Import Request.
  Time since last request: 0.000035 seconds.
  path: Assets/Kit/Enviroment/tower defense/Isometric/tree_cone_SW.png
  artifactKey: Guid(9df589c0b1b08f94bbe7e920f5c0242c) Importer(2089858483,192608db42251d675da83286b1cce702)
Start importing Assets/Kit/Enviroment/tower defense/Isometric/tree_cone_SW.png using Guid(9df589c0b1b08f94bbe7e920f5c0242c) Importer(2089858483,192608db42251d675da83286b1cce702) (ScriptedImporter) -> (artifact id: '2d263e1f82c2f9ba210dfa60a1553f5f') in 0.0875381 seconds
Number of updated asset objects reloaded before import = 0Number of asset objects unloaded after import = 1

========================================================================
Received Import Request.
  Time since last request: 0.000043 seconds.
  path: Assets/Kit/Enviroment/tower defense/Isometric/tree_pineDefaultA_SW.png
  artifactKey: Guid(d6da373851d26ee4eaca7d2f5c5e34dd) Importer(2089858483,192608db42251d675da83286b1cce702)
Start importing Assets/Kit/Enviroment/tower defense/Isometric/tree_pineDefaultA_SW.png using Guid(d6da373851d26ee4eaca7d2f5c5e34dd) Importer(2089858483,192608db42251d675da83286b1cce702) (ScriptedImporter) -> (artifact id: '0f705fbc357a04060dd9e9621e0e244a') in 0.0619541 seconds
Number of updated asset objects reloaded before import = 0Number of asset objects unloaded after import = 1

========================================================================
Received Import Request.
  Time since last request: 0.000025 seconds.
  path: Assets/Kit/Enviroment/tower defense/Isometric/tree_pineRoundB_SE.png
  artifactKey: Guid(5c9dde16f3c38e44f95ba5a7b7022320) Importer(2089858483,192608db42251d675da83286b1cce702)
Start importing Assets/Kit/Enviroment/tower defense/Isometric/tree_pineRoundB_SE.png using Guid(5c9dde16f3c38e44f95ba5a7b7022320) Importer(2089858483,192608db42251d675da83286b1cce702) (ScriptedImporter) -> (artifact id: '657417a161c19b78729e3e9aecff3a28') in 0.0736525 seconds
Number of updated asset objects reloaded before import = 0Number of asset objects unloaded after import = 1

========================================================================
Received Import Request.
  Time since last request: 0.000034 seconds.
  path: Assets/Kit/Enviroment/tower defense/Isometric/tree_pineRoundC_NW.png
  artifactKey: Guid(7aba01ee2a811c0408877bae7674bfbe) Importer(2089858483,192608db42251d675da83286b1cce702)
Start importing Assets/Kit/Enviroment/tower defense/Isometric/tree_pineRoundC_NW.png using Guid(7aba01ee2a811c0408877bae7674bfbe) Importer(2089858483,192608db42251d675da83286b1cce702) (ScriptedImporter) -> (artifact id: '3739ea8f5c41e47beeb548c11b97711a') in 0.0694105 seconds
Number of updated asset objects reloaded before import = 0Number of asset objects unloaded after import = 1

========================================================================
Received Import Request.
  Time since last request: 0.000043 seconds.
  path: Assets/Kit/Enviroment/tower defense/Isometric/tree_pineRoundE_NW.png
  artifactKey: Guid(d445b8b697361244492098dca81ee845) Importer(2089858483,192608db42251d675da83286b1cce702)
Start importing Assets/Kit/Enviroment/tower defense/Isometric/tree_pineRoundE_NW.png using Guid(d445b8b697361244492098dca81ee845) Importer(2089858483,192608db42251d675da83286b1cce702) (ScriptedImporter) -> (artifact id: '43254cf27f5cbc2fe4533f6b2f7ddb0d') in 0.0561421 seconds
Number of updated asset objects reloaded before import = 0Number of asset objects unloaded after import = 1

========================================================================
Received Import Request.
  Time since last request: 0.000091 seconds.
  path: Assets/Kit/Enviroment/tower defense/Isometric/tree_pineRoundA_NW.png
  artifactKey: Guid(180de0b83f1b2aa48890ec9fa1b25862) Importer(2089858483,192608db42251d675da83286b1cce702)
Start importing Assets/Kit/Enviroment/tower defense/Isometric/tree_pineRoundA_NW.png using Guid(180de0b83f1b2aa48890ec9fa1b25862) Importer(2089858483,192608db42251d675da83286b1cce702) (ScriptedImporter) -> (artifact id: '711c24d5c43935134efeae53246fd561') in 0.0723634 seconds
Number of updated asset objects reloaded before import = 0Number of asset objects unloaded after import = 1

========================================================================
Received Import Request.
  Time since last request: 0.000033 seconds.
  path: Assets/Kit/Enviroment/tower defense/Isometric/tree_palmDetailedShort_SE.png
  artifactKey: Guid(79b5e45f4240c454193d7fe0ead18f2b) Importer(2089858483,192608db42251d675da83286b1cce702)
Start importing Assets/Kit/Enviroment/tower defense/Isometric/tree_palmDetailedShort_SE.png using Guid(79b5e45f4240c454193d7fe0ead18f2b) Importer(2089858483,192608db42251d675da83286b1cce702) (ScriptedImporter) -> (artifact id: '79bf5f98b7c13c8ff41e664409fc4d6f') in 0.0542699 seconds
Number of updated asset objects reloaded before import = 0Number of asset objects unloaded after import = 1

========================================================================
Received Import Request.
  Time since last request: 0.000048 seconds.
  path: Assets/Kit/Enviroment/tower defense/Isometric/tree_palmTall_NE.png
  artifactKey: Guid(d82cfae29f87899408c609bc21ae5864) Importer(2089858483,192608db42251d675da83286b1cce702)
Start importing Assets/Kit/Enviroment/tower defense/Isometric/tree_palmTall_NE.png using Guid(d82cfae29f87899408c609bc21ae5864) Importer(2089858483,192608db42251d675da83286b1cce702) (ScriptedImporter) -> (artifact id: 'd01336307e7e992aff20f2bca43627b6') in 0.0515656 seconds
Number of updated asset objects reloaded before import = 0Number of asset objects unloaded after import = 1

========================================================================
Received Import Request.
  Time since last request: 0.000038 seconds.
  path: Assets/Kit/Enviroment/tower defense/Isometric/tree_pineSmallB_NW.png
  artifactKey: Guid(b53c23cf444737e42ad8bfb910afb132) Importer(2089858483,192608db42251d675da83286b1cce702)
Start importing Assets/Kit/Enviroment/tower defense/Isometric/tree_pineSmallB_NW.png using Guid(b53c23cf444737e42ad8bfb910afb132) Importer(2089858483,192608db42251d675da83286b1cce702) (ScriptedImporter) -> (artifact id: '2a657b53f2e567d03b3b60f6ddfe0554') in 0.0610757 seconds
Number of updated asset objects reloaded before import = 0Number of asset objects unloaded after import = 1

========================================================================
Received Import Request.
  Time since last request: 0.000027 seconds.
  path: Assets/Kit/Enviroment/tower defense/Isometric/tree_pineDefaultB_SE.png
  artifactKey: Guid(cf5f64e7c8a0c824daf235bc1b5573e5) Importer(2089858483,192608db42251d675da83286b1cce702)
Start importing Assets/Kit/Enviroment/tower defense/Isometric/tree_pineDefaultB_SE.png using Guid(cf5f64e7c8a0c824daf235bc1b5573e5) Importer(2089858483,192608db42251d675da83286b1cce702) (ScriptedImporter) -> (artifact id: 'c47bafedff94c9fea9cd7f39f4df5028') in 0.0529146 seconds
Number of updated asset objects reloaded before import = 0Number of asset objects unloaded after import = 1

========================================================================
Received Import Request.
  Time since last request: 0.000045 seconds.
  path: Assets/Kit/Enviroment/tower defense/Isometric/tree_pineSmallD_NE.png
  artifactKey: Guid(a26b3372faacf414a87554b3a9fcd289) Importer(2089858483,192608db42251d675da83286b1cce702)
Start importing Assets/Kit/Enviroment/tower defense/Isometric/tree_pineSmallD_NE.png using Guid(a26b3372faacf414a87554b3a9fcd289) Importer(2089858483,192608db42251d675da83286b1cce702) (ScriptedImporter) -> (artifact id: '19ae9f1d1fef9dbcad8660b39e76be48') in 0.0538659 seconds
Number of updated asset objects reloaded before import = 0Number of asset objects unloaded after import = 1

========================================================================
Received Import Request.
  Time since last request: 0.000036 seconds.
  path: Assets/Kit/Enviroment/tower defense/Isometric/tree_pineTallD_NE.png
  artifactKey: Guid(7324b4a63107b05469aa5403a6c6fab8) Importer(2089858483,192608db42251d675da83286b1cce702)
Start importing Assets/Kit/Enviroment/tower defense/Isometric/tree_pineTallD_NE.png using Guid(7324b4a63107b05469aa5403a6c6fab8) Importer(2089858483,192608db42251d675da83286b1cce702) (ScriptedImporter) -> (artifact id: '282df566cfe5f9aef0da08f2b5c99f3f') in 0.0753221 seconds
Number of updated asset objects reloaded before import = 0Number of asset objects unloaded after import = 1

========================================================================
Received Import Request.
  Time since last request: 0.000036 seconds.
  path: Assets/Kit/Enviroment/tower defense/Isometric/tree_cone_dark_SW.png
  artifactKey: Guid(d475d59e51e9bc34795f2667cb138fc7) Importer(2089858483,192608db42251d675da83286b1cce702)
Start importing Assets/Kit/Enviroment/tower defense/Isometric/tree_cone_dark_SW.png using Guid(d475d59e51e9bc34795f2667cb138fc7) Importer(2089858483,192608db42251d675da83286b1cce702) (ScriptedImporter) -> (artifact id: '79945a52cabbb807ad5be8da51649b36') in 0.0589627 seconds
Number of updated asset objects reloaded before import = 0Number of asset objects unloaded after import = 1

========================================================================
Received Import Request.
  Time since last request: 0.000048 seconds.
  path: Assets/Kit/Enviroment/tower defense/Isometric/tree_pineTallB_detailed_NW.png
  artifactKey: Guid(f5dfe884ce7b59c42bd02c58d5d74aad) Importer(2089858483,192608db42251d675da83286b1cce702)
Start importing Assets/Kit/Enviroment/tower defense/Isometric/tree_pineTallB_detailed_NW.png using Guid(f5dfe884ce7b59c42bd02c58d5d74aad) Importer(2089858483,192608db42251d675da83286b1cce702) (ScriptedImporter) -> (artifact id: '3c15ba3812954c87f87b82b6f1b91bd8') in 0.0587482 seconds
Number of updated asset objects reloaded before import = 0Number of asset objects unloaded after import = 1

========================================================================
Received Import Request.
  Time since last request: 0.000025 seconds.
  path: Assets/Kit/Enviroment/tower defense/Isometric/stone_tallH_NW.png
  artifactKey: Guid(991d620ae329df14fbd354371df60824) Importer(2089858483,192608db42251d675da83286b1cce702)
Start importing Assets/Kit/Enviroment/tower defense/Isometric/stone_tallH_NW.png using Guid(991d620ae329df14fbd354371df60824) Importer(2089858483,192608db42251d675da83286b1cce702) (ScriptedImporter) -> (artifact id: '5d6f74f0d2fe3768a06fcc2248a71446') in 0.0650513 seconds
Number of updated asset objects reloaded before import = 0Number of asset objects unloaded after import = 1

========================================================================
Received Import Request.
  Time since last request: 0.000026 seconds.
  path: Assets/Kit/Enviroment/tower defense/Isometric/tree_cone_fall_NW.png
  artifactKey: Guid(219df9708938cdc4e81c1b161f2f6ae0) Importer(2089858483,192608db42251d675da83286b1cce702)
Start importing Assets/Kit/Enviroment/tower defense/Isometric/tree_cone_fall_NW.png using Guid(219df9708938cdc4e81c1b161f2f6ae0) Importer(2089858483,192608db42251d675da83286b1cce702) (ScriptedImporter) -> (artifact id: '4b3aff0a85dd3dd143fc08e453b22739') in 0.0804134 seconds
Number of updated asset objects reloaded before import = 0Number of asset objects unloaded after import = 1

========================================================================
Received Import Request.
  Time since last request: 0.000039 seconds.
  path: Assets/Kit/Enviroment/tower defense/Isometric/tree_pineRoundB_SW.png
  artifactKey: Guid(01786416f0d90d5489804973b83a960f) Importer(2089858483,192608db42251d675da83286b1cce702)
Start importing Assets/Kit/Enviroment/tower defense/Isometric/tree_pineRoundB_SW.png using Guid(01786416f0d90d5489804973b83a960f) Importer(2089858483,192608db42251d675da83286b1cce702) (ScriptedImporter) -> (artifact id: '105576e5fec1e22da47e6a879078d9c0') in 0.0628158 seconds
Number of updated asset objects reloaded before import = 0Number of asset objects unloaded after import = 1

========================================================================
Received Import Request.
  Time since last request: 0.000025 seconds.
  path: Assets/Kit/Enviroment/tower defense/Isometric/tree_pineTallC_SE.png
  artifactKey: Guid(fbc5426cdd516974ab9d6e68f7d13e62) Importer(2089858483,192608db42251d675da83286b1cce702)
Start importing Assets/Kit/Enviroment/tower defense/Isometric/tree_pineTallC_SE.png using Guid(fbc5426cdd516974ab9d6e68f7d13e62) Importer(2089858483,192608db42251d675da83286b1cce702) (ScriptedImporter) -> (artifact id: '1518a58f2b7f4453974caf2689adf2d1') in 0.0727308 seconds
Number of updated asset objects reloaded before import = 0Number of asset objects unloaded after import = 1

========================================================================
Received Import Request.
  Time since last request: 0.000032 seconds.
  path: Assets/Kit/Enviroment/tower defense/Isometric/tree_pineRoundD_SE.png
  artifactKey: Guid(9572076deb5015f42bb84ffa67d70451) Importer(2089858483,192608db42251d675da83286b1cce702)
Start importing Assets/Kit/Enviroment/tower defense/Isometric/tree_pineRoundD_SE.png using Guid(9572076deb5015f42bb84ffa67d70451) Importer(2089858483,192608db42251d675da83286b1cce702) (ScriptedImporter) -> (artifact id: '8f05d7520b110cc73c38cda75ba3d55d') in 0.0676448 seconds
Number of updated asset objects reloaded before import = 0Number of asset objects unloaded after import = 1

========================================================================
Received Import Request.
  Time since last request: 0.000043 seconds.
  path: Assets/Kit/Enviroment/tower defense/Isometric/tree_pineTallD_detailed_NE.png
  artifactKey: Guid(5be5cbc0683a0eb409af7e39bff63165) Importer(2089858483,192608db42251d675da83286b1cce702)
Start importing Assets/Kit/Enviroment/tower defense/Isometric/tree_pineTallD_detailed_NE.png using Guid(5be5cbc0683a0eb409af7e39bff63165) Importer(2089858483,192608db42251d675da83286b1cce702) (ScriptedImporter) -> (artifact id: 'fb410b43c649487753098534fb316526') in 0.0589884 seconds
Number of updated asset objects reloaded before import = 0Number of asset objects unloaded after import = 1

========================================================================
Received Import Request.
  Time since last request: 0.000027 seconds.
  path: Assets/Kit/Enviroment/tower defense/Isometric/tree_palmDetailedTall_NE.png
  artifactKey: Guid(3fed4fe4c71c18744a3a76bc31505194) Importer(2089858483,192608db42251d675da83286b1cce702)
Start importing Assets/Kit/Enviroment/tower defense/Isometric/tree_palmDetailedTall_NE.png using Guid(3fed4fe4c71c18744a3a76bc31505194) Importer(2089858483,192608db42251d675da83286b1cce702) (ScriptedImporter) -> (artifact id: '8d66e94a2a33dc805fbce564ebd8a4db') in 0.0703121 seconds
Number of updated asset objects reloaded before import = 0Number of asset objects unloaded after import = 1

========================================================================
Received Import Request.
  Time since last request: 0.000033 seconds.
  path: Assets/Kit/Enviroment/tower defense/Isometric/tree_pineRoundF_SE.png
  artifactKey: Guid(9965da71f2bf3554fb09e241c985c5a1) Importer(2089858483,192608db42251d675da83286b1cce702)
Start importing Assets/Kit/Enviroment/tower defense/Isometric/tree_pineRoundF_SE.png using Guid(9965da71f2bf3554fb09e241c985c5a1) Importer(2089858483,192608db42251d675da83286b1cce702) (ScriptedImporter) -> (artifact id: '54be9edfd3958dc3dbdfc85c2c06f0dd') in 0.0583807 seconds
Number of updated asset objects reloaded before import = 0Number of asset objects unloaded after import = 1

========================================================================
Received Import Request.
  Time since last request: 0.000044 seconds.
  path: Assets/Kit/Enviroment/tower defense/Isometric/tree_pineRoundA_NE.png
  artifactKey: Guid(3d7e033a726e8bb4598b2010faa06898) Importer(2089858483,192608db42251d675da83286b1cce702)
Start importing Assets/Kit/Enviroment/tower defense/Isometric/tree_pineRoundA_NE.png using Guid(3d7e033a726e8bb4598b2010faa06898) Importer(2089858483,192608db42251d675da83286b1cce702) (ScriptedImporter) -> (artifact id: '7e24a0a89dcf25de3e3a7f7e51734534') in 0.0614591 seconds
Number of updated asset objects reloaded before import = 0Number of asset objects unloaded after import = 1

========================================================================
Received Import Request.
  Time since last request: 0.000026 seconds.
  path: Assets/Kit/Enviroment/tower defense/Isometric/tree_pineTallC_NW.png
  artifactKey: Guid(3e5fa884d00cd19429da74c89befd97b) Importer(2089858483,192608db42251d675da83286b1cce702)
Start importing Assets/Kit/Enviroment/tower defense/Isometric/tree_pineTallC_NW.png using Guid(3e5fa884d00cd19429da74c89befd97b) Importer(2089858483,192608db42251d675da83286b1cce702) (ScriptedImporter) -> (artifact id: 'c0577f08b136d51979a6acbfba3ada2f') in 0.0900165 seconds
Number of updated asset objects reloaded before import = 0Number of asset objects unloaded after import = 1

========================================================================
Received Import Request.
  Time since last request: 0.000034 seconds.
  path: Assets/Kit/Enviroment/tower defense/Side/cliff_block_rock.png
  artifactKey: Guid(8dc7af98b30315042a192199904c8712) Importer(2089858483,192608db42251d675da83286b1cce702)
Start importing Assets/Kit/Enviroment/tower defense/Side/cliff_block_rock.png using Guid(8dc7af98b30315042a192199904c8712) Importer(2089858483,192608db42251d675da83286b1cce702) (ScriptedImporter) -> (artifact id: '21d3bb8feea999f70d9d1309f24246a6') in 0.0649839 seconds
Number of updated asset objects reloaded before import = 0Number of asset objects unloaded after import = 1

========================================================================
Received Import Request.
  Time since last request: 0.000039 seconds.
  path: Assets/Kit/Enviroment/tower defense/Isometric/tree_thin_fall_SE.png
  artifactKey: Guid(231e24bd246ca4e4eb099d9a07c3b57a) Importer(2089858483,192608db42251d675da83286b1cce702)
Start importing Assets/Kit/Enviroment/tower defense/Isometric/tree_thin_fall_SE.png using Guid(231e24bd246ca4e4eb099d9a07c3b57a) Importer(2089858483,192608db42251d675da83286b1cce702) (ScriptedImporter) -> (artifact id: 'ec178d2837a0fa0354af76c2e0290d1a') in 0.0686185 seconds
Number of updated asset objects reloaded before import = 0Number of asset objects unloaded after import = 1

========================================================================
Received Import Request.
  Time since last request: 0.000030 seconds.
  path: Assets/Kit/Enviroment/tower defense/Side/bridge_stone.png
  artifactKey: Guid(064f9efd58c15d347ae7d4b0029abae8) Importer(2089858483,192608db42251d675da83286b1cce702)
Start importing Assets/Kit/Enviroment/tower defense/Side/bridge_stone.png using Guid(064f9efd58c15d347ae7d4b0029abae8) Importer(2089858483,192608db42251d675da83286b1cce702) (ScriptedImporter) -> (artifact id: '92ade88daef75c623aad2840c9074e19') in 0.0735037 seconds
Number of updated asset objects reloaded before import = 0Number of asset objects unloaded after import = 1

========================================================================
Received Import Request.
  Time since last request: 0.000025 seconds.
  path: Assets/Kit/Enviroment/tower defense/Side/cliff_blockCave_stone.png
  artifactKey: Guid(108a37c45c4f6f843b4b406ecbecd4bb) Importer(2089858483,192608db42251d675da83286b1cce702)
Start importing Assets/Kit/Enviroment/tower defense/Side/cliff_blockCave_stone.png using Guid(108a37c45c4f6f843b4b406ecbecd4bb) Importer(2089858483,192608db42251d675da83286b1cce702) (ScriptedImporter) -> (artifact id: '0e020c85c4c2373262b36b230f08958f') in 0.0679838 seconds
Number of updated asset objects reloaded before import = 0Number of asset objects unloaded after import = 1

========================================================================
Received Import Request.
  Time since last request: 0.000043 seconds.
  path: Assets/Kit/Enviroment/tower defense/Side/bridge_side_stone.png
  artifactKey: Guid(90249b7f6e5a89145a4c73a1135c3988) Importer(2089858483,192608db42251d675da83286b1cce702)
Start importing Assets/Kit/Enviroment/tower defense/Side/bridge_side_stone.png using Guid(90249b7f6e5a89145a4c73a1135c3988) Importer(2089858483,192608db42251d675da83286b1cce702) (ScriptedImporter) -> (artifact id: 'c5694622ff8dc2e1256018186f995c24') in 0.052614 seconds
Number of updated asset objects reloaded before import = 0Number of asset objects unloaded after import = 1

========================================================================
Received Import Request.
  Time since last request: 0.000032 seconds.
  path: Assets/Kit/Enviroment/tower defense/Side/cactus_short.png
  artifactKey: Guid(9815111fbe45d4245b310895c2dd41c4) Importer(2089858483,192608db42251d675da83286b1cce702)
Start importing Assets/Kit/Enviroment/tower defense/Side/cactus_short.png using Guid(9815111fbe45d4245b310895c2dd41c4) Importer(2089858483,192608db42251d675da83286b1cce702) (ScriptedImporter) -> (artifact id: '7edc77db78313538235e35be14a96979') in 0.0517595 seconds
Number of updated asset objects reloaded before import = 0Number of asset objects unloaded after import = 1

========================================================================
Received Import Request.
  Time since last request: 0.000035 seconds.
  path: Assets/Kit/Enviroment/tower defense/Isometric/tree_tall_SE.png
  artifactKey: Guid(35fd6f7a1b464764caf679016a023616) Importer(2089858483,192608db42251d675da83286b1cce702)
Start importing Assets/Kit/Enviroment/tower defense/Isometric/tree_tall_SE.png using Guid(35fd6f7a1b464764caf679016a023616) Importer(2089858483,192608db42251d675da83286b1cce702) (ScriptedImporter) -> (artifact id: '149cac86ef9f21c3a708085753c5b97c') in 0.0606771 seconds
Number of updated asset objects reloaded before import = 0Number of asset objects unloaded after import = 1

========================================================================
Received Import Request.
  Time since last request: 0.000063 seconds.
  path: Assets/Kit/Enviroment/tower defense/Side/cliff_cornerInner_stone.png
  artifactKey: Guid(a464ee3799e3f00459ce558b63d83ec0) Importer(2089858483,192608db42251d675da83286b1cce702)
Start importing Assets/Kit/Enviroment/tower defense/Side/cliff_cornerInner_stone.png using Guid(a464ee3799e3f00459ce558b63d83ec0) Importer(2089858483,192608db42251d675da83286b1cce702) (ScriptedImporter) -> (artifact id: '0bc1beea58bc8791b8ec9db846ea7486') in 0.0627078 seconds
Number of updated asset objects reloaded before import = 0Number of asset objects unloaded after import = 1

========================================================================
Received Import Request.
  Time since last request: 0.000032 seconds.
  path: Assets/Kit/Enviroment/tower defense/Side/cliff_blockDiagonal_stone.png
  artifactKey: Guid(9ee9c721d76775f49a450c10de4fb5c3) Importer(2089858483,192608db42251d675da83286b1cce702)
Start importing Assets/Kit/Enviroment/tower defense/Side/cliff_blockDiagonal_stone.png using Guid(9ee9c721d76775f49a450c10de4fb5c3) Importer(2089858483,192608db42251d675da83286b1cce702) (ScriptedImporter) -> (artifact id: '74d3cb4940787efe485f382956e4baf5') in 0.0526352 seconds
Number of updated asset objects reloaded before import = 0Number of asset objects unloaded after import = 1

========================================================================
Received Import Request.
  Time since last request: 0.000028 seconds.
  path: Assets/Kit/Enviroment/tower defense/Isometric/tree_tall_NE.png
  artifactKey: Guid(a748610cab15c4643a966bd6417ae1e3) Importer(2089858483,192608db42251d675da83286b1cce702)
Start importing Assets/Kit/Enviroment/tower defense/Isometric/tree_tall_NE.png using Guid(a748610cab15c4643a966bd6417ae1e3) Importer(2089858483,192608db42251d675da83286b1cce702) (ScriptedImporter) -> (artifact id: 'e036907ed4737237f6701d7798b0003c') in 0.0554069 seconds
Number of updated asset objects reloaded before import = 0Number of asset objects unloaded after import = 1

========================================================================
Received Import Request.
  Time since last request: 0.000047 seconds.
  path: Assets/Kit/Enviroment/tower defense/Side/cliff_diagonal_stone.png
  artifactKey: Guid(ae80df4296fd94d4fa3ff697f284a0d0) Importer(2089858483,192608db42251d675da83286b1cce702)
Start importing Assets/Kit/Enviroment/tower defense/Side/cliff_diagonal_stone.png using Guid(ae80df4296fd94d4fa3ff697f284a0d0) Importer(2089858483,192608db42251d675da83286b1cce702) (ScriptedImporter) -> (artifact id: '5f7d9cb18938042aa9a8ee2b9b436b0a') in 0.0563385 seconds
Number of updated asset objects reloaded before import = 0Number of asset objects unloaded after import = 1

========================================================================
Received Import Request.
  Time since last request: 0.000033 seconds.
  path: Assets/Kit/Enviroment/tower defense/Isometric/tree_tall_dark_NE.png
  artifactKey: Guid(7048c9afabc8d1e4da32f7daab136e75) Importer(2089858483,192608db42251d675da83286b1cce702)
Start importing Assets/Kit/Enviroment/tower defense/Isometric/tree_tall_dark_NE.png using Guid(7048c9afabc8d1e4da32f7daab136e75) Importer(2089858483,192608db42251d675da83286b1cce702) (ScriptedImporter) -> (artifact id: '761e9a9c00b6c377964bff90a8b32145') in 0.0540488 seconds
Number of updated asset objects reloaded before import = 0Number of asset objects unloaded after import = 1

========================================================================
Received Import Request.
  Time since last request: 0.000034 seconds.
  path: Assets/Kit/Enviroment/tower defense/Side/bridge_stoneRound.png
  artifactKey: Guid(5f4846fe7752a7f4bbd918878c0d78d1) Importer(2089858483,192608db42251d675da83286b1cce702)
Start importing Assets/Kit/Enviroment/tower defense/Side/bridge_stoneRound.png using Guid(5f4846fe7752a7f4bbd918878c0d78d1) Importer(2089858483,192608db42251d675da83286b1cce702) (ScriptedImporter) -> (artifact id: 'b96b7970af3d014243db98a0689c105a') in 0.0706401 seconds
Number of updated asset objects reloaded before import = 0Number of asset objects unloaded after import = 1

========================================================================
Received Import Request.
  Time since last request: 0.000054 seconds.
  path: Assets/Kit/Enviroment/tower defense/Isometric/tree_simple_fall_SE.png
  artifactKey: Guid(eae3425ef41c7074daf94287a0276f28) Importer(2089858483,192608db42251d675da83286b1cce702)
Start importing Assets/Kit/Enviroment/tower defense/Isometric/tree_simple_fall_SE.png using Guid(eae3425ef41c7074daf94287a0276f28) Importer(2089858483,192608db42251d675da83286b1cce702) (ScriptedImporter) -> (artifact id: '0988f3d8e74dfb0cffd4f93363dabb37') in 0.0650779 seconds
Number of updated asset objects reloaded before import = 0Number of asset objects unloaded after import = 1

========================================================================
Received Import Request.
  Time since last request: 0.000028 seconds.
  path: Assets/Kit/Enviroment/tower defense/Isometric/tree_thin_NE.png
  artifactKey: Guid(d17a227f86daefd4bb0fa023e1b47c51) Importer(2089858483,192608db42251d675da83286b1cce702)
Start importing Assets/Kit/Enviroment/tower defense/Isometric/tree_thin_NE.png using Guid(d17a227f86daefd4bb0fa023e1b47c51) Importer(2089858483,192608db42251d675da83286b1cce702) (ScriptedImporter) -> (artifact id: 'cdc88c8df9a07b23aebe4a8ed4b34920') in 0.0617963 seconds
Number of updated asset objects reloaded before import = 0Number of asset objects unloaded after import = 1

========================================================================
Received Import Request.
  Time since last request: 0.000031 seconds.
  path: Assets/Kit/Enviroment/tower defense/Isometric/tree_simple_fall_SW.png
  artifactKey: Guid(4a712234fcf3bee46b345f22ce46fc25) Importer(2089858483,192608db42251d675da83286b1cce702)
Start importing Assets/Kit/Enviroment/tower defense/Isometric/tree_simple_fall_SW.png using Guid(4a712234fcf3bee46b345f22ce46fc25) Importer(2089858483,192608db42251d675da83286b1cce702) (ScriptedImporter) -> (artifact id: '870ca6a2d9bad46fd388acb61bcfdb8a') in 0.0531745 seconds
Number of updated asset objects reloaded before import = 0Number of asset objects unloaded after import = 1

========================================================================
Received Import Request.
  Time since last request: 0.000045 seconds.
  path: Assets/Kit/Enviroment/tower defense/Side/cliff_cave_stone.png
  artifactKey: Guid(37217ca487c2a5746bf03f6e3e3e183d) Importer(2089858483,192608db42251d675da83286b1cce702)
Start importing Assets/Kit/Enviroment/tower defense/Side/cliff_cave_stone.png using Guid(37217ca487c2a5746bf03f6e3e3e183d) Importer(2089858483,192608db42251d675da83286b1cce702) (ScriptedImporter) -> (artifact id: '041c60eacb0b3c9747e7fae781a16563') in 0.0606233 seconds
Number of updated asset objects reloaded before import = 0Number of asset objects unloaded after import = 1

========================================================================
Received Import Request.
  Time since last request: 0.000029 seconds.
  path: Assets/Kit/Enviroment/tower defense/Isometric/tree_small_dark_NW.png
  artifactKey: Guid(4c0ee30d7789b7d4caabbc598294e95f) Importer(2089858483,192608db42251d675da83286b1cce702)
Start importing Assets/Kit/Enviroment/tower defense/Isometric/tree_small_dark_NW.png using Guid(4c0ee30d7789b7d4caabbc598294e95f) Importer(2089858483,192608db42251d675da83286b1cce702) (ScriptedImporter) -> (artifact id: '83ac4016b4df30e8faf6ab8acd9b5da4') in 0.0588767 seconds
Number of updated asset objects reloaded before import = 0Number of asset objects unloaded after import = 1

========================================================================
Received Import Request.
  Time since last request: 0.000029 seconds.
  path: Assets/Kit/Enviroment/tower defense/Isometric/tree_simple_SE.png
  artifactKey: Guid(1a6c831d6146d3a4f8fec90ea06307e3) Importer(2089858483,192608db42251d675da83286b1cce702)
Start importing Assets/Kit/Enviroment/tower defense/Isometric/tree_simple_SE.png using Guid(1a6c831d6146d3a4f8fec90ea06307e3) Importer(2089858483,192608db42251d675da83286b1cce702) (ScriptedImporter) -> (artifact id: '4758e3b69f5cea38fd68db9863527104') in 0.052858 seconds
Number of updated asset objects reloaded before import = 0Number of asset objects unloaded after import = 1

========================================================================
Received Import Request.
  Time since last request: 0.000038 seconds.
  path: Assets/Kit/Enviroment/tower defense/Isometric/tree_palmDetailedTall_NW.png
  artifactKey: Guid(a639cab74fe71664c93d542dbd610510) Importer(2089858483,192608db42251d675da83286b1cce702)
Start importing Assets/Kit/Enviroment/tower defense/Isometric/tree_palmDetailedTall_NW.png using Guid(a639cab74fe71664c93d542dbd610510) Importer(2089858483,192608db42251d675da83286b1cce702) (ScriptedImporter) -> (artifact id: '35295001a4f91d6d9d2527c09893beca') in 0.0564546 seconds
Number of updated asset objects reloaded before import = 0Number of asset objects unloaded after import = 1

========================================================================
Received Import Request.
  Time since last request: 0.000025 seconds.
  path: Assets/Kit/Enviroment/tower defense/Isometric/tree_simple_dark_NE.png
  artifactKey: Guid(953eed8d7121c3346a8030cd1ae709c5) Importer(2089858483,192608db42251d675da83286b1cce702)
Start importing Assets/Kit/Enviroment/tower defense/Isometric/tree_simple_dark_NE.png using Guid(953eed8d7121c3346a8030cd1ae709c5) Importer(2089858483,192608db42251d675da83286b1cce702) (ScriptedImporter) -> (artifact id: '6b6bfdbe5387183fce4769d3e16c0d11') in 0.066365 seconds
Number of updated asset objects reloaded before import = 0Number of asset objects unloaded after import = 1

========================================================================
Received Import Request.
  Time since last request: 0.000034 seconds.
  path: Assets/Kit/Enviroment/tower defense/Isometric/tree_thin_dark_SW.png
  artifactKey: Guid(cac363b141983244fab7b33f6f08c71a) Importer(2089858483,192608db42251d675da83286b1cce702)
Start importing Assets/Kit/Enviroment/tower defense/Isometric/tree_thin_dark_SW.png using Guid(cac363b141983244fab7b33f6f08c71a) Importer(2089858483,192608db42251d675da83286b1cce702) (ScriptedImporter) -> (artifact id: 'e8238b515dbd11179fba47b4f6f13d17') in 0.0512902 seconds
Number of updated asset objects reloaded before import = 0Number of asset objects unloaded after import = 1

========================================================================
Received Import Request.
  Time since last request: 0.000051 seconds.
  path: Assets/Kit/Enviroment/tower defense/Side/bridge_center_stoneRound.png
  artifactKey: Guid(18acbae69de10cb4f9c63755437595cb) Importer(2089858483,192608db42251d675da83286b1cce702)
Start importing Assets/Kit/Enviroment/tower defense/Side/bridge_center_stoneRound.png using Guid(18acbae69de10cb4f9c63755437595cb) Importer(2089858483,192608db42251d675da83286b1cce702) (ScriptedImporter) -> (artifact id: '7128847a7cd97971700641648acc4863') in 0.0615133 seconds
Number of updated asset objects reloaded before import = 0Number of asset objects unloaded after import = 1

========================================================================
Received Import Request.
  Time since last request: 0.000033 seconds.
  path: Assets/Kit/Enviroment/tower defense/Side/cliff_blockHalf_rock.png
  artifactKey: Guid(56de707dd8137d0448087c905aca6420) Importer(2089858483,192608db42251d675da83286b1cce702)
Start importing Assets/Kit/Enviroment/tower defense/Side/cliff_blockHalf_rock.png using Guid(56de707dd8137d0448087c905aca6420) Importer(2089858483,192608db42251d675da83286b1cce702) (ScriptedImporter) -> (artifact id: '1dcf1cfc6603d397caf1983163b5a9c0') in 0.0702359 seconds
Number of updated asset objects reloaded before import = 0Number of asset objects unloaded after import = 1

========================================================================
Received Import Request.
  Time since last request: 0.000033 seconds.
  path: Assets/Kit/Enviroment/tower defense/Side/log_stack.png
  artifactKey: Guid(fdddf72a5bbd7ef4aa11adec69f0ff46) Importer(2089858483,192608db42251d675da83286b1cce702)
Start importing Assets/Kit/Enviroment/tower defense/Side/log_stack.png using Guid(fdddf72a5bbd7ef4aa11adec69f0ff46) Importer(2089858483,192608db42251d675da83286b1cce702) (ScriptedImporter) -> (artifact id: '433c8970776d55a0f76b8f506d5a345b') in 0.0659425 seconds
Number of updated asset objects reloaded before import = 0Number of asset objects unloaded after import = 1

========================================================================
Received Import Request.
  Time since last request: 0.000073 seconds.
  path: Assets/Kit/Enviroment/tower defense/Side/cliff_large_stone.png
  artifactKey: Guid(10829c3b5e723cd4fa30ea5b9e117089) Importer(2089858483,192608db42251d675da83286b1cce702)
Start importing Assets/Kit/Enviroment/tower defense/Side/cliff_large_stone.png using Guid(10829c3b5e723cd4fa30ea5b9e117089) Importer(2089858483,192608db42251d675da83286b1cce702) (ScriptedImporter) -> (artifact id: 'de3044fc6d43a3cb99dc72e52c05f438') in 0.0592411 seconds
Number of updated asset objects reloaded before import = 0Number of asset objects unloaded after import = 1

========================================================================
Received Import Request.
  Time since last request: 0.000031 seconds.
  path: Assets/Kit/Enviroment/tower defense/Side/mushroom_tan.png
  artifactKey: Guid(b7c2beab99d94d245b2e88d007346b8e) Importer(2089858483,192608db42251d675da83286b1cce702)
Start importing Assets/Kit/Enviroment/tower defense/Side/mushroom_tan.png using Guid(b7c2beab99d94d245b2e88d007346b8e) Importer(2089858483,192608db42251d675da83286b1cce702) (ScriptedImporter) -> (artifact id: 'cf72c0ea4484b2a1146d0d7f15292290') in 0.0598542 seconds
Number of updated asset objects reloaded before import = 0Number of asset objects unloaded after import = 1

========================================================================
Received Import Request.
  Time since last request: 0.000029 seconds.
  path: Assets/Kit/Enviroment/tower defense/Side/plant_bushDetailed.png
  artifactKey: Guid(2e97ea5f97cc0e642a2442d3685226ad) Importer(2089858483,192608db42251d675da83286b1cce702)
Start importing Assets/Kit/Enviroment/tower defense/Side/plant_bushDetailed.png using Guid(2e97ea5f97cc0e642a2442d3685226ad) Importer(2089858483,192608db42251d675da83286b1cce702) (ScriptedImporter) -> (artifact id: '0fa305c160aa9a0d0b81de7cef0baa4f') in 0.0556515 seconds
Number of updated asset objects reloaded before import = 0Number of asset objects unloaded after import = 1

========================================================================
Received Import Request.
  Time since last request: 0.000048 seconds.
  path: Assets/Kit/Enviroment/tower defense/Side/crop_turnip.png
  artifactKey: Guid(05150f7554d649a4099915ce5910d3f2) Importer(2089858483,192608db42251d675da83286b1cce702)
Start importing Assets/Kit/Enviroment/tower defense/Side/crop_turnip.png using Guid(05150f7554d649a4099915ce5910d3f2) Importer(2089858483,192608db42251d675da83286b1cce702) (ScriptedImporter) -> (artifact id: '9512e04bc6d16bb15d1037df3475de47') in 0.0653562 seconds
Number of updated asset objects reloaded before import = 0Number of asset objects unloaded after import = 1

========================================================================
Received Import Request.
  Time since last request: 0.000033 seconds.
  path: Assets/Kit/Enviroment/tower defense/Side/mushroom_redGroup.png
  artifactKey: Guid(6eb736478c33246439064196a42ecc10) Importer(2089858483,192608db42251d675da83286b1cce702)
Start importing Assets/Kit/Enviroment/tower defense/Side/mushroom_redGroup.png using Guid(6eb736478c33246439064196a42ecc10) Importer(2089858483,192608db42251d675da83286b1cce702) (ScriptedImporter) -> (artifact id: 'e1d155c25d59f59b51ce1e1bbf6415bc') in 0.0746846 seconds
Number of updated asset objects reloaded before import = 0Number of asset objects unloaded after import = 1

========================================================================
Received Import Request.
  Time since last request: 0.000121 seconds.
  path: Assets/Kit/Enviroment/tower defense/Side/fence_simple.png
  artifactKey: Guid(d17ccd4ec763a0c49acdd6d48efc9800) Importer(2089858483,192608db42251d675da83286b1cce702)
Start importing Assets/Kit/Enviroment/tower defense/Side/fence_simple.png using Guid(d17ccd4ec763a0c49acdd6d48efc9800) Importer(2089858483,192608db42251d675da83286b1cce702) (ScriptedImporter) -> (artifact id: '207bb848902846ceff210a2a60314951') in 0.0676921 seconds
Number of updated asset objects reloaded before import = 0Number of asset objects unloaded after import = 1

========================================================================
Received Import Request.
  Time since last request: 0.000043 seconds.
  path: Assets/Kit/Enviroment/tower defense/Side/crops_dirtRow.png
  artifactKey: Guid(1cc9449ccbff2f747802ae1f75643456) Importer(2089858483,192608db42251d675da83286b1cce702)
Start importing Assets/Kit/Enviroment/tower defense/Side/crops_dirtRow.png using Guid(1cc9449ccbff2f747802ae1f75643456) Importer(2089858483,192608db42251d675da83286b1cce702) (ScriptedImporter) -> (artifact id: '498f8093c4c8728cfd91519de62fcd16') in 0.0658591 seconds
Number of updated asset objects reloaded before import = 0Number of asset objects unloaded after import = 1

========================================================================
Received Import Request.
  Time since last request: 0.000028 seconds.
  path: Assets/Kit/Enviroment/tower defense/Side/cliff_topDiagonal_rock.png
  artifactKey: Guid(84b85d04b629578418b9efc796f8eef0) Importer(2089858483,192608db42251d675da83286b1cce702)
Start importing Assets/Kit/Enviroment/tower defense/Side/cliff_topDiagonal_rock.png using Guid(84b85d04b629578418b9efc796f8eef0) Importer(2089858483,192608db42251d675da83286b1cce702) (ScriptedImporter) -> (artifact id: '7c5fb9a5e8573bb81cb8a74626a6c167') in 0.0515011 seconds
Number of updated asset objects reloaded before import = 0Number of asset objects unloaded after import = 1

========================================================================
Received Import Request.
  Time since last request: 0.000034 seconds.
  path: Assets/Kit/Enviroment/tower defense/Side/plant_bushLarge.png
  artifactKey: Guid(0ac22df6fd2843143b1bee1f7c5ddb5d) Importer(2089858483,192608db42251d675da83286b1cce702)
Start importing Assets/Kit/Enviroment/tower defense/Side/plant_bushLarge.png using Guid(0ac22df6fd2843143b1bee1f7c5ddb5d) Importer(2089858483,192608db42251d675da83286b1cce702) (ScriptedImporter) -> (artifact id: '1dd3bf233d4e6a5df2d3d04f2980d718') in 0.0578495 seconds
Number of updated asset objects reloaded before import = 0Number of asset objects unloaded after import = 1

========================================================================
Received Import Request.
  Time since last request: 0.000043 seconds.
  path: Assets/Kit/Enviroment/tower defense/Side/cliff_stone.png
  artifactKey: Guid(e2f7eb631cde83b46ba7d4d625bef413) Importer(2089858483,192608db42251d675da83286b1cce702)
Start importing Assets/Kit/Enviroment/tower defense/Side/cliff_stone.png using Guid(e2f7eb631cde83b46ba7d4d625bef413) Importer(2089858483,192608db42251d675da83286b1cce702) (ScriptedImporter) -> (artifact id: '23c128eddd661b9725666c0d852efe16') in 0.0618107 seconds
Number of updated asset objects reloaded before import = 0Number of asset objects unloaded after import = 1

========================================================================
Received Import Request.
  Time since last request: 0.000029 seconds.
  path: Assets/Kit/Enviroment/tower defense/Side/crops_leafsStageA.png
  artifactKey: Guid(22ad05a370e7d794a9b7ec2663e58f51) Importer(2089858483,192608db42251d675da83286b1cce702)
Start importing Assets/Kit/Enviroment/tower defense/Side/crops_leafsStageA.png using Guid(22ad05a370e7d794a9b7ec2663e58f51) Importer(2089858483,192608db42251d675da83286b1cce702) (ScriptedImporter) -> (artifact id: 'dcbaa5865ba972d379854ff77709ba3a') in 0.0572298 seconds
Number of updated asset objects reloaded before import = 0Number of asset objects unloaded after import = 1

========================================================================
Received Import Request.
  Time since last request: 0.000031 seconds.
  path: Assets/Kit/Enviroment/tower defense/Side/cliff_waterfall_rock.png
  artifactKey: Guid(3781b28781859a941b3676d6d2547463) Importer(2089858483,192608db42251d675da83286b1cce702)
Start importing Assets/Kit/Enviroment/tower defense/Side/cliff_waterfall_rock.png using Guid(3781b28781859a941b3676d6d2547463) Importer(2089858483,192608db42251d675da83286b1cce702) (ScriptedImporter) -> (artifact id: '49b17194d198d07d67900d4250d996d3') in 0.0504471 seconds
Number of updated asset objects reloaded before import = 0Number of asset objects unloaded after import = 1

========================================================================
Received Import Request.
  Time since last request: 0.000043 seconds.
  path: Assets/Kit/Enviroment/tower defense/Side/cliff_waterfallTop_rock.png
  artifactKey: Guid(1a0e7f021b720b041ad1e1c47d9ec124) Importer(2089858483,192608db42251d675da83286b1cce702)
Start importing Assets/Kit/Enviroment/tower defense/Side/cliff_waterfallTop_rock.png using Guid(1a0e7f021b720b041ad1e1c47d9ec124) Importer(2089858483,192608db42251d675da83286b1cce702) (ScriptedImporter) -> (artifact id: '156048373456d1913b6a1928f4d72f20') in 0.0683019 seconds
Number of updated asset objects reloaded before import = 0Number of asset objects unloaded after import = 1

========================================================================
Received Import Request.
  Time since last request: 0.000028 seconds.
  path: Assets/Kit/Enviroment/tower defense/Side/crops_cornStageC.png
  artifactKey: Guid(56fd52aa34d53f3489d4d6dd8e3a1ddd) Importer(2089858483,192608db42251d675da83286b1cce702)
Start importing Assets/Kit/Enviroment/tower defense/Side/crops_cornStageC.png using Guid(56fd52aa34d53f3489d4d6dd8e3a1ddd) Importer(2089858483,192608db42251d675da83286b1cce702) (ScriptedImporter) -> (artifact id: '765de8a53779d0f0affcf974741c0d91') in 0.0597539 seconds
Number of updated asset objects reloaded before import = 0Number of asset objects unloaded after import = 1

========================================================================
Received Import Request.
  Time since last request: 0.000031 seconds.
  path: Assets/Kit/Enviroment/tower defense/Side/cliff_large_rock.png
  artifactKey: Guid(a72ab5ef53868f941a1a064ca7b178be) Importer(2089858483,192608db42251d675da83286b1cce702)
Start importing Assets/Kit/Enviroment/tower defense/Side/cliff_large_rock.png using Guid(a72ab5ef53868f941a1a064ca7b178be) Importer(2089858483,192608db42251d675da83286b1cce702) (ScriptedImporter) -> (artifact id: '104081e9e267e7a766a6e0db9883f8c1') in 0.0506998 seconds
Number of updated asset objects reloaded before import = 0Number of asset objects unloaded after import = 1

========================================================================
Received Import Request.
  Time since last request: 0.000041 seconds.
  path: Assets/Kit/Enviroment/tower defense/Side/cliff_halfCorner_stone.png
  artifactKey: Guid(a2ca1852506ff3249a7a2d08e13b8f71) Importer(2089858483,192608db42251d675da83286b1cce702)
Start importing Assets/Kit/Enviroment/tower defense/Side/cliff_halfCorner_stone.png using Guid(a2ca1852506ff3249a7a2d08e13b8f71) Importer(2089858483,192608db42251d675da83286b1cce702) (ScriptedImporter) -> (artifact id: '9536c2cff4b50712d471a6397dbefc61') in 0.0476893 seconds
Number of updated asset objects reloaded before import = 0Number of asset objects unloaded after import = 1

========================================================================
Received Import Request.
  Time since last request: 0.000034 seconds.
  path: Assets/Kit/Enviroment/tower defense/Side/cliff_topDiagonal_stone.png
  artifactKey: Guid(84a8b3c8c976b104f97cc4fb450d0ba8) Importer(2089858483,192608db42251d675da83286b1cce702)
Start importing Assets/Kit/Enviroment/tower defense/Side/cliff_topDiagonal_stone.png using Guid(84a8b3c8c976b104f97cc4fb450d0ba8) Importer(2089858483,192608db42251d675da83286b1cce702) (ScriptedImporter) -> (artifact id: '2687bfaa2aec0421211a089e46192893') in 0.054323 seconds
Number of updated asset objects reloaded before import = 0Number of asset objects unloaded after import = 1

========================================================================
Received Import Request.
  Time since last request: 0.000029 seconds.
  path: Assets/Kit/Enviroment/tower defense/Side/mushroom_redTall.png
  artifactKey: Guid(fd61abc3806c14c428db8dacaf998ae2) Importer(2089858483,192608db42251d675da83286b1cce702)
Start importing Assets/Kit/Enviroment/tower defense/Side/mushroom_redTall.png using Guid(fd61abc3806c14c428db8dacaf998ae2) Importer(2089858483,192608db42251d675da83286b1cce702) (ScriptedImporter) -> (artifact id: 'db6a505b3c4690a0ac34df2371eaed36') in 0.0546755 seconds
Number of updated asset objects reloaded before import = 0Number of asset objects unloaded after import = 1

========================================================================
Received Import Request.
  Time since last request: 0.000043 seconds.
  path: Assets/Kit/Enviroment/tower defense/Side/plant_bush.png
  artifactKey: Guid(aee34b11f1c3df348934bd58bcbd9b35) Importer(2089858483,192608db42251d675da83286b1cce702)
Start importing Assets/Kit/Enviroment/tower defense/Side/plant_bush.png using Guid(aee34b11f1c3df348934bd58bcbd9b35) Importer(2089858483,192608db42251d675da83286b1cce702) (ScriptedImporter) -> (artifact id: 'c8b89143baeb941d6c886b3c0d5505ac') in 0.0506986 seconds
Number of updated asset objects reloaded before import = 0Number of asset objects unloaded after import = 1

========================================================================
Received Import Request.
  Time since last request: 0.000026 seconds.
  path: Assets/Kit/Enviroment/tower defense/Side/path_stone.png
  artifactKey: Guid(cf8406513e674d545a08405f3c6e43a2) Importer(2089858483,192608db42251d675da83286b1cce702)
Start importing Assets/Kit/Enviroment/tower defense/Side/path_stone.png using Guid(cf8406513e674d545a08405f3c6e43a2) Importer(2089858483,192608db42251d675da83286b1cce702) (ScriptedImporter) -> (artifact id: '04b05ac4f7c084cbeaa3e5f58b332795') in 0.0534613 seconds
Number of updated asset objects reloaded before import = 0Number of asset objects unloaded after import = 1

========================================================================
Received Import Request.
  Time since last request: 0.000053 seconds.
  path: Assets/Kit/Enviroment/tower defense/Side/crops_cornStageD.png
  artifactKey: Guid(50b64b7507765254cbacb0b136ff7d59) Importer(2089858483,192608db42251d675da83286b1cce702)
Start importing Assets/Kit/Enviroment/tower defense/Side/crops_cornStageD.png using Guid(50b64b7507765254cbacb0b136ff7d59) Importer(2089858483,192608db42251d675da83286b1cce702) (ScriptedImporter) -> (artifact id: 'b3156128f98ef032964117d1f8f34908') in 0.0576953 seconds
Number of updated asset objects reloaded before import = 0Number of asset objects unloaded after import = 1

========================================================================
Received Import Request.
  Time since last request: 0.000056 seconds.
  path: Assets/Kit/Enviroment/tower defense/Isometric/stone_tallC_NW.png
  artifactKey: Guid(ca35c4e5d2e1edb46b0ff26110b9babe) Importer(2089858483,192608db42251d675da83286b1cce702)
Start importing Assets/Kit/Enviroment/tower defense/Isometric/stone_tallC_NW.png using Guid(ca35c4e5d2e1edb46b0ff26110b9babe) Importer(2089858483,192608db42251d675da83286b1cce702) (ScriptedImporter) -> (artifact id: 'c3d89252ef9f3b90df31c205ab4743df') in 0.0722403 seconds
Number of updated asset objects reloaded before import = 0Number of asset objects unloaded after import = 1

========================================================================
Received Import Request.
  Time since last request: 0.000037 seconds.
  path: Assets/Kit/Enviroment/tower defense/Isometric/tree_pineSmallC_NW.png
  artifactKey: Guid(1ab72dee66e37294e851f3e70576baf6) Importer(2089858483,192608db42251d675da83286b1cce702)
Start importing Assets/Kit/Enviroment/tower defense/Isometric/tree_pineSmallC_NW.png using Guid(1ab72dee66e37294e851f3e70576baf6) Importer(2089858483,192608db42251d675da83286b1cce702) (ScriptedImporter) -> (artifact id: 'e3d529d3ebec4b31cd0a2e89186eacc6') in 0.0603163 seconds
Number of updated asset objects reloaded before import = 0Number of asset objects unloaded after import = 1

========================================================================
Received Import Request.
  Time since last request: 0.000041 seconds.
  path: Assets/Kit/Enviroment/tower defense/Side/crops_dirtRowCorner.png
  artifactKey: Guid(11eae493bc99cc048b33a5858ee74d4f) Importer(2089858483,192608db42251d675da83286b1cce702)
Start importing Assets/Kit/Enviroment/tower defense/Side/crops_dirtRowCorner.png using Guid(11eae493bc99cc048b33a5858ee74d4f) Importer(2089858483,192608db42251d675da83286b1cce702) (ScriptedImporter) -> (artifact id: 'e4356fb6bd3c54b2f083b26aea122590') in 0.0564364 seconds
Number of updated asset objects reloaded before import = 0Number of asset objects unloaded after import = 1

========================================================================
Received Import Request.
  Time since last request: 0.000069 seconds.
  path: Assets/Kit/Enviroment/tower defense/Side/tree_palmDetailedTall.png
  artifactKey: Guid(ca448314b737a12459bab88283d73af8) Importer(2089858483,192608db42251d675da83286b1cce702)
Start importing Assets/Kit/Enviroment/tower defense/Side/tree_palmDetailedTall.png using Guid(ca448314b737a12459bab88283d73af8) Importer(2089858483,192608db42251d675da83286b1cce702) (ScriptedImporter) -> (artifact id: 'e4d58e1593c1ba54893c0dd793615e82') in 0.0664391 seconds
Number of updated asset objects reloaded before import = 0Number of asset objects unloaded after import = 1

========================================================================
Received Import Request.
  Time since last request: 0.000022 seconds.
  path: Assets/Kit/Enviroment/tower defense/Side/tree_oak_fall.png
  artifactKey: Guid(f32d3aa37db13ad44af875ee6cf94b4b) Importer(2089858483,192608db42251d675da83286b1cce702)
Start importing Assets/Kit/Enviroment/tower defense/Side/tree_oak_fall.png using Guid(f32d3aa37db13ad44af875ee6cf94b4b) Importer(2089858483,192608db42251d675da83286b1cce702) (ScriptedImporter) -> (artifact id: '6d2b9da71763258f35c9964f79a9c227') in 0.0712997 seconds
Number of updated asset objects reloaded before import = 0Number of asset objects unloaded after import = 1

========================================================================
Received Import Request.
  Time since last request: 0.000028 seconds.
  path: Assets/Kit/Enviroment/tower defense/Side/stone_largeA.png
  artifactKey: Guid(54ae7bce2738b5d42855187db818d904) Importer(2089858483,192608db42251d675da83286b1cce702)
Start importing Assets/Kit/Enviroment/tower defense/Side/stone_largeA.png using Guid(54ae7bce2738b5d42855187db818d904) Importer(2089858483,192608db42251d675da83286b1cce702) (ScriptedImporter) -> (artifact id: '3600a3e65bf3fced2f65634538741429') in 0.057799 seconds
Number of updated asset objects reloaded before import = 0Number of asset objects unloaded after import = 1

========================================================================
Received Import Request.
  Time since last request: 0.000073 seconds.
  path: Assets/Kit/Enviroment/tower defense/Side/stone_tallJ.png
  artifactKey: Guid(788ff8e787c691d469bddcb9e5811344) Importer(2089858483,192608db42251d675da83286b1cce702)
Start importing Assets/Kit/Enviroment/tower defense/Side/stone_tallJ.png using Guid(788ff8e787c691d469bddcb9e5811344) Importer(2089858483,192608db42251d675da83286b1cce702) (ScriptedImporter) -> (artifact id: '710cba4ca9baeee4f149c315b8c971c9') in 0.0558669 seconds
Number of updated asset objects reloaded before import = 0Number of asset objects unloaded after import = 1

========================================================================
Received Import Request.
  Time since last request: 0.000037 seconds.
  path: Assets/Kit/Enviroment/tower defense/Side/tree_default_dark.png
  artifactKey: Guid(b04851334a3b3ef418a93a4e2035313e) Importer(2089858483,192608db42251d675da83286b1cce702)
Start importing Assets/Kit/Enviroment/tower defense/Side/tree_default_dark.png using Guid(b04851334a3b3ef418a93a4e2035313e) Importer(2089858483,192608db42251d675da83286b1cce702) (ScriptedImporter) -> (artifact id: 'a4452b9450a1c7bbbaa3d8be617f7703') in 0.0572873 seconds
Number of updated asset objects reloaded before import = 0Number of asset objects unloaded after import = 1

========================================================================
Received Import Request.
  Time since last request: 0.000034 seconds.
  path: Assets/Kit/Enviroment/tower defense/Side/tent_smallOpen.png
  artifactKey: Guid(b9348485f7506f4468d5f5ab55c5e2f5) Importer(2089858483,192608db42251d675da83286b1cce702)
Start importing Assets/Kit/Enviroment/tower defense/Side/tent_smallOpen.png using Guid(b9348485f7506f4468d5f5ab55c5e2f5) Importer(2089858483,192608db42251d675da83286b1cce702) (ScriptedImporter) -> (artifact id: '632120147efadaa8a20dc005622c0ba6') in 0.0671991 seconds
Number of updated asset objects reloaded before import = 0Number of asset objects unloaded after import = 1

========================================================================
Received Import Request.
  Time since last request: 0.000055 seconds.
  path: Assets/Kit/Enviroment/tower defense/Side/rock_tallA.png
  artifactKey: Guid(ce6394e42c08c3b4b9f8073852c59655) Importer(2089858483,192608db42251d675da83286b1cce702)
Start importing Assets/Kit/Enviroment/tower defense/Side/rock_tallA.png using Guid(ce6394e42c08c3b4b9f8073852c59655) Importer(2089858483,192608db42251d675da83286b1cce702) (ScriptedImporter) -> (artifact id: 'c15d5359652f90bbe227965a5424e8a6') in 0.0737078 seconds
Number of updated asset objects reloaded before import = 0Number of asset objects unloaded after import = 1

========================================================================
Received Import Request.
  Time since last request: 0.000029 seconds.
  path: Assets/Kit/Enviroment/tower defense/Side/statue_column.png
  artifactKey: Guid(8bc5d5f8076a4fb4bb5e00a8b355514a) Importer(2089858483,192608db42251d675da83286b1cce702)
Start importing Assets/Kit/Enviroment/tower defense/Side/statue_column.png using Guid(8bc5d5f8076a4fb4bb5e00a8b355514a) Importer(2089858483,192608db42251d675da83286b1cce702) (ScriptedImporter) -> (artifact id: '641f3176d48b333dc1f267fbd6eb0f9b') in 0.0625541 seconds
Number of updated asset objects reloaded before import = 0Number of asset objects unloaded after import = 1

========================================================================
Received Import Request.
  Time since last request: 0.000037 seconds.
  path: Assets/Kit/Enviroment/tower defense/Side/statue_block.png
  artifactKey: Guid(88842e4ed71e348489a9ee97806caf91) Importer(2089858483,192608db42251d675da83286b1cce702)
Start importing Assets/Kit/Enviroment/tower defense/Side/statue_block.png using Guid(88842e4ed71e348489a9ee97806caf91) Importer(2089858483,192608db42251d675da83286b1cce702) (ScriptedImporter) -> (artifact id: 'a0c949a357d75656fc06be8545d72f98') in 0.0542292 seconds
Number of updated asset objects reloaded before import = 0Number of asset objects unloaded after import = 1

========================================================================
Received Import Request.
  Time since last request: 0.000097 seconds.
  path: Assets/Kit/Enviroment/tower defense/Side/rock_tallC.png
  artifactKey: Guid(10f35543d5931ec46be5b767e5747825) Importer(2089858483,192608db42251d675da83286b1cce702)
Start importing Assets/Kit/Enviroment/tower defense/Side/rock_tallC.png using Guid(10f35543d5931ec46be5b767e5747825) Importer(2089858483,192608db42251d675da83286b1cce702) (ScriptedImporter) -> (artifact id: 'a59d674fdde118ee5e0e86ad55a71176') in 0.0572851 seconds
Number of updated asset objects reloaded before import = 0Number of asset objects unloaded after import = 1

========================================================================
Received Import Request.
  Time since last request: 0.000032 seconds.
  path: Assets/Kit/Enviroment/tower defense/Side/rock_smallTopA.png
  artifactKey: Guid(47a57673ac8bbfe48bf372b7942ae5af) Importer(2089858483,192608db42251d675da83286b1cce702)
Start importing Assets/Kit/Enviroment/tower defense/Side/rock_smallTopA.png using Guid(47a57673ac8bbfe48bf372b7942ae5af) Importer(2089858483,192608db42251d675da83286b1cce702) (ScriptedImporter) -> (artifact id: '29631eecf593acf7357df9a81972f9c2') in 0.0633816 seconds
Number of updated asset objects reloaded before import = 0Number of asset objects unloaded after import = 1

========================================================================
Received Import Request.
  Time since last request: 0.000035 seconds.
  path: Assets/Kit/Enviroment/tower defense/Side/stone_tallF.png
  artifactKey: Guid(97130cb51f60a7f4fbb7a53f3bcddaee) Importer(2089858483,192608db42251d675da83286b1cce702)
Start importing Assets/Kit/Enviroment/tower defense/Side/stone_tallF.png using Guid(97130cb51f60a7f4fbb7a53f3bcddaee) Importer(2089858483,192608db42251d675da83286b1cce702) (ScriptedImporter) -> (artifact id: 'f65df122343c55130a88e12af494b140') in 0.0553356 seconds
Number of updated asset objects reloaded before import = 0Number of asset objects unloaded after import = 1

========================================================================
Received Import Request.
  Time since last request: 0.000044 seconds.
  path: Assets/Kit/Enviroment/tower defense/Side/stone_tallE.png
  artifactKey: Guid(79d87f59cc1c0954496d0833256fe134) Importer(2089858483,192608db42251d675da83286b1cce702)
Start importing Assets/Kit/Enviroment/tower defense/Side/stone_tallE.png using Guid(79d87f59cc1c0954496d0833256fe134) Importer(2089858483,192608db42251d675da83286b1cce702) (ScriptedImporter) -> (artifact id: '77f9faa59a518b7e5fda51e011b826c6') in 0.05852 seconds
Number of updated asset objects reloaded before import = 0Number of asset objects unloaded after import = 1

========================================================================
Received Import Request.
  Time since last request: 0.000030 seconds.
  path: Assets/Kit/Enviroment/tower defense/Side/tree_pineRoundB.png
  artifactKey: Guid(f9544fd43127e1f4dac824deecabb15f) Importer(2089858483,192608db42251d675da83286b1cce702)
Start importing Assets/Kit/Enviroment/tower defense/Side/tree_pineRoundB.png using Guid(f9544fd43127e1f4dac824deecabb15f) Importer(2089858483,192608db42251d675da83286b1cce702) (ScriptedImporter) -> (artifact id: 'df1afe81660d36b966f7a4a654c5b5e7') in 0.0591456 seconds
Number of updated asset objects reloaded before import = 0Number of asset objects unloaded after import = 1

========================================================================
Received Import Request.
  Time since last request: 0.000034 seconds.
  path: Assets/Kit/Enviroment/tower defense/Side/stone_largeC.png
  artifactKey: Guid(2403aef47dc44b3478418ebaac3653c4) Importer(2089858483,192608db42251d675da83286b1cce702)
Start importing Assets/Kit/Enviroment/tower defense/Side/stone_largeC.png using Guid(2403aef47dc44b3478418ebaac3653c4) Importer(2089858483,192608db42251d675da83286b1cce702) (ScriptedImporter) -> (artifact id: 'd3f1f0d4b19c9643bf84387e9f6ae568') in 0.0551718 seconds
Number of updated asset objects reloaded before import = 0Number of asset objects unloaded after import = 1

========================================================================
Received Import Request.
  Time since last request: 0.000048 seconds.
  path: Assets/Kit/Enviroment/tower defense/Side/stone_smallFlatA.png
  artifactKey: Guid(2763c00ffe606be458d34a72ec5cfb80) Importer(2089858483,192608db42251d675da83286b1cce702)
Start importing Assets/Kit/Enviroment/tower defense/Side/stone_smallFlatA.png using Guid(2763c00ffe606be458d34a72ec5cfb80) Importer(2089858483,192608db42251d675da83286b1cce702) (ScriptedImporter) -> (artifact id: '5351a49f9e88598285b221b5bd021d9a') in 0.0579464 seconds
Number of updated asset objects reloaded before import = 0Number of asset objects unloaded after import = 1

========================================================================
Received Import Request.
  Time since last request: 0.000065 seconds.
  path: Assets/Kit/Enviroment/tower defense/Side/stone_smallD.png
  artifactKey: Guid(13a0172e61664a44dbeeb182140c8070) Importer(2089858483,192608db42251d675da83286b1cce702)
Start importing Assets/Kit/Enviroment/tower defense/Side/stone_smallD.png using Guid(13a0172e61664a44dbeeb182140c8070) Importer(2089858483,192608db42251d675da83286b1cce702) (ScriptedImporter) -> (artifact id: 'b0a64df5930f0313b738c808b47ad955') in 0.0649443 seconds
Number of updated asset objects reloaded before import = 0Number of asset objects unloaded after import = 1

========================================================================
Received Import Request.
  Time since last request: 0.000034 seconds.
  path: Assets/Kit/Enviroment/tower defense/Side/tree_pineGroundB.png
  artifactKey: Guid(776c19eafb4850f4eb77e13d0b3c3c39) Importer(2089858483,192608db42251d675da83286b1cce702)
Start importing Assets/Kit/Enviroment/tower defense/Side/tree_pineGroundB.png using Guid(776c19eafb4850f4eb77e13d0b3c3c39) Importer(2089858483,192608db42251d675da83286b1cce702) (ScriptedImporter) -> (artifact id: '9918491a4d559cd47cd8aab5ddb87412') in 0.060997 seconds
Number of updated asset objects reloaded before import = 0Number of asset objects unloaded after import = 1

========================================================================
Received Import Request.
  Time since last request: 0.000051 seconds.
  path: Assets/Kit/Enviroment/tower defense/Side/plant_flatTall.png
  artifactKey: Guid(37ca7c3cc5749b84892e1d26b207d6dd) Importer(2089858483,192608db42251d675da83286b1cce702)
Start importing Assets/Kit/Enviroment/tower defense/Side/plant_flatTall.png using Guid(37ca7c3cc5749b84892e1d26b207d6dd) Importer(2089858483,192608db42251d675da83286b1cce702) (ScriptedImporter) -> (artifact id: 'f4c9aff85cbe95ba06ddc7cfcaf87e95') in 0.0646732 seconds
Number of updated asset objects reloaded before import = 0Number of asset objects unloaded after import = 1

========================================================================
Received Import Request.
  Time since last request: 0.000032 seconds.
  path: Assets/Kit/Enviroment/tower defense/Side/rock_tallB.png
  artifactKey: Guid(4d077e7508c8a9f409d82bce71f35aee) Importer(2089858483,192608db42251d675da83286b1cce702)
Start importing Assets/Kit/Enviroment/tower defense/Side/rock_tallB.png using Guid(4d077e7508c8a9f409d82bce71f35aee) Importer(2089858483,192608db42251d675da83286b1cce702) (ScriptedImporter) -> (artifact id: 'd98ffb3b3303368fb038aaad842e2b66') in 0.0611925 seconds
Number of updated asset objects reloaded before import = 0Number of asset objects unloaded after import = 1

========================================================================
Received Import Request.
  Time since last request: 0.000037 seconds.
  path: Assets/Kit/Enviroment/tower defense/Side/rock_largeD.png
  artifactKey: Guid(264533c9da2aa8c4384b907131747c46) Importer(2089858483,192608db42251d675da83286b1cce702)
Start importing Assets/Kit/Enviroment/tower defense/Side/rock_largeD.png using Guid(264533c9da2aa8c4384b907131747c46) Importer(2089858483,192608db42251d675da83286b1cce702) (ScriptedImporter) -> (artifact id: 'c0c52ffd5b547b401968880c448cd4d9') in 0.0677856 seconds
Number of updated asset objects reloaded before import = 0Number of asset objects unloaded after import = 1

========================================================================
Received Import Request.
  Time since last request: 0.000046 seconds.
  path: Assets/Kit/Enviroment/tower defense/Side/tree_fat.png
  artifactKey: Guid(eaa2044aadd11d04389a82802cb89026) Importer(2089858483,192608db42251d675da83286b1cce702)
Start importing Assets/Kit/Enviroment/tower defense/Side/tree_fat.png using Guid(eaa2044aadd11d04389a82802cb89026) Importer(2089858483,192608db42251d675da83286b1cce702) (ScriptedImporter) -> (artifact id: '627d7d249f706c1e854b5852d0b0141c') in 0.0632671 seconds
Number of updated asset objects reloaded before import = 0Number of asset objects unloaded after import = 1

========================================================================
Received Import Request.
  Time since last request: 0.000060 seconds.
  path: Assets/Kit/Enviroment/tower defense/Side/tree_default_fall.png
  artifactKey: Guid(38e6d1bb2846eee4490b8159248db560) Importer(2089858483,192608db42251d675da83286b1cce702)
Start importing Assets/Kit/Enviroment/tower defense/Side/tree_default_fall.png using Guid(38e6d1bb2846eee4490b8159248db560) Importer(2089858483,192608db42251d675da83286b1cce702) (ScriptedImporter) -> (artifact id: 'b0584a61667f94032a9f6cf206b15373') in 0.0630284 seconds
Number of updated asset objects reloaded before import = 0Number of asset objects unloaded after import = 1

========================================================================
Received Import Request.
  Time since last request: 0.000037 seconds.
  path: Assets/Kit/Enviroment/tower defense/Side/rock_tallD.png
  artifactKey: Guid(64835b89ac4f0c440b014846960e95fd) Importer(2089858483,192608db42251d675da83286b1cce702)
Start importing Assets/Kit/Enviroment/tower defense/Side/rock_tallD.png using Guid(64835b89ac4f0c440b014846960e95fd) Importer(2089858483,192608db42251d675da83286b1cce702) (ScriptedImporter) -> (artifact id: '2ce834d838f8d7c362d25693b70e9409') in 0.0584643 seconds
Number of updated asset objects reloaded before import = 0Number of asset objects unloaded after import = 1

========================================================================
Received Import Request.
  Time since last request: 0.000045 seconds.
  path: Assets/Kit/Exterior/Preview ext/tiendas/stall-green.png
  artifactKey: Guid(054137ea43047874aaf6c5b53c92621c) Importer(2089858483,192608db42251d675da83286b1cce702)
Start importing Assets/Kit/Exterior/Preview ext/tiendas/stall-green.png using Guid(054137ea43047874aaf6c5b53c92621c) Importer(2089858483,192608db42251d675da83286b1cce702) (ScriptedImporter) -> (artifact id: '65efc1765c069aa6bd6aa42bad718d2d') in 0.0653325 seconds
Number of updated asset objects reloaded before import = 0Number of asset objects unloaded after import = 1

========================================================================
Received Import Request.
  Time since last request: 0.000027 seconds.
  path: Assets/Kit/Exterior/Rig ext/heno/hay-bale.fbx
  artifactKey: Guid(82c9607cc1fbf6447b5ea629a1d304ba) Importer(2089858483,192608db42251d675da83286b1cce702)
Start importing Assets/Kit/Exterior/Rig ext/heno/hay-bale.fbx using Guid(82c9607cc1fbf6447b5ea629a1d304ba) Importer(2089858483,192608db42251d675da83286b1cce702) (ScriptedImporter) -> (artifact id: '6bae86942be50e728b3b88264ec717c0') in 0.1628985 seconds
Number of updated asset objects reloaded before import = 0Number of asset objects unloaded after import = 9

========================================================================
Received Import Request.
  Time since last request: 0.000029 seconds.
  path: Assets/Kit/Enviroment/tower defense/Side/tree_small_fall.png
  artifactKey: Guid(11b3f95e97bd35149a7e7e77051761ca) Importer(2089858483,192608db42251d675da83286b1cce702)
Start importing Assets/Kit/Enviroment/tower defense/Side/tree_small_fall.png using Guid(11b3f95e97bd35149a7e7e77051761ca) Importer(2089858483,192608db42251d675da83286b1cce702) (ScriptedImporter) -> (artifact id: 'aa18b9d4c5685e720bdce234ebedf66e') in 0.0596375 seconds
Number of updated asset objects reloaded before import = 0Number of asset objects unloaded after import = 1

========================================================================
Received Import Request.
  Time since last request: 0.000038 seconds.
  path: Assets/Kit/Exterior/Preview ext/fountain/fountain-corner-inner.png
  artifactKey: Guid(78e55be437b66f741af20e214600031f) Importer(2089858483,192608db42251d675da83286b1cce702)
Start importing Assets/Kit/Exterior/Preview ext/fountain/fountain-corner-inner.png using Guid(78e55be437b66f741af20e214600031f) Importer(2089858483,192608db42251d675da83286b1cce702) (ScriptedImporter) -> (artifact id: '7f5f0159a06f1f9291c2962a50f85a57') in 0.0656848 seconds
Number of updated asset objects reloaded before import = 0Number of asset objects unloaded after import = 1

========================================================================
Received Import Request.
  Time since last request: 0.000029 seconds.
  path: Assets/Kit/Exterior/Preview ext/cart/cart.png
  artifactKey: Guid(fdd0e814280765341b62805f2d97add5) Importer(2089858483,192608db42251d675da83286b1cce702)
Start importing Assets/Kit/Exterior/Preview ext/cart/cart.png using Guid(fdd0e814280765341b62805f2d97add5) Importer(2089858483,192608db42251d675da83286b1cce702) (ScriptedImporter) -> (artifact id: 'e0bbc8b3d7c3782e1c345ed1909417e3') in 0.0559891 seconds
Number of updated asset objects reloaded before import = 0Number of asset objects unloaded after import = 1

========================================================================
Received Import Request.
  Time since last request: 0.000032 seconds.
  path: Assets/Kit/Exterior/Rig ext/banco/bench.fbx
  artifactKey: Guid(36f7d11ff3a5d224990366a40ba165e5) Importer(2089858483,192608db42251d675da83286b1cce702)
Start importing Assets/Kit/Exterior/Rig ext/banco/bench.fbx using Guid(36f7d11ff3a5d224990366a40ba165e5) Importer(2089858483,192608db42251d675da83286b1cce702) (ScriptedImporter) -> (artifact id: 'f285c2a580ed0360b61424d4e0be4538') in 0.0644154 seconds
Number of updated asset objects reloaded before import = 0Number of asset objects unloaded after import = 9

========================================================================
Received Import Request.
  Time since last request: 0.000041 seconds.
  path: Assets/Kit/Exterior/Rig ext/cart/cart.fbx
  artifactKey: Guid(39eff699a900da547982c82cac438f6b) Importer(2089858483,192608db42251d675da83286b1cce702)
Start importing Assets/Kit/Exterior/Rig ext/cart/cart.fbx using Guid(39eff699a900da547982c82cac438f6b) Importer(2089858483,192608db42251d675da83286b1cce702) (ScriptedImporter) -> (artifact id: 'c9aa66048d3d874513bde6e53750477c') in 0.100955 seconds
Number of updated asset objects reloaded before import = 0Number of asset objects unloaded after import = 19

========================================================================
Received Import Request.
  Time since last request: 0.000031 seconds.
  path: Assets/Kit/Exterior/Preview ext/wall/iron-fence-border-curve.png
  artifactKey: Guid(972bbcd3a6d3248468f8a1797da0a747) Importer(2089858483,192608db42251d675da83286b1cce702)
Start importing Assets/Kit/Exterior/Preview ext/wall/iron-fence-border-curve.png using Guid(972bbcd3a6d3248468f8a1797da0a747) Importer(2089858483,192608db42251d675da83286b1cce702) (ScriptedImporter) -> (artifact id: 'b79689f5736dc5e568f4be7d4f420e4e') in 0.0628482 seconds
Number of updated asset objects reloaded before import = 0Number of asset objects unloaded after import = 1

========================================================================
Received Import Request.
  Time since last request: 0.000038 seconds.
  path: Assets/Kit/Enviroment/tower defense/Side/tree_tall_dark.png
  artifactKey: Guid(ecad1606a988e9143a14c63a1e0d3630) Importer(2089858483,192608db42251d675da83286b1cce702)
Start importing Assets/Kit/Enviroment/tower defense/Side/tree_tall_dark.png using Guid(ecad1606a988e9143a14c63a1e0d3630) Importer(2089858483,192608db42251d675da83286b1cce702) (ScriptedImporter) -> (artifact id: '1e2e73ddf9018fb1709ddce54a50d63b') in 0.0688087 seconds
Number of updated asset objects reloaded before import = 0Number of asset objects unloaded after import = 1

========================================================================
Received Import Request.
  Time since last request: 0.000042 seconds.
  path: Assets/Kit/Enviroment/tower defense/Side/tree_pineTallC.png
  artifactKey: Guid(d6b6d4c8928a9f941832b24411e31fe7) Importer(2089858483,192608db42251d675da83286b1cce702)
Start importing Assets/Kit/Enviroment/tower defense/Side/tree_pineTallC.png using Guid(d6b6d4c8928a9f941832b24411e31fe7) Importer(2089858483,192608db42251d675da83286b1cce702) (ScriptedImporter) -> (artifact id: 'fcbdfc7882ec8724590de33c612c4d32') in 0.0648781 seconds
Number of updated asset objects reloaded before import = 0Number of asset objects unloaded after import = 1

========================================================================
Received Import Request.
  Time since last request: 0.000029 seconds.
  path: Assets/Kit/Exterior/Preview ext/wall/iron-fence-border-gate.png
  artifactKey: Guid(cfed82e1d210cfb44a48c7052d7ee7c0) Importer(2089858483,192608db42251d675da83286b1cce702)
Start importing Assets/Kit/Exterior/Preview ext/wall/iron-fence-border-gate.png using Guid(cfed82e1d210cfb44a48c7052d7ee7c0) Importer(2089858483,192608db42251d675da83286b1cce702) (ScriptedImporter) -> (artifact id: 'd80ad3807cfa99412c4c02f432beeb50') in 0.0655728 seconds
Number of updated asset objects reloaded before import = 0Number of asset objects unloaded after import = 1

========================================================================
Received Import Request.
  Time since last request: 0.000034 seconds.
  path: Assets/Kit/Exterior/Preview ext/crypt/crypt-small.png
  artifactKey: Guid(352e0c8b0d5569e4ebbd8d6fde3f2ccc) Importer(2089858483,192608db42251d675da83286b1cce702)
Start importing Assets/Kit/Exterior/Preview ext/crypt/crypt-small.png using Guid(352e0c8b0d5569e4ebbd8d6fde3f2ccc) Importer(2089858483,192608db42251d675da83286b1cce702) (ScriptedImporter) -> (artifact id: '28876fdd0d94784721f1b9484bc7acf8') in 0.0713247 seconds
Number of updated asset objects reloaded before import = 0Number of asset objects unloaded after import = 1

========================================================================
Received Import Request.
  Time since last request: 0.000048 seconds.
  path: Assets/Kit/Exterior/Preview ext/trees/tree-high.png
  artifactKey: Guid(d99259137dd5bc6439bd03afcd501366) Importer(2089858483,192608db42251d675da83286b1cce702)
Start importing Assets/Kit/Exterior/Preview ext/trees/tree-high.png using Guid(d99259137dd5bc6439bd03afcd501366) Importer(2089858483,192608db42251d675da83286b1cce702) (ScriptedImporter) -> (artifact id: 'e5f794344b6cbebc6ed591c3a77735a6') in 0.0632507 seconds
Number of updated asset objects reloaded before import = 0Number of asset objects unloaded after import = 1

========================================================================
Received Import Request.
  Time since last request: 0.000040 seconds.
  path: Assets/Kit/Exterior/Preview ext/heno/hay-bale.png
  artifactKey: Guid(9588a88d2e6818440ab61e1e32f8f047) Importer(2089858483,192608db42251d675da83286b1cce702)
Start importing Assets/Kit/Exterior/Preview ext/heno/hay-bale.png using Guid(9588a88d2e6818440ab61e1e32f8f047) Importer(2089858483,192608db42251d675da83286b1cce702) (ScriptedImporter) -> (artifact id: '3cd0091ef612119510db54922b9f3d48') in 0.0741412 seconds
Number of updated asset objects reloaded before import = 0Number of asset objects unloaded after import = 1

========================================================================
Received Import Request.
  Time since last request: 0.000035 seconds.
  path: Assets/Kit/Exterior/Rig ext/character/character-keeper.fbx
  artifactKey: Guid(05e1b4da1c85c7b4e859808725d320f6) Importer(2089858483,192608db42251d675da83286b1cce702)
Start importing Assets/Kit/Exterior/Rig ext/character/character-keeper.fbx using Guid(05e1b4da1c85c7b4e859808725d320f6) Importer(2089858483,192608db42251d675da83286b1cce702) (ScriptedImporter) -> (artifact id: '21aa696b372e5a7f875e559a926f7e1b') in 0.2217952 seconds
Number of updated asset objects reloaded before import = 0Number of asset objects unloaded after import = 70

========================================================================
Received Import Request.
  Time since last request: 0.000051 seconds.
  path: Assets/Kit/Exterior/Preview ext/farola/lantern.png
  artifactKey: Guid(ce4bf3043c23ba741864ac07c09a5395) Importer(2089858483,192608db42251d675da83286b1cce702)
Start importing Assets/Kit/Exterior/Preview ext/farola/lantern.png using Guid(ce4bf3043c23ba741864ac07c09a5395) Importer(2089858483,192608db42251d675da83286b1cce702) (ScriptedImporter) -> (artifact id: '75ef11f7c26b18f883139631352a94e7') in 0.0745707 seconds
Number of updated asset objects reloaded before import = 0Number of asset objects unloaded after import = 1

========================================================================
Received Import Request.
  Time since last request: 0.000032 seconds.
  path: Assets/Kit/Exterior/Preview ext/trees/tree-high-crooked.png
  artifactKey: Guid(2c62cacba4de63447a8dd0a640ce26ff) Importer(2089858483,192608db42251d675da83286b1cce702)
Start importing Assets/Kit/Exterior/Preview ext/trees/tree-high-crooked.png using Guid(2c62cacba4de63447a8dd0a640ce26ff) Importer(2089858483,192608db42251d675da83286b1cce702) (ScriptedImporter) -> (artifact id: '00c432aa7d4dc897ea66c9cde957b061') in 0.0639322 seconds
Number of updated asset objects reloaded before import = 0Number of asset objects unloaded after import = 1

========================================================================
Received Import Request.
  Time since last request: 0.000037 seconds.
  path: Assets/Kit/Exterior/Preview ext/fountain/fountain-round-detail.png
  artifactKey: Guid(7f15a8cdc6fe9ef4aa82b7dce9fde0ce) Importer(2089858483,192608db42251d675da83286b1cce702)
Start importing Assets/Kit/Exterior/Preview ext/fountain/fountain-round-detail.png using Guid(7f15a8cdc6fe9ef4aa82b7dce9fde0ce) Importer(2089858483,192608db42251d675da83286b1cce702) (ScriptedImporter) -> (artifact id: '753cec844e6c3a4cc4a3ad90f38f77c7') in 0.0606911 seconds
Number of updated asset objects reloaded before import = 0Number of asset objects unloaded after import = 1

========================================================================
Received Import Request.
  Time since last request: 0.000063 seconds.
  path: Assets/Kit/Exterior/Rig ext/character/character-zombie.fbx
  artifactKey: Guid(01ecc1eb3ee9fa842976c2d641d94b81) Importer(2089858483,192608db42251d675da83286b1cce702)
Start importing Assets/Kit/Exterior/Rig ext/character/character-zombie.fbx using Guid(01ecc1eb3ee9fa842976c2d641d94b81) Importer(2089858483,192608db42251d675da83286b1cce702) (ScriptedImporter) -> (artifact id: '7e5f48c5fb9a94b22a163fc696d6ede4') in 0.1786877 seconds
Number of updated asset objects reloaded before import = 0Number of asset objects unloaded after import = 70

========================================================================
Received Import Request.
  Time since last request: 0.000042 seconds.
  path: Assets/Kit/Exterior/Preview ext/character/character-vampire.png
  artifactKey: Guid(794acb1fa06b0384880c25c3d5634e24) Importer(2089858483,192608db42251d675da83286b1cce702)
Start importing Assets/Kit/Exterior/Preview ext/character/character-vampire.png using Guid(794acb1fa06b0384880c25c3d5634e24) Importer(2089858483,192608db42251d675da83286b1cce702) (ScriptedImporter) -> (artifact id: '9477d308a0af8cf23c1a525877f7139b') in 0.0604794 seconds
Number of updated asset objects reloaded before import = 0Number of asset objects unloaded after import = 1

========================================================================
Received Import Request.
  Time since last request: 0.000048 seconds.
  path: Assets/Kit/Tower Defense/Models/FBX format/snow-tile-river-straight.fbx
  artifactKey: Guid(0823b175bc65e7344a1cc6398048a2e8) Importer(2089858483,192608db42251d675da83286b1cce702)
Start importing Assets/Kit/Tower Defense/Models/FBX format/snow-tile-river-straight.fbx using Guid(0823b175bc65e7344a1cc6398048a2e8) Importer(2089858483,192608db42251d675da83286b1cce702) (ScriptedImporter) -> (artifact id: 'c0962d997b7bf79940e8d3656368ebdb') in 0.0677228 seconds
Number of updated asset objects reloaded before import = 0Number of asset objects unloaded after import = 9

========================================================================
Received Import Request.
  Time since last request: 0.000034 seconds.
  path: Assets/Kit/Interior/Rig int/detallitos/lantern-glass.fbx
  artifactKey: Guid(b83c17206cb137845a88fb30c1be9d88) Importer(2089858483,192608db42251d675da83286b1cce702)
Start importing Assets/Kit/Interior/Rig int/detallitos/lantern-glass.fbx using Guid(b83c17206cb137845a88fb30c1be9d88) Importer(2089858483,192608db42251d675da83286b1cce702) (ScriptedImporter) -> (artifact id: 'ba7e34898c3385fb5039426940beb291') in 0.0684949 seconds
Number of updated asset objects reloaded before import = 0Number of asset objects unloaded after import = 9

========================================================================
Received Import Request.
  Time since last request: 0.000034 seconds.
  path: Assets/Kit/Exterior/Rig ext/wall/border-pillar.fbx
  artifactKey: Guid(005904fa00dcf0f4c8eddae46e6e1075) Importer(2089858483,192608db42251d675da83286b1cce702)
Start importing Assets/Kit/Exterior/Rig ext/wall/border-pillar.fbx using Guid(005904fa00dcf0f4c8eddae46e6e1075) Importer(2089858483,192608db42251d675da83286b1cce702) (ScriptedImporter) -> (artifact id: '9795f412a8b250da349ed26de4f9f060') in 0.0661736 seconds
Number of updated asset objects reloaded before import = 0Number of asset objects unloaded after import = 9

========================================================================
Received Import Request.
  Time since last request: 0.000057 seconds.
  path: Assets/Kit/Exterior/Rig ext/wall/fence-gate.fbx
  artifactKey: Guid(799e1f20fc4f7894b94bfb0dfa734af0) Importer(2089858483,192608db42251d675da83286b1cce702)
Start importing Assets/Kit/Exterior/Rig ext/wall/fence-gate.fbx using Guid(799e1f20fc4f7894b94bfb0dfa734af0) Importer(2089858483,192608db42251d675da83286b1cce702) (ScriptedImporter) -> (artifact id: '74f77872561dd671cda3f84fbc4c1cfb') in 0.075909 seconds
Number of updated asset objects reloaded before import = 0Number of asset objects unloaded after import = 9

========================================================================
Received Import Request.
  Time since last request: 0.000028 seconds.
  path: Assets/Kit/Exterior/Rig ext/wall/brick-wall-curve.fbx
  artifactKey: Guid(35bbdd97768348f4889e51bb18655904) Importer(2089858483,192608db42251d675da83286b1cce702)
Start importing Assets/Kit/Exterior/Rig ext/wall/brick-wall-curve.fbx using Guid(35bbdd97768348f4889e51bb18655904) Importer(2089858483,192608db42251d675da83286b1cce702) (ScriptedImporter) -> (artifact id: '48943bdca27df52524444f98c94fa427') in 0.0637617 seconds
Number of updated asset objects reloaded before import = 0Number of asset objects unloaded after import = 9

========================================================================
Received Import Request.
  Time since last request: 0.000037 seconds.
  path: Assets/Kit/Tower Defense/Models/FBX format/snow-detail-rocks-large.fbx
  artifactKey: Guid(f4ef9bb5c5e132649a1beec90edd6a1a) Importer(2089858483,192608db42251d675da83286b1cce702)
Start importing Assets/Kit/Tower Defense/Models/FBX format/snow-detail-rocks-large.fbx using Guid(f4ef9bb5c5e132649a1beec90edd6a1a) Importer(2089858483,192608db42251d675da83286b1cce702) (ScriptedImporter) -> (artifact id: 'a7acfccf250e3d1a4feb90d7dcc1f7b5') in 0.0694386 seconds
Number of updated asset objects reloaded before import = 0Number of asset objects unloaded after import = 9

========================================================================
Received Import Request.
  Time since last request: 0.000048 seconds.
  path: Assets/Kit/Tower Defense/Models/FBX format/snow-tile-rock.fbx
  artifactKey: Guid(56f4b4e3f51f1d24d8ca9b40f3cfd35a) Importer(2089858483,192608db42251d675da83286b1cce702)
Start importing Assets/Kit/Tower Defense/Models/FBX format/snow-tile-rock.fbx using Guid(56f4b4e3f51f1d24d8ca9b40f3cfd35a) Importer(2089858483,192608db42251d675da83286b1cce702) (ScriptedImporter) -> (artifact id: 'f43269024239f609404b97e6d2ed9b9a') in 0.06514 seconds
Number of updated asset objects reloaded before import = 0Number of asset objects unloaded after import = 9

========================================================================
Received Import Request.
  Time since last request: 0.000029 seconds.
  path: Assets/Kit/Interior/Rig int/detallitos/detail-chalice.fbx
  artifactKey: Guid(f13b5dfd912fbbd4da7ac0a7cf93675d) Importer(2089858483,192608db42251d675da83286b1cce702)
Start importing Assets/Kit/Interior/Rig int/detallitos/detail-chalice.fbx using Guid(f13b5dfd912fbbd4da7ac0a7cf93675d) Importer(2089858483,192608db42251d675da83286b1cce702) (ScriptedImporter) -> (artifact id: '825a3a82a8b0cbc578369338fec095b8') in 0.0661709 seconds
Number of updated asset objects reloaded before import = 0Number of asset objects unloaded after import = 9

========================================================================
Received Import Request.
  Time since last request: 0.000034 seconds.
  path: Assets/Kit/Exterior/Rig ext/wall/stone-wall.fbx
  artifactKey: Guid(48526c9de6d02fa4e95fb790455c9a79) Importer(2089858483,192608db42251d675da83286b1cce702)
Start importing Assets/Kit/Exterior/Rig ext/wall/stone-wall.fbx using Guid(48526c9de6d02fa4e95fb790455c9a79) Importer(2089858483,192608db42251d675da83286b1cce702) (ScriptedImporter) -> (artifact id: '023898ed72040f6365964204b2dc2ffb') in 0.0746815 seconds
Number of updated asset objects reloaded before import = 0Number of asset objects unloaded after import = 9

========================================================================
Received Import Request.
  Time since last request: 0.000049 seconds.
  path: Assets/Kit/Interior/Rig int/detallitos/detail-bowl.fbx
  artifactKey: Guid(9ef7822100530ad45b1fe0aeabafaa90) Importer(2089858483,192608db42251d675da83286b1cce702)
Start importing Assets/Kit/Interior/Rig int/detallitos/detail-bowl.fbx using Guid(9ef7822100530ad45b1fe0aeabafaa90) Importer(2089858483,192608db42251d675da83286b1cce702) (ScriptedImporter) -> (artifact id: '50934ae4d90a448b23f285285e52073a') in 0.0622347 seconds
Number of updated asset objects reloaded before import = 0Number of asset objects unloaded after import = 9

========================================================================
Received Import Request.
  Time since last request: 0.000029 seconds.
  path: Assets/Kit/Tower Defense/Models/FBX format/snow-tile-end-round.fbx
  artifactKey: Guid(de403aea4c7ec33488c022f6b7f1c940) Importer(2089858483,192608db42251d675da83286b1cce702)
Start importing Assets/Kit/Tower Defense/Models/FBX format/snow-tile-end-round.fbx using Guid(de403aea4c7ec33488c022f6b7f1c940) Importer(2089858483,192608db42251d675da83286b1cce702) (ScriptedImporter) -> (artifact id: 'd6747d861cf4b8dbb8e04ed3a526cd71') in 0.0742975 seconds
Number of updated asset objects reloaded before import = 0Number of asset objects unloaded after import = 9

========================================================================
Received Import Request.
  Time since last request: 0.000036 seconds.
  path: Assets/Kit/Exterior/Rig ext/wall/stone-wall-column.fbx
  artifactKey: Guid(58dc369289ae0af449f4e5c28bf39ff6) Importer(2089858483,192608db42251d675da83286b1cce702)
Start importing Assets/Kit/Exterior/Rig ext/wall/stone-wall-column.fbx using Guid(58dc369289ae0af449f4e5c28bf39ff6) Importer(2089858483,192608db42251d675da83286b1cce702) (ScriptedImporter) -> (artifact id: 'e25523b0430f726f0bf7ca0a4f4708f3') in 0.0671157 seconds
Number of updated asset objects reloaded before import = 0Number of asset objects unloaded after import = 9

========================================================================
Received Import Request.
  Time since last request: 0.000057 seconds.
  path: Assets/Kit/Tower Defense/Models/FBX format/snow-tile-river-corner.fbx
  artifactKey: Guid(971c292b386474d4c9dd0d3f5ef9aca3) Importer(2089858483,192608db42251d675da83286b1cce702)
Start importing Assets/Kit/Tower Defense/Models/FBX format/snow-tile-river-corner.fbx using Guid(971c292b386474d4c9dd0d3f5ef9aca3) Importer(2089858483,192608db42251d675da83286b1cce702) (ScriptedImporter) -> (artifact id: 'f599aeb79e32959c2ad9d8183a6ab458') in 0.0789712 seconds
Number of updated asset objects reloaded before import = 0Number of asset objects unloaded after import = 9

========================================================================
Received Import Request.
  Time since last request: 0.000029 seconds.
  path: Assets/Kit/Enviroment/Eviroment hexa/KayKit_Medieval_Hexagon_Pack_1.0_FREE/Assets
  artifactKey: Guid(5db48e13b605721449f88b9b7d330305) Importer(815301076,1909f56bfc062723c751e8b465ee728b)
Start importing Assets/Kit/Enviroment/Eviroment hexa/KayKit_Medieval_Hexagon_Pack_1.0_FREE/Assets using Guid(5db48e13b605721449f88b9b7d330305) Importer(815301076,1909f56bfc062723c751e8b465ee728b) (PreviewImporter) -> (artifact id: 'a8781f5f28eaac2e4aaa4563ebe94f2c') in 0.0015464 seconds
Number of updated asset objects reloaded before import = 0Number of asset objects unloaded after import = 0

========================================================================
Received Import Request.
  Time since last request: 0.000040 seconds.
  path: Assets/Kit/Exterior/Rig ext/trees/pine-fall-crooked.fbx
  artifactKey: Guid(0596554474815eb4fb33b47836bd9a72) Importer(2089858483,192608db42251d675da83286b1cce702)
Start importing Assets/Kit/Exterior/Rig ext/trees/pine-fall-crooked.fbx using Guid(0596554474815eb4fb33b47836bd9a72) Importer(2089858483,192608db42251d675da83286b1cce702) (ScriptedImporter) -> (artifact id: '8f0dc17d8a13752117bb9f21df492a8e') in 0.0730363 seconds
Number of updated asset objects reloaded before import = 0Number of asset objects unloaded after import = 9

========================================================================
Received Import Request.
  Time since last request: 0.000048 seconds.
  path: Assets/Kit/Tower Defense/Models/FBX format/enemy-ufo-c.fbx
  artifactKey: Guid(34645af36c44d98488cc42b6eac17046) Importer(2089858483,192608db42251d675da83286b1cce702)
Start importing Assets/Kit/Tower Defense/Models/FBX format/enemy-ufo-c.fbx using Guid(34645af36c44d98488cc42b6eac17046) Importer(2089858483,192608db42251d675da83286b1cce702) (ScriptedImporter) -> (artifact id: '19d27ba278e970ac0be5565c6d9321cb') in 0.0633021 seconds
Number of updated asset objects reloaded before import = 0Number of asset objects unloaded after import = 9

========================================================================
Received Import Request.
  Time since last request: 0.000028 seconds.
  path: Assets/Kit/Tower Defense/Models/FBX format/snow-tile-corner-round.fbx
  artifactKey: Guid(21214575b04265646809728566d5cc17) Importer(2089858483,192608db42251d675da83286b1cce702)
Start importing Assets/Kit/Tower Defense/Models/FBX format/snow-tile-corner-round.fbx using Guid(21214575b04265646809728566d5cc17) Importer(2089858483,192608db42251d675da83286b1cce702) (ScriptedImporter) -> (artifact id: '9a4c61f458c8bab8f490f8588354d660') in 0.0820165 seconds
Number of updated asset objects reloaded before import = 0Number of asset objects unloaded after import = 9

========================================================================
Received Import Request.
  Time since last request: 0.000032 seconds.
  path: Assets/Kit/Enviroment/tower defense/Side/tree_tall_fall.png
  artifactKey: Guid(e1d5d846d4dfc0141b94b6578b400d3a) Importer(2089858483,192608db42251d675da83286b1cce702)
Start importing Assets/Kit/Enviroment/tower defense/Side/tree_tall_fall.png using Guid(e1d5d846d4dfc0141b94b6578b400d3a) Importer(2089858483,192608db42251d675da83286b1cce702) (ScriptedImporter) -> (artifact id: 'fb05366c502734ceffc10702f13ce9a2') in 0.0600866 seconds
Number of updated asset objects reloaded before import = 0Number of asset objects unloaded after import = 1

========================================================================
Received Import Request.
  Time since last request: 0.000052 seconds.
  path: Assets/Kit/Tower Defense/Models/FBX format/snow-tile-tree-double.fbx
  artifactKey: Guid(ea77b96abd4a07f47b85c218ec029dbb) Importer(2089858483,192608db42251d675da83286b1cce702)
Start importing Assets/Kit/Tower Defense/Models/FBX format/snow-tile-tree-double.fbx using Guid(ea77b96abd4a07f47b85c218ec029dbb) Importer(2089858483,192608db42251d675da83286b1cce702) (ScriptedImporter) -> (artifact id: '133c874c8791386fd2b06d1012169a9f') in 0.0647359 seconds
Number of updated asset objects reloaded before import = 0Number of asset objects unloaded after import = 9

========================================================================
Received Import Request.
  Time since last request: 0.000025 seconds.
  path: Assets/Kit/Exterior/Rig ext/wall/fence-damaged.fbx
  artifactKey: Guid(9be69cb8c8027754bb0c93fab039c0d4) Importer(2089858483,192608db42251d675da83286b1cce702)
Start importing Assets/Kit/Exterior/Rig ext/wall/fence-damaged.fbx using Guid(9be69cb8c8027754bb0c93fab039c0d4) Importer(2089858483,192608db42251d675da83286b1cce702) (ScriptedImporter) -> (artifact id: '7af629348ea95100eb5e646025f4b051') in 0.0736765 seconds
Number of updated asset objects reloaded before import = 0Number of asset objects unloaded after import = 9

========================================================================
Received Import Request.
  Time since last request: 0.000037 seconds.
  path: Assets/Kit/Tower Defense/Models/FBX format/snow-tile-river-slope.fbx
  artifactKey: Guid(6a3c8ae52e8e276469b208c52004c769) Importer(2089858483,192608db42251d675da83286b1cce702)
Start importing Assets/Kit/Tower Defense/Models/FBX format/snow-tile-river-slope.fbx using Guid(6a3c8ae52e8e276469b208c52004c769) Importer(2089858483,192608db42251d675da83286b1cce702) (ScriptedImporter) -> (artifact id: 'a8804d2022640d1034a6ff70d444dbb3') in 0.063575 seconds
Number of updated asset objects reloaded before import = 0Number of asset objects unloaded after import = 9

========================================================================
Received Import Request.
  Time since last request: 0.000048 seconds.
  path: Assets/Kit/Tower Defense/Models/FBX format/snow-detail-dirt-large.fbx
  artifactKey: Guid(09e426186be8b134aa412e232180dfb4) Importer(2089858483,192608db42251d675da83286b1cce702)
Start importing Assets/Kit/Tower Defense/Models/FBX format/snow-detail-dirt-large.fbx using Guid(09e426186be8b134aa412e232180dfb4) Importer(2089858483,192608db42251d675da83286b1cce702) (ScriptedImporter) -> (artifact id: '75108c4dbc15914357783c805cea5763') in 0.070009 seconds
Number of updated asset objects reloaded before import = 0Number of asset objects unloaded after import = 9

========================================================================
Received Import Request.
  Time since last request: 0.000025 seconds.
  path: Assets/Kit/Exterior/Preview ext/farola/lightpost-double.png
  artifactKey: Guid(9710a240a9d6b6f458087df6f7b3a913) Importer(2089858483,192608db42251d675da83286b1cce702)
Start importing Assets/Kit/Exterior/Preview ext/farola/lightpost-double.png using Guid(9710a240a9d6b6f458087df6f7b3a913) Importer(2089858483,192608db42251d675da83286b1cce702) (ScriptedImporter) -> (artifact id: '7b2fbc61db93f7263f2c97917bf61893') in 0.0635747 seconds
Number of updated asset objects reloaded before import = 0Number of asset objects unloaded after import = 1

========================================================================
Received Import Request.
  Time since last request: 0.000037 seconds.
  path: Assets/Kit/Enviroment/tower defense/Isometric/tree_small_NE.png
  artifactKey: Guid(0b53e16db66fc1d4ca724a3adf9d11c6) Importer(2089858483,192608db42251d675da83286b1cce702)
Start importing Assets/Kit/Enviroment/tower defense/Isometric/tree_small_NE.png using Guid(0b53e16db66fc1d4ca724a3adf9d11c6) Importer(2089858483,192608db42251d675da83286b1cce702) (ScriptedImporter) -> (artifact id: '683879b94c5c760430b19f09129b2bb4') in 0.0732147 seconds
Number of updated asset objects reloaded before import = 0Number of asset objects unloaded after import = 1

========================================================================
Received Import Request.
  Time since last request: 0.000041 seconds.
  path: Assets/Kit/Tower Defense/Models/FBX format/tower-round-bottom-c.fbx
  artifactKey: Guid(00e5d6f96be2b7c44a9e7aba26343559) Importer(2089858483,192608db42251d675da83286b1cce702)
Start importing Assets/Kit/Tower Defense/Models/FBX format/tower-round-bottom-c.fbx using Guid(00e5d6f96be2b7c44a9e7aba26343559) Importer(2089858483,192608db42251d675da83286b1cce702) (ScriptedImporter) -> (artifact id: 'c5df98ffc29f0d04a7a2f55883b4af08') in 0.0615826 seconds
Number of updated asset objects reloaded before import = 0Number of asset objects unloaded after import = 9

========================================================================
Received Import Request.
  Time since last request: 0.000028 seconds.
  path: Assets/Kit/Tower Defense/Models/GLB format/enemy-ufo-d-weapon.glb
  artifactKey: Guid(165bd0d33d7d92d419e17943c359ec2b) Importer(2089858483,192608db42251d675da83286b1cce702)
Start importing Assets/Kit/Tower Defense/Models/GLB format/enemy-ufo-d-weapon.glb using Guid(165bd0d33d7d92d419e17943c359ec2b) Importer(2089858483,192608db42251d675da83286b1cce702) (ScriptedImporter) -> (artifact id: '9e4c53f98942282e5f27357ede7b0250') in 0.0237997 seconds
Number of updated asset objects reloaded before import = 0Number of asset objects unloaded after import = 1

========================================================================
Received Import Request.
  Time since last request: 0.000036 seconds.
  path: Assets/Kit/Tower Defense/Models/FBX format/tower-square-build-b.fbx
  artifactKey: Guid(030f37c69c4c1d246a1b83b93596041f) Importer(2089858483,192608db42251d675da83286b1cce702)
Start importing Assets/Kit/Tower Defense/Models/FBX format/tower-square-build-b.fbx using Guid(030f37c69c4c1d246a1b83b93596041f) Importer(2089858483,192608db42251d675da83286b1cce702) (ScriptedImporter) -> (artifact id: 'f53d17bdf57c35307cdfa3fbe7c70fda') in 0.0713718 seconds
Number of updated asset objects reloaded before import = 0Number of asset objects unloaded after import = 9

========================================================================
Received Import Request.
  Time since last request: 0.000040 seconds.
  path: Assets/Kit/Tower Defense/Models/FBX format/tower-round-build-f.fbx
  artifactKey: Guid(811cfbef3741aa34ab55342c8eae1cce) Importer(2089858483,192608db42251d675da83286b1cce702)
Start importing Assets/Kit/Tower Defense/Models/FBX format/tower-round-build-f.fbx using Guid(811cfbef3741aa34ab55342c8eae1cce) Importer(2089858483,192608db42251d675da83286b1cce702) (ScriptedImporter) -> (artifact id: 'ce0415e16f8d87f25dd500d5b64e7712') in 0.0632087 seconds
Number of updated asset objects reloaded before import = 0Number of asset objects unloaded after import = 9

========================================================================
Received Import Request.
  Time since last request: 0.000029 seconds.
  path: Assets/Kit/Tower Defense/Models/FBX format/tile-spawn-end.fbx
  artifactKey: Guid(0380e81da3abf2f409ef7c8de1539b6f) Importer(2089858483,192608db42251d675da83286b1cce702)
Start importing Assets/Kit/Tower Defense/Models/FBX format/tile-spawn-end.fbx using Guid(0380e81da3abf2f409ef7c8de1539b6f) Importer(2089858483,192608db42251d675da83286b1cce702) (ScriptedImporter) -> (artifact id: '1ae616cfb2ff5f531ddcd1bcc04a9c83') in 0.0716966 seconds
Number of updated asset objects reloaded before import = 0Number of asset objects unloaded after import = 9

========================================================================
Received Import Request.
  Time since last request: 0.000034 seconds.
  path: Assets/Kit/Tower Defense/Models/GLB format/detail-dirt-large.glb
  artifactKey: Guid(ff6d19116f47bed41a134f437ca7843a) Importer(2089858483,192608db42251d675da83286b1cce702)
Start importing Assets/Kit/Tower Defense/Models/GLB format/detail-dirt-large.glb using Guid(ff6d19116f47bed41a134f437ca7843a) Importer(2089858483,192608db42251d675da83286b1cce702) (ScriptedImporter) -> (artifact id: 'a630ccff1ca44da341619350952dd6bb') in 0.0251528 seconds
Number of updated asset objects reloaded before import = 0Number of asset objects unloaded after import = 1

========================================================================
Received Import Request.
  Time since last request: 0.000046 seconds.
  path: Assets/Kit/Tower Defense/Models/FBX format/tower-square-build-d.fbx
  artifactKey: Guid(787d5ae034e41364e92b013bec482256) Importer(2089858483,192608db42251d675da83286b1cce702)
Start importing Assets/Kit/Tower Defense/Models/FBX format/tower-square-build-d.fbx using Guid(787d5ae034e41364e92b013bec482256) Importer(2089858483,192608db42251d675da83286b1cce702) (ScriptedImporter) -> (artifact id: '169a4db6edf1763bde6df60bacf86cf9') in 0.0657286 seconds
Number of updated asset objects reloaded before import = 0Number of asset objects unloaded after import = 9

========================================================================
Received Import Request.
  Time since last request: 0.000052 seconds.
  path: Assets/Kit/Tower Defense/Models/FBX format/wood-structure-part.fbx
  artifactKey: Guid(0204af35689d7d84fa67d483cf0486c0) Importer(2089858483,192608db42251d675da83286b1cce702)
Start importing Assets/Kit/Tower Defense/Models/FBX format/wood-structure-part.fbx using Guid(0204af35689d7d84fa67d483cf0486c0) Importer(2089858483,192608db42251d675da83286b1cce702) (ScriptedImporter) -> (artifact id: '36905b4c60b46aea514c4f744e42c591') in 0.0701152 seconds
Number of updated asset objects reloaded before import = 0Number of asset objects unloaded after import = 9

========================================================================
Received Import Request.
  Time since last request: 0.000034 seconds.
  path: Assets/Kit/Tower Defense/Models/FBX format/tower-round-build-e.fbx
  artifactKey: Guid(e0997db5bb4aca74db1812099bf64962) Importer(2089858483,192608db42251d675da83286b1cce702)
Start importing Assets/Kit/Tower Defense/Models/FBX format/tower-round-build-e.fbx using Guid(e0997db5bb4aca74db1812099bf64962) Importer(2089858483,192608db42251d675da83286b1cce702) (ScriptedImporter) -> (artifact id: '1e7e03da007e9d71713d107ed53c0407') in 0.0612662 seconds
Number of updated asset objects reloaded before import = 0Number of asset objects unloaded after import = 9

========================================================================
Received Import Request.
  Time since last request: 0.000063 seconds.
  path: Assets/Kit/Tower Defense/Models/GLB format/enemy-ufo-beam-burst.glb
  artifactKey: Guid(9e3a9956125db214f8f3171d6a52a2ac) Importer(2089858483,192608db42251d675da83286b1cce702)
Start importing Assets/Kit/Tower Defense/Models/GLB format/enemy-ufo-beam-burst.glb using Guid(9e3a9956125db214f8f3171d6a52a2ac) Importer(2089858483,192608db42251d675da83286b1cce702) (ScriptedImporter) -> (artifact id: 'd9b7ce6408abbb3e4d7dfb010c930289') in 0.0261146 seconds
Number of updated asset objects reloaded before import = 0Number of asset objects unloaded after import = 1

========================================================================
Received Import Request.
  Time since last request: 0.000038 seconds.
  path: Assets/Kit/Tower Defense/Models/FBX format/tower-square-bottom-c.fbx
  artifactKey: Guid(de605116eea52154e9b77a6dfbc2f973) Importer(2089858483,192608db42251d675da83286b1cce702)
Start importing Assets/Kit/Tower Defense/Models/FBX format/tower-square-bottom-c.fbx using Guid(de605116eea52154e9b77a6dfbc2f973) Importer(2089858483,192608db42251d675da83286b1cce702) (ScriptedImporter) -> (artifact id: 'f177df5a8da13e8619e0f48e2a2993e9') in 0.0778882 seconds
Number of updated asset objects reloaded before import = 0Number of asset objects unloaded after import = 9

========================================================================
Received Import Request.
  Time since last request: 0.000031 seconds.
  path: Assets/Kit/Tower Defense/Models/FBX format/weapon-cannon.fbx
  artifactKey: Guid(fa4ef6057c8b7024d8723a074830817e) Importer(2089858483,192608db42251d675da83286b1cce702)
Start importing Assets/Kit/Tower Defense/Models/FBX format/weapon-cannon.fbx using Guid(fa4ef6057c8b7024d8723a074830817e) Importer(2089858483,192608db42251d675da83286b1cce702) (ScriptedImporter) -> (artifact id: '8d10d4dea041ff8a50b551699a4cb9ed') in 0.0665483 seconds
Number of updated asset objects reloaded before import = 0Number of asset objects unloaded after import = 14

========================================================================
Received Import Request.
  Time since last request: 0.000047 seconds.
  path: Assets/Kit/Tower Defense/Models/FBX format/tile-end.fbx
  artifactKey: Guid(33bded1c851bdce45b0cea0e72d12c73) Importer(2089858483,192608db42251d675da83286b1cce702)
Start importing Assets/Kit/Tower Defense/Models/FBX format/tile-end.fbx using Guid(33bded1c851bdce45b0cea0e72d12c73) Importer(2089858483,192608db42251d675da83286b1cce702) (ScriptedImporter) -> (artifact id: '2a98faa19b6929a1b0ee4f5824bb0433') in 0.0669458 seconds
Number of updated asset objects reloaded before import = 0Number of asset objects unloaded after import = 9

========================================================================
Received Import Request.
  Time since last request: 0.000029 seconds.
  path: Assets/Kit/Tower Defense/Models/GLB format/detail-tree-large.glb
  artifactKey: Guid(40f1b6385161e4141a18ed392e9a3e6b) Importer(2089858483,192608db42251d675da83286b1cce702)
Start importing Assets/Kit/Tower Defense/Models/GLB format/detail-tree-large.glb using Guid(40f1b6385161e4141a18ed392e9a3e6b) Importer(2089858483,192608db42251d675da83286b1cce702) (ScriptedImporter) -> (artifact id: 'e71a08fee7b003ff3208ce48547c841a') in 0.0283016 seconds
Number of updated asset objects reloaded before import = 0Number of asset objects unloaded after import = 1

========================================================================
Received Import Request.
  Time since last request: 0.000029 seconds.
  path: Assets/Kit/Tower Defense/Models/FBX format/tile-bump.fbx
  artifactKey: Guid(eca96d7155abd70468e04a47e6f0aa47) Importer(2089858483,192608db42251d675da83286b1cce702)
Start importing Assets/Kit/Tower Defense/Models/FBX format/tile-bump.fbx using Guid(eca96d7155abd70468e04a47e6f0aa47) Importer(2089858483,192608db42251d675da83286b1cce702) (ScriptedImporter) -> (artifact id: '7d5c24fb1a1c206c017e6b7b8965fdef') in 0.0663436 seconds
Number of updated asset objects reloaded before import = 0Number of asset objects unloaded after import = 9

========================================================================
Received Import Request.
  Time since last request: 0.000051 seconds.
  path: Assets/Kit/Tower Defense/Models/FBX format/tower-square-roof-b.fbx
  artifactKey: Guid(b9c793b93ab6b17459a0f69f5fdea271) Importer(2089858483,192608db42251d675da83286b1cce702)
Start importing Assets/Kit/Tower Defense/Models/FBX format/tower-square-roof-b.fbx using Guid(b9c793b93ab6b17459a0f69f5fdea271) Importer(2089858483,192608db42251d675da83286b1cce702) (ScriptedImporter) -> (artifact id: 'a45755e7d882e3343a7ea3a78be24b76') in 0.0694937 seconds
Number of updated asset objects reloaded before import = 0Number of asset objects unloaded after import = 9

========================================================================
Received Import Request.
  Time since last request: 0.000030 seconds.
  path: Assets/Kit/Tower Defense/Models/FBX format/tile-tree.fbx
  artifactKey: Guid(2a4fdd81c50b8d447983a5dcb25deb2c) Importer(2089858483,192608db42251d675da83286b1cce702)
Start importing Assets/Kit/Tower Defense/Models/FBX format/tile-tree.fbx using Guid(2a4fdd81c50b8d447983a5dcb25deb2c) Importer(2089858483,192608db42251d675da83286b1cce702) (ScriptedImporter) -> (artifact id: '8787e3b6db9425376193494984e8ce5e') in 0.0677623 seconds
Number of updated asset objects reloaded before import = 0Number of asset objects unloaded after import = 9

========================================================================
Received Import Request.
  Time since last request: 0.000035 seconds.
  path: Assets/Kit/Tower Defense/Models/FBX format/weapon-turret.fbx
  artifactKey: Guid(972de1b0cff73154b8d44a76885744e8) Importer(2089858483,192608db42251d675da83286b1cce702)
Start importing Assets/Kit/Tower Defense/Models/FBX format/weapon-turret.fbx using Guid(972de1b0cff73154b8d44a76885744e8) Importer(2089858483,192608db42251d675da83286b1cce702) (ScriptedImporter) -> (artifact id: '3f20d455aa8e3e2ba4656dc80776b054') in 0.0779574 seconds
Number of updated asset objects reloaded before import = 0Number of asset objects unloaded after import = 14

========================================================================
Received Import Request.
  Time since last request: 0.000049 seconds.
  path: Assets/Kit/Tower Defense/Models/GLB format/enemy-ufo-a-weapon.glb
  artifactKey: Guid(37b68b34e5f6eec47a8ddec12fd0f7dc) Importer(2089858483,192608db42251d675da83286b1cce702)
Start importing Assets/Kit/Tower Defense/Models/GLB format/enemy-ufo-a-weapon.glb using Guid(37b68b34e5f6eec47a8ddec12fd0f7dc) Importer(2089858483,192608db42251d675da83286b1cce702) (ScriptedImporter) -> (artifact id: 'cb2d05fa742518149c1f58bb9776d1ae') in 0.0289314 seconds
Number of updated asset objects reloaded before import = 0Number of asset objects unloaded after import = 1

========================================================================
Received Import Request.
  Time since last request: 0.000031 seconds.
  path: Assets/Kit/Tower Defense/Models/FBX format/tile-river-slope.fbx
  artifactKey: Guid(cc97ba9767201f649aa1c9f55ddb7c05) Importer(2089858483,192608db42251d675da83286b1cce702)
Start importing Assets/Kit/Tower Defense/Models/FBX format/tile-river-slope.fbx using Guid(cc97ba9767201f649aa1c9f55ddb7c05) Importer(2089858483,192608db42251d675da83286b1cce702) (ScriptedImporter) -> (artifact id: 'd5d29ee95e4874a30a4518687baa83e1') in 0.0656636 seconds
Number of updated asset objects reloaded before import = 0Number of asset objects unloaded after import = 9

========================================================================
Received Import Request.
  Time since last request: 0.000035 seconds.
  path: Assets/Kit/Tower Defense/Models/GLB format/enemy-ufo-a.glb
  artifactKey: Guid(5dfd4ad58d4e0e24c83f829a2ce513b2) Importer(2089858483,192608db42251d675da83286b1cce702)
Start importing Assets/Kit/Tower Defense/Models/GLB format/enemy-ufo-a.glb using Guid(5dfd4ad58d4e0e24c83f829a2ce513b2) Importer(2089858483,192608db42251d675da83286b1cce702) (ScriptedImporter) -> (artifact id: '9dcfe6e4eae0b03e852c7098478f0bf8') in 0.0304056 seconds
Number of updated asset objects reloaded before import = 0Number of asset objects unloaded after import = 1

========================================================================
Received Import Request.
  Time since last request: 0.000042 seconds.
  path: Assets/Kit/Tower Defense/Models/FBX format/tower-round-build-d.fbx
  artifactKey: Guid(dffd4ea17162af94fbaaa143071e7ff2) Importer(2089858483,192608db42251d675da83286b1cce702)
Start importing Assets/Kit/Tower Defense/Models/FBX format/tower-round-build-d.fbx using Guid(dffd4ea17162af94fbaaa143071e7ff2) Importer(2089858483,192608db42251d675da83286b1cce702) (ScriptedImporter) -> (artifact id: '9a746cf1c58052c75e7447f81977b2c6') in 0.0685469 seconds
Number of updated asset objects reloaded before import = 0Number of asset objects unloaded after import = 9

========================================================================
Received Import Request.
  Time since last request: 0.000028 seconds.
  path: Assets/Kit/Exterior/Preview ext/cart/cart-high.png
  artifactKey: Guid(d5a776ae48b062a4688b0c1ec8e034ee) Importer(2089858483,192608db42251d675da83286b1cce702)
Start importing Assets/Kit/Exterior/Preview ext/cart/cart-high.png using Guid(d5a776ae48b062a4688b0c1ec8e034ee) Importer(2089858483,192608db42251d675da83286b1cce702) (ScriptedImporter) -> (artifact id: '09be3994d2b539fdb57dffc57badaf0b') in 0.0572911 seconds
Number of updated asset objects reloaded before import = 0Number of asset objects unloaded after import = 1

========================================================================
Received Import Request.
  Time since last request: 0.000031 seconds.
  path: Assets/Kit/Enviroment/tower defense/Side/tree_small.png
  artifactKey: Guid(5eef2a5f73d975342933b94ba0b8dccb) Importer(2089858483,192608db42251d675da83286b1cce702)
Start importing Assets/Kit/Enviroment/tower defense/Side/tree_small.png using Guid(5eef2a5f73d975342933b94ba0b8dccb) Importer(2089858483,192608db42251d675da83286b1cce702) (ScriptedImporter) -> (artifact id: '576fca6b1c204ac1540b99d7cfbd65eb') in 0.0587292 seconds
Number of updated asset objects reloaded before import = 0Number of asset objects unloaded after import = 1

========================================================================
Received Import Request.
  Time since last request: 0.000048 seconds.
  path: Assets/Kit/Tower Defense/Models/GLB format/snow-tile-wide-straight.glb
  artifactKey: Guid(ec6d492a09f59464d9c51624d297d45c) Importer(2089858483,192608db42251d675da83286b1cce702)
Start importing Assets/Kit/Tower Defense/Models/GLB format/snow-tile-wide-straight.glb using Guid(ec6d492a09f59464d9c51624d297d45c) Importer(2089858483,192608db42251d675da83286b1cce702) (ScriptedImporter) -> (artifact id: '13966d444c6a7ed588eb434a80fdda28') in 0.0293565 seconds
Number of updated asset objects reloaded before import = 0Number of asset objects unloaded after import = 1

========================================================================
Received Import Request.
  Time since last request: 0.000028 seconds.
  path: Assets/Kit/Tower Defense/Models/GLB format/snow-detail-rocks.glb
  artifactKey: Guid(bb2fdbfbc63732e429cf2201ef76db7b) Importer(2089858483,192608db42251d675da83286b1cce702)
Start importing Assets/Kit/Tower Defense/Models/GLB format/snow-detail-rocks.glb using Guid(bb2fdbfbc63732e429cf2201ef76db7b) Importer(2089858483,192608db42251d675da83286b1cce702) (ScriptedImporter) -> (artifact id: '244d7a9559c944767e74d468bd91dc3e') in 0.0282377 seconds
Number of updated asset objects reloaded before import = 0Number of asset objects unloaded after import = 1

========================================================================
Received Import Request.
  Time since last request: 0.000025 seconds.
  path: Assets/Kit/Tower Defense/Models/GLB format/snow-detail-rocks-large.glb
  artifactKey: Guid(3212b41805bd1774b867600d80fcfb0a) Importer(2089858483,192608db42251d675da83286b1cce702)
Start importing Assets/Kit/Tower Defense/Models/GLB format/snow-detail-rocks-large.glb using Guid(3212b41805bd1774b867600d80fcfb0a) Importer(2089858483,192608db42251d675da83286b1cce702) (ScriptedImporter) -> (artifact id: 'fe4451d89b59925bb95d418053951eb3') in 0.0264497 seconds
Number of updated asset objects reloaded before import = 0Number of asset objects unloaded after import = 1

========================================================================
Received Import Request.
  Time since last request: 0.000033 seconds.
  path: Assets/Kit/Tower Defense/Models/GLB format/snow-wood-structure.glb
  artifactKey: Guid(841dda29fdf6b894f99f1e3e67fab1c6) Importer(2089858483,192608db42251d675da83286b1cce702)
Start importing Assets/Kit/Tower Defense/Models/GLB format/snow-wood-structure.glb using Guid(841dda29fdf6b894f99f1e3e67fab1c6) Importer(2089858483,192608db42251d675da83286b1cce702) (ScriptedImporter) -> (artifact id: '0d5b032d8c6c87e1010c8ae92aa5a829') in 0.0304542 seconds
Number of updated asset objects reloaded before import = 0Number of asset objects unloaded after import = 1

========================================================================
Received Import Request.
  Time since last request: 0.000039 seconds.
  path: Assets/Kit/Tower Defense/Models/GLB format/snow-tile-river-slope-large.glb
  artifactKey: Guid(545b4ebbe62f42f43a605ca84ea2975e) Importer(2089858483,192608db42251d675da83286b1cce702)
Start importing Assets/Kit/Tower Defense/Models/GLB format/snow-tile-river-slope-large.glb using Guid(545b4ebbe62f42f43a605ca84ea2975e) Importer(2089858483,192608db42251d675da83286b1cce702) (ScriptedImporter) -> (artifact id: '25004cebb01637190bfe96fc10487038') in 0.027657 seconds
Number of updated asset objects reloaded before import = 0Number of asset objects unloaded after import = 1

========================================================================
Received Import Request.
  Time since last request: 0.000028 seconds.
  path: Assets/Kit/Tower Defense/Models/GLB format/snow-tile-tree.glb
  artifactKey: Guid(0228afce4c5b71643a2ad7f11cfbc29d) Importer(2089858483,192608db42251d675da83286b1cce702)
Start importing Assets/Kit/Tower Defense/Models/GLB format/snow-tile-tree.glb using Guid(0228afce4c5b71643a2ad7f11cfbc29d) Importer(2089858483,192608db42251d675da83286b1cce702) (ScriptedImporter) -> (artifact id: '00fc5f324f6cb2646c61d73a80c3d920') in 0.0300468 seconds
Number of updated asset objects reloaded before import = 0Number of asset objects unloaded after import = 1

========================================================================
Received Import Request.
  Time since last request: 0.000102 seconds.
  path: Assets/Kit/Tower Defense/Models/GLB format/tile-tree-quad.glb
  artifactKey: Guid(ceb77f032c9775d439403a94d6118afa) Importer(2089858483,192608db42251d675da83286b1cce702)
Start importing Assets/Kit/Tower Defense/Models/GLB format/tile-tree-quad.glb using Guid(ceb77f032c9775d439403a94d6118afa) Importer(2089858483,192608db42251d675da83286b1cce702) (ScriptedImporter) -> (artifact id: '8df0c83a0c57e965e8f47d973d6f5382') in 0.0289008 seconds
Number of updated asset objects reloaded before import = 0Number of asset objects unloaded after import = 1

========================================================================
Received Import Request.
  Time since last request: 0.000032 seconds.
  path: Assets/Kit/Tower Defense/Models/GLB format/tile-river-bridge.glb
  artifactKey: Guid(b19a88ed918fe6f4d863034e7bf9ea20) Importer(2089858483,192608db42251d675da83286b1cce702)
Start importing Assets/Kit/Tower Defense/Models/GLB format/tile-river-bridge.glb using Guid(b19a88ed918fe6f4d863034e7bf9ea20) Importer(2089858483,192608db42251d675da83286b1cce702) (ScriptedImporter) -> (artifact id: 'e3d3dd8d7205c6e15463c4a07770ccf4') in 0.0287057 seconds
Number of updated asset objects reloaded before import = 0Number of asset objects unloaded after import = 1

========================================================================
Received Import Request.
  Time since last request: 0.000043 seconds.
  path: Assets/Kit/Tower Defense/Models/GLB format/tower-round-build-d.glb
  artifactKey: Guid(d7c2e0e8d73190a4a8cc24ace8ac5c1d) Importer(2089858483,192608db42251d675da83286b1cce702)
Start importing Assets/Kit/Tower Defense/Models/GLB format/tower-round-build-d.glb using Guid(d7c2e0e8d73190a4a8cc24ace8ac5c1d) Importer(2089858483,192608db42251d675da83286b1cce702) (ScriptedImporter) -> (artifact id: '4613ad14e3431f049e2b65bd28bacaeb') in 0.0294387 seconds
Number of updated asset objects reloaded before import = 0Number of asset objects unloaded after import = 1

========================================================================
Received Import Request.
  Time since last request: 0.000034 seconds.
  path: Assets/Kit/Tower Defense/Models/GLB format/snow-tile-crystal.glb
  artifactKey: Guid(35e3efe716f20bb49bb078904cb5b713) Importer(2089858483,192608db42251d675da83286b1cce702)
Start importing Assets/Kit/Tower Defense/Models/GLB format/snow-tile-crystal.glb using Guid(35e3efe716f20bb49bb078904cb5b713) Importer(2089858483,192608db42251d675da83286b1cce702) (ScriptedImporter) -> (artifact id: '63e969dded1aa6a142d1120f555e7dda') in 0.0278562 seconds
Number of updated asset objects reloaded before import = 0Number of asset objects unloaded after import = 1

========================================================================
Received Import Request.
  Time since last request: 0.000025 seconds.
  path: Assets/Kit/Tower Defense/Models/GLB format/snow-tile-tree-quad.glb
  artifactKey: Guid(9ac8fdf003eb46e45ac58cea86b8776b) Importer(2089858483,192608db42251d675da83286b1cce702)
Start importing Assets/Kit/Tower Defense/Models/GLB format/snow-tile-tree-quad.glb using Guid(9ac8fdf003eb46e45ac58cea86b8776b) Importer(2089858483,192608db42251d675da83286b1cce702) (ScriptedImporter) -> (artifact id: '0777460969530ea41d92b2ba69367640') in 0.0315159 seconds
Number of updated asset objects reloaded before import = 0Number of asset objects unloaded after import = 1

========================================================================
Received Import Request.
  Time since last request: 0.000046 seconds.
  path: Assets/Kit/Tower Defense/Models/GLB format/tower-round-crystals.glb
  artifactKey: Guid(965e3dcd4993a944e8187cfa32f0846e) Importer(2089858483,192608db42251d675da83286b1cce702)
Start importing Assets/Kit/Tower Defense/Models/GLB format/tower-round-crystals.glb using Guid(965e3dcd4993a944e8187cfa32f0846e) Importer(2089858483,192608db42251d675da83286b1cce702) (ScriptedImporter) -> (artifact id: '2fe864dc2a0371bef84fefef8e4c653d') in 0.0314627 seconds
Number of updated asset objects reloaded before import = 0Number of asset objects unloaded after import = 1

========================================================================
Received Import Request.
  Time since last request: 0.000047 seconds.
  path: Assets/Kit/Tower Defense/Models/GLB format/tile-hill.glb
  artifactKey: Guid(3b7fe48899e9b05499dee3ee7d1b81d0) Importer(2089858483,192608db42251d675da83286b1cce702)
Start importing Assets/Kit/Tower Defense/Models/GLB format/tile-hill.glb using Guid(3b7fe48899e9b05499dee3ee7d1b81d0) Importer(2089858483,192608db42251d675da83286b1cce702) (ScriptedImporter) -> (artifact id: 'f96a661bfddaadd104b89752a6763f42') in 0.0310629 seconds
Number of updated asset objects reloaded before import = 0Number of asset objects unloaded after import = 1

========================================================================
Received Import Request.
  Time since last request: 0.000026 seconds.
  path: Assets/Kit/Tower Defense/Models/GLB format/snow-tile-spawn-round.glb
  artifactKey: Guid(6af96de953afc184b97875d40a0c0d9a) Importer(2089858483,192608db42251d675da83286b1cce702)
Start importing Assets/Kit/Tower Defense/Models/GLB format/snow-tile-spawn-round.glb using Guid(6af96de953afc184b97875d40a0c0d9a) Importer(2089858483,192608db42251d675da83286b1cce702) (ScriptedImporter) -> (artifact id: 'bba2610f253c720a8c43ab1234a4659e') in 0.0345502 seconds
Number of updated asset objects reloaded before import = 0Number of asset objects unloaded after import = 1

========================================================================
Received Import Request.
  Time since last request: 0.000038 seconds.
  path: Assets/Kit/Tower Defense/Models/GLB format/snow-tile-corner-large.glb
  artifactKey: Guid(d08eec1636332444096c11bdc90e34ab) Importer(2089858483,192608db42251d675da83286b1cce702)
Start importing Assets/Kit/Tower Defense/Models/GLB format/snow-tile-corner-large.glb using Guid(d08eec1636332444096c11bdc90e34ab) Importer(2089858483,192608db42251d675da83286b1cce702) (ScriptedImporter) -> (artifact id: '210bf5b999d7fe4d4db808b530004844') in 0.033904 seconds
Number of updated asset objects reloaded before import = 0Number of asset objects unloaded after import = 1

========================================================================
Received Import Request.
  Time since last request: 0.000043 seconds.
  path: Assets/Kit/Tower Defense/Models/GLB format/tile-river-waterfall.glb
  artifactKey: Guid(27f2db8ec863edd40b39a0b4c11107de) Importer(2089858483,192608db42251d675da83286b1cce702)
Start importing Assets/Kit/Tower Defense/Models/GLB format/tile-river-waterfall.glb using Guid(27f2db8ec863edd40b39a0b4c11107de) Importer(2089858483,192608db42251d675da83286b1cce702) (ScriptedImporter) -> (artifact id: 'cdb00c1a65e00b6eeea63d9862e21806') in 0.0328857 seconds
Number of updated asset objects reloaded before import = 0Number of asset objects unloaded after import = 1

========================================================================
Received Import Request.
  Time since last request: 0.000027 seconds.
  path: Assets/Kit/Tower Defense/Models/GLB format/tower-round-roof-c.glb
  artifactKey: Guid(eff104ab7e24e114296629f0ea3c3d7a) Importer(2089858483,192608db42251d675da83286b1cce702)
Start importing Assets/Kit/Tower Defense/Models/GLB format/tower-round-roof-c.glb using Guid(eff104ab7e24e114296629f0ea3c3d7a) Importer(2089858483,192608db42251d675da83286b1cce702) (ScriptedImporter) -> (artifact id: 'f3c2f5b6290e6d06d9dde378135e559b') in 0.0341012 seconds
Number of updated asset objects reloaded before import = 0Number of asset objects unloaded after import = 1

========================================================================
Received Import Request.
  Time since last request: 0.000029 seconds.
  path: Assets/Kit/Tower Defense/Models/GLB format/tower-round-build-e.glb
  artifactKey: Guid(24d745384f72504498eff1e0113d379d) Importer(2089858483,192608db42251d675da83286b1cce702)
Start importing Assets/Kit/Tower Defense/Models/GLB format/tower-round-build-e.glb using Guid(24d745384f72504498eff1e0113d379d) Importer(2089858483,192608db42251d675da83286b1cce702) (ScriptedImporter) -> (artifact id: '0c0353e86486bcf093b66660abf3f3f1') in 0.0348564 seconds
Number of updated asset objects reloaded before import = 0Number of asset objects unloaded after import = 1

========================================================================
Received Import Request.
  Time since last request: 0.000044 seconds.
  path: Assets/Kit/Tower Defense/Models/GLB format/snow-detail-crystal.glb
  artifactKey: Guid(f91e167afcbf0474c97a655c4f2decd1) Importer(2089858483,192608db42251d675da83286b1cce702)
Start importing Assets/Kit/Tower Defense/Models/GLB format/snow-detail-crystal.glb using Guid(f91e167afcbf0474c97a655c4f2decd1) Importer(2089858483,192608db42251d675da83286b1cce702) (ScriptedImporter) -> (artifact id: '6cf5b3d989fe99f7ae4dbb43658871f3') in 0.0297242 seconds
Number of updated asset objects reloaded before import = 0Number of asset objects unloaded after import = 1

========================================================================
Received Import Request.
  Time since last request: 0.000058 seconds.
  path: Assets/Kit/Tower Defense/Models/GLB format/snow-tile-corner-outer.glb
  artifactKey: Guid(e3994f738dd6e8446b988ba8cd409135) Importer(2089858483,192608db42251d675da83286b1cce702)
Start importing Assets/Kit/Tower Defense/Models/GLB format/snow-tile-corner-outer.glb using Guid(e3994f738dd6e8446b988ba8cd409135) Importer(2089858483,192608db42251d675da83286b1cce702) (ScriptedImporter) -> (artifact id: '96694712e39267c697c57dea46ca342a') in 0.0309003 seconds
Number of updated asset objects reloaded before import = 0Number of asset objects unloaded after import = 1

========================================================================
Received Import Request.
  Time since last request: 0.000033 seconds.
  path: Assets/Kit/Tower Defense/Models/GLB format/snow-wood-structure-high-part.glb
  artifactKey: Guid(1ca2133c9a5669e41b39208ea411aa8e) Importer(2089858483,192608db42251d675da83286b1cce702)
Start importing Assets/Kit/Tower Defense/Models/GLB format/snow-wood-structure-high-part.glb using Guid(1ca2133c9a5669e41b39208ea411aa8e) Importer(2089858483,192608db42251d675da83286b1cce702) (ScriptedImporter) -> (artifact id: 'fcfd01b9053e9ae1b645a8a7264c58ea') in 0.0258336 seconds
Number of updated asset objects reloaded before import = 0Number of asset objects unloaded after import = 1

========================================================================
Received Import Request.
  Time since last request: 0.000033 seconds.
  path: Assets/Kit/Tower Defense/Models/GLB format/snow-wood-structure-high.glb
  artifactKey: Guid(9fe841cb5a00aa24eaea9d593dd0f3c9) Importer(2089858483,192608db42251d675da83286b1cce702)
Start importing Assets/Kit/Tower Defense/Models/GLB format/snow-wood-structure-high.glb using Guid(9fe841cb5a00aa24eaea9d593dd0f3c9) Importer(2089858483,192608db42251d675da83286b1cce702) (ScriptedImporter) -> (artifact id: '16be67b42ac337b11f749d57a76ec358') in 0.0292073 seconds
Number of updated asset objects reloaded before import = 0Number of asset objects unloaded after import = 1

========================================================================
Received Import Request.
  Time since last request: 0.000034 seconds.
  path: Assets/Kit/Tower Defense/Models/GLB format/tile-end.glb
  artifactKey: Guid(feedb5ccd4491b845ab932dc18510545) Importer(2089858483,192608db42251d675da83286b1cce702)
Start importing Assets/Kit/Tower Defense/Models/GLB format/tile-end.glb using Guid(feedb5ccd4491b845ab932dc18510545) Importer(2089858483,192608db42251d675da83286b1cce702) (ScriptedImporter) -> (artifact id: '250bd3658bfa839c57adbaf388170a5f') in 0.0290498 seconds
Number of updated asset objects reloaded before import = 0Number of asset objects unloaded after import = 1

========================================================================
Received Import Request.
  Time since last request: 0.000047 seconds.
  path: Assets/Kit/Exterior/Rig ext/wall/brick-wall.fbx
  artifactKey: Guid(c65e31b5c10413b4692b439e7fbd1124) Importer(2089858483,192608db42251d675da83286b1cce702)
Start importing Assets/Kit/Exterior/Rig ext/wall/brick-wall.fbx using Guid(c65e31b5c10413b4692b439e7fbd1124) Importer(2089858483,192608db42251d675da83286b1cce702) (ScriptedImporter) -> (artifact id: '41fb0567935ea9eb8816ae9fb129b927') in 0.066708 seconds
Number of updated asset objects reloaded before import = 0Number of asset objects unloaded after import = 9

========================================================================
Received Import Request.
  Time since last request: 0.000026 seconds.
  path: Assets/Kit/Enviroment/tower defense/Isometric/tree_blocks_fall_SW.png
  artifactKey: Guid(db2515daeab04054898bfd3e5ceb1ccb) Importer(2089858483,192608db42251d675da83286b1cce702)
Start importing Assets/Kit/Enviroment/tower defense/Isometric/tree_blocks_fall_SW.png using Guid(db2515daeab04054898bfd3e5ceb1ccb) Importer(2089858483,192608db42251d675da83286b1cce702) (ScriptedImporter) -> (artifact id: 'ee7089c898f80ac4b0bff64347894d59') in 0.0666767 seconds
Number of updated asset objects reloaded before import = 0Number of asset objects unloaded after import = 1

========================================================================
Received Import Request.
  Time since last request: 0.000040 seconds.
  path: Assets/Kit/Enviroment/tower defense/Isometric/tree_plateau_fall_SE.png
  artifactKey: Guid(4d6d7bce807dfdb45af7b5d0008f484d) Importer(2089858483,192608db42251d675da83286b1cce702)
Start importing Assets/Kit/Enviroment/tower defense/Isometric/tree_plateau_fall_SE.png using Guid(4d6d7bce807dfdb45af7b5d0008f484d) Importer(2089858483,192608db42251d675da83286b1cce702) (ScriptedImporter) -> (artifact id: '7622520f4a477f7516bc69c5a4ea2b89') in 0.0590073 seconds
Number of updated asset objects reloaded before import = 0Number of asset objects unloaded after import = 1

========================================================================
Received Import Request.
  Time since last request: 0.000057 seconds.
  path: Assets/Kit/Enviroment/tower defense/Side/rock_smallFlatC.png
  artifactKey: Guid(616efbc58ace6cc4aba4ef6cdde29e46) Importer(2089858483,192608db42251d675da83286b1cce702)
Start importing Assets/Kit/Enviroment/tower defense/Side/rock_smallFlatC.png using Guid(616efbc58ace6cc4aba4ef6cdde29e46) Importer(2089858483,192608db42251d675da83286b1cce702) (ScriptedImporter) -> (artifact id: '53220e8acb00c2d690961eb10cad92f0') in 0.057505 seconds
Number of updated asset objects reloaded before import = 0Number of asset objects unloaded after import = 1

========================================================================
Received Import Request.
  Time since last request: 0.000027 seconds.
  path: Assets/Kit/Tower Defense/Models/FBX format/tower-round-base.fbx
  artifactKey: Guid(085642fab2e822349a170c032713167d) Importer(2089858483,192608db42251d675da83286b1cce702)
Start importing Assets/Kit/Tower Defense/Models/FBX format/tower-round-base.fbx using Guid(085642fab2e822349a170c032713167d) Importer(2089858483,192608db42251d675da83286b1cce702) (ScriptedImporter) -> (artifact id: '916dd51d2678f22169a300e928a69202') in 0.0718009 seconds
Number of updated asset objects reloaded before import = 0Number of asset objects unloaded after import = 9

========================================================================
Received Import Request.
  Time since last request: 0.000034 seconds.
  path: Assets/Kit/Tower Defense/Models/OBJ format/snow-tile-spawn-end-round.mtl
  artifactKey: Guid(cde518c61dc74ca4b8fed3554c5377e0) Importer(2089858483,192608db42251d675da83286b1cce702)
Start importing Assets/Kit/Tower Defense/Models/OBJ format/snow-tile-spawn-end-round.mtl using Guid(cde518c61dc74ca4b8fed3554c5377e0) Importer(2089858483,192608db42251d675da83286b1cce702) (ScriptedImporter) -> (artifact id: '1ab95a3ce291083532b6b8f425ab841f') in 0.0283637 seconds
Number of updated asset objects reloaded before import = 0Number of asset objects unloaded after import = 1

========================================================================
Received Import Request.
  Time since last request: 0.000043 seconds.
  path: Assets/Kit/Tower Defense/Models/OBJ format/snow-tile-river-slope-large.mtl
  artifactKey: Guid(a98c9e8d3afc1be4da178a0a0fd0c8da) Importer(2089858483,192608db42251d675da83286b1cce702)
Start importing Assets/Kit/Tower Defense/Models/OBJ format/snow-tile-river-slope-large.mtl using Guid(a98c9e8d3afc1be4da178a0a0fd0c8da) Importer(2089858483,192608db42251d675da83286b1cce702) (ScriptedImporter) -> (artifact id: '08c2254e38b5270fb41a9b0bb833cb00') in 0.0277389 seconds
Number of updated asset objects reloaded before import = 0Number of asset objects unloaded after import = 1

========================================================================
Received Import Request.
  Time since last request: 0.000038 seconds.
  path: Assets/Kit/Tower Defense/Models/OBJ format/detail-tree-large.mtl
  artifactKey: Guid(4b5c2a005e28b7d47b30e237e5b7db4c) Importer(2089858483,192608db42251d675da83286b1cce702)
Start importing Assets/Kit/Tower Defense/Models/OBJ format/detail-tree-large.mtl using Guid(4b5c2a005e28b7d47b30e237e5b7db4c) Importer(2089858483,192608db42251d675da83286b1cce702) (ScriptedImporter) -> (artifact id: '9d77ca095870bda1f53a835027d8a832') in 0.0255936 seconds
Number of updated asset objects reloaded before import = 0Number of asset objects unloaded after import = 1

========================================================================
Received Import Request.
  Time since last request: 0.000030 seconds.
  path: Assets/Kit/Tower Defense/Models/OBJ format/snow-tile-dirt.mtl
  artifactKey: Guid(0839de8b70974d34a8414c43c713a5bf) Importer(2089858483,192608db42251d675da83286b1cce702)
Start importing Assets/Kit/Tower Defense/Models/OBJ format/snow-tile-dirt.mtl using Guid(0839de8b70974d34a8414c43c713a5bf) Importer(2089858483,192608db42251d675da83286b1cce702) (ScriptedImporter) -> (artifact id: '21e2c75935c9684104aa2f3f82202ee0') in 0.0274751 seconds
Number of updated asset objects reloaded before import = 0Number of asset objects unloaded after import = 1

========================================================================
Received Import Request.
  Time since last request: 0.000035 seconds.
  path: Assets/Kit/Tower Defense/Models/OBJ format/snow-tile-corner-round.mtl
  artifactKey: Guid(e993055ce52cb584495ba28b62525fc5) Importer(2089858483,192608db42251d675da83286b1cce702)
Start importing Assets/Kit/Tower Defense/Models/OBJ format/snow-tile-corner-round.mtl using Guid(e993055ce52cb584495ba28b62525fc5) Importer(2089858483,192608db42251d675da83286b1cce702) (ScriptedImporter) -> (artifact id: 'c3d389e1b7aa26b2eca77a5263c4b89f') in 0.0294273 seconds
Number of updated asset objects reloaded before import = 0Number of asset objects unloaded after import = 1

========================================================================
Received Import Request.
  Time since last request: 0.000051 seconds.
  path: Assets/Kit/Tower Defense/Models/OBJ format/snow-tile-dirt.obj
  artifactKey: Guid(3e781ae2bf0819b4ca4fbd36245043d4) Importer(2089858483,192608db42251d675da83286b1cce702)
Start importing Assets/Kit/Tower Defense/Models/OBJ format/snow-tile-dirt.obj using Guid(3e781ae2bf0819b4ca4fbd36245043d4) Importer(2089858483,192608db42251d675da83286b1cce702) (ScriptedImporter) -> (artifact id: '27d49c63c423300f12c22a0631b7cb6d') in 0.0683981 seconds
Number of updated asset objects reloaded before import = 0Number of asset objects unloaded after import = 11

========================================================================
Received Import Request.
  Time since last request: 0.000034 seconds.
  path: Assets/Kit/Tower Defense/Models/OBJ format/enemy-ufo-d.mtl
  artifactKey: Guid(d4e80059c426dca4fa2d4d9a5c397781) Importer(2089858483,192608db42251d675da83286b1cce702)
Start importing Assets/Kit/Tower Defense/Models/OBJ format/enemy-ufo-d.mtl using Guid(d4e80059c426dca4fa2d4d9a5c397781) Importer(2089858483,192608db42251d675da83286b1cce702) (ScriptedImporter) -> (artifact id: '4a60148cbe84b27b4fd607fb54df6468') in 0.0264451 seconds
Number of updated asset objects reloaded before import = 0Number of asset objects unloaded after import = 1

========================================================================
Received Import Request.
  Time since last request: 0.000028 seconds.
  path: Assets/Kit/Tower Defense/Models/OBJ format/snow-tile-transition.mtl
  artifactKey: Guid(a81737ca3a242704fbd17c846d22eb68) Importer(2089858483,192608db42251d675da83286b1cce702)
Start importing Assets/Kit/Tower Defense/Models/OBJ format/snow-tile-transition.mtl using Guid(a81737ca3a242704fbd17c846d22eb68) Importer(2089858483,192608db42251d675da83286b1cce702) (ScriptedImporter) -> (artifact id: 'f78cdc778abb224342a04809f7d69a8b') in 0.0296551 seconds
Number of updated asset objects reloaded before import = 0Number of asset objects unloaded after import = 1

========================================================================
Received Import Request.
  Time since last request: 0.000044 seconds.
  path: Assets/Kit/Tower Defense/Models/OBJ format/snow-tile-tree-double.obj
  artifactKey: Guid(de6b949ad0c9ad54a9b01e4470756cdf) Importer(2089858483,192608db42251d675da83286b1cce702)
Start importing Assets/Kit/Tower Defense/Models/OBJ format/snow-tile-tree-double.obj using Guid(de6b949ad0c9ad54a9b01e4470756cdf) Importer(2089858483,192608db42251d675da83286b1cce702) (ScriptedImporter) -> (artifact id: '0b32100c2e477d54e4a7a73d1576874f') in 0.064728 seconds
Number of updated asset objects reloaded before import = 0Number of asset objects unloaded after import = 11

========================================================================
Received Import Request.
  Time since last request: 0.000027 seconds.
  path: Assets/Kit/Tower Defense/Models/OBJ format/snow-tile-tree-double.mtl
  artifactKey: Guid(b6d0cf29def99f6488938ae67cb122ed) Importer(2089858483,192608db42251d675da83286b1cce702)
Start importing Assets/Kit/Tower Defense/Models/OBJ format/snow-tile-tree-double.mtl using Guid(b6d0cf29def99f6488938ae67cb122ed) Importer(2089858483,192608db42251d675da83286b1cce702) (ScriptedImporter) -> (artifact id: '7d17c43af5c89c5f25c11e1fe4d1a60b') in 0.0271874 seconds
Number of updated asset objects reloaded before import = 0Number of asset objects unloaded after import = 1

========================================================================
Received Import Request.
  Time since last request: 0.000028 seconds.
  path: Assets/Kit/Tower Defense/Models/OBJ format/snow-tile-spawn-end-round.obj
  artifactKey: Guid(dc67fb46f5042eb48bb603fe70854f9c) Importer(2089858483,192608db42251d675da83286b1cce702)
Start importing Assets/Kit/Tower Defense/Models/OBJ format/snow-tile-spawn-end-round.obj using Guid(dc67fb46f5042eb48bb603fe70854f9c) Importer(2089858483,192608db42251d675da83286b1cce702) (ScriptedImporter) -> (artifact id: '140766ff9726202af1083741cad88c87') in 0.0670314 seconds
Number of updated asset objects reloaded before import = 0Number of asset objects unloaded after import = 11

========================================================================
Received Import Request.
  Time since last request: 0.000067 seconds.
  path: Assets/Kit/Tower Defense/Models/GLB format/tower-square-middle-b.glb
  artifactKey: Guid(6a5199b2dacb45d40a764223d01e8eee) Importer(2089858483,192608db42251d675da83286b1cce702)
Start importing Assets/Kit/Tower Defense/Models/GLB format/tower-square-middle-b.glb using Guid(6a5199b2dacb45d40a764223d01e8eee) Importer(2089858483,192608db42251d675da83286b1cce702) (ScriptedImporter) -> (artifact id: '7987af7761c02c6a2841cc61be2d2d8c') in 0.0269915 seconds
Number of updated asset objects reloaded before import = 0Number of asset objects unloaded after import = 1

========================================================================
Received Import Request.
  Time since last request: 0.000025 seconds.
  path: Assets/Kit/Tower Defense/Models/OBJ format/snow-detail-crystal-large.mtl
  artifactKey: Guid(c4824aa843f0c254bb0afeb07157fd84) Importer(2089858483,192608db42251d675da83286b1cce702)
Start importing Assets/Kit/Tower Defense/Models/OBJ format/snow-detail-crystal-large.mtl using Guid(c4824aa843f0c254bb0afeb07157fd84) Importer(2089858483,192608db42251d675da83286b1cce702) (ScriptedImporter) -> (artifact id: 'b43f4f8c6fddd3229f3ec3ee8b63478f') in 0.0244976 seconds
Number of updated asset objects reloaded before import = 0Number of asset objects unloaded after import = 1

========================================================================
Received Import Request.
  Time since last request: 0.000029 seconds.
  path: Assets/Kit/Tower Defense/Models/OBJ format/snow-tile-corner-outer.mtl
  artifactKey: Guid(207d106bd760a754b99d106f1d0f6ab7) Importer(2089858483,192608db42251d675da83286b1cce702)
Start importing Assets/Kit/Tower Defense/Models/OBJ format/snow-tile-corner-outer.mtl using Guid(207d106bd760a754b99d106f1d0f6ab7) Importer(2089858483,192608db42251d675da83286b1cce702) (ScriptedImporter) -> (artifact id: '1134ff88a57243cf71ec579c4ae39a5b') in 0.0249062 seconds
Number of updated asset objects reloaded before import = 0Number of asset objects unloaded after import = 1

========================================================================
Received Import Request.
  Time since last request: 0.000031 seconds.
  path: Assets/Kit/Tower Defense/Models/OBJ format/enemy-ufo-b-weapon.obj
  artifactKey: Guid(c77bffe669d3f8948bbc29eee3235e10) Importer(2089858483,192608db42251d675da83286b1cce702)
Start importing Assets/Kit/Tower Defense/Models/OBJ format/enemy-ufo-b-weapon.obj using Guid(c77bffe669d3f8948bbc29eee3235e10) Importer(2089858483,192608db42251d675da83286b1cce702) (ScriptedImporter) -> (artifact id: '26b7f42f8713cdc699a2a1c1fde87688') in 0.0693839 seconds
Number of updated asset objects reloaded before import = 0Number of asset objects unloaded after import = 16

========================================================================
Received Import Request.
  Time since last request: 0.000041 seconds.
  path: Assets/Kit/Tower Defense/Models/OBJ format/enemy-ufo-c.mtl
  artifactKey: Guid(32ef6ae781fa9e345b12cb865d876384) Importer(2089858483,192608db42251d675da83286b1cce702)
Start importing Assets/Kit/Tower Defense/Models/OBJ format/enemy-ufo-c.mtl using Guid(32ef6ae781fa9e345b12cb865d876384) Importer(2089858483,192608db42251d675da83286b1cce702) (ScriptedImporter) -> (artifact id: 'dde4f2d6a7bb4b9975f4ca6a4f3d0b08') in 0.0270411 seconds
Number of updated asset objects reloaded before import = 0Number of asset objects unloaded after import = 1

========================================================================
Received Import Request.
  Time since last request: 0.000027 seconds.
  path: Assets/Kit/Tower Defense/Models/GLB format/tower-square-top-a.glb
  artifactKey: Guid(361d866c03a021846b84975817a3641b) Importer(2089858483,192608db42251d675da83286b1cce702)
Start importing Assets/Kit/Tower Defense/Models/GLB format/tower-square-top-a.glb using Guid(361d866c03a021846b84975817a3641b) Importer(2089858483,192608db42251d675da83286b1cce702) (ScriptedImporter) -> (artifact id: '55889e89f58edf1415c176e02e1564c2') in 0.0258233 seconds
Number of updated asset objects reloaded before import = 0Number of asset objects unloaded after import = 1

========================================================================
Received Import Request.
  Time since last request: 0.000026 seconds.
  path: Assets/Kit/Tower Defense/Models/OBJ format/snow-detail-tree.obj
  artifactKey: Guid(7c8ece15eea18da42b6822685c888665) Importer(2089858483,192608db42251d675da83286b1cce702)
Start importing Assets/Kit/Tower Defense/Models/OBJ format/snow-detail-tree.obj using Guid(7c8ece15eea18da42b6822685c888665) Importer(2089858483,192608db42251d675da83286b1cce702) (ScriptedImporter) -> (artifact id: 'aec739cb62b38366ba91c5edbd2db401') in 0.0570967 seconds
Number of updated asset objects reloaded before import = 0Number of asset objects unloaded after import = 11

========================================================================
Received Import Request.
  Time since last request: 0.000045 seconds.
  path: Assets/Kit/Tower Defense/Models/GLB format/wood-structure.glb
  artifactKey: Guid(da1be973b7f03cf42af55a9a30a9b931) Importer(2089858483,192608db42251d675da83286b1cce702)
Start importing Assets/Kit/Tower Defense/Models/GLB format/wood-structure.glb using Guid(da1be973b7f03cf42af55a9a30a9b931) Importer(2089858483,192608db42251d675da83286b1cce702) (ScriptedImporter) -> (artifact id: 'cbc7e39f3d0f6e7fc9aac58f03653236') in 0.0252157 seconds
Number of updated asset objects reloaded before import = 0Number of asset objects unloaded after import = 1

========================================================================
Received Import Request.
  Time since last request: 0.000046 seconds.
  path: Assets/Kit/Tower Defense/Models/OBJ format/snow-tile-river-straight.mtl
  artifactKey: Guid(3acba111bf4d2ed49a46b654103bba12) Importer(2089858483,192608db42251d675da83286b1cce702)
Start importing Assets/Kit/Tower Defense/Models/OBJ format/snow-tile-river-straight.mtl using Guid(3acba111bf4d2ed49a46b654103bba12) Importer(2089858483,192608db42251d675da83286b1cce702) (ScriptedImporter) -> (artifact id: 'ab92d650e6facdf5b5fbd2166468037e') in 0.025963 seconds
Number of updated asset objects reloaded before import = 0Number of asset objects unloaded after import = 1

========================================================================
Received Import Request.
  Time since last request: 0.000029 seconds.
  path: Assets/Kit/Tower Defense/Models/OBJ format/detail-crystal-large.obj
  artifactKey: Guid(ee677fbf87e536845a67e426e2fd848f) Importer(2089858483,192608db42251d675da83286b1cce702)
Start importing Assets/Kit/Tower Defense/Models/OBJ format/detail-crystal-large.obj using Guid(ee677fbf87e536845a67e426e2fd848f) Importer(2089858483,192608db42251d675da83286b1cce702) (ScriptedImporter) -> (artifact id: '60b363ac67cc714103179ea90b665216') in 0.0622238 seconds
Number of updated asset objects reloaded before import = 0Number of asset objects unloaded after import = 11

========================================================================
Received Import Request.
  Time since last request: 0.000039 seconds.
  path: Assets/Kit/Tower Defense/Models/OBJ format/enemy-ufo-a.obj
  artifactKey: Guid(263480ecab98c704ba3ed60eda975b52) Importer(2089858483,192608db42251d675da83286b1cce702)
Start importing Assets/Kit/Tower Defense/Models/OBJ format/enemy-ufo-a.obj using Guid(263480ecab98c704ba3ed60eda975b52) Importer(2089858483,192608db42251d675da83286b1cce702) (ScriptedImporter) -> (artifact id: 'f33d77d7e3154282201d82ecda2ce403') in 0.0627389 seconds
Number of updated asset objects reloaded before import = 0Number of asset objects unloaded after import = 11

========================================================================
Received Import Request.
  Time since last request: 0.000044 seconds.
  path: Assets/Kit/Tower Defense/Models/OBJ format/enemy-ufo-d-weapon.obj
  artifactKey: Guid(4877f0b29fc896c479b40183cfa5ceb8) Importer(2089858483,192608db42251d675da83286b1cce702)
Start importing Assets/Kit/Tower Defense/Models/OBJ format/enemy-ufo-d-weapon.obj using Guid(4877f0b29fc896c479b40183cfa5ceb8) Importer(2089858483,192608db42251d675da83286b1cce702) (ScriptedImporter) -> (artifact id: '79dab4128eea9158ca4519bcbe749c6c') in 0.0700836 seconds
Number of updated asset objects reloaded before import = 0Number of asset objects unloaded after import = 16

========================================================================
Received Import Request.
  Time since last request: 0.000029 seconds.
  path: Assets/Kit/Tower Defense/Models/OBJ format/detail-dirt.mtl
  artifactKey: Guid(943fe8af0284bcb4a8a7197748c3a3b2) Importer(2089858483,192608db42251d675da83286b1cce702)
Start importing Assets/Kit/Tower Defense/Models/OBJ format/detail-dirt.mtl using Guid(943fe8af0284bcb4a8a7197748c3a3b2) Importer(2089858483,192608db42251d675da83286b1cce702) (ScriptedImporter) -> (artifact id: '63e841671cf24f71aa4418f874f5104b') in 0.0243459 seconds
Number of updated asset objects reloaded before import = 0Number of asset objects unloaded after import = 1

========================================================================
Received Import Request.
  Time since last request: 0.000032 seconds.
  path: Assets/Kit/Tower Defense/Models/OBJ format/snow-tile-transition.obj
  artifactKey: Guid(fab97cbacd08936419f3a4e787dd169e) Importer(2089858483,192608db42251d675da83286b1cce702)
Start importing Assets/Kit/Tower Defense/Models/OBJ format/snow-tile-transition.obj using Guid(fab97cbacd08936419f3a4e787dd169e) Importer(2089858483,192608db42251d675da83286b1cce702) (ScriptedImporter) -> (artifact id: '4d88f155f33db981750df82e528b3f8e') in 0.0625014 seconds
Number of updated asset objects reloaded before import = 0Number of asset objects unloaded after import = 11

========================================================================
Received Import Request.
  Time since last request: 0.000051 seconds.
  path: Assets/Kit/Tower Defense/Models/OBJ format/snow-tile-tree-quad.obj
  artifactKey: Guid(f22d4cd5256601240bac1abb53226608) Importer(2089858483,192608db42251d675da83286b1cce702)
Start importing Assets/Kit/Tower Defense/Models/OBJ format/snow-tile-tree-quad.obj using Guid(f22d4cd5256601240bac1abb53226608) Importer(2089858483,192608db42251d675da83286b1cce702) (ScriptedImporter) -> (artifact id: '1e585d149e5ae53d2c06464555a86953') in 0.0696577 seconds
Number of updated asset objects reloaded before import = 0Number of asset objects unloaded after import = 11

========================================================================
Received Import Request.
  Time since last request: 0.000027 seconds.
  path: Assets/Kit/Tower Defense/Models/OBJ format/detail-rocks-large.obj
  artifactKey: Guid(f60d0530a6d1fde4a8ab4c91f45c04ed) Importer(2089858483,192608db42251d675da83286b1cce702)
Start importing Assets/Kit/Tower Defense/Models/OBJ format/detail-rocks-large.obj using Guid(f60d0530a6d1fde4a8ab4c91f45c04ed) Importer(2089858483,192608db42251d675da83286b1cce702) (ScriptedImporter) -> (artifact id: '4d5e097e06c345d9f80646c959514dd8') in 0.0613326 seconds
Number of updated asset objects reloaded before import = 0Number of asset objects unloaded after import = 11

========================================================================
Received Import Request.
  Time since last request: 0.000036 seconds.
  path: Assets/Kit/Tower Defense/Models/GLB format/weapon-turret.glb
  artifactKey: Guid(910980a496776cb4995c6ca10d45b4ba) Importer(2089858483,192608db42251d675da83286b1cce702)
Start importing Assets/Kit/Tower Defense/Models/GLB format/weapon-turret.glb using Guid(910980a496776cb4995c6ca10d45b4ba) Importer(2089858483,192608db42251d675da83286b1cce702) (ScriptedImporter) -> (artifact id: '53127fc0826ac41e76b95b5c3dd0062c') in 0.0274041 seconds
Number of updated asset objects reloaded before import = 0Number of asset objects unloaded after import = 1

========================================================================
Received Import Request.
  Time since last request: 0.000047 seconds.
  path: Assets/Kit/Tower Defense/Models/OBJ format/snow-tile-end-round.mtl
  artifactKey: Guid(585a9e2f719d5ca40aa47c86c36701a2) Importer(2089858483,192608db42251d675da83286b1cce702)
Start importing Assets/Kit/Tower Defense/Models/OBJ format/snow-tile-end-round.mtl using Guid(585a9e2f719d5ca40aa47c86c36701a2) Importer(2089858483,192608db42251d675da83286b1cce702) (ScriptedImporter) -> (artifact id: 'b25c49485f08238772783f81a90bf96b') in 0.0292558 seconds
Number of updated asset objects reloaded before import = 0Number of asset objects unloaded after import = 1

========================================================================
Received Import Request.
  Time since last request: 0.000024 seconds.
  path: Assets/Kit/Tower Defense/Models/OBJ format/snow-tile-wide-transition.obj
  artifactKey: Guid(43ab8f2a7b21bf04c86b5dad80907d67) Importer(2089858483,192608db42251d675da83286b1cce702)
Start importing Assets/Kit/Tower Defense/Models/OBJ format/snow-tile-wide-transition.obj using Guid(43ab8f2a7b21bf04c86b5dad80907d67) Importer(2089858483,192608db42251d675da83286b1cce702) (ScriptedImporter) -> (artifact id: '1d179ce7bbd78704b65f9bee26d9ff97') in 0.0643629 seconds
Number of updated asset objects reloaded before import = 0Number of asset objects unloaded after import = 11

========================================================================
Received Import Request.
  Time since last request: 0.000031 seconds.
  path: Assets/Kit/Tower Defense/Models/OBJ format/tile-tree-quad.obj
  artifactKey: Guid(6f8b4f77f11551848922a73a894064e7) Importer(2089858483,192608db42251d675da83286b1cce702)
Start importing Assets/Kit/Tower Defense/Models/OBJ format/tile-tree-quad.obj using Guid(6f8b4f77f11551848922a73a894064e7) Importer(2089858483,192608db42251d675da83286b1cce702) (ScriptedImporter) -> (artifact id: '75addef989a808cb426afdb8d28d159d') in 0.0636073 seconds
Number of updated asset objects reloaded before import = 0Number of asset objects unloaded after import = 11

========================================================================
Received Import Request.
  Time since last request: 0.000068 seconds.
  path: Assets/Kit/Tower Defense/Models/OBJ format/tower-round-bottom-c.obj
  artifactKey: Guid(7fd5799c3b2c93946a554582e84a1884) Importer(2089858483,192608db42251d675da83286b1cce702)
Start importing Assets/Kit/Tower Defense/Models/OBJ format/tower-round-bottom-c.obj using Guid(7fd5799c3b2c93946a554582e84a1884) Importer(2089858483,192608db42251d675da83286b1cce702) (ScriptedImporter) -> (artifact id: 'e66db2edb7f2eee1be48c97eae4f3e3e') in 0.0644123 seconds
Number of updated asset objects reloaded before import = 0Number of asset objects unloaded after import = 11

========================================================================
Received Import Request.
  Time since last request: 0.000028 seconds.
  path: Assets/Kit/Tower Defense/Models/OBJ format/tower-square-bottom-b.obj
  artifactKey: Guid(b3d85a349c5c70640993c1bd4fe82196) Importer(2089858483,192608db42251d675da83286b1cce702)
Start importing Assets/Kit/Tower Defense/Models/OBJ format/tower-square-bottom-b.obj using Guid(b3d85a349c5c70640993c1bd4fe82196) Importer(2089858483,192608db42251d675da83286b1cce702) (ScriptedImporter) -> (artifact id: '6b9da7dc21e14f9c2306761b66c62602') in 0.0713096 seconds
Number of updated asset objects reloaded before import = 0Number of asset objects unloaded after import = 11

========================================================================
Received Import Request.
  Time since last request: 0.000037 seconds.
  path: Assets/Kit/Tower Defense/Models/OBJ format/tile-river-transition.obj
  artifactKey: Guid(22e509871256c7e49b5b7ffcfd41401e) Importer(2089858483,192608db42251d675da83286b1cce702)
Start importing Assets/Kit/Tower Defense/Models/OBJ format/tile-river-transition.obj using Guid(22e509871256c7e49b5b7ffcfd41401e) Importer(2089858483,192608db42251d675da83286b1cce702) (ScriptedImporter) -> (artifact id: 'a492000f75189392ec8739c9ac560e3b') in 0.0625145 seconds
Number of updated asset objects reloaded before import = 0Number of asset objects unloaded after import = 11

========================================================================
Received Import Request.
  Time since last request: 0.000046 seconds.
  path: Assets/Kit/Tower Defense/Models/OBJ format/tower-round-base.obj
  artifactKey: Guid(f1cf269f569961440a70de4866d41f3f) Importer(2089858483,192608db42251d675da83286b1cce702)
Start importing Assets/Kit/Tower Defense/Models/OBJ format/tower-round-base.obj using Guid(f1cf269f569961440a70de4866d41f3f) Importer(2089858483,192608db42251d675da83286b1cce702) (ScriptedImporter) -> (artifact id: '5303053731339e463be1b31b37e6952d') in 0.0717672 seconds
Number of updated asset objects reloaded before import = 0Number of asset objects unloaded after import = 11

========================================================================
Received Import Request.
  Time since last request: 0.000028 seconds.
  path: Assets/Kit/Tower Defense/Models/OBJ format/snow-wood-structure-high.mtl
  artifactKey: Guid(59d26b41e4d8946478decf55c03a1b78) Importer(2089858483,192608db42251d675da83286b1cce702)
Start importing Assets/Kit/Tower Defense/Models/OBJ format/snow-wood-structure-high.mtl using Guid(59d26b41e4d8946478decf55c03a1b78) Importer(2089858483,192608db42251d675da83286b1cce702) (ScriptedImporter) -> (artifact id: 'f5d40a3bebbb83f387e253f1ae3c1941') in 0.0279742 seconds
Number of updated asset objects reloaded before import = 0Number of asset objects unloaded after import = 1

========================================================================
Received Import Request.
  Time since last request: 0.000031 seconds.
  path: Assets/Kit/Tower Defense/Models/OBJ format/tower-round-middle-b.mtl
  artifactKey: Guid(7a5548707d477ec42832a557bd971aae) Importer(2089858483,192608db42251d675da83286b1cce702)
Start importing Assets/Kit/Tower Defense/Models/OBJ format/tower-round-middle-b.mtl using Guid(7a5548707d477ec42832a557bd971aae) Importer(2089858483,192608db42251d675da83286b1cce702) (ScriptedImporter) -> (artifact id: '721d4792dc65998432aff73e359d4483') in 0.0266441 seconds
Number of updated asset objects reloaded before import = 0Number of asset objects unloaded after import = 1

========================================================================
Received Import Request.
  Time since last request: 0.000056 seconds.
  path: Assets/Kit/Tower Defense/Models/OBJ format/tile-slope.obj
  artifactKey: Guid(a1f91464e18f53342bed9b690711ca91) Importer(2089858483,192608db42251d675da83286b1cce702)
Start importing Assets/Kit/Tower Defense/Models/OBJ format/tile-slope.obj using Guid(a1f91464e18f53342bed9b690711ca91) Importer(2089858483,192608db42251d675da83286b1cce702) (ScriptedImporter) -> (artifact id: '2da49b274b2d32110663356655d72f75') in 0.0712009 seconds
Number of updated asset objects reloaded before import = 0Number of asset objects unloaded after import = 11

========================================================================
Received Import Request.
  Time since last request: 0.000032 seconds.
  path: Assets/Kit/Tower Defense/Models/OBJ format/tower-square-bottom-a.mtl
  artifactKey: Guid(9a26b33c6254aa94c97ea1abc078d0f0) Importer(2089858483,192608db42251d675da83286b1cce702)
Start importing Assets/Kit/Tower Defense/Models/OBJ format/tower-square-bottom-a.mtl using Guid(9a26b33c6254aa94c97ea1abc078d0f0) Importer(2089858483,192608db42251d675da83286b1cce702) (ScriptedImporter) -> (artifact id: 'e6ec2fa0ff530e21d198e462e5fac7a0') in 0.0310903 seconds
Number of updated asset objects reloaded before import = 0Number of asset objects unloaded after import = 1

========================================================================
Received Import Request.
  Time since last request: 0.000035 seconds.
  path: Assets/Kit/Tower Defense/Models/OBJ format/tile-tree.obj
  artifactKey: Guid(cc87ecc8adfcc62489457b8fd2ca0d00) Importer(2089858483,192608db42251d675da83286b1cce702)
Start importing Assets/Kit/Tower Defense/Models/OBJ format/tile-tree.obj using Guid(cc87ecc8adfcc62489457b8fd2ca0d00) Importer(2089858483,192608db42251d675da83286b1cce702) (ScriptedImporter) -> (artifact id: '418e0625b9a1ca1d3e3f5c42dd18abe4') in 0.0675931 seconds
Number of updated asset objects reloaded before import = 0Number of asset objects unloaded after import = 11

========================================================================
Received Import Request.
  Time since last request: 0.000052 seconds.
  path: Assets/Kit/Tower Defense/Models/OBJ format/tile-split.mtl
  artifactKey: Guid(7870ff56bc3f408418d1e8ce121bd07c) Importer(2089858483,192608db42251d675da83286b1cce702)
Start importing Assets/Kit/Tower Defense/Models/OBJ format/tile-split.mtl using Guid(7870ff56bc3f408418d1e8ce121bd07c) Importer(2089858483,192608db42251d675da83286b1cce702) (ScriptedImporter) -> (artifact id: 'ac1a00da6ac2996272325cb9aec3f993') in 0.0342934 seconds
Number of updated asset objects reloaded before import = 0Number of asset objects unloaded after import = 1

========================================================================
Received Import Request.
  Time since last request: 0.000029 seconds.
  path: Assets/Kit/Tower Defense/Models/OBJ format/tower-round-build-d.obj
  artifactKey: Guid(d864a7530d5c0b8429a02ba1ea838407) Importer(2089858483,192608db42251d675da83286b1cce702)
Start importing Assets/Kit/Tower Defense/Models/OBJ format/tower-round-build-d.obj using Guid(d864a7530d5c0b8429a02ba1ea838407) Importer(2089858483,192608db42251d675da83286b1cce702) (ScriptedImporter) -> (artifact id: 'c52654005d3aee6aa34a3a428a59a093') in 0.0828533 seconds
Number of updated asset objects reloaded before import = 0Number of asset objects unloaded after import = 11

========================================================================
Received Import Request.
  Time since last request: 0.000040 seconds.
  path: Assets/Kit/Tower Defense/Models/OBJ format/snow-tile-wide-split.mtl
  artifactKey: Guid(15f1db77caefe284292ff70a5bac5ff5) Importer(2089858483,192608db42251d675da83286b1cce702)
Start importing Assets/Kit/Tower Defense/Models/OBJ format/snow-tile-wide-split.mtl using Guid(15f1db77caefe284292ff70a5bac5ff5) Importer(2089858483,192608db42251d675da83286b1cce702) (ScriptedImporter) -> (artifact id: '2e0407f2cb4c71737783c465ab4d6b17') in 0.0296319 seconds
Number of updated asset objects reloaded before import = 0Number of asset objects unloaded after import = 1

========================================================================
Received Import Request.
  Time since last request: 0.000040 seconds.
  path: Assets/Kit/Tower Defense/Models/OBJ format/tile-slope.mtl
  artifactKey: Guid(c71c22331d598034698517da94d95d57) Importer(2089858483,192608db42251d675da83286b1cce702)
Start importing Assets/Kit/Tower Defense/Models/OBJ format/tile-slope.mtl using Guid(c71c22331d598034698517da94d95d57) Importer(2089858483,192608db42251d675da83286b1cce702) (ScriptedImporter) -> (artifact id: '2477d7ee7c31514fb96d81e0c0ce44d0') in 0.0295763 seconds
Number of updated asset objects reloaded before import = 0Number of asset objects unloaded after import = 1

========================================================================
Received Import Request.
  Time since last request: 0.000027 seconds.
  path: Assets/Kit/Tower Defense/Models/OBJ format/tile-tree.mtl
  artifactKey: Guid(281c249be747c4640a398b5a40b4a516) Importer(2089858483,192608db42251d675da83286b1cce702)
Start importing Assets/Kit/Tower Defense/Models/OBJ format/tile-tree.mtl using Guid(281c249be747c4640a398b5a40b4a516) Importer(2089858483,192608db42251d675da83286b1cce702) (ScriptedImporter) -> (artifact id: 'ffa5ea3bf6c1460c077abeef9b3d363d') in 0.0323128 seconds
Number of updated asset objects reloaded before import = 0Number of asset objects unloaded after import = 1

========================================================================
Received Import Request.
  Time since last request: 0.000030 seconds.
  path: Assets/Kit/Tower Defense/Models/OBJ format/snow-wood-structure.mtl
  artifactKey: Guid(3349a5b817362734c8b6794f0501856a) Importer(2089858483,192608db42251d675da83286b1cce702)
Start importing Assets/Kit/Tower Defense/Models/OBJ format/snow-wood-structure.mtl using Guid(3349a5b817362734c8b6794f0501856a) Importer(2089858483,192608db42251d675da83286b1cce702) (ScriptedImporter) -> (artifact id: '562e51093784bf0d5f850b29c4c0955b') in 0.0295727 seconds
Number of updated asset objects reloaded before import = 0Number of asset objects unloaded after import = 1

========================================================================
Received Import Request.
  Time since last request: 0.000031 seconds.
  path: Assets/Kit/Tower Defense/Models/OBJ format/tile-river-corner.mtl
  artifactKey: Guid(aad0a8b86748c034b8174db77776afba) Importer(2089858483,192608db42251d675da83286b1cce702)
Start importing Assets/Kit/Tower Defense/Models/OBJ format/tile-river-corner.mtl using Guid(aad0a8b86748c034b8174db77776afba) Importer(2089858483,192608db42251d675da83286b1cce702) (ScriptedImporter) -> (artifact id: '3f0a6f578726866f51888ee7368b4852') in 0.027855 seconds
Number of updated asset objects reloaded before import = 0Number of asset objects unloaded after import = 1

========================================================================
Received Import Request.
  Time since last request: 0.000054 seconds.
  path: Assets/Kit/Tower Defense/Models/OBJ format/tile-corner-large.mtl
  artifactKey: Guid(28ad1f57cd6fb1c4da6050ca3aa94386) Importer(2089858483,192608db42251d675da83286b1cce702)
Start importing Assets/Kit/Tower Defense/Models/OBJ format/tile-corner-large.mtl using Guid(28ad1f57cd6fb1c4da6050ca3aa94386) Importer(2089858483,192608db42251d675da83286b1cce702) (ScriptedImporter) -> (artifact id: 'fb4887f91b591f20380fde3cb33299bd') in 0.0308188 seconds
Number of updated asset objects reloaded before import = 0Number of asset objects unloaded after import = 1

========================================================================
Received Import Request.
  Time since last request: 0.000033 seconds.
  path: Assets/Kit/Tower Defense/Models/OBJ format/tile-wide-corner.obj
  artifactKey: Guid(b36a1bad517fd6c43aa13bb4f04441d8) Importer(2089858483,192608db42251d675da83286b1cce702)
Start importing Assets/Kit/Tower Defense/Models/OBJ format/tile-wide-corner.obj using Guid(b36a1bad517fd6c43aa13bb4f04441d8) Importer(2089858483,192608db42251d675da83286b1cce702) (ScriptedImporter) -> (artifact id: '6c54baf2bfa5b5c5ed59e67a73bf4d10') in 0.0809157 seconds
Number of updated asset objects reloaded before import = 0Number of asset objects unloaded after import = 11

========================================================================
Received Import Request.
  Time since last request: 0.000035 seconds.
  path: Assets/Kit/Tower Defense/Models/OBJ format/tile-straight-slope.mtl
  artifactKey: Guid(a638938109126654d9a90164a642380f) Importer(2089858483,192608db42251d675da83286b1cce702)
Start importing Assets/Kit/Tower Defense/Models/OBJ format/tile-straight-slope.mtl using Guid(a638938109126654d9a90164a642380f) Importer(2089858483,192608db42251d675da83286b1cce702) (ScriptedImporter) -> (artifact id: '6da9586ad1bf8fd412a137d368903caf') in 0.0283422 seconds
Number of updated asset objects reloaded before import = 0Number of asset objects unloaded after import = 1

========================================================================
Received Import Request.
  Time since last request: 0.000052 seconds.
  path: Assets/Kit/Tower Defense/Models/OBJ format/tower-round-crystals.mtl
  artifactKey: Guid(992d4a25aa37e1f48aa5f707755e9284) Importer(2089858483,192608db42251d675da83286b1cce702)
Start importing Assets/Kit/Tower Defense/Models/OBJ format/tower-round-crystals.mtl using Guid(992d4a25aa37e1f48aa5f707755e9284) Importer(2089858483,192608db42251d675da83286b1cce702) (ScriptedImporter) -> (artifact id: '0a42969b74450b5e5bb391e911981225') in 0.0285348 seconds
Number of updated asset objects reloaded before import = 0Number of asset objects unloaded after import = 1

========================================================================
Received Import Request.
  Time since last request: 0.000028 seconds.
  path: Assets/Kit/Tower Defense/Models/OBJ format/tile-spawn-end.mtl
  artifactKey: Guid(8563d7e944a1d944dbbecf8d3a18d2c6) Importer(2089858483,192608db42251d675da83286b1cce702)
Start importing Assets/Kit/Tower Defense/Models/OBJ format/tile-spawn-end.mtl using Guid(8563d7e944a1d944dbbecf8d3a18d2c6) Importer(2089858483,192608db42251d675da83286b1cce702) (ScriptedImporter) -> (artifact id: '35f341ff9252e59b5c8733d3a9a34ba0') in 0.03074 seconds
Number of updated asset objects reloaded before import = 0Number of asset objects unloaded after import = 1

========================================================================
Received Import Request.
  Time since last request: 0.000033 seconds.
  path: Assets/Kit/Tower Defense/Models/OBJ format/tower-round-build-c.obj
  artifactKey: Guid(1e819a6da29a38345898ab66a1f423f7) Importer(2089858483,192608db42251d675da83286b1cce702)
Start importing Assets/Kit/Tower Defense/Models/OBJ format/tower-round-build-c.obj using Guid(1e819a6da29a38345898ab66a1f423f7) Importer(2089858483,192608db42251d675da83286b1cce702) (ScriptedImporter) -> (artifact id: '80da4315cba90402967bc234f1b65bc5') in 0.0662496 seconds
Number of updated asset objects reloaded before import = 0Number of asset objects unloaded after import = 11

========================================================================
Received Import Request.
  Time since last request: 0.000051 seconds.
  path: Assets/Kit/Tower Defense/Models/OBJ format/snow-tile-wide-straight.mtl
  artifactKey: Guid(7db82330dfd291f498849bbc0a65acd8) Importer(2089858483,192608db42251d675da83286b1cce702)
Start importing Assets/Kit/Tower Defense/Models/OBJ format/snow-tile-wide-straight.mtl using Guid(7db82330dfd291f498849bbc0a65acd8) Importer(2089858483,192608db42251d675da83286b1cce702) (ScriptedImporter) -> (artifact id: '1f5ae84c4a29168a3abfd5784cb66c40') in 0.0291898 seconds
Number of updated asset objects reloaded before import = 0Number of asset objects unloaded after import = 1

========================================================================
Received Import Request.
  Time since last request: 0.000028 seconds.
  path: Assets/Kit/Tower Defense/Models/OBJ format/tile-river-slope-large.obj
  artifactKey: Guid(8a859956fb16ac147bcdc6e36d837126) Importer(2089858483,192608db42251d675da83286b1cce702)
Start importing Assets/Kit/Tower Defense/Models/OBJ format/tile-river-slope-large.obj using Guid(8a859956fb16ac147bcdc6e36d837126) Importer(2089858483,192608db42251d675da83286b1cce702) (ScriptedImporter) -> (artifact id: 'fd95aa950684a2e6005677eb7e8ca40c') in 0.0779006 seconds
Number of updated asset objects reloaded before import = 0Number of asset objects unloaded after import = 11

========================================================================
Received Import Request.
  Time since last request: 0.000036 seconds.
  path: Assets/Kit/Tower Defense/Models/OBJ format/snow-tile-wide-split.obj
  artifactKey: Guid(3ff694f7c081a054398d168108747ca4) Importer(2089858483,192608db42251d675da83286b1cce702)
Start importing Assets/Kit/Tower Defense/Models/OBJ format/snow-tile-wide-split.obj using Guid(3ff694f7c081a054398d168108747ca4) Importer(2089858483,192608db42251d675da83286b1cce702) (ScriptedImporter) -> (artifact id: 'bbb823e8ac5ac9e22f2ad4e04010226a') in 0.0641789 seconds
Number of updated asset objects reloaded before import = 0Number of asset objects unloaded after import = 11

========================================================================
Received Import Request.
  Time since last request: 0.000072 seconds.
  path: Assets/Kit/Character/enemies/Animations/Rig_Medium/Rig_Medium_General.fbx
  artifactKey: Guid(e108fa7948a290a4d98917d6e4cbd5a0) Importer(2089858483,192608db42251d675da83286b1cce702)
Start importing Assets/Kit/Character/enemies/Animations/Rig_Medium/Rig_Medium_General.fbx using Guid(e108fa7948a290a4d98917d6e4cbd5a0) Importer(2089858483,192608db42251d675da83286b1cce702) (ScriptedImporter) -> (artifact id: 'ab0d425bf16a39e33ebc7733465d9305') in 0.1725369 seconds
Number of updated asset objects reloaded before import = 0Number of asset objects unloaded after import = 92

========================================================================
Received Import Request.
  Time since last request: 0.000040 seconds.
  path: Assets/Kit/Tower Defense/Models/OBJ format/tower-square-middle-b.mtl
  artifactKey: Guid(bc64cae107ee1364e87f49ea88b5e3b0) Importer(2089858483,192608db42251d675da83286b1cce702)
Start importing Assets/Kit/Tower Defense/Models/OBJ format/tower-square-middle-b.mtl using Guid(bc64cae107ee1364e87f49ea88b5e3b0) Importer(2089858483,192608db42251d675da83286b1cce702) (ScriptedImporter) -> (artifact id: '4bad3d9e0d1c9de40ddc7a56768658d8') in 0.0288578 seconds
Number of updated asset objects reloaded before import = 0Number of asset objects unloaded after import = 1

========================================================================
Received Import Request.
  Time since last request: 0.000044 seconds.
  path: Assets/Kit/Character/enemies/assets/fbx/Skeleton_Shield_Small_B.fbx
  artifactKey: Guid(45ceb79c6c48e52488d7cf75628e7e91) Importer(2089858483,192608db42251d675da83286b1cce702)
Start importing Assets/Kit/Character/enemies/assets/fbx/Skeleton_Shield_Small_B.fbx using Guid(45ceb79c6c48e52488d7cf75628e7e91) Importer(2089858483,192608db42251d675da83286b1cce702) (ScriptedImporter) -> (artifact id: '057a4623f530f21d10b9a0037df6e2fb') in 0.0712087 seconds
Number of updated asset objects reloaded before import = 0Number of asset objects unloaded after import = 9

========================================================================
Received Import Request.
  Time since last request: 0.000031 seconds.
  path: Assets/Kit/Character/enemies/assets/gltf/Skeleton_Arrow_Half.bin
  artifactKey: Guid(fe2eae591e6d2fa48a651bb31a472b88) Importer(2089858483,192608db42251d675da83286b1cce702)
Start importing Assets/Kit/Character/enemies/assets/gltf/Skeleton_Arrow_Half.bin using Guid(fe2eae591e6d2fa48a651bb31a472b88) Importer(2089858483,192608db42251d675da83286b1cce702) (ScriptedImporter) -> (artifact id: 'dda61795eab4bcd09affb7f070e3ad91') in 0.0355138 seconds
Number of updated asset objects reloaded before import = 0Number of asset objects unloaded after import = 1

========================================================================
Received Import Request.
  Time since last request: 0.000036 seconds.
  path: Assets/Kit/Tower Defense/Models/OBJ format/wood-structure-high-part.obj
  artifactKey: Guid(6e11fa6c2528a2f41bf83ff6ad58a3af) Importer(2089858483,192608db42251d675da83286b1cce702)
Start importing Assets/Kit/Tower Defense/Models/OBJ format/wood-structure-high-part.obj using Guid(6e11fa6c2528a2f41bf83ff6ad58a3af) Importer(2089858483,192608db42251d675da83286b1cce702) (ScriptedImporter) -> (artifact id: 'affb9d2876c7a7e753acde2cc007ef14') in 0.0636308 seconds
Number of updated asset objects reloaded before import = 0Number of asset objects unloaded after import = 11

========================================================================
Received Import Request.
  Time since last request: 0.000048 seconds.
  path: Assets/Kit/Tower Defense/Models/OBJ format/tower-square-roof-b.mtl
  artifactKey: Guid(40bfe0f17a8e6124bba131be424463d8) Importer(2089858483,192608db42251d675da83286b1cce702)
Start importing Assets/Kit/Tower Defense/Models/OBJ format/tower-square-roof-b.mtl using Guid(40bfe0f17a8e6124bba131be424463d8) Importer(2089858483,192608db42251d675da83286b1cce702) (ScriptedImporter) -> (artifact id: 'c3c19b5797bdabfe0ef53aa9f99bd06e') in 0.0329144 seconds
Number of updated asset objects reloaded before import = 0Number of asset objects unloaded after import = 1

========================================================================
Received Import Request.
  Time since last request: 0.000045 seconds.
  path: Assets/TextMesh Pro/Examples & Extras/Resources/Fonts & Materials/Bangers SDF.asset
  artifactKey: Guid(125cb55b44b24c4393181402bc6200e6) Importer(2089858483,192608db42251d675da83286b1cce702)
Start importing Assets/TextMesh Pro/Examples & Extras/Resources/Fonts & Materials/Bangers SDF.asset using Guid(125cb55b44b24c4393181402bc6200e6) Importer(2089858483,192608db42251d675da83286b1cce702) (ScriptedImporter) -> (artifact id: '903fa95dd3058e5b0f9ec949e1788aaf') in 0.1325488 seconds
Number of updated asset objects reloaded before import = 0Number of asset objects unloaded after import = 5

========================================================================
Received Import Request.
  Time since last request: 0.000032 seconds.
  path: Assets/Kit/Tower Defense/Models/OBJ format/tower-square-top-c.mtl
  artifactKey: Guid(87dc41920371fa64694338452eed4082) Importer(2089858483,192608db42251d675da83286b1cce702)
Start importing Assets/Kit/Tower Defense/Models/OBJ format/tower-square-top-c.mtl using Guid(87dc41920371fa64694338452eed4082) Importer(2089858483,192608db42251d675da83286b1cce702) (ScriptedImporter) -> (artifact id: 'cb39bc84af9684c25d52eae1d2ac4a7b') in 0.0304514 seconds
Number of updated asset objects reloaded before import = 0Number of asset objects unloaded after import = 1

========================================================================
Received Import Request.
  Time since last request: 0.000051 seconds.
  path: Assets/Kit/Character/enemies/assets/fbx(unity)/Skeleton_Arrow_Half.fbx
  artifactKey: Guid(67df2187647e4554e9b803f2cb2bf286) Importer(2089858483,192608db42251d675da83286b1cce702)
Start importing Assets/Kit/Character/enemies/assets/fbx(unity)/Skeleton_Arrow_Half.fbx using Guid(67df2187647e4554e9b803f2cb2bf286) Importer(2089858483,192608db42251d675da83286b1cce702) (ScriptedImporter) -> (artifact id: 'd0b181d9fbaff804571a1364dac6f9eb') in 0.0838592 seconds
Number of updated asset objects reloaded before import = 0Number of asset objects unloaded after import = 9

========================================================================
Received Import Request.
  Time since last request: 0.000033 seconds.
  path: Assets/Kit/Character/enemies/assets/fbx/Skeleton_Crossbow.fbx
  artifactKey: Guid(e0a550b336598c54b8af75a99d6c6673) Importer(2089858483,192608db42251d675da83286b1cce702)
Start importing Assets/Kit/Character/enemies/assets/fbx/Skeleton_Crossbow.fbx using Guid(e0a550b336598c54b8af75a99d6c6673) Importer(2089858483,192608db42251d675da83286b1cce702) (ScriptedImporter) -> (artifact id: '1ee4d9d6eed0b74e42c7efe7f566ac27') in 0.0788849 seconds
Number of updated asset objects reloaded before import = 0Number of asset objects unloaded after import = 9

========================================================================
Received Import Request.
  Time since last request: 0.000037 seconds.
  path: Assets/Kit/Tower Defense/Models/OBJ format/wood-structure-part.obj
  artifactKey: Guid(ccccfa1f39bcc22468940481905c1111) Importer(2089858483,192608db42251d675da83286b1cce702)
Start importing Assets/Kit/Tower Defense/Models/OBJ format/wood-structure-part.obj using Guid(ccccfa1f39bcc22468940481905c1111) Importer(2089858483,192608db42251d675da83286b1cce702) (ScriptedImporter) -> (artifact id: 'cda10886f8810a04727e43538b53df3a') in 0.0821509 seconds
Number of updated asset objects reloaded before import = 0Number of asset objects unloaded after import = 11

========================================================================
Received Import Request.
  Time since last request: 0.000052 seconds.
  path: Assets/Kit/Tower Defense/Models/OBJ format/tower-square-roof-c.mtl
  artifactKey: Guid(7404c10d4283eb448bc426e8b009adbf) Importer(2089858483,192608db42251d675da83286b1cce702)
Start importing Assets/Kit/Tower Defense/Models/OBJ format/tower-square-roof-c.mtl using Guid(7404c10d4283eb448bc426e8b009adbf) Importer(2089858483,192608db42251d675da83286b1cce702) (ScriptedImporter) -> (artifact id: '927dd91ed92d69895a51676c83de5f06') in 0.0301428 seconds
Number of updated asset objects reloaded before import = 0Number of asset objects unloaded after import = 1

========================================================================
Received Import Request.
  Time since last request: 0.000032 seconds.
  path: Assets/Kit/Tower Defense/Models/OBJ format/tower-square-roof-a.obj
  artifactKey: Guid(56409eb559a34d34485fe3191fc1522e) Importer(2089858483,192608db42251d675da83286b1cce702)
Start importing Assets/Kit/Tower Defense/Models/OBJ format/tower-square-roof-a.obj using Guid(56409eb559a34d34485fe3191fc1522e) Importer(2089858483,192608db42251d675da83286b1cce702) (ScriptedImporter) -> (artifact id: '1c566f663b1e68744a3b40a9320c0d99') in 0.0786187 seconds
Number of updated asset objects reloaded before import = 0Number of asset objects unloaded after import = 11

========================================================================
Received Import Request.
  Time since last request: 0.000032 seconds.
  path: Assets/TextMesh Pro/Examples & Extras/Resources/Fonts & Materials/Unity SDF.asset
  artifactKey: Guid(c9adb1f542a93ae489bacfeae21e8394) Importer(2089858483,192608db42251d675da83286b1cce702)
Start importing Assets/TextMesh Pro/Examples & Extras/Resources/Fonts & Materials/Unity SDF.asset using Guid(c9adb1f542a93ae489bacfeae21e8394) Importer(2089858483,192608db42251d675da83286b1cce702) (ScriptedImporter) -> (artifact id: '7d0dee4263dafa4450e7b2eb4ea09a82') in 0.0872078 seconds
Number of updated asset objects reloaded before import = 0Number of asset objects unloaded after import = 4

========================================================================
Received Import Request.
  Time since last request: 0.000063 seconds.
  path: Assets/Kit/Character/enemies/assets/fbx(unity)/Skeleton_Arrow_Broken.fbx
  artifactKey: Guid(40330d2f448901e48964c705a68fef95) Importer(2089858483,192608db42251d675da83286b1cce702)
Start importing Assets/Kit/Character/enemies/assets/fbx(unity)/Skeleton_Arrow_Broken.fbx using Guid(40330d2f448901e48964c705a68fef95) Importer(2089858483,192608db42251d675da83286b1cce702) (ScriptedImporter) -> (artifact id: 'ede1d01392a5ff5cc4448bce673145bf') in 0.0923939 seconds
Number of updated asset objects reloaded before import = 0Number of asset objects unloaded after import = 9

========================================================================
Received Import Request.
  Time since last request: 0.000038 seconds.
  path: Assets/Kit/Tower Defense/Models/OBJ format/weapon-cannon.obj
  artifactKey: Guid(c8e609554ca74a84380d3eb5663fd723) Importer(2089858483,192608db42251d675da83286b1cce702)
Start importing Assets/Kit/Tower Defense/Models/OBJ format/weapon-cannon.obj using Guid(c8e609554ca74a84380d3eb5663fd723) Importer(2089858483,192608db42251d675da83286b1cce702) (ScriptedImporter) -> (artifact id: '6ae6db2e9e56f58031d84f1b56512e68') in 0.0642218 seconds
Number of updated asset objects reloaded before import = 0Number of asset objects unloaded after import = 16

========================================================================
Received Import Request.
  Time since last request: 0.000037 seconds.
  path: Assets/TextMesh Pro/Examples & Extras/Resources/Fonts & Materials/Roboto-Bold SDF - HDRP Unlit.mat
  artifactKey: Guid(2ddca8f46aa0838419d568affb0ca6b4) Importer(2089858483,192608db42251d675da83286b1cce702)
Start importing Assets/TextMesh Pro/Examples & Extras/Resources/Fonts & Materials/Roboto-Bold SDF - HDRP Unlit.mat using Guid(2ddca8f46aa0838419d568affb0ca6b4) Importer(2089858483,192608db42251d675da83286b1cce702) (ScriptedImporter) -> (artifact id: '103778b9dcd1031c7f41956294e24715') in 0.0792331 seconds
Number of updated asset objects reloaded before import = 0Number of asset objects unloaded after import = 4

========================================================================
Received Import Request.
  Time since last request: 0.000045 seconds.
  path: Assets/Kit/Character/enemies/assets/gltf/Skeleton_Blade.bin
  artifactKey: Guid(82daa377536af5f48a8852a6701f7c21) Importer(2089858483,192608db42251d675da83286b1cce702)
Start importing Assets/Kit/Character/enemies/assets/gltf/Skeleton_Blade.bin using Guid(82daa377536af5f48a8852a6701f7c21) Importer(2089858483,192608db42251d675da83286b1cce702) (ScriptedImporter) -> (artifact id: 'd69482cff9bf5188f3d3910cb1057be8') in 0.0290554 seconds
Number of updated asset objects reloaded before import = 0Number of asset objects unloaded after import = 1

========================================================================
Received Import Request.
  Time since last request: 0.000029 seconds.
  path: Assets/Kit/Tower Defense/Models/OBJ format/tower-square-build-c.mtl
  artifactKey: Guid(8558fc1dd6ab92d44afebaccb2265729) Importer(2089858483,192608db42251d675da83286b1cce702)
Start importing Assets/Kit/Tower Defense/Models/OBJ format/tower-square-build-c.mtl using Guid(8558fc1dd6ab92d44afebaccb2265729) Importer(2089858483,192608db42251d675da83286b1cce702) (ScriptedImporter) -> (artifact id: '946dce6b05d6ab00341a3ecbffdfc72f') in 0.0305416 seconds
Number of updated asset objects reloaded before import = 0Number of asset objects unloaded after import = 1

========================================================================
Received Import Request.
  Time since last request: 0.000033 seconds.
  path: Assets/Kit/Character/enemies/assets/fbx/Skeleton_Arrow.fbx
  artifactKey: Guid(9150a0e24375ace4483b2f71c5a5252e) Importer(2089858483,192608db42251d675da83286b1cce702)
Start importing Assets/Kit/Character/enemies/assets/fbx/Skeleton_Arrow.fbx using Guid(9150a0e24375ace4483b2f71c5a5252e) Importer(2089858483,192608db42251d675da83286b1cce702) (ScriptedImporter) -> (artifact id: 'f5828b4a7f46bc359a5b3c2968f341f3') in 0.0709103 seconds
Number of updated asset objects reloaded before import = 0Number of asset objects unloaded after import = 9

========================================================================
Received Import Request.
  Time since last request: 0.000047 seconds.
  path: Assets/TextMesh Pro/Examples & Extras/Resources/Color Gradient Presets/Dark to Light Green - Vertical.asset
  artifactKey: Guid(4c86a3366cd840348ebe8dc438570ee4) Importer(2089858483,192608db42251d675da83286b1cce702)
Start importing Assets/TextMesh Pro/Examples & Extras/Resources/Color Gradient Presets/Dark to Light Green - Vertical.asset using Guid(4c86a3366cd840348ebe8dc438570ee4) Importer(2089858483,192608db42251d675da83286b1cce702) (ScriptedImporter) -> (artifact id: 'da04def37ef8b47fb6ce1f4339394ec7') in 0.0580602 seconds
Number of updated asset objects reloaded before import = 0Number of asset objects unloaded after import = 1

========================================================================
Received Import Request.
  Time since last request: 0.000055 seconds.
  path: Assets/Kit/Character/enemies/assets/gltf/Skeleton_Arrow_Broken.gltf
  artifactKey: Guid(2786aea72cab9334fa929ff861618313) Importer(2089858483,192608db42251d675da83286b1cce702)
Start importing Assets/Kit/Character/enemies/assets/gltf/Skeleton_Arrow_Broken.gltf using Guid(2786aea72cab9334fa929ff861618313) Importer(2089858483,192608db42251d675da83286b1cce702) (ScriptedImporter) -> (artifact id: 'bbabcff57da79132eaf29158954b264d') in 0.0292257 seconds
Number of updated asset objects reloaded before import = 0Number of asset objects unloaded after import = 1

========================================================================
Received Import Request.
  Time since last request: 0.000032 seconds.
  path: Assets/Kit/DungeonKit/dungeon map/Models/FBX format/wall-half.fbx
  artifactKey: Guid(558703034b3251e49855078f2f9af6b5) Importer(2089858483,192608db42251d675da83286b1cce702)
Start importing Assets/Kit/DungeonKit/dungeon map/Models/FBX format/wall-half.fbx using Guid(558703034b3251e49855078f2f9af6b5) Importer(2089858483,192608db42251d675da83286b1cce702) (ScriptedImporter) -> (artifact id: '34b5776b0324b80f863809261f7dca8c') in 0.0917229 seconds
Number of updated asset objects reloaded before import = 0Number of asset objects unloaded after import = 9

========================================================================
Received Import Request.
  Time since last request: 0.000050 seconds.
  path: Assets/Kit/DungeonKit/fantasy town/Models_int/FBX format/banner-red.fbx
  artifactKey: Guid(144e1a0eb126d9f4493d8386504ba4df) Importer(2089858483,192608db42251d675da83286b1cce702)
Start importing Assets/Kit/DungeonKit/fantasy town/Models_int/FBX format/banner-red.fbx using Guid(144e1a0eb126d9f4493d8386504ba4df) Importer(2089858483,192608db42251d675da83286b1cce702) (ScriptedImporter) -> (artifact id: '8638631b81c32c356b88e20054b5e4b8') in 0.0725696 seconds
Number of updated asset objects reloaded before import = 0Number of asset objects unloaded after import = 9

========================================================================
Received Import Request.
  Time since last request: 0.000061 seconds.
  path: Assets/Kit/DungeonKit/fantasy town/Models_int/FBX format/planks.fbx
  artifactKey: Guid(fdd47ba1ba19d8f4790e337a72f3f93f) Importer(2089858483,192608db42251d675da83286b1cce702)
Start importing Assets/Kit/DungeonKit/fantasy town/Models_int/FBX format/planks.fbx using Guid(fdd47ba1ba19d8f4790e337a72f3f93f) Importer(2089858483,192608db42251d675da83286b1cce702) (ScriptedImporter) -> (artifact id: 'bc4672a80d13192d4ce6f8d102ae5c85') in 0.069857 seconds
Number of updated asset objects reloaded before import = 0Number of asset objects unloaded after import = 9

========================================================================
Received Import Request.
  Time since last request: 0.000037 seconds.
  path: Assets/Kit/DungeonKit/fantasy town/Models_int/FBX format/roof-corner-inner.fbx
  artifactKey: Guid(76cd476a4b6df9e4496fbd6d24c9d285) Importer(2089858483,192608db42251d675da83286b1cce702)
Start importing Assets/Kit/DungeonKit/fantasy town/Models_int/FBX format/roof-corner-inner.fbx using Guid(76cd476a4b6df9e4496fbd6d24c9d285) Importer(2089858483,192608db42251d675da83286b1cce702) (ScriptedImporter) -> (artifact id: '17b84f559a3ff21df2b2f517ba5b1d55') in 0.0776205 seconds
Number of updated asset objects reloaded before import = 0Number of asset objects unloaded after import = 9

========================================================================
Received Import Request.
  Time since last request: 0.000034 seconds.
  path: Assets/Kit/DungeonKit/fantasy town/Models_int/FBX format/road-corner.fbx
  artifactKey: Guid(9401cf7e3775c3f449756b7e79345ed2) Importer(2089858483,192608db42251d675da83286b1cce702)
Start importing Assets/Kit/DungeonKit/fantasy town/Models_int/FBX format/road-corner.fbx using Guid(9401cf7e3775c3f449756b7e79345ed2) Importer(2089858483,192608db42251d675da83286b1cce702) (ScriptedImporter) -> (artifact id: '3b40e191bb75f1474fccafe73e9fa38a') in 0.0702437 seconds
Number of updated asset objects reloaded before import = 0Number of asset objects unloaded after import = 9

========================================================================
Received Import Request.
  Time since last request: 0.000047 seconds.
  path: Assets/Kit/DungeonKit/dungeon map/Models/FBX format/floor-detail.fbx
  artifactKey: Guid(a95a081952ea1ef45818bf433e7c1950) Importer(2089858483,192608db42251d675da83286b1cce702)
Start importing Assets/Kit/DungeonKit/dungeon map/Models/FBX format/floor-detail.fbx using Guid(a95a081952ea1ef45818bf433e7c1950) Importer(2089858483,192608db42251d675da83286b1cce702) (ScriptedImporter) -> (artifact id: '94dbd7df7066731a51918602324d52a0') in 0.0610673 seconds
Number of updated asset objects reloaded before import = 0Number of asset objects unloaded after import = 9

========================================================================
Received Import Request.
  Time since last request: 0.000029 seconds.
  path: Assets/Kit/DungeonKit/dungeon map/Models/FBX format/trap.fbx
  artifactKey: Guid(678bb012f85b2284d919d0aba895443e) Importer(2089858483,192608db42251d675da83286b1cce702)
Start importing Assets/Kit/DungeonKit/dungeon map/Models/FBX format/trap.fbx using Guid(678bb012f85b2284d919d0aba895443e) Importer(2089858483,192608db42251d675da83286b1cce702) (ScriptedImporter) -> (artifact id: '09cf7cd9e5f33a0b52dbef38d224bd93') in 0.0853537 seconds
Number of updated asset objects reloaded before import = 0Number of asset objects unloaded after import = 17

========================================================================
Received Import Request.
  Time since last request: 0.000029 seconds.
  path: Assets/Kit/Character/enemies/assets/obj/Skeleton_Arrow_Broken.obj
  artifactKey: Guid(e1db34292ce5a2e4ca419ff097dc7738) Importer(2089858483,192608db42251d675da83286b1cce702)
Start importing Assets/Kit/Character/enemies/assets/obj/Skeleton_Arrow_Broken.obj using Guid(e1db34292ce5a2e4ca419ff097dc7738) Importer(2089858483,192608db42251d675da83286b1cce702) (ScriptedImporter) -> (artifact id: '6e7ab1dfe81e251bf03afad66fdb6858') in 0.0621002 seconds
Number of updated asset objects reloaded before import = 0Number of asset objects unloaded after import = 11

========================================================================
Received Import Request.
  Time since last request: 0.000048 seconds.
  path: Assets/Kit/DungeonKit/fantasy town/Models_int/FBX format/fountain-corner.fbx
  artifactKey: Guid(888c00270ddbdca49b4d407a9f1a27fd) Importer(2089858483,192608db42251d675da83286b1cce702)
Start importing Assets/Kit/DungeonKit/fantasy town/Models_int/FBX format/fountain-corner.fbx using Guid(888c00270ddbdca49b4d407a9f1a27fd) Importer(2089858483,192608db42251d675da83286b1cce702) (ScriptedImporter) -> (artifact id: '4c76cf4d8ec51a241a963eec2d809970') in 0.077191 seconds
Number of updated asset objects reloaded before import = 0Number of asset objects unloaded after import = 15

========================================================================
Received Import Request.
  Time since last request: 0.000043 seconds.
  path: Assets/Kit/Character/enemies/assets/obj/Skeleton_Crossbow.obj
  artifactKey: Guid(92b3caa2be8d8aa4d96202f26b08dc2f) Importer(2089858483,192608db42251d675da83286b1cce702)
Start importing Assets/Kit/Character/enemies/assets/obj/Skeleton_Crossbow.obj using Guid(92b3caa2be8d8aa4d96202f26b08dc2f) Importer(2089858483,192608db42251d675da83286b1cce702) (ScriptedImporter) -> (artifact id: '4ff28149c6baace7218e03063c685404') in 0.073622 seconds
Number of updated asset objects reloaded before import = 0Number of asset objects unloaded after import = 11

========================================================================
Received Import Request.
  Time since last request: 0.000039 seconds.
  path: Assets/Kit/Enviroment/Eviroment hexa/Assets/buildings/neutral/building_bridge_B.fbx
  artifactKey: Guid(244b0c3fa4b5bd3409d6c517e1f2c885) Importer(815301076,1909f56bfc062723c751e8b465ee728b)
Start importing Assets/Kit/Enviroment/Eviroment hexa/Assets/buildings/neutral/building_bridge_B.fbx using Guid(244b0c3fa4b5bd3409d6c517e1f2c885) Importer(815301076,1909f56bfc062723c751e8b465ee728b) (PreviewImporter) -> (artifact id: '5495189ea09955e37cdb5880239fe086') in 1.2288779 seconds
Number of updated asset objects reloaded before import = 0Number of asset objects unloaded after import = 9

========================================================================
Received Import Request.
  Time since last request: 0.000065 seconds.
  path: Assets/Kit/Character/enemies/assets/obj/skeleton_texture.png
  artifactKey: Guid(3ed9498b4cc42da43b5b2355c2230cfa) Importer(2089858483,192608db42251d675da83286b1cce702)
Start importing Assets/Kit/Character/enemies/assets/obj/skeleton_texture.png using Guid(3ed9498b4cc42da43b5b2355c2230cfa) Importer(2089858483,192608db42251d675da83286b1cce702) (ScriptedImporter) -> (artifact id: '8644ec922925a05ace576640bff72502') in 0.0453668 seconds
Number of updated asset objects reloaded before import = 0Number of asset objects unloaded after import = 1

========================================================================
Received Import Request.
  Time since last request: 0.000042 seconds.
  path: Assets/Kit/Character/enemies/assets/obj/Skeleton_Arrow_Broken_Half.obj
  artifactKey: Guid(a4fd50c2e6034bd47a1a617151e1eefa) Importer(2089858483,192608db42251d675da83286b1cce702)
Start importing Assets/Kit/Character/enemies/assets/obj/Skeleton_Arrow_Broken_Half.obj using Guid(a4fd50c2e6034bd47a1a617151e1eefa) Importer(2089858483,192608db42251d675da83286b1cce702) (ScriptedImporter) -> (artifact id: 'e849834248d8c37a6fc5b8018d9732d8') in 0.0830445 seconds
Number of updated asset objects reloaded before import = 0Number of asset objects unloaded after import = 11

========================================================================
Received Import Request.
  Time since last request: 0.000069 seconds.
  path: Assets/Kit/DungeonKit/fantasy town/Models_int/FBX format/roof-left.fbx
  artifactKey: Guid(f755bd0b3a2b25f43ab54585996afefa) Importer(2089858483,192608db42251d675da83286b1cce702)
Start importing Assets/Kit/DungeonKit/fantasy town/Models_int/FBX format/roof-left.fbx using Guid(f755bd0b3a2b25f43ab54585996afefa) Importer(2089858483,192608db42251d675da83286b1cce702) (ScriptedImporter) -> (artifact id: '2c1245ec30acdf56ed42fcdde2dd6ab9') in 0.0645682 seconds
Number of updated asset objects reloaded before import = 0Number of asset objects unloaded after import = 9

========================================================================
Received Import Request.
  Time since last request: 0.000061 seconds.
  path: Assets/Kit/DungeonKit/fantasy town/Models_int/FBX format/roof-high.fbx
  artifactKey: Guid(ffb8a0fcefbaacf47ac1358e4015d50f) Importer(2089858483,192608db42251d675da83286b1cce702)
Start importing Assets/Kit/DungeonKit/fantasy town/Models_int/FBX format/roof-high.fbx using Guid(ffb8a0fcefbaacf47ac1358e4015d50f) Importer(2089858483,192608db42251d675da83286b1cce702) (ScriptedImporter) -> (artifact id: '9eed64802802e8fec8dda8a5208ac0c8') in 0.0783282 seconds
Number of updated asset objects reloaded before import = 0Number of asset objects unloaded after import = 9

========================================================================
Received Import Request.
  Time since last request: 0.000035 seconds.
  path: Assets/Kit/DungeonKit/fantasy town/Models_int/FBX format/wall-arch-top.fbx
  artifactKey: Guid(3d7ff675833e9ac40a8c9ce77b56ee16) Importer(2089858483,192608db42251d675da83286b1cce702)
Start importing Assets/Kit/DungeonKit/fantasy town/Models_int/FBX format/wall-arch-top.fbx using Guid(3d7ff675833e9ac40a8c9ce77b56ee16) Importer(2089858483,192608db42251d675da83286b1cce702) (ScriptedImporter) -> (artifact id: '6a2a5505b1742cd3fd9ab2b9925dcb96') in 0.0651702 seconds
Number of updated asset objects reloaded before import = 0Number of asset objects unloaded after import = 9

========================================================================
Received Import Request.
  Time since last request: 0.000046 seconds.
  path: Assets/Kit/DungeonKit/fantasy town/Models_int/FBX format/tree-high.fbx
  artifactKey: Guid(9514f0919ffe8f349ae2dc976489a0c5) Importer(2089858483,192608db42251d675da83286b1cce702)
Start importing Assets/Kit/DungeonKit/fantasy town/Models_int/FBX format/tree-high.fbx using Guid(9514f0919ffe8f349ae2dc976489a0c5) Importer(2089858483,192608db42251d675da83286b1cce702) (ScriptedImporter) -> (artifact id: '6e750a99e53caf476ddbfc667d4c4421') in 0.0594323 seconds
Number of updated asset objects reloaded before import = 0Number of asset objects unloaded after import = 9

========================================================================
Received Import Request.
  Time since last request: 0.000060 seconds.
  path: Assets/Kit/DungeonKit/fantasy town/Models_int/FBX format/stairs-stone-corner.fbx
  artifactKey: Guid(6a9a418711fb2e44da953515505bca60) Importer(2089858483,192608db42251d675da83286b1cce702)
Start importing Assets/Kit/DungeonKit/fantasy town/Models_int/FBX format/stairs-stone-corner.fbx using Guid(6a9a418711fb2e44da953515505bca60) Importer(2089858483,192608db42251d675da83286b1cce702) (ScriptedImporter) -> (artifact id: '5d073c6010f66d9117b5a803b55160dc') in 0.0836054 seconds
Number of updated asset objects reloaded before import = 0Number of asset objects unloaded after import = 9

========================================================================
Received Import Request.
  Time since last request: 0.000032 seconds.
  path: Assets/Kit/DungeonKit/fantasy town/Models_int/FBX format/hedge-large-gate.fbx
  artifactKey: Guid(678207e1668bf8942b5e0ae31cf49ed7) Importer(2089858483,192608db42251d675da83286b1cce702)
Start importing Assets/Kit/DungeonKit/fantasy town/Models_int/FBX format/hedge-large-gate.fbx using Guid(678207e1668bf8942b5e0ae31cf49ed7) Importer(2089858483,192608db42251d675da83286b1cce702) (ScriptedImporter) -> (artifact id: 'f005ac390a187bb1b25be49d1ab23265') in 0.0614064 seconds
Number of updated asset objects reloaded before import = 0Number of asset objects unloaded after import = 9

========================================================================
Received Import Request.
  Time since last request: 0.000048 seconds.
  path: Assets/Kit/DungeonKit/fantasy town/Models_int/FBX format/poles-horizontal.fbx
  artifactKey: Guid(f77737d930f402c45bd8aec741f1576c) Importer(2089858483,192608db42251d675da83286b1cce702)
Start importing Assets/Kit/DungeonKit/fantasy town/Models_int/FBX format/poles-horizontal.fbx using Guid(f77737d930f402c45bd8aec741f1576c) Importer(2089858483,192608db42251d675da83286b1cce702) (ScriptedImporter) -> (artifact id: '7903d24ce1e604d3cf94e730c26df88f') in 0.1748128 seconds
Number of updated asset objects reloaded before import = 0Number of asset objects unloaded after import = 9

========================================================================
Received Import Request.
  Time since last request: 0.000070 seconds.
  path: Assets/Kit/DungeonKit/fantasy town/Models_int/FBX format/stairs-wide-stone-handrail.fbx
  artifactKey: Guid(905a8712fd9245d40816e93c41fdbca9) Importer(2089858483,192608db42251d675da83286b1cce702)
Start importing Assets/Kit/DungeonKit/fantasy town/Models_int/FBX format/stairs-wide-stone-handrail.fbx using Guid(905a8712fd9245d40816e93c41fdbca9) Importer(2089858483,192608db42251d675da83286b1cce702) (ScriptedImporter) -> (artifact id: '50277d2fc34aed69156b59d154fd0175') in 0.0649203 seconds
Number of updated asset objects reloaded before import = 0Number of asset objects unloaded after import = 9

========================================================================
Received Import Request.
  Time since last request: 0.000041 seconds.
  path: Assets/Kit/Character/enemies/assets/obj/Skeleton_Axe.obj
  artifactKey: Guid(d8a4c2bdde9156a4ebd9d7a10cbdf74d) Importer(2089858483,192608db42251d675da83286b1cce702)
Start importing Assets/Kit/Character/enemies/assets/obj/Skeleton_Axe.obj using Guid(d8a4c2bdde9156a4ebd9d7a10cbdf74d) Importer(2089858483,192608db42251d675da83286b1cce702) (ScriptedImporter) -> (artifact id: '980f637d0d32604aed87485e1c561093') in 0.0690839 seconds
Number of updated asset objects reloaded before import = 0Number of asset objects unloaded after import = 11

========================================================================
Received Import Request.
  Time since last request: 0.000049 seconds.
  path: Assets/Kit/Enviroment/Eviroment hexa/Assets/buildings/neutral/building_grain.fbx
  artifactKey: Guid(e544288492c84c74c9d557b3dc62cc94) Importer(815301076,1909f56bfc062723c751e8b465ee728b)
Start importing Assets/Kit/Enviroment/Eviroment hexa/Assets/buildings/neutral/building_grain.fbx using Guid(e544288492c84c74c9d557b3dc62cc94) Importer(815301076,1909f56bfc062723c751e8b465ee728b) (PreviewImporter) -> (artifact id: '3bde6a38f0555734e5bafabc9b0e8505') in 0.07763 seconds
Number of updated asset objects reloaded before import = 0Number of asset objects unloaded after import = 9

========================================================================
Received Import Request.
  Time since last request: 0.000052 seconds.
  path: Assets/Kit/Character/enemies/assets/gltf/skeleton_texture.png
  artifactKey: Guid(6287098247fcdf74ebce896f4c686525) Importer(2089858483,192608db42251d675da83286b1cce702)
Start importing Assets/Kit/Character/enemies/assets/gltf/skeleton_texture.png using Guid(6287098247fcdf74ebce896f4c686525) Importer(2089858483,192608db42251d675da83286b1cce702) (ScriptedImporter) -> (artifact id: 'b031bc3a980ae9afff2e8499c7b134e5') in 0.0436106 seconds
Number of updated asset objects reloaded before import = 0Number of asset objects unloaded after import = 1

========================================================================
Received Import Request.
  Time since last request: 0.000054 seconds.
  path: Assets/Kit/DungeonKit/fantasy town/Models_int/FBX format/fence-gate.fbx
  artifactKey: Guid(e1008407d0f4ddd448006b7856ec9caf) Importer(2089858483,192608db42251d675da83286b1cce702)
Start importing Assets/Kit/DungeonKit/fantasy town/Models_int/FBX format/fence-gate.fbx using Guid(e1008407d0f4ddd448006b7856ec9caf) Importer(2089858483,192608db42251d675da83286b1cce702) (ScriptedImporter) -> (artifact id: '6ad5d3417bb7dda6bce93755958d7444') in 0.0744657 seconds
Number of updated asset objects reloaded before import = 0Number of asset objects unloaded after import = 14

========================================================================
Received Import Request.
  Time since last request: 0.000056 seconds.
  path: Assets/Kit/DungeonKit/fantasy town/Models_int/FBX format/blade.fbx
  artifactKey: Guid(520138b17939e3145967bb14537a8f50) Importer(2089858483,192608db42251d675da83286b1cce702)
Start importing Assets/Kit/DungeonKit/fantasy town/Models_int/FBX format/blade.fbx using Guid(520138b17939e3145967bb14537a8f50) Importer(2089858483,192608db42251d675da83286b1cce702) (ScriptedImporter) -> (artifact id: 'de046610fe80539bd8a00b5a6ad866e7') in 0.069402 seconds
Number of updated asset objects reloaded before import = 0Number of asset objects unloaded after import = 9

========================================================================
Received Import Request.
  Time since last request: 0.000060 seconds.
  path: Assets/Kit/Character/enemies/assets/gltf/Skeleton_Arrow_Broken_Half.gltf
  artifactKey: Guid(1795ac9462be96144ae81e5f61c84cc2) Importer(2089858483,192608db42251d675da83286b1cce702)
Start importing Assets/Kit/Character/enemies/assets/gltf/Skeleton_Arrow_Broken_Half.gltf using Guid(1795ac9462be96144ae81e5f61c84cc2) Importer(2089858483,192608db42251d675da83286b1cce702) (ScriptedImporter) -> (artifact id: '0108ee8939af41bd7b5d5c2cba884047') in 0.0295633 seconds
Number of updated asset objects reloaded before import = 0Number of asset objects unloaded after import = 1

========================================================================
Received Import Request.
  Time since last request: 0.000037 seconds.
  path: Assets/Kit/DungeonKit/dungeon map/Models/FBX format/dirt.fbx
  artifactKey: Guid(a40f9d63de9800548b9f97fe7dae8014) Importer(2089858483,192608db42251d675da83286b1cce702)
Start importing Assets/Kit/DungeonKit/dungeon map/Models/FBX format/dirt.fbx using Guid(a40f9d63de9800548b9f97fe7dae8014) Importer(2089858483,192608db42251d675da83286b1cce702) (ScriptedImporter) -> (artifact id: 'db461d6920d28f3d50602261d96a34c0') in 0.0689322 seconds
Number of updated asset objects reloaded before import = 0Number of asset objects unloaded after import = 9

========================================================================
Received Import Request.
  Time since last request: 0.000047 seconds.
  path: Assets/Kit/DungeonKit/fantasy town/Models_int/FBX format/roof-high-left.fbx
  artifactKey: Guid(6e35a666b246a1e4893d59fad2e73f6f) Importer(2089858483,192608db42251d675da83286b1cce702)
Start importing Assets/Kit/DungeonKit/fantasy town/Models_int/FBX format/roof-high-left.fbx using Guid(6e35a666b246a1e4893d59fad2e73f6f) Importer(2089858483,192608db42251d675da83286b1cce702) (ScriptedImporter) -> (artifact id: 'e72ef5f8c7c9c7e7a71d217ac15bfabc') in 0.0740339 seconds
Number of updated asset objects reloaded before import = 0Number of asset objects unloaded after import = 9

========================================================================
Received Import Request.
  Time since last request: 0.000060 seconds.
  path: Assets/Kit/DungeonKit/fantasy town/Models_int/FBX format/wall-doorway-round.fbx
  artifactKey: Guid(50c8ed23d38ffb24eb2f4dd473a08e74) Importer(2089858483,192608db42251d675da83286b1cce702)
Start importing Assets/Kit/DungeonKit/fantasy town/Models_int/FBX format/wall-doorway-round.fbx using Guid(50c8ed23d38ffb24eb2f4dd473a08e74) Importer(2089858483,192608db42251d675da83286b1cce702) (ScriptedImporter) -> (artifact id: '1a1a01f81cb66b29816d25bf703d837f') in 0.0712897 seconds
Number of updated asset objects reloaded before import = 0Number of asset objects unloaded after import = 9

========================================================================
Received Import Request.
  Time since last request: 0.000043 seconds.
  path: Assets/Kit/DungeonKit/fantasy town/Models_int/FBX format/wall-side.fbx
  artifactKey: Guid(28f08ae34f487ed40abc85b59c8d9669) Importer(2089858483,192608db42251d675da83286b1cce702)
Start importing Assets/Kit/DungeonKit/fantasy town/Models_int/FBX format/wall-side.fbx using Guid(28f08ae34f487ed40abc85b59c8d9669) Importer(2089858483,192608db42251d675da83286b1cce702) (ScriptedImporter) -> (artifact id: '8d67a6d0535073af204c9212eab1ca38') in 0.0788486 seconds
Number of updated asset objects reloaded before import = 0Number of asset objects unloaded after import = 9

========================================================================
Received Import Request.
  Time since last request: 0.000037 seconds.
  path: Assets/Kit/DungeonKit/fantasy town/Models_int/FBX format/wall-doorway-base.fbx
  artifactKey: Guid(a4d1d79312faefb46be54c1d9ef27c7c) Importer(2089858483,192608db42251d675da83286b1cce702)
Start importing Assets/Kit/DungeonKit/fantasy town/Models_int/FBX format/wall-doorway-base.fbx using Guid(a4d1d79312faefb46be54c1d9ef27c7c) Importer(2089858483,192608db42251d675da83286b1cce702) (ScriptedImporter) -> (artifact id: '5b76a22eb8e5cee195139915f99cbbf0') in 0.0674829 seconds
Number of updated asset objects reloaded before import = 0Number of asset objects unloaded after import = 9

========================================================================
Received Import Request.
  Time since last request: 0.000066 seconds.
  path: Assets/Kit/DungeonKit/fantasy town/Models_int/FBX format/tree-high-round.fbx
  artifactKey: Guid(ebbb2315229e27d4eac82a3b2583f888) Importer(2089858483,192608db42251d675da83286b1cce702)
Start importing Assets/Kit/DungeonKit/fantasy town/Models_int/FBX format/tree-high-round.fbx using Guid(ebbb2315229e27d4eac82a3b2583f888) Importer(2089858483,192608db42251d675da83286b1cce702) (ScriptedImporter) -> (artifact id: 'd670140170d68a1dfab77b898bda73ae') in 0.0885094 seconds
Number of updated asset objects reloaded before import = 0Number of asset objects unloaded after import = 9

========================================================================
Received Import Request.
  Time since last request: 0.000036 seconds.
  path: Assets/Kit/DungeonKit/fantasy town/Models_int/FBX format/roof-high-right.fbx
  artifactKey: Guid(0ed89ae2c0eb8a943b414767db5ab7da) Importer(2089858483,192608db42251d675da83286b1cce702)
Start importing Assets/Kit/DungeonKit/fantasy town/Models_int/FBX format/roof-high-right.fbx using Guid(0ed89ae2c0eb8a943b414767db5ab7da) Importer(2089858483,192608db42251d675da83286b1cce702) (ScriptedImporter) -> (artifact id: '8a984963df7f3f1cfeb7c07ea3799904') in 0.0710753 seconds
Number of updated asset objects reloaded before import = 0Number of asset objects unloaded after import = 9

========================================================================
Received Import Request.
  Time since last request: 0.000049 seconds.
  path: Assets/Kit/Character/enemies/assets/obj/Skeleton_Blade.obj
  artifactKey: Guid(ec2c173d22dcb8d43a5827e95d89c0e8) Importer(2089858483,192608db42251d675da83286b1cce702)
Start importing Assets/Kit/Character/enemies/assets/obj/Skeleton_Blade.obj using Guid(ec2c173d22dcb8d43a5827e95d89c0e8) Importer(2089858483,192608db42251d675da83286b1cce702) (ScriptedImporter) -> (artifact id: 'bcff77236c33d8fe61688f6ef69a2b99') in 0.0793514 seconds
Number of updated asset objects reloaded before import = 0Number of asset objects unloaded after import = 11

========================================================================
Received Import Request.
  Time since last request: 0.000054 seconds.
  path: Assets/Kit/DungeonKit/fantasy town/Models_int/FBX format/wall-wood-arch-top-detail.fbx
  artifactKey: Guid(8626b4be60192cb4ca1035ac601a09e8) Importer(2089858483,192608db42251d675da83286b1cce702)
Start importing Assets/Kit/DungeonKit/fantasy town/Models_int/FBX format/wall-wood-arch-top-detail.fbx using Guid(8626b4be60192cb4ca1035ac601a09e8) Importer(2089858483,192608db42251d675da83286b1cce702) (ScriptedImporter) -> (artifact id: '80139a0f9e51a111c4488c5a4625a4ea') in 0.0691011 seconds
Number of updated asset objects reloaded before import = 0Number of asset objects unloaded after import = 9

========================================================================
Received Import Request.
  Time since last request: 0.000040 seconds.
  path: Assets/Kit/DungeonKit/KayKit_DungeonRemastered_1.1_FREE/Assets/fbx/bed_decorated.fbx
  artifactKey: Guid(b3a26ebe50e077b43ba8628a7b1f21f4) Importer(2089858483,192608db42251d675da83286b1cce702)
Start importing Assets/Kit/DungeonKit/KayKit_DungeonRemastered_1.1_FREE/Assets/fbx/bed_decorated.fbx using Guid(b3a26ebe50e077b43ba8628a7b1f21f4) Importer(2089858483,192608db42251d675da83286b1cce702) (ScriptedImporter) -> (artifact id: 'bbd48a6c316d8168e11fe898787b2a41') in 0.0818126 seconds
Number of updated asset objects reloaded before import = 0Number of asset objects unloaded after import = 9

========================================================================
Received Import Request.
  Time since last request: 0.000068 seconds.
  path: Assets/Kit/DungeonKit/KayKit_DungeonRemastered_1.1_FREE/Assets/fbx/banner_shield_green.fbx
  artifactKey: Guid(d27dcc3600d5b0746a6e49a42d26f63b) Importer(2089858483,192608db42251d675da83286b1cce702)
Start importing Assets/Kit/DungeonKit/KayKit_DungeonRemastered_1.1_FREE/Assets/fbx/banner_shield_green.fbx using Guid(d27dcc3600d5b0746a6e49a42d26f63b) Importer(2089858483,192608db42251d675da83286b1cce702) (ScriptedImporter) -> (artifact id: 'aab0126059220774f8df5a7df1cece5b') in 0.0748918 seconds
Number of updated asset objects reloaded before import = 0Number of asset objects unloaded after import = 9

========================================================================
Received Import Request.
  Time since last request: 0.000123 seconds.
  path: Assets/Kit/DungeonKit/fantasy town/Models_int/FBX format/wall-wood-corner.fbx
  artifactKey: Guid(968e75332a0991f43aba557d0e1b7a13) Importer(2089858483,192608db42251d675da83286b1cce702)
Start importing Assets/Kit/DungeonKit/fantasy town/Models_int/FBX format/wall-wood-corner.fbx using Guid(968e75332a0991f43aba557d0e1b7a13) Importer(2089858483,192608db42251d675da83286b1cce702) (ScriptedImporter) -> (artifact id: '9188856c8920fc104f37abf8e57d9896') in 0.0790764 seconds
Number of updated asset objects reloaded before import = 0Number of asset objects unloaded after import = 9

========================================================================
Received Import Request.
  Time since last request: 0.000038 seconds.
  path: Assets/Kit/DungeonKit/KayKit_DungeonRemastered_1.1_FREE/Assets/fbx/banner_triple_brown.fbx
  artifactKey: Guid(a7649621bdc98b248952848731c3623e) Importer(2089858483,192608db42251d675da83286b1cce702)
Start importing Assets/Kit/DungeonKit/KayKit_DungeonRemastered_1.1_FREE/Assets/fbx/banner_triple_brown.fbx using Guid(a7649621bdc98b248952848731c3623e) Importer(2089858483,192608db42251d675da83286b1cce702) (ScriptedImporter) -> (artifact id: '59d5fdc96a4e3546b7a5af8b98c9510e') in 0.0791327 seconds
Number of updated asset objects reloaded before import = 0Number of asset objects unloaded after import = 9

========================================================================
Received Import Request.
  Time since last request: 0.000045 seconds.
  path: Assets/Kit/DungeonKit/fantasy town/Models_int/FBX format/wall-wood-window-glass.fbx
  artifactKey: Guid(e893c1b2c5d09d149b19c933ea767b42) Importer(2089858483,192608db42251d675da83286b1cce702)
Start importing Assets/Kit/DungeonKit/fantasy town/Models_int/FBX format/wall-wood-window-glass.fbx using Guid(e893c1b2c5d09d149b19c933ea767b42) Importer(2089858483,192608db42251d675da83286b1cce702) (ScriptedImporter) -> (artifact id: '88e10b12df43a9cea3a0cd7096e32b71') in 0.0703723 seconds
Number of updated asset objects reloaded before import = 0Number of asset objects unloaded after import = 9

========================================================================
Received Import Request.
  Time since last request: 0.000066 seconds.
  path: Assets/Kit/DungeonKit/KayKit_DungeonRemastered_1.1_FREE/Assets/fbx/banner_triple_yellow.fbx
  artifactKey: Guid(a3480c40c468d594da824cc5803d1969) Importer(2089858483,192608db42251d675da83286b1cce702)
Start importing Assets/Kit/DungeonKit/KayKit_DungeonRemastered_1.1_FREE/Assets/fbx/banner_triple_yellow.fbx using Guid(a3480c40c468d594da824cc5803d1969) Importer(2089858483,192608db42251d675da83286b1cce702) (ScriptedImporter) -> (artifact id: '24cf92cf177ceeaa100ffb9c2d1002fb') in 0.0787609 seconds
Number of updated asset objects reloaded before import = 0Number of asset objects unloaded after import = 9

========================================================================
Received Import Request.
  Time since last request: 0.000047 seconds.
  path: Assets/Kit/DungeonKit/KayKit_DungeonRemastered_1.1_FREE/Assets/fbx/barrier.fbx
  artifactKey: Guid(0de934bb2fe10ee4da8a357ea97d13d2) Importer(2089858483,192608db42251d675da83286b1cce702)
Start importing Assets/Kit/DungeonKit/KayKit_DungeonRemastered_1.1_FREE/Assets/fbx/barrier.fbx using Guid(0de934bb2fe10ee4da8a357ea97d13d2) Importer(2089858483,192608db42251d675da83286b1cce702) (ScriptedImporter) -> (artifact id: '99523cefbc67fbe90efb63a49aa979bc') in 0.066763 seconds
Number of updated asset objects reloaded before import = 0Number of asset objects unloaded after import = 9

========================================================================
Received Import Request.
  Time since last request: 0.000061 seconds.
  path: Assets/Kit/DungeonKit/KayKit_DungeonRemastered_1.1_FREE/Assets/fbx/banner_patternB_red.fbx
  artifactKey: Guid(4134ef01620f7434fafe0b5075660914) Importer(2089858483,192608db42251d675da83286b1cce702)
Start importing Assets/Kit/DungeonKit/KayKit_DungeonRemastered_1.1_FREE/Assets/fbx/banner_patternB_red.fbx using Guid(4134ef01620f7434fafe0b5075660914) Importer(2089858483,192608db42251d675da83286b1cce702) (ScriptedImporter) -> (artifact id: 'cc82405b3308fd203959f531d59f1c39') in 0.0812476 seconds
Number of updated asset objects reloaded before import = 0Number of asset objects unloaded after import = 9

========================================================================
Received Import Request.
  Time since last request: 0.000062 seconds.
  path: Assets/Kit/DungeonKit/fantasy town/Models_int/FBX format/wall-wood-window-round.fbx
  artifactKey: Guid(0b9cd7b3b76121d428b346e7a39169da) Importer(2089858483,192608db42251d675da83286b1cce702)
Start importing Assets/Kit/DungeonKit/fantasy town/Models_int/FBX format/wall-wood-window-round.fbx using Guid(0b9cd7b3b76121d428b346e7a39169da) Importer(2089858483,192608db42251d675da83286b1cce702) (ScriptedImporter) -> (artifact id: 'ea085ce8c241bbc9a5be63d4c65d05b6') in 0.067348 seconds
Number of updated asset objects reloaded before import = 0Number of asset objects unloaded after import = 9

========================================================================
Received Import Request.
  Time since last request: 0.000038 seconds.
  path: Assets/Kit/DungeonKit/KayKit_DungeonRemastered_1.1_FREE/Assets/fbx/banner_thin_brown.fbx
  artifactKey: Guid(9a9b205788c3c284dbc6e3f6e1765606) Importer(2089858483,192608db42251d675da83286b1cce702)
Start importing Assets/Kit/DungeonKit/KayKit_DungeonRemastered_1.1_FREE/Assets/fbx/banner_thin_brown.fbx using Guid(9a9b205788c3c284dbc6e3f6e1765606) Importer(2089858483,192608db42251d675da83286b1cce702) (ScriptedImporter) -> (artifact id: 'be3082982ee69bbdb1a6125871a00e4b') in 0.0725623 seconds
Number of updated asset objects reloaded before import = 0Number of asset objects unloaded after import = 9

========================================================================
Received Import Request.
  Time since last request: 0.000047 seconds.
  path: Assets/Kit/DungeonKit/KayKit_DungeonRemastered_1.1_FREE/Assets/fbx/banner_yellow.fbx
  artifactKey: Guid(051ced9ba21d0d94aa978372aba70cd4) Importer(2089858483,192608db42251d675da83286b1cce702)
Start importing Assets/Kit/DungeonKit/KayKit_DungeonRemastered_1.1_FREE/Assets/fbx/banner_yellow.fbx using Guid(051ced9ba21d0d94aa978372aba70cd4) Importer(2089858483,192608db42251d675da83286b1cce702) (ScriptedImporter) -> (artifact id: '7725734d98d45c984b5dc603c75e0821') in 0.0651868 seconds
Number of updated asset objects reloaded before import = 0Number of asset objects unloaded after import = 9

========================================================================
Received Import Request.
  Time since last request: 0.000053 seconds.
  path: Assets/Kit/DungeonKit/fantasy town/Models_int/FBX format/wall-wood-corner-diagonal.fbx
  artifactKey: Guid(7dbbb8a8bcc1d194b9d779c6e0f2177b) Importer(2089858483,192608db42251d675da83286b1cce702)
Start importing Assets/Kit/DungeonKit/fantasy town/Models_int/FBX format/wall-wood-corner-diagonal.fbx using Guid(7dbbb8a8bcc1d194b9d779c6e0f2177b) Importer(2089858483,192608db42251d675da83286b1cce702) (ScriptedImporter) -> (artifact id: 'd8312166382044468f7839fbfb2dcf7a') in 0.0595992 seconds
Number of updated asset objects reloaded before import = 0Number of asset objects unloaded after import = 9

========================================================================
Received Import Request.
  Time since last request: 0.000036 seconds.
  path: Assets/Kit/DungeonKit/KayKit_DungeonRemastered_1.1_FREE/Assets/fbx/banner_thin_green.fbx
  artifactKey: Guid(d18ab7370f88a034b91141143fc2f7a9) Importer(2089858483,192608db42251d675da83286b1cce702)
Start importing Assets/Kit/DungeonKit/KayKit_DungeonRemastered_1.1_FREE/Assets/fbx/banner_thin_green.fbx using Guid(d18ab7370f88a034b91141143fc2f7a9) Importer(2089858483,192608db42251d675da83286b1cce702) (ScriptedImporter) -> (artifact id: 'ddb1c031b15c1498368de2d3d824b95b') in 0.0783565 seconds
Number of updated asset objects reloaded before import = 0Number of asset objects unloaded after import = 9

========================================================================
Received Import Request.
  Time since last request: 0.000043 seconds.
  path: Assets/Kit/DungeonKit/fantasy town/Models_int/FBX format/wall-wood-half.fbx
  artifactKey: Guid(69336245699e2984ead85511c1a1bef2) Importer(2089858483,192608db42251d675da83286b1cce702)
Start importing Assets/Kit/DungeonKit/fantasy town/Models_int/FBX format/wall-wood-half.fbx using Guid(69336245699e2984ead85511c1a1bef2) Importer(2089858483,192608db42251d675da83286b1cce702) (ScriptedImporter) -> (artifact id: '1c2c5ea8a951102427823682f05ed064') in 0.0743794 seconds
Number of updated asset objects reloaded before import = 0Number of asset objects unloaded after import = 9

========================================================================
Received Import Request.
  Time since last request: 0.000045 seconds.
  path: Assets/Kit/DungeonKit/fantasy town/Models_int/FBX format/wall-wood-arch.fbx
  artifactKey: Guid(e696556548f870d4a93a68d81f569124) Importer(2089858483,192608db42251d675da83286b1cce702)
Start importing Assets/Kit/DungeonKit/fantasy town/Models_int/FBX format/wall-wood-arch.fbx using Guid(e696556548f870d4a93a68d81f569124) Importer(2089858483,192608db42251d675da83286b1cce702) (ScriptedImporter) -> (artifact id: '730e4ee699f491e92b42a088ab4db8de') in 0.0808257 seconds
Number of updated asset objects reloaded before import = 0Number of asset objects unloaded after import = 9

========================================================================
Received Import Request.
  Time since last request: 0.000038 seconds.
  path: Assets/Kit/DungeonKit/KayKit_DungeonRemastered_1.1_FREE/Assets/fbx/banner_thin_white.fbx
  artifactKey: Guid(e8e8c89babcff16449768503ebd2fbe6) Importer(2089858483,192608db42251d675da83286b1cce702)
Start importing Assets/Kit/DungeonKit/KayKit_DungeonRemastered_1.1_FREE/Assets/fbx/banner_thin_white.fbx using Guid(e8e8c89babcff16449768503ebd2fbe6) Importer(2089858483,192608db42251d675da83286b1cce702) (ScriptedImporter) -> (artifact id: '35bfc0469682ac7370a504cabd8e8180') in 0.0755389 seconds
Number of updated asset objects reloaded before import = 0Number of asset objects unloaded after import = 9

========================================================================
Received Import Request.
  Time since last request: 0.000060 seconds.
  path: Assets/Kit/DungeonKit/KayKit_DungeonRemastered_1.1_FREE/Assets/fbx/banner_thin_red.fbx
  artifactKey: Guid(e6accdc73ea77b84687e6abf8fa2cc6f) Importer(2089858483,192608db42251d675da83286b1cce702)
Start importing Assets/Kit/DungeonKit/KayKit_DungeonRemastered_1.1_FREE/Assets/fbx/banner_thin_red.fbx using Guid(e6accdc73ea77b84687e6abf8fa2cc6f) Importer(2089858483,192608db42251d675da83286b1cce702) (ScriptedImporter) -> (artifact id: '9be0fd161942c35edb5684f34ace1ca6') in 0.0768039 seconds
Number of updated asset objects reloaded before import = 0Number of asset objects unloaded after import = 9

========================================================================
Received Import Request.
  Time since last request: 0.000058 seconds.
  path: Assets/Kit/Character/enemies/assets/obj/Skeleton_Arrow_Broken.mtl
  artifactKey: Guid(bd8afca38668bd041894daf3c17f2a1a) Importer(2089858483,192608db42251d675da83286b1cce702)
Start importing Assets/Kit/Character/enemies/assets/obj/Skeleton_Arrow_Broken.mtl using Guid(bd8afca38668bd041894daf3c17f2a1a) Importer(2089858483,192608db42251d675da83286b1cce702) (ScriptedImporter) -> (artifact id: 'c518c07f453a7604d037a5930fcec392') in 0.0305906 seconds
Number of updated asset objects reloaded before import = 0Number of asset objects unloaded after import = 1

========================================================================
Received Import Request.
  Time since last request: 0.000040 seconds.
  path: Assets/Kit/Enviroment/Eviroment hexa/Assets/buildings/neutral/building_dirt.fbx
  artifactKey: Guid(425e2a514eda1a442850a59e60d3f0b4) Importer(815301076,1909f56bfc062723c751e8b465ee728b)
Start importing Assets/Kit/Enviroment/Eviroment hexa/Assets/buildings/neutral/building_dirt.fbx using Guid(425e2a514eda1a442850a59e60d3f0b4) Importer(815301076,1909f56bfc062723c751e8b465ee728b) (PreviewImporter) -> (artifact id: '54bdf7f9f096cd6d382a84e118c36c04') in 0.0956849 seconds
Number of updated asset objects reloaded before import = 0Number of asset objects unloaded after import = 9

========================================================================
Received Import Request.
  Time since last request: 0.000041 seconds.
  path: Assets/Kit/DungeonKit/fantasy town/Models_int/FBX format/road-edge-slope.fbx
  artifactKey: Guid(949706348d3535343b076c279e7abf6e) Importer(2089858483,192608db42251d675da83286b1cce702)
Start importing Assets/Kit/DungeonKit/fantasy town/Models_int/FBX format/road-edge-slope.fbx using Guid(949706348d3535343b076c279e7abf6e) Importer(2089858483,192608db42251d675da83286b1cce702) (ScriptedImporter) -> (artifact id: 'fdb621c8a5c2771cfce0d0d7a7d46cd6') in 0.0698272 seconds
Number of updated asset objects reloaded before import = 0Number of asset objects unloaded after import = 9

========================================================================
Received Import Request.
  Time since last request: 0.000060 seconds.
  path: Assets/Kit/DungeonKit/dungeon map/Models/FBX format/wall-narrow.fbx
  artifactKey: Guid(89b28acbc73041f4f83e8d1f439eb5aa) Importer(2089858483,192608db42251d675da83286b1cce702)
Start importing Assets/Kit/DungeonKit/dungeon map/Models/FBX format/wall-narrow.fbx using Guid(89b28acbc73041f4f83e8d1f439eb5aa) Importer(2089858483,192608db42251d675da83286b1cce702) (ScriptedImporter) -> (artifact id: '8254ddf9f399dcb67601b46fcaa9c030') in 0.0744712 seconds
Number of updated asset objects reloaded before import = 0Number of asset objects unloaded after import = 9

========================================================================
Received Import Request.
  Time since last request: 0.000069 seconds.
  path: Assets/Kit/DungeonKit/KayKit_DungeonRemastered_1.1_FREE/Assets/fbx/floor_wood_large.fbx
  artifactKey: Guid(fc138528a8e9b8245a4ed428dd631214) Importer(2089858483,192608db42251d675da83286b1cce702)
Start importing Assets/Kit/DungeonKit/KayKit_DungeonRemastered_1.1_FREE/Assets/fbx/floor_wood_large.fbx using Guid(fc138528a8e9b8245a4ed428dd631214) Importer(2089858483,192608db42251d675da83286b1cce702) (ScriptedImporter) -> (artifact id: '505a43afed8713ff82c54e052bf20b68') in 0.0720528 seconds
Number of updated asset objects reloaded before import = 0Number of asset objects unloaded after import = 9

========================================================================
Received Import Request.
  Time since last request: 0.000036 seconds.
  path: Assets/Kit/DungeonKit/KayKit_DungeonRemastered_1.1_FREE/Assets/fbx/floor_dirt_large_rocky.fbx
  artifactKey: Guid(2e68750e4c16f5f4280f390d1740d4e3) Importer(2089858483,192608db42251d675da83286b1cce702)
Start importing Assets/Kit/DungeonKit/KayKit_DungeonRemastered_1.1_FREE/Assets/fbx/floor_dirt_large_rocky.fbx using Guid(2e68750e4c16f5f4280f390d1740d4e3) Importer(2089858483,192608db42251d675da83286b1cce702) (ScriptedImporter) -> (artifact id: 'f9399b713f144f498780f8cd05ea1f43') in 0.0767729 seconds
Number of updated asset objects reloaded before import = 0Number of asset objects unloaded after import = 9

========================================================================
Received Import Request.
  Time since last request: 0.000055 seconds.
  path: Assets/Kit/DungeonKit/KayKit_DungeonRemastered_1.1_FREE/Assets/fbx/stairs.fbx
  artifactKey: Guid(d2ace31f0a9041b4981d0ba4bc48a4f7) Importer(2089858483,192608db42251d675da83286b1cce702)
Start importing Assets/Kit/DungeonKit/KayKit_DungeonRemastered_1.1_FREE/Assets/fbx/stairs.fbx using Guid(d2ace31f0a9041b4981d0ba4bc48a4f7) Importer(2089858483,192608db42251d675da83286b1cce702) (ScriptedImporter) -> (artifact id: 'd3601b49a8c87f5b16d0e0621e241777') in 0.069025 seconds
Number of updated asset objects reloaded before import = 0Number of asset objects unloaded after import = 9

========================================================================
Received Import Request.
  Time since last request: 0.000037 seconds.
  path: Assets/Kit/DungeonKit/KayKit_DungeonRemastered_1.1_FREE/Assets/fbx/keg.fbx
  artifactKey: Guid(907e7415064b9e64db4a844453596a13) Importer(2089858483,192608db42251d675da83286b1cce702)
Start importing Assets/Kit/DungeonKit/KayKit_DungeonRemastered_1.1_FREE/Assets/fbx/keg.fbx using Guid(907e7415064b9e64db4a844453596a13) Importer(2089858483,192608db42251d675da83286b1cce702) (ScriptedImporter) -> (artifact id: '892b229de4e8404e115bbacbca6dbba3') in 0.0750424 seconds
Number of updated asset objects reloaded before import = 0Number of asset objects unloaded after import = 9

========================================================================
Received Import Request.
  Time since last request: 0.000045 seconds.
  path: Assets/Kit/DungeonKit/KayKit_DungeonRemastered_1.1_FREE/Assets/fbx/floor_wood_large_dark.fbx
  artifactKey: Guid(d532ef4f82672564fb5709a2a16fe2dc) Importer(2089858483,192608db42251d675da83286b1cce702)
Start importing Assets/Kit/DungeonKit/KayKit_DungeonRemastered_1.1_FREE/Assets/fbx/floor_wood_large_dark.fbx using Guid(d532ef4f82672564fb5709a2a16fe2dc) Importer(2089858483,192608db42251d675da83286b1cce702) (ScriptedImporter) -> (artifact id: 'a57170f226ee330828b9c828545253af') in 0.0697352 seconds
Number of updated asset objects reloaded before import = 0Number of asset objects unloaded after import = 9

========================================================================
Received Import Request.
  Time since last request: 0.000050 seconds.
  path: Assets/Kit/DungeonKit/KayKit_DungeonRemastered_1.1_FREE/Assets/fbx/plate_food_B.fbx
  artifactKey: Guid(6fedd3eb254a6734aa37b53dd3dff430) Importer(2089858483,192608db42251d675da83286b1cce702)
Start importing Assets/Kit/DungeonKit/KayKit_DungeonRemastered_1.1_FREE/Assets/fbx/plate_food_B.fbx using Guid(6fedd3eb254a6734aa37b53dd3dff430) Importer(2089858483,192608db42251d675da83286b1cce702) (ScriptedImporter) -> (artifact id: '3099dcc4114a2adbea4259080520b0e3') in 0.0779349 seconds
Number of updated asset objects reloaded before import = 0Number of asset objects unloaded after import = 9

========================================================================
Received Import Request.
  Time since last request: 0.000037 seconds.
  path: Assets/Kit/DungeonKit/KayKit_DungeonRemastered_1.1_FREE/Assets/fbx/stairs_walled.fbx
  artifactKey: Guid(61b9d3a853757e94d8988667bcb8c886) Importer(2089858483,192608db42251d675da83286b1cce702)
Start importing Assets/Kit/DungeonKit/KayKit_DungeonRemastered_1.1_FREE/Assets/fbx/stairs_walled.fbx using Guid(61b9d3a853757e94d8988667bcb8c886) Importer(2089858483,192608db42251d675da83286b1cce702) (ScriptedImporter) -> (artifact id: '955f546c3136cb114dc8dcf17228348b') in 0.0665129 seconds
Number of updated asset objects reloaded before import = 0Number of asset objects unloaded after import = 9

========================================================================
Received Import Request.
  Time since last request: 0.000047 seconds.
  path: Assets/Kit/DungeonKit/KayKit_DungeonRemastered_1.1_FREE/Assets/fbx/chest.fbx
  artifactKey: Guid(15514f68edccedb439ddb99dab5123d8) Importer(2089858483,192608db42251d675da83286b1cce702)
Start importing Assets/Kit/DungeonKit/KayKit_DungeonRemastered_1.1_FREE/Assets/fbx/chest.fbx using Guid(15514f68edccedb439ddb99dab5123d8) Importer(2089858483,192608db42251d675da83286b1cce702) (ScriptedImporter) -> (artifact id: '6babb2a920fee5d09a6bf5af75f8e845') in 0.0817985 seconds
Number of updated asset objects reloaded before import = 0Number of asset objects unloaded after import = 14

========================================================================
Received Import Request.
  Time since last request: 0.000061 seconds.
  path: Assets/Kit/DungeonKit/KayKit_DungeonRemastered_1.1_FREE/Assets/fbx/stool.fbx
  artifactKey: Guid(0d7ce332eae23e64592a84d9def698cc) Importer(2089858483,192608db42251d675da83286b1cce702)
Start importing Assets/Kit/DungeonKit/KayKit_DungeonRemastered_1.1_FREE/Assets/fbx/stool.fbx using Guid(0d7ce332eae23e64592a84d9def698cc) Importer(2089858483,192608db42251d675da83286b1cce702) (ScriptedImporter) -> (artifact id: '40c44195842203edb07dd2af8a9a589e') in 0.0699909 seconds
Number of updated asset objects reloaded before import = 0Number of asset objects unloaded after import = 9

========================================================================
Received Import Request.
  Time since last request: 0.000036 seconds.
  path: Assets/Kit/DungeonKit/KayKit_DungeonRemastered_1.1_FREE/Assets/fbx/stairs_modular_center.fbx
  artifactKey: Guid(98a32aba07f1c104a994a9c3a81244fc) Importer(2089858483,192608db42251d675da83286b1cce702)
Start importing Assets/Kit/DungeonKit/KayKit_DungeonRemastered_1.1_FREE/Assets/fbx/stairs_modular_center.fbx using Guid(98a32aba07f1c104a994a9c3a81244fc) Importer(2089858483,192608db42251d675da83286b1cce702) (ScriptedImporter) -> (artifact id: '26aa794bd091e14a20aa4dff85c2b2ec') in 0.0690314 seconds
Number of updated asset objects reloaded before import = 0Number of asset objects unloaded after import = 9

========================================================================
Received Import Request.
  Time since last request: 0.000043 seconds.
  path: Assets/Kit/DungeonKit/KayKit_DungeonRemastered_1.1_FREE/Assets/fbx/coin.fbx
  artifactKey: Guid(2f8e7ebd4e4e9a74cad670b1833366f4) Importer(2089858483,192608db42251d675da83286b1cce702)
Start importing Assets/Kit/DungeonKit/KayKit_DungeonRemastered_1.1_FREE/Assets/fbx/coin.fbx using Guid(2f8e7ebd4e4e9a74cad670b1833366f4) Importer(2089858483,192608db42251d675da83286b1cce702) (ScriptedImporter) -> (artifact id: '42564d6b124ae3b2fa237f126b1fc84b') in 0.0749661 seconds
Number of updated asset objects reloaded before import = 0Number of asset objects unloaded after import = 9

========================================================================
Received Import Request.
  Time since last request: 0.000050 seconds.
  path: Assets/Kit/DungeonKit/KayKit_DungeonRemastered_1.1_FREE/Assets/fbx/stairs_wall_left.fbx
  artifactKey: Guid(44c924fd7a3603f42bea6bce8b1be88b) Importer(2089858483,192608db42251d675da83286b1cce702)
Start importing Assets/Kit/DungeonKit/KayKit_DungeonRemastered_1.1_FREE/Assets/fbx/stairs_wall_left.fbx using Guid(44c924fd7a3603f42bea6bce8b1be88b) Importer(2089858483,192608db42251d675da83286b1cce702) (ScriptedImporter) -> (artifact id: '9810b023232cb3ff0a177ecf64ec30e5') in 0.0645016 seconds
Number of updated asset objects reloaded before import = 0Number of asset objects unloaded after import = 9

========================================================================
Received Import Request.
  Time since last request: 0.000132 seconds.
  path: Assets/Kit/DungeonKit/KayKit_DungeonRemastered_1.1_FREE/Assets/fbx/floor_tile_small_decorated.fbx
  artifactKey: Guid(87afd24577dd23b409b425e3e0f5fb56) Importer(2089858483,192608db42251d675da83286b1cce702)
Start importing Assets/Kit/DungeonKit/KayKit_DungeonRemastered_1.1_FREE/Assets/fbx/floor_tile_small_decorated.fbx using Guid(87afd24577dd23b409b425e3e0f5fb56) Importer(2089858483,192608db42251d675da83286b1cce702) (ScriptedImporter) -> (artifact id: '70063ff7808bac34099f47f546c9a330') in 0.0793714 seconds
Number of updated asset objects reloaded before import = 0Number of asset objects unloaded after import = 9

========================================================================
Received Import Request.
  Time since last request: 0.000043 seconds.
  path: Assets/Kit/DungeonKit/KayKit_DungeonRemastered_1.1_FREE/Assets/fbx/column.fbx
  artifactKey: Guid(20824375af4bf2244825b311c6838a7f) Importer(2089858483,192608db42251d675da83286b1cce702)
Start importing Assets/Kit/DungeonKit/KayKit_DungeonRemastered_1.1_FREE/Assets/fbx/column.fbx using Guid(20824375af4bf2244825b311c6838a7f) Importer(2089858483,192608db42251d675da83286b1cce702) (ScriptedImporter) -> (artifact id: 'ae79ca0aa392dbb48a67b61efc4f5f01') in 0.064538 seconds
Number of updated asset objects reloaded before import = 0Number of asset objects unloaded after import = 9

========================================================================
Received Import Request.
  Time since last request: 0.000050 seconds.
  path: Assets/Kit/DungeonKit/KayKit_DungeonRemastered_1.1_FREE/Assets/fbx/box_large.fbx
  artifactKey: Guid(1eb13c10a9f01984bb823b960dd9c8dd) Importer(2089858483,192608db42251d675da83286b1cce702)
Start importing Assets/Kit/DungeonKit/KayKit_DungeonRemastered_1.1_FREE/Assets/fbx/box_large.fbx using Guid(1eb13c10a9f01984bb823b960dd9c8dd) Importer(2089858483,192608db42251d675da83286b1cce702) (ScriptedImporter) -> (artifact id: '58cb4bc50694790ed119c70a138e6037') in 0.0735813 seconds
Number of updated asset objects reloaded before import = 0Number of asset objects unloaded after import = 9

========================================================================
Received Import Request.
  Time since last request: 0.000039 seconds.
  path: Assets/Kit/DungeonKit/KayKit_DungeonRemastered_1.1_FREE/Assets/fbx/floor_wood_small_dark.fbx
  artifactKey: Guid(45d5bda4ad239934b8d0b27859828536) Importer(2089858483,192608db42251d675da83286b1cce702)
Start importing Assets/Kit/DungeonKit/KayKit_DungeonRemastered_1.1_FREE/Assets/fbx/floor_wood_small_dark.fbx using Guid(45d5bda4ad239934b8d0b27859828536) Importer(2089858483,192608db42251d675da83286b1cce702) (ScriptedImporter) -> (artifact id: '29e67b1e304064489f9c0fa014e3586b') in 0.0656577 seconds
Number of updated asset objects reloaded before import = 0Number of asset objects unloaded after import = 9

========================================================================
Received Import Request.
  Time since last request: 0.000045 seconds.
  path: Assets/Kit/DungeonKit/KayKit_DungeonRemastered_1.1_FREE/Assets/fbx/floor_foundation_front_and_back.fbx
  artifactKey: Guid(7befdeb4082dae049b0fa7d85f8427f1) Importer(2089858483,192608db42251d675da83286b1cce702)
Start importing Assets/Kit/DungeonKit/KayKit_DungeonRemastered_1.1_FREE/Assets/fbx/floor_foundation_front_and_back.fbx using Guid(7befdeb4082dae049b0fa7d85f8427f1) Importer(2089858483,192608db42251d675da83286b1cce702) (ScriptedImporter) -> (artifact id: 'bc7cb89341c69d9c70ef18867e123f90') in 0.073335 seconds
Number of updated asset objects reloaded before import = 0Number of asset objects unloaded after import = 9

========================================================================
Received Import Request.
  Time since last request: 0.000058 seconds.
  path: Assets/Kit/DungeonKit/KayKit_DungeonRemastered_1.1_FREE/Assets/fbx/shelf_large.fbx
  artifactKey: Guid(b19d04d05880d8d42b919aa583fd33f6) Importer(2089858483,192608db42251d675da83286b1cce702)
Start importing Assets/Kit/DungeonKit/KayKit_DungeonRemastered_1.1_FREE/Assets/fbx/shelf_large.fbx using Guid(b19d04d05880d8d42b919aa583fd33f6) Importer(2089858483,192608db42251d675da83286b1cce702) (ScriptedImporter) -> (artifact id: '4b34347eeeb7f9805ad62628c42dd39b') in 0.0664343 seconds
Number of updated asset objects reloaded before import = 0Number of asset objects unloaded after import = 9

========================================================================
Received Import Request.
  Time since last request: 0.000031 seconds.
  path: Assets/Kit/DungeonKit/KayKit_DungeonRemastered_1.1_FREE/Assets/fbx/keyring.fbx
  artifactKey: Guid(e8b53f4a8bfdbc44180b841e7441572e) Importer(2089858483,192608db42251d675da83286b1cce702)
Start importing Assets/Kit/DungeonKit/KayKit_DungeonRemastered_1.1_FREE/Assets/fbx/keyring.fbx using Guid(e8b53f4a8bfdbc44180b841e7441572e) Importer(2089858483,192608db42251d675da83286b1cce702) (ScriptedImporter) -> (artifact id: '049163d2c00fd29a9d41c1ecd9d26d2e') in 0.064004 seconds
Number of updated asset objects reloaded before import = 0Number of asset objects unloaded after import = 9

========================================================================
Received Import Request.
  Time since last request: 0.000038 seconds.
  path: Assets/Kit/DungeonKit/KayKit_DungeonRemastered_1.1_FREE/Assets/fbx/banner_triple_blue.fbx
  artifactKey: Guid(3a103e2ef2feefd41add50518ea10bb9) Importer(2089858483,192608db42251d675da83286b1cce702)
Start importing Assets/Kit/DungeonKit/KayKit_DungeonRemastered_1.1_FREE/Assets/fbx/banner_triple_blue.fbx using Guid(3a103e2ef2feefd41add50518ea10bb9) Importer(2089858483,192608db42251d675da83286b1cce702) (ScriptedImporter) -> (artifact id: 'd439c77437ad368cf0dd294cee613dcf') in 0.0936963 seconds
Number of updated asset objects reloaded before import = 0Number of asset objects unloaded after import = 9

========================================================================
Received Import Request.
  Time since last request: 0.000067 seconds.
  path: Assets/Kit/DungeonKit/fantasy town/Models_int/FBX format/wall-wood-rounded.fbx
  artifactKey: Guid(da97df9ecbc46c64b9d216720ac3cd4e) Importer(2089858483,192608db42251d675da83286b1cce702)
Start importing Assets/Kit/DungeonKit/fantasy town/Models_int/FBX format/wall-wood-rounded.fbx using Guid(da97df9ecbc46c64b9d216720ac3cd4e) Importer(2089858483,192608db42251d675da83286b1cce702) (ScriptedImporter) -> (artifact id: '826722ccc00d196301d1929f79b0d144') in 0.0723504 seconds
Number of updated asset objects reloaded before import = 0Number of asset objects unloaded after import = 9

========================================================================
Received Import Request.
  Time since last request: 0.000066 seconds.
  path: Assets/Kit/DungeonKit/KayKit_DungeonRemastered_1.1_FREE/Assets/fbx/wall_sloped.fbx
  artifactKey: Guid(4e7924a3a4e9d764696c28caa31c2d49) Importer(2089858483,192608db42251d675da83286b1cce702)
Start importing Assets/Kit/DungeonKit/KayKit_DungeonRemastered_1.1_FREE/Assets/fbx/wall_sloped.fbx using Guid(4e7924a3a4e9d764696c28caa31c2d49) Importer(2089858483,192608db42251d675da83286b1cce702) (ScriptedImporter) -> (artifact id: '9e207cfb836c76f9bc4e94a7be7d98a5') in 0.0816653 seconds
Number of updated asset objects reloaded before import = 0Number of asset objects unloaded after import = 9

========================================================================
Received Import Request.
  Time since last request: 0.000049 seconds.
  path: Assets/Kit/DungeonKit/KayKit_DungeonRemastered_1.1_FREE/Assets/fbx(unity)/banner_thin_white.fbx
  artifactKey: Guid(b8e209af1a5702445a8f3ed0451c68c7) Importer(2089858483,192608db42251d675da83286b1cce702)
Start importing Assets/Kit/DungeonKit/KayKit_DungeonRemastered_1.1_FREE/Assets/fbx(unity)/banner_thin_white.fbx using Guid(b8e209af1a5702445a8f3ed0451c68c7) Importer(2089858483,192608db42251d675da83286b1cce702) (ScriptedImporter) -> (artifact id: '3e115b1fe22b66b52242aa6efbdecdc4') in 0.0738484 seconds
Number of updated asset objects reloaded before import = 0Number of asset objects unloaded after import = 9

========================================================================
Received Import Request.
  Time since last request: 0.000055 seconds.
  path: Assets/Kit/DungeonKit/KayKit_DungeonRemastered_1.1_FREE/Assets/fbx/torch.fbx
  artifactKey: Guid(03107aeb55cca734fa44a0f7b569ed4c) Importer(2089858483,192608db42251d675da83286b1cce702)
Start importing Assets/Kit/DungeonKit/KayKit_DungeonRemastered_1.1_FREE/Assets/fbx/torch.fbx using Guid(03107aeb55cca734fa44a0f7b569ed4c) Importer(2089858483,192608db42251d675da83286b1cce702) (ScriptedImporter) -> (artifact id: '85e4076277597e5a548eb58247792102') in 0.0809272 seconds
Number of updated asset objects reloaded before import = 0Number of asset objects unloaded after import = 9

========================================================================
Received Import Request.
  Time since last request: 0.000036 seconds.
  path: Assets/Kit/DungeonKit/KayKit_DungeonRemastered_1.1_FREE/Assets/fbx/trunk_medium_C.fbx
  artifactKey: Guid(e81653de99a520d469d53c1549206817) Importer(2089858483,192608db42251d675da83286b1cce702)
Start importing Assets/Kit/DungeonKit/KayKit_DungeonRemastered_1.1_FREE/Assets/fbx/trunk_medium_C.fbx using Guid(e81653de99a520d469d53c1549206817) Importer(2089858483,192608db42251d675da83286b1cce702) (ScriptedImporter) -> (artifact id: 'd44eae4fa4775863f27f94e5777e7ac5') in 0.0720678 seconds
Number of updated asset objects reloaded before import = 0Number of asset objects unloaded after import = 9

========================================================================
Received Import Request.
  Time since last request: 0.000041 seconds.
  path: Assets/Kit/DungeonKit/KayKit_DungeonRemastered_1.1_FREE/Assets/fbx/trunk_small_A.fbx
  artifactKey: Guid(618791b795b768745b10ec854a59721d) Importer(2089858483,192608db42251d675da83286b1cce702)
Start importing Assets/Kit/DungeonKit/KayKit_DungeonRemastered_1.1_FREE/Assets/fbx/trunk_small_A.fbx using Guid(618791b795b768745b10ec854a59721d) Importer(2089858483,192608db42251d675da83286b1cce702) (ScriptedImporter) -> (artifact id: '7ec16f3406500eef5ba65ab8dcf8df06') in 0.0812055 seconds
Number of updated asset objects reloaded before import = 0Number of asset objects unloaded after import = 9

========================================================================
Received Import Request.
  Time since last request: 0.000055 seconds.
  path: Assets/Kit/DungeonKit/KayKit_DungeonRemastered_1.1_FREE/Assets/fbx/wall_doorway_scaffold.fbx
  artifactKey: Guid(512c5ff37ceee1742af0d6f129897bab) Importer(2089858483,192608db42251d675da83286b1cce702)
Start importing Assets/Kit/DungeonKit/KayKit_DungeonRemastered_1.1_FREE/Assets/fbx/wall_doorway_scaffold.fbx using Guid(512c5ff37ceee1742af0d6f129897bab) Importer(2089858483,192608db42251d675da83286b1cce702) (ScriptedImporter) -> (artifact id: 'd6732e3d8027f92c1711914df3598d4e') in 0.0765222 seconds
Number of updated asset objects reloaded before import = 0Number of asset objects unloaded after import = 14

========================================================================
Received Import Request.
  Time since last request: 0.000060 seconds.
  path: Assets/Kit/DungeonKit/KayKit_DungeonRemastered_1.1_FREE/Assets/fbx(unity)/banner_shield_red.fbx
  artifactKey: Guid(fc1a2198355e17e4d8c5309518916903) Importer(2089858483,192608db42251d675da83286b1cce702)
Start importing Assets/Kit/DungeonKit/KayKit_DungeonRemastered_1.1_FREE/Assets/fbx(unity)/banner_shield_red.fbx using Guid(fc1a2198355e17e4d8c5309518916903) Importer(2089858483,192608db42251d675da83286b1cce702) (ScriptedImporter) -> (artifact id: '6c76c9a5292ba4f74ae1f670e0dd05d7') in 0.0783061 seconds
Number of updated asset objects reloaded before import = 0Number of asset objects unloaded after import = 9

========================================================================
Received Import Request.
  Time since last request: 0.000047 seconds.
  path: Assets/Kit/DungeonKit/KayKit_DungeonRemastered_1.1_FREE/Assets/fbx(unity)/banner_patternA_red.fbx
  artifactKey: Guid(14f18d4e8ab3efb4bae8f669da95c20a) Importer(2089858483,192608db42251d675da83286b1cce702)
Start importing Assets/Kit/DungeonKit/KayKit_DungeonRemastered_1.1_FREE/Assets/fbx(unity)/banner_patternA_red.fbx using Guid(14f18d4e8ab3efb4bae8f669da95c20a) Importer(2089858483,192608db42251d675da83286b1cce702) (ScriptedImporter) -> (artifact id: 'ef9598853c84b37b9f7e987baceef888') in 0.0815315 seconds
Number of updated asset objects reloaded before import = 0Number of asset objects unloaded after import = 9

========================================================================
Received Import Request.
  Time since last request: 0.000109 seconds.
  path: Assets/Kit/DungeonKit/KayKit_DungeonRemastered_1.1_FREE/Assets/fbx/trunk_small_C.fbx
  artifactKey: Guid(f89d347b157908e4db1898f9258bef66) Importer(2089858483,192608db42251d675da83286b1cce702)
Start importing Assets/Kit/DungeonKit/KayKit_DungeonRemastered_1.1_FREE/Assets/fbx/trunk_small_C.fbx using Guid(f89d347b157908e4db1898f9258bef66) Importer(2089858483,192608db42251d675da83286b1cce702) (ScriptedImporter) -> (artifact id: '45ea8312ae8b99e4cdd9bed560124de6') in 0.0871639 seconds
Number of updated asset objects reloaded before import = 0Number of asset objects unloaded after import = 9

========================================================================
Received Import Request.
  Time since last request: 0.000036 seconds.
  path: Assets/Kit/DungeonKit/KayKit_DungeonRemastered_1.1_FREE/Assets/fbx/wall_window_closed.fbx
  artifactKey: Guid(ff25d8e0c77998a41a4594c274809091) Importer(2089858483,192608db42251d675da83286b1cce702)
Start importing Assets/Kit/DungeonKit/KayKit_DungeonRemastered_1.1_FREE/Assets/fbx/wall_window_closed.fbx using Guid(ff25d8e0c77998a41a4594c274809091) Importer(2089858483,192608db42251d675da83286b1cce702) (ScriptedImporter) -> (artifact id: '66c71c671c3baf7f03bec327ad9167f4') in 0.0778945 seconds
Number of updated asset objects reloaded before import = 0Number of asset objects unloaded after import = 9

========================================================================
Received Import Request.
  Time since last request: 0.000047 seconds.
  path: Assets/Kit/DungeonKit/KayKit_DungeonRemastered_1.1_FREE/Assets/fbx(unity)/banner_patternA_green.fbx
  artifactKey: Guid(70ddb58c1ef2c1a4081a2d58b59a0ceb) Importer(2089858483,192608db42251d675da83286b1cce702)
Start importing Assets/Kit/DungeonKit/KayKit_DungeonRemastered_1.1_FREE/Assets/fbx(unity)/banner_patternA_green.fbx using Guid(70ddb58c1ef2c1a4081a2d58b59a0ceb) Importer(2089858483,192608db42251d675da83286b1cce702) (ScriptedImporter) -> (artifact id: '010bb295b54f144d32bd2a9289035b38') in 0.088582 seconds
Number of updated asset objects reloaded before import = 0Number of asset objects unloaded after import = 9

========================================================================
Received Import Request.
  Time since last request: 0.000062 seconds.
  path: Assets/Kit/DungeonKit/KayKit_DungeonRemastered_1.1_FREE/Assets/fbx(unity)/banner_patternC_yellow.fbx
  artifactKey: Guid(3350034961562134eaf1e75f111a0995) Importer(2089858483,192608db42251d675da83286b1cce702)
Start importing Assets/Kit/DungeonKit/KayKit_DungeonRemastered_1.1_FREE/Assets/fbx(unity)/banner_patternC_yellow.fbx using Guid(3350034961562134eaf1e75f111a0995) Importer(2089858483,192608db42251d675da83286b1cce702) (ScriptedImporter) -> (artifact id: '945ef6b7e271d6addfc6c51ee4c25921') in 0.0826932 seconds
Number of updated asset objects reloaded before import = 0Number of asset objects unloaded after import = 9

========================================================================
Received Import Request.
  Time since last request: 0.000033 seconds.
  path: Assets/Kit/DungeonKit/KayKit_DungeonRemastered_1.1_FREE/Assets/fbx(unity)/banner_shield_white.fbx
  artifactKey: Guid(7b45f86ed2dde5247b6a76d0f6efed68) Importer(2089858483,192608db42251d675da83286b1cce702)
Start importing Assets/Kit/DungeonKit/KayKit_DungeonRemastered_1.1_FREE/Assets/fbx(unity)/banner_shield_white.fbx using Guid(7b45f86ed2dde5247b6a76d0f6efed68) Importer(2089858483,192608db42251d675da83286b1cce702) (ScriptedImporter) -> (artifact id: '0a89e3dabdcfd5918b62ec7f3ced0334') in 0.0675559 seconds
Number of updated asset objects reloaded before import = 0Number of asset objects unloaded after import = 9

========================================================================
Received Import Request.
  Time since last request: 0.000044 seconds.
  path: Assets/Kit/DungeonKit/KayKit_DungeonRemastered_1.1_FREE/Assets/fbx/table_medium_tablecloth_decorated_B.fbx
  artifactKey: Guid(e0fcd1344fa9ab34795cea0f07348959) Importer(2089858483,192608db42251d675da83286b1cce702)
Start importing Assets/Kit/DungeonKit/KayKit_DungeonRemastered_1.1_FREE/Assets/fbx/table_medium_tablecloth_decorated_B.fbx using Guid(e0fcd1344fa9ab34795cea0f07348959) Importer(2089858483,192608db42251d675da83286b1cce702) (ScriptedImporter) -> (artifact id: 'd8b8e03fe4580a9be8bbb68b4f3d32f1') in 0.0831997 seconds
Number of updated asset objects reloaded before import = 0Number of asset objects unloaded after import = 9

========================================================================
Received Import Request.
  Time since last request: 0.000059 seconds.
  path: Assets/Kit/DungeonKit/KayKit_DungeonRemastered_1.1_FREE/Assets/fbx(unity)/banner_brown.fbx
  artifactKey: Guid(554e46bef740e654b8eb0f14de421e4a) Importer(2089858483,192608db42251d675da83286b1cce702)
Start importing Assets/Kit/DungeonKit/KayKit_DungeonRemastered_1.1_FREE/Assets/fbx(unity)/banner_brown.fbx using Guid(554e46bef740e654b8eb0f14de421e4a) Importer(2089858483,192608db42251d675da83286b1cce702) (ScriptedImporter) -> (artifact id: '79ddae8df6ed0f5e61ec62642fe85091') in 0.0601182 seconds
Number of updated asset objects reloaded before import = 0Number of asset objects unloaded after import = 9

========================================================================
Received Import Request.
  Time since last request: 0.000042 seconds.
  path: Assets/Kit/DungeonKit/KayKit_DungeonRemastered_1.1_FREE/Assets/fbx/wall_window_open_scaffold.fbx
  artifactKey: Guid(d5b7db047d66c5042a469b2df4ffff8a) Importer(2089858483,192608db42251d675da83286b1cce702)
Start importing Assets/Kit/DungeonKit/KayKit_DungeonRemastered_1.1_FREE/Assets/fbx/wall_window_open_scaffold.fbx using Guid(d5b7db047d66c5042a469b2df4ffff8a) Importer(2089858483,192608db42251d675da83286b1cce702) (ScriptedImporter) -> (artifact id: '5c97d9a472cce0553e71f2e8714738ca') in 0.0725938 seconds
Number of updated asset objects reloaded before import = 0Number of asset objects unloaded after import = 9

========================================================================
Received Import Request.
  Time since last request: 0.000040 seconds.
  path: Assets/Kit/DungeonKit/KayKit_DungeonRemastered_1.1_FREE/Assets/fbx(unity)/banner_patternC_blue.fbx
  artifactKey: Guid(1057c313e228e2f48b3641781d2cde9d) Importer(2089858483,192608db42251d675da83286b1cce702)
Start importing Assets/Kit/DungeonKit/KayKit_DungeonRemastered_1.1_FREE/Assets/fbx(unity)/banner_patternC_blue.fbx using Guid(1057c313e228e2f48b3641781d2cde9d) Importer(2089858483,192608db42251d675da83286b1cce702) (ScriptedImporter) -> (artifact id: 'eb231c3bd3d424e4cace81a120fc1593') in 0.0686043 seconds
Number of updated asset objects reloaded before import = 0Number of asset objects unloaded after import = 9

========================================================================
Received Import Request.
  Time since last request: 0.000052 seconds.
  path: Assets/Kit/DungeonKit/KayKit_DungeonRemastered_1.1_FREE/Assets/fbx(unity)/banner_triple_yellow.fbx
  artifactKey: Guid(afbfd9f7a37b35240825ca5f452f49d7) Importer(2089858483,192608db42251d675da83286b1cce702)
Start importing Assets/Kit/DungeonKit/KayKit_DungeonRemastered_1.1_FREE/Assets/fbx(unity)/banner_triple_yellow.fbx using Guid(afbfd9f7a37b35240825ca5f452f49d7) Importer(2089858483,192608db42251d675da83286b1cce702) (ScriptedImporter) -> (artifact id: 'ab2e9a770627fe443e2a05703955abfc') in 0.0678443 seconds
Number of updated asset objects reloaded before import = 0Number of asset objects unloaded after import = 9

========================================================================
Received Import Request.
  Time since last request: 0.000040 seconds.
  path: Assets/Kit/DungeonKit/KayKit_DungeonRemastered_1.1_FREE/Assets/fbx(unity)/bed_decorated.fbx
  artifactKey: Guid(49ab2697d5ee050408eed2eaa8cdf425) Importer(2089858483,192608db42251d675da83286b1cce702)
Start importing Assets/Kit/DungeonKit/KayKit_DungeonRemastered_1.1_FREE/Assets/fbx(unity)/bed_decorated.fbx using Guid(49ab2697d5ee050408eed2eaa8cdf425) Importer(2089858483,192608db42251d675da83286b1cce702) (ScriptedImporter) -> (artifact id: 'f80d1010764e34bebd6bd5768875e659') in 0.0772286 seconds
Number of updated asset objects reloaded before import = 0Number of asset objects unloaded after import = 9

========================================================================
Received Import Request.
  Time since last request: 0.000039 seconds.
  path: Assets/Kit/DungeonKit/KayKit_DungeonRemastered_1.1_FREE/Assets/fbx/wall_window_closed_scaffold.fbx
  artifactKey: Guid(15af34ccb180e3a49ae2b5fe20fde568) Importer(2089858483,192608db42251d675da83286b1cce702)
Start importing Assets/Kit/DungeonKit/KayKit_DungeonRemastered_1.1_FREE/Assets/fbx/wall_window_closed_scaffold.fbx using Guid(15af34ccb180e3a49ae2b5fe20fde568) Importer(2089858483,192608db42251d675da83286b1cce702) (ScriptedImporter) -> (artifact id: '8dd71d41002caa3b6fe00e3cda28fe30') in 0.0606249 seconds
Number of updated asset objects reloaded before import = 0Number of asset objects unloaded after import = 9

========================================================================
Received Import Request.
  Time since last request: 0.000054 seconds.
  path: Assets/Kit/DungeonKit/KayKit_DungeonRemastered_1.1_FREE/Assets/fbx/wall_shelves.fbx
  artifactKey: Guid(66dc8cd485cbf884f99d146f0d02401e) Importer(2089858483,192608db42251d675da83286b1cce702)
Start importing Assets/Kit/DungeonKit/KayKit_DungeonRemastered_1.1_FREE/Assets/fbx/wall_shelves.fbx using Guid(66dc8cd485cbf884f99d146f0d02401e) Importer(2089858483,192608db42251d675da83286b1cce702) (ScriptedImporter) -> (artifact id: '403d18bc05a377dcf07ce66af79829cf') in 0.0726626 seconds
Number of updated asset objects reloaded before import = 0Number of asset objects unloaded after import = 9

========================================================================
Received Import Request.
  Time since last request: 0.000037 seconds.
  path: Assets/Kit/DungeonKit/KayKit_DungeonRemastered_1.1_FREE/Assets/fbx(unity)/box_stacked.fbx
  artifactKey: Guid(953a2aca170657d49be43f2fb400edbd) Importer(2089858483,192608db42251d675da83286b1cce702)
Start importing Assets/Kit/DungeonKit/KayKit_DungeonRemastered_1.1_FREE/Assets/fbx(unity)/box_stacked.fbx using Guid(953a2aca170657d49be43f2fb400edbd) Importer(2089858483,192608db42251d675da83286b1cce702) (ScriptedImporter) -> (artifact id: 'dc764b5f5affcb4a28aa771a5cb7656f') in 0.0697409 seconds
Number of updated asset objects reloaded before import = 0Number of asset objects unloaded after import = 9

========================================================================
Received Import Request.
  Time since last request: 0.000042 seconds.
  path: Assets/Kit/DungeonKit/KayKit_DungeonRemastered_1.1_FREE/Assets/fbx(unity)/floor_tile_small_corner.fbx
  artifactKey: Guid(aba4868afb994ac40b16553ef942727f) Importer(2089858483,192608db42251d675da83286b1cce702)
Start importing Assets/Kit/DungeonKit/KayKit_DungeonRemastered_1.1_FREE/Assets/fbx(unity)/floor_tile_small_corner.fbx using Guid(aba4868afb994ac40b16553ef942727f) Importer(2089858483,192608db42251d675da83286b1cce702) (ScriptedImporter) -> (artifact id: 'bfc79bf79678983e3540484b57d4178a') in 0.0759678 seconds
Number of updated asset objects reloaded before import = 0Number of asset objects unloaded after import = 9

========================================================================
Received Import Request.
  Time since last request: 0.000067 seconds.
  path: Assets/Kit/DungeonKit/KayKit_DungeonRemastered_1.1_FREE/Assets/fbx(unity)/floor_foundation_corner.fbx
  artifactKey: Guid(0a1d13decbf238149a04c8c6f84732c1) Importer(2089858483,192608db42251d675da83286b1cce702)
Start importing Assets/Kit/DungeonKit/KayKit_DungeonRemastered_1.1_FREE/Assets/fbx(unity)/floor_foundation_corner.fbx using Guid(0a1d13decbf238149a04c8c6f84732c1) Importer(2089858483,192608db42251d675da83286b1cce702) (ScriptedImporter) -> (artifact id: 'ba2c99867defb613d43dc2d06f0b3059') in 0.0885664 seconds
Number of updated asset objects reloaded before import = 0Number of asset objects unloaded after import = 9

========================================================================
Received Import Request.
  Time since last request: 0.000039 seconds.
  path: Assets/Kit/DungeonKit/KayKit_DungeonRemastered_1.1_FREE/Assets/fbx(unity)/shelves.fbx
  artifactKey: Guid(f004a4f2823bc3343a498c0e3cc5b586) Importer(2089858483,192608db42251d675da83286b1cce702)
Start importing Assets/Kit/DungeonKit/KayKit_DungeonRemastered_1.1_FREE/Assets/fbx(unity)/shelves.fbx using Guid(f004a4f2823bc3343a498c0e3cc5b586) Importer(2089858483,192608db42251d675da83286b1cce702) (ScriptedImporter) -> (artifact id: '035e6fbfda9344a891097d2ea3df7045') in 0.0720776 seconds
Number of updated asset objects reloaded before import = 0Number of asset objects unloaded after import = 9

========================================================================
Received Import Request.
  Time since last request: 0.000044 seconds.
  path: Assets/Kit/DungeonKit/KayKit_DungeonRemastered_1.1_FREE/Assets/fbx(unity)/floor_wood_large_dark.fbx
  artifactKey: Guid(85f80b5eae687354c94fe8309f103cec) Importer(2089858483,192608db42251d675da83286b1cce702)
Start importing Assets/Kit/DungeonKit/KayKit_DungeonRemastered_1.1_FREE/Assets/fbx(unity)/floor_wood_large_dark.fbx using Guid(85f80b5eae687354c94fe8309f103cec) Importer(2089858483,192608db42251d675da83286b1cce702) (ScriptedImporter) -> (artifact id: 'c12d055ccc6407370a3bb82a1f4358d3') in 0.0859605 seconds
Number of updated asset objects reloaded before import = 0Number of asset objects unloaded after import = 9

========================================================================
Received Import Request.
  Time since last request: 0.000064 seconds.
  path: Assets/Kit/DungeonKit/KayKit_DungeonRemastered_1.1_FREE/Assets/fbx(unity)/stairs_wall_left.fbx
  artifactKey: Guid(9801452f9728e6e4bb085b697022ae2e) Importer(2089858483,192608db42251d675da83286b1cce702)
Start importing Assets/Kit/DungeonKit/KayKit_DungeonRemastered_1.1_FREE/Assets/fbx(unity)/stairs_wall_left.fbx using Guid(9801452f9728e6e4bb085b697022ae2e) Importer(2089858483,192608db42251d675da83286b1cce702) (ScriptedImporter) -> (artifact id: '4de1217803ec13ea89b5f6eb95962e46') in 0.0733428 seconds
Number of updated asset objects reloaded before import = 0Number of asset objects unloaded after import = 9

========================================================================
Received Import Request.
  Time since last request: 0.000039 seconds.
  path: Assets/Kit/DungeonKit/KayKit_DungeonRemastered_1.1_FREE/Assets/fbx(unity)/table_medium.fbx
  artifactKey: Guid(6256dbc0ad95fb841b7df351d24fd45b) Importer(2089858483,192608db42251d675da83286b1cce702)
Start importing Assets/Kit/DungeonKit/KayKit_DungeonRemastered_1.1_FREE/Assets/fbx(unity)/table_medium.fbx using Guid(6256dbc0ad95fb841b7df351d24fd45b) Importer(2089858483,192608db42251d675da83286b1cce702) (ScriptedImporter) -> (artifact id: '4b4379c4bf63c2df8796ba8f325df59b') in 0.0811725 seconds
Number of updated asset objects reloaded before import = 0Number of asset objects unloaded after import = 9

========================================================================
Received Import Request.
  Time since last request: 0.000056 seconds.
  path: Assets/Kit/DungeonKit/KayKit_DungeonRemastered_1.1_FREE/Assets/fbx(unity)/keg_decorated.fbx
  artifactKey: Guid(20f36599ae1ced04f8c03738f8675464) Importer(2089858483,192608db42251d675da83286b1cce702)
Start importing Assets/Kit/DungeonKit/KayKit_DungeonRemastered_1.1_FREE/Assets/fbx(unity)/keg_decorated.fbx using Guid(20f36599ae1ced04f8c03738f8675464) Importer(2089858483,192608db42251d675da83286b1cce702) (ScriptedImporter) -> (artifact id: '43dca5026e70a89235f1e8ecf272b171') in 0.0783288 seconds
Number of updated asset objects reloaded before import = 0Number of asset objects unloaded after import = 9

========================================================================
Received Import Request.
  Time since last request: 0.000061 seconds.
  path: Assets/Kit/DungeonKit/KayKit_DungeonRemastered_1.1_FREE/Assets/fbx(unity)/ceiling_tile.fbx
  artifactKey: Guid(de6dfe02411ea684789e3f5ab4e1ec81) Importer(2089858483,192608db42251d675da83286b1cce702)
Start importing Assets/Kit/DungeonKit/KayKit_DungeonRemastered_1.1_FREE/Assets/fbx(unity)/ceiling_tile.fbx using Guid(de6dfe02411ea684789e3f5ab4e1ec81) Importer(2089858483,192608db42251d675da83286b1cce702) (ScriptedImporter) -> (artifact id: '1bd1f24dc0e3d68afffb3b1c9295615b') in 0.0854552 seconds
Number of updated asset objects reloaded before import = 0Number of asset objects unloaded after import = 9

========================================================================
Received Import Request.
  Time since last request: 0.000042 seconds.
  path: Assets/Kit/DungeonKit/KayKit_DungeonRemastered_1.1_FREE/Assets/fbx(unity)/keg.fbx
  artifactKey: Guid(d86d72031ef6f7f4daf3e81afee1a877) Importer(2089858483,192608db42251d675da83286b1cce702)
Start importing Assets/Kit/DungeonKit/KayKit_DungeonRemastered_1.1_FREE/Assets/fbx(unity)/keg.fbx using Guid(d86d72031ef6f7f4daf3e81afee1a877) Importer(2089858483,192608db42251d675da83286b1cce702) (ScriptedImporter) -> (artifact id: '266bfd3b5818b4b8e6f4011c57e91a6e') in 0.0727138 seconds
Number of updated asset objects reloaded before import = 0Number of asset objects unloaded after import = 9

========================================================================
Received Import Request.
  Time since last request: 0.000049 seconds.
  path: Assets/Kit/DungeonKit/KayKit_DungeonRemastered_1.1_FREE/Assets/fbx(unity)/chest_gold.fbx
  artifactKey: Guid(6148330d413f7d348b659c8789633b6d) Importer(2089858483,192608db42251d675da83286b1cce702)
Start importing Assets/Kit/DungeonKit/KayKit_DungeonRemastered_1.1_FREE/Assets/fbx(unity)/chest_gold.fbx using Guid(6148330d413f7d348b659c8789633b6d) Importer(2089858483,192608db42251d675da83286b1cce702) (ScriptedImporter) -> (artifact id: '5d5599143cde36b5cb5a962715371878') in 0.0851017 seconds
Number of updated asset objects reloaded before import = 0Number of asset objects unloaded after import = 14

========================================================================
Received Import Request.
  Time since last request: 0.000065 seconds.
  path: Assets/Kit/DungeonKit/KayKit_DungeonRemastered_1.1_FREE/Assets/fbx(unity)/floor_wood_large.fbx
  artifactKey: Guid(8cbfb5401e6abfb418075cd98375fb01) Importer(2089858483,192608db42251d675da83286b1cce702)
Start importing Assets/Kit/DungeonKit/KayKit_DungeonRemastered_1.1_FREE/Assets/fbx(unity)/floor_wood_large.fbx using Guid(8cbfb5401e6abfb418075cd98375fb01) Importer(2089858483,192608db42251d675da83286b1cce702) (ScriptedImporter) -> (artifact id: '0f61d636e672d6dc1cddcb40e76e222f') in 0.0702888 seconds
Number of updated asset objects reloaded before import = 0Number of asset objects unloaded after import = 9

========================================================================
Received Import Request.
  Time since last request: 0.000036 seconds.
  path: Assets/Kit/DungeonKit/KayKit_DungeonRemastered_1.1_FREE/Assets/fbx(unity)/coin_stack_small.fbx
  artifactKey: Guid(69a15c3bd334c3142bedf8baf9240693) Importer(2089858483,192608db42251d675da83286b1cce702)
Start importing Assets/Kit/DungeonKit/KayKit_DungeonRemastered_1.1_FREE/Assets/fbx(unity)/coin_stack_small.fbx using Guid(69a15c3bd334c3142bedf8baf9240693) Importer(2089858483,192608db42251d675da83286b1cce702) (ScriptedImporter) -> (artifact id: '9dfa8396bf5d1667ee40154ac047c86d') in 0.0847382 seconds
Number of updated asset objects reloaded before import = 0Number of asset objects unloaded after import = 9

========================================================================
Received Import Request.
  Time since last request: 0.000048 seconds.
  path: Assets/Kit/DungeonKit/KayKit_DungeonRemastered_1.1_FREE/Assets/fbx(unity)/floor_tile_large.fbx
  artifactKey: Guid(0dea02ea21df72747b664bfaeeb55fbe) Importer(2089858483,192608db42251d675da83286b1cce702)
Start importing Assets/Kit/DungeonKit/KayKit_DungeonRemastered_1.1_FREE/Assets/fbx(unity)/floor_tile_large.fbx using Guid(0dea02ea21df72747b664bfaeeb55fbe) Importer(2089858483,192608db42251d675da83286b1cce702) (ScriptedImporter) -> (artifact id: '68b7f0ed8818098d02371feb11723ebd') in 0.0745814 seconds
Number of updated asset objects reloaded before import = 0Number of asset objects unloaded after import = 9

========================================================================
Received Import Request.
  Time since last request: 0.000051 seconds.
  path: Assets/Kit/DungeonKit/KayKit_DungeonRemastered_1.1_FREE/Assets/fbx(unity)/table_long_tablecloth.fbx
  artifactKey: Guid(f3054ad531d6aeb4880b4e711bc0e661) Importer(2089858483,192608db42251d675da83286b1cce702)
Start importing Assets/Kit/DungeonKit/KayKit_DungeonRemastered_1.1_FREE/Assets/fbx(unity)/table_long_tablecloth.fbx using Guid(f3054ad531d6aeb4880b4e711bc0e661) Importer(2089858483,192608db42251d675da83286b1cce702) (ScriptedImporter) -> (artifact id: 'd4249757bafe9425dd39dfe2619a5de1') in 0.080017 seconds
Number of updated asset objects reloaded before import = 0Number of asset objects unloaded after import = 9

========================================================================
Received Import Request.
  Time since last request: 0.000045 seconds.
  path: Assets/Kit/DungeonKit/KayKit_DungeonRemastered_1.1_FREE/Assets/fbx(unity)/key.fbx
  artifactKey: Guid(36d8492ac6b6cd541913c31296d10b98) Importer(2089858483,192608db42251d675da83286b1cce702)
Start importing Assets/Kit/DungeonKit/KayKit_DungeonRemastered_1.1_FREE/Assets/fbx(unity)/key.fbx using Guid(36d8492ac6b6cd541913c31296d10b98) Importer(2089858483,192608db42251d675da83286b1cce702) (ScriptedImporter) -> (artifact id: 'a23725c79894adedfc533f44ce0ec6a7') in 0.0718789 seconds
Number of updated asset objects reloaded before import = 0Number of asset objects unloaded after import = 9

========================================================================
Received Import Request.
  Time since last request: 0.000076 seconds.
  path: Assets/Kit/DungeonKit/KayKit_DungeonRemastered_1.1_FREE/Assets/fbx(unity)/dungeon_texture.png
  artifactKey: Guid(fc1ac1aa7867726408a7339bb73dd71d) Importer(2089858483,192608db42251d675da83286b1cce702)
Start importing Assets/Kit/DungeonKit/KayKit_DungeonRemastered_1.1_FREE/Assets/fbx(unity)/dungeon_texture.png using Guid(fc1ac1aa7867726408a7339bb73dd71d) Importer(2089858483,192608db42251d675da83286b1cce702) (ScriptedImporter) -> (artifact id: '232265335d701477f70b5e650f4d3fa9') in 0.0509693 seconds
Number of updated asset objects reloaded before import = 0Number of asset objects unloaded after import = 1

========================================================================
Received Import Request.
  Time since last request: 0.000093 seconds.
  path: Assets/Kit/DungeonKit/KayKit_DungeonRemastered_1.1_FREE/Assets/fbx(unity)/stairs_walled.fbx
  artifactKey: Guid(eaad93690af5abd409c9d756532d50bd) Importer(2089858483,192608db42251d675da83286b1cce702)
Start importing Assets/Kit/DungeonKit/KayKit_DungeonRemastered_1.1_FREE/Assets/fbx(unity)/stairs_walled.fbx using Guid(eaad93690af5abd409c9d756532d50bd) Importer(2089858483,192608db42251d675da83286b1cce702) (ScriptedImporter) -> (artifact id: '1d33bcbaa3140b951d8fec4d3236d562') in 0.0871657 seconds
Number of updated asset objects reloaded before import = 0Number of asset objects unloaded after import = 9

========================================================================
Received Import Request.
  Time since last request: 0.000039 seconds.
  path: Assets/Kit/DungeonKit/KayKit_DungeonRemastered_1.1_FREE/Assets/fbx(unity)/column.fbx
  artifactKey: Guid(23466e2fea1267243a4602a12a22b644) Importer(2089858483,192608db42251d675da83286b1cce702)
Start importing Assets/Kit/DungeonKit/KayKit_DungeonRemastered_1.1_FREE/Assets/fbx(unity)/column.fbx using Guid(23466e2fea1267243a4602a12a22b644) Importer(2089858483,192608db42251d675da83286b1cce702) (ScriptedImporter) -> (artifact id: 'ae8b2384b426200f82535e22075f8cbd') in 0.0738513 seconds
Number of updated asset objects reloaded before import = 0Number of asset objects unloaded after import = 9

========================================================================
Received Import Request.
  Time since last request: 0.000048 seconds.
  path: Assets/Kit/DungeonKit/KayKit_DungeonRemastered_1.1_FREE/Assets/fbx(unity)/floor_dirt_small_D.fbx
  artifactKey: Guid(8a47c9e4be5f28e4c89528ba87340d08) Importer(2089858483,192608db42251d675da83286b1cce702)
Start importing Assets/Kit/DungeonKit/KayKit_DungeonRemastered_1.1_FREE/Assets/fbx(unity)/floor_dirt_small_D.fbx using Guid(8a47c9e4be5f28e4c89528ba87340d08) Importer(2089858483,192608db42251d675da83286b1cce702) (ScriptedImporter) -> (artifact id: '88a718ee0ebf2db5407cd7dbe9f45e8b') in 0.082362 seconds
Number of updated asset objects reloaded before import = 0Number of asset objects unloaded after import = 9

========================================================================
Received Import Request.
  Time since last request: 0.000059 seconds.
  path: Assets/Kit/DungeonKit/KayKit_DungeonRemastered_1.1_FREE/Assets/fbx(unity)/floor_tile_small_weeds_B.fbx
  artifactKey: Guid(667d474dc8fb14c44a2a667bcfa30013) Importer(2089858483,192608db42251d675da83286b1cce702)
Start importing Assets/Kit/DungeonKit/KayKit_DungeonRemastered_1.1_FREE/Assets/fbx(unity)/floor_tile_small_weeds_B.fbx using Guid(667d474dc8fb14c44a2a667bcfa30013) Importer(2089858483,192608db42251d675da83286b1cce702) (ScriptedImporter) -> (artifact id: '84eae3052f52a2e7cbb30da51024f4af') in 0.0748348 seconds
Number of updated asset objects reloaded before import = 0Number of asset objects unloaded after import = 9

========================================================================
Received Import Request.
  Time since last request: 0.000042 seconds.
  path: Assets/Kit/DungeonKit/KayKit_DungeonRemastered_1.1_FREE/Assets/fbx/banner_green.fbx
  artifactKey: Guid(c34e969fe6f11c74a9b52c967d298aeb) Importer(2089858483,192608db42251d675da83286b1cce702)
Start importing Assets/Kit/DungeonKit/KayKit_DungeonRemastered_1.1_FREE/Assets/fbx/banner_green.fbx using Guid(c34e969fe6f11c74a9b52c967d298aeb) Importer(2089858483,192608db42251d675da83286b1cce702) (ScriptedImporter) -> (artifact id: 'f7eb93f599105ce54b275247684a9e24') in 0.0826218 seconds
Number of updated asset objects reloaded before import = 0Number of asset objects unloaded after import = 9

========================================================================
Received Import Request.
  Time since last request: 0.000040 seconds.
  path: Assets/Kit/DungeonKit/KayKit_DungeonRemastered_1.1_FREE/Assets/fbx(unity)/wall_corner.fbx
  artifactKey: Guid(5a25ed322d2bbce4aaa054ab6879694e) Importer(2089858483,192608db42251d675da83286b1cce702)
Start importing Assets/Kit/DungeonKit/KayKit_DungeonRemastered_1.1_FREE/Assets/fbx(unity)/wall_corner.fbx using Guid(5a25ed322d2bbce4aaa054ab6879694e) Importer(2089858483,192608db42251d675da83286b1cce702) (ScriptedImporter) -> (artifact id: 'b50723a0c5bd3cefe366410943e7ba84') in 0.0746802 seconds
Number of updated asset objects reloaded before import = 0Number of asset objects unloaded after import = 9

========================================================================
Received Import Request.
  Time since last request: 0.000057 seconds.
  path: Assets/Kit/DungeonKit/KayKit_DungeonRemastered_1.1_FREE/Assets/fbx(unity)/wall_scaffold.fbx
  artifactKey: Guid(0633ddebb98ea28419d5eea79ba5a751) Importer(2089858483,192608db42251d675da83286b1cce702)
Start importing Assets/Kit/DungeonKit/KayKit_DungeonRemastered_1.1_FREE/Assets/fbx(unity)/wall_scaffold.fbx using Guid(0633ddebb98ea28419d5eea79ba5a751) Importer(2089858483,192608db42251d675da83286b1cce702) (ScriptedImporter) -> (artifact id: '5c2f4a1a6b695d6ddd7153d46b7bf670') in 0.0756501 seconds
Number of updated asset objects reloaded before import = 0Number of asset objects unloaded after import = 9

========================================================================
Received Import Request.
  Time since last request: 0.000042 seconds.
  path: Assets/Kit/DungeonKit/KayKit_DungeonRemastered_1.1_FREE/Assets/gltf/banner_patternB_brown.bin
  artifactKey: Guid(5b96736a6c887424b9fafbede8d6ee2c) Importer(2089858483,192608db42251d675da83286b1cce702)
Start importing Assets/Kit/DungeonKit/KayKit_DungeonRemastered_1.1_FREE/Assets/gltf/banner_patternB_brown.bin using Guid(5b96736a6c887424b9fafbede8d6ee2c) Importer(2089858483,192608db42251d675da83286b1cce702) (ScriptedImporter) -> (artifact id: '85df4bfa03b1c76bab67509ac1e79c46') in 0.0296754 seconds
Number of updated asset objects reloaded before import = 0Number of asset objects unloaded after import = 1

========================================================================
Received Import Request.
  Time since last request: 0.000040 seconds.
  path: Assets/Kit/DungeonKit/KayKit_DungeonRemastered_1.1_FREE/Assets/fbx(unity)/wall_corner_small.fbx
  artifactKey: Guid(a15c1692b54cb0b42b6f565d3079cdf0) Importer(2089858483,192608db42251d675da83286b1cce702)
Start importing Assets/Kit/DungeonKit/KayKit_DungeonRemastered_1.1_FREE/Assets/fbx(unity)/wall_corner_small.fbx using Guid(a15c1692b54cb0b42b6f565d3079cdf0) Importer(2089858483,192608db42251d675da83286b1cce702) (ScriptedImporter) -> (artifact id: '34d59faf8c7fa2bc3e3f704f31130909') in 0.0731263 seconds
Number of updated asset objects reloaded before import = 0Number of asset objects unloaded after import = 9

========================================================================
Received Import Request.
  Time since last request: 0.000073 seconds.
  path: Assets/Kit/DungeonKit/KayKit_DungeonRemastered_1.1_FREE/Assets/gltf/banner_patternB_white.bin
  artifactKey: Guid(b3e206421c7c5de40a3dab9543f630dc) Importer(2089858483,192608db42251d675da83286b1cce702)
Start importing Assets/Kit/DungeonKit/KayKit_DungeonRemastered_1.1_FREE/Assets/gltf/banner_patternB_white.bin using Guid(b3e206421c7c5de40a3dab9543f630dc) Importer(2089858483,192608db42251d675da83286b1cce702) (ScriptedImporter) -> (artifact id: '7b69f88e9e6042d7a0f75a520838950d') in 0.0310505 seconds
Number of updated asset objects reloaded before import = 0Number of asset objects unloaded after import = 1

========================================================================
Received Import Request.
  Time since last request: 0.000043 seconds.
  path: Assets/Kit/DungeonKit/KayKit_DungeonRemastered_1.1_FREE/Assets/gltf/banner_patternA_white.bin
  artifactKey: Guid(aa60c3583d42a7a4baf175c636645061) Importer(2089858483,192608db42251d675da83286b1cce702)
Start importing Assets/Kit/DungeonKit/KayKit_DungeonRemastered_1.1_FREE/Assets/gltf/banner_patternA_white.bin using Guid(aa60c3583d42a7a4baf175c636645061) Importer(2089858483,192608db42251d675da83286b1cce702) (ScriptedImporter) -> (artifact id: 'e5f02bb9d5c376748f22f0b7264002d9') in 0.0282671 seconds
Number of updated asset objects reloaded before import = 0Number of asset objects unloaded after import = 1

========================================================================
Received Import Request.
  Time since last request: 0.000056 seconds.
  path: Assets/Kit/DungeonKit/KayKit_DungeonRemastered_1.1_FREE/Assets/gltf/banner_shield_red.gltf
  artifactKey: Guid(fb9e12bb5a0a2ee4da7b2ce572f7e6a1) Importer(2089858483,192608db42251d675da83286b1cce702)
Start importing Assets/Kit/DungeonKit/KayKit_DungeonRemastered_1.1_FREE/Assets/gltf/banner_shield_red.gltf using Guid(fb9e12bb5a0a2ee4da7b2ce572f7e6a1) Importer(2089858483,192608db42251d675da83286b1cce702) (ScriptedImporter) -> (artifact id: 'bee5957732899a2f54709a1a37c2beb6') in 0.0287668 seconds
Number of updated asset objects reloaded before import = 0Number of asset objects unloaded after import = 1

========================================================================
Received Import Request.
  Time since last request: 0.000041 seconds.
  path: Assets/Kit/DungeonKit/KayKit_DungeonRemastered_1.1_FREE/Assets/fbx(unity)/wall_corner_gated.fbx
  artifactKey: Guid(42b915789320f8245babd478a9d8bbbc) Importer(2089858483,192608db42251d675da83286b1cce702)
Start importing Assets/Kit/DungeonKit/KayKit_DungeonRemastered_1.1_FREE/Assets/fbx(unity)/wall_corner_gated.fbx using Guid(42b915789320f8245babd478a9d8bbbc) Importer(2089858483,192608db42251d675da83286b1cce702) (ScriptedImporter) -> (artifact id: '5a85d4c57f8814bc9e15a3e9e30e4826') in 0.077691 seconds
Number of updated asset objects reloaded before import = 0Number of asset objects unloaded after import = 9

========================================================================
Received Import Request.
  Time since last request: 0.000046 seconds.
  path: Assets/Kit/DungeonKit/KayKit_DungeonRemastered_1.1_FREE/Assets/fbx(unity)/wall_half_endcap_sloped.fbx
  artifactKey: Guid(a205e7ab4b1ddf54d9e6da46bb81045a) Importer(2089858483,192608db42251d675da83286b1cce702)
Start importing Assets/Kit/DungeonKit/KayKit_DungeonRemastered_1.1_FREE/Assets/fbx(unity)/wall_half_endcap_sloped.fbx using Guid(a205e7ab4b1ddf54d9e6da46bb81045a) Importer(2089858483,192608db42251d675da83286b1cce702) (ScriptedImporter) -> (artifact id: '0306724826ce1eed11820101a1157cb5') in 0.0756299 seconds
Number of updated asset objects reloaded before import = 0Number of asset objects unloaded after import = 9

========================================================================
Received Import Request.
  Time since last request: 0.000031 seconds.
  path: Assets/Kit/DungeonKit/KayKit_DungeonRemastered_1.1_FREE/Assets/gltf/banner_brown.gltf
  artifactKey: Guid(8f03a717e92a46b479138068bf1a75bb) Importer(2089858483,192608db42251d675da83286b1cce702)
Start importing Assets/Kit/DungeonKit/KayKit_DungeonRemastered_1.1_FREE/Assets/gltf/banner_brown.gltf using Guid(8f03a717e92a46b479138068bf1a75bb) Importer(2089858483,192608db42251d675da83286b1cce702) (ScriptedImporter) -> (artifact id: '666a8be9839e6dd0010a39d6c08706fa') in 0.0290126 seconds
Number of updated asset objects reloaded before import = 0Number of asset objects unloaded after import = 1

========================================================================
Received Import Request.
  Time since last request: 0.000037 seconds.
  path: Assets/Kit/DungeonKit/KayKit_DungeonRemastered_1.1_FREE/Assets/fbx(unity)/floor_tile_big_grate.fbx
  artifactKey: Guid(fcf8efce6e2f1a045823df9fe661fd15) Importer(2089858483,192608db42251d675da83286b1cce702)
Start importing Assets/Kit/DungeonKit/KayKit_DungeonRemastered_1.1_FREE/Assets/fbx(unity)/floor_tile_big_grate.fbx using Guid(fcf8efce6e2f1a045823df9fe661fd15) Importer(2089858483,192608db42251d675da83286b1cce702) (ScriptedImporter) -> (artifact id: '8abb106e39d6e7d8282ba61dfd3ad832') in 0.0826697 seconds
Number of updated asset objects reloaded before import = 0Number of asset objects unloaded after import = 9

========================================================================
Received Import Request.
  Time since last request: 0.000061 seconds.
  path: Assets/Kit/DungeonKit/KayKit_DungeonRemastered_1.1_FREE/Assets/fbx(unity)/box_small_decorated.fbx
  artifactKey: Guid(ddaf494af24cbfd4bb3877527a950e42) Importer(2089858483,192608db42251d675da83286b1cce702)
Start importing Assets/Kit/DungeonKit/KayKit_DungeonRemastered_1.1_FREE/Assets/fbx(unity)/box_small_decorated.fbx using Guid(ddaf494af24cbfd4bb3877527a950e42) Importer(2089858483,192608db42251d675da83286b1cce702) (ScriptedImporter) -> (artifact id: '590ae564cae57099f63f2c99d93c6d39') in 0.074158 seconds
Number of updated asset objects reloaded before import = 0Number of asset objects unloaded after import = 9

========================================================================
Received Import Request.
  Time since last request: 0.000036 seconds.
  path: Assets/Kit/DungeonKit/KayKit_DungeonRemastered_1.1_FREE/Assets/fbx(unity)/wall_cracked.fbx
  artifactKey: Guid(4c9f7e7974d244e45977f7e7fbd6ec8b) Importer(2089858483,192608db42251d675da83286b1cce702)
Start importing Assets/Kit/DungeonKit/KayKit_DungeonRemastered_1.1_FREE/Assets/fbx(unity)/wall_cracked.fbx using Guid(4c9f7e7974d244e45977f7e7fbd6ec8b) Importer(2089858483,192608db42251d675da83286b1cce702) (ScriptedImporter) -> (artifact id: '4113fd90c85c619c0ee297180650fb96') in 0.0714887 seconds
Number of updated asset objects reloaded before import = 0Number of asset objects unloaded after import = 9

========================================================================
Received Import Request.
  Time since last request: 0.000044 seconds.
  path: Assets/Kit/DungeonKit/KayKit_DungeonRemastered_1.1_FREE/Assets/gltf/banner_patternC_yellow.gltf
  artifactKey: Guid(7f27a9ae35805f54091fd61abcdd0bf2) Importer(2089858483,192608db42251d675da83286b1cce702)
Start importing Assets/Kit/DungeonKit/KayKit_DungeonRemastered_1.1_FREE/Assets/gltf/banner_patternC_yellow.gltf using Guid(7f27a9ae35805f54091fd61abcdd0bf2) Importer(2089858483,192608db42251d675da83286b1cce702) (ScriptedImporter) -> (artifact id: '5f1463ac75028617e61ed016c9bf1892') in 0.031398 seconds
Number of updated asset objects reloaded before import = 0Number of asset objects unloaded after import = 1

========================================================================
Received Import Request.
  Time since last request: 0.000044 seconds.
  path: Assets/Kit/DungeonKit/KayKit_DungeonRemastered_1.1_FREE/Assets/gltf/banner_patternC_blue.bin
  artifactKey: Guid(b56e1079b248fb644b006d7134ab437a) Importer(2089858483,192608db42251d675da83286b1cce702)
Start importing Assets/Kit/DungeonKit/KayKit_DungeonRemastered_1.1_FREE/Assets/gltf/banner_patternC_blue.bin using Guid(b56e1079b248fb644b006d7134ab437a) Importer(2089858483,192608db42251d675da83286b1cce702) (ScriptedImporter) -> (artifact id: '21423da064552c27bcd3d71f9a06ad29') in 0.0361695 seconds
Number of updated asset objects reloaded before import = 0Number of asset objects unloaded after import = 1

========================================================================
Received Import Request.
  Time since last request: 0.000040 seconds.
  path: Assets/Kit/DungeonKit/KayKit_DungeonRemastered_1.1_FREE/Assets/fbx(unity)/wall_open_scaffold.fbx
  artifactKey: Guid(e8c896121ceda674dbbd820d08fcc292) Importer(2089858483,192608db42251d675da83286b1cce702)
Start importing Assets/Kit/DungeonKit/KayKit_DungeonRemastered_1.1_FREE/Assets/fbx(unity)/wall_open_scaffold.fbx using Guid(e8c896121ceda674dbbd820d08fcc292) Importer(2089858483,192608db42251d675da83286b1cce702) (ScriptedImporter) -> (artifact id: '291ac7ffe3bef2de99fb1f03fa48e9fd') in 0.0929723 seconds
Number of updated asset objects reloaded before import = 0Number of asset objects unloaded after import = 9

========================================================================
Received Import Request.
  Time since last request: 0.000039 seconds.
  path: Assets/Kit/DungeonKit/KayKit_DungeonRemastered_1.1_FREE/Assets/fbx(unity)/trunk_large_A.fbx
  artifactKey: Guid(04217403cfeb7564f8337dc832ea2483) Importer(2089858483,192608db42251d675da83286b1cce702)
Start importing Assets/Kit/DungeonKit/KayKit_DungeonRemastered_1.1_FREE/Assets/fbx(unity)/trunk_large_A.fbx using Guid(04217403cfeb7564f8337dc832ea2483) Importer(2089858483,192608db42251d675da83286b1cce702) (ScriptedImporter) -> (artifact id: '3a0d3d8c7b7aed012a9d0f0e71584c5b') in 0.0706314 seconds
Number of updated asset objects reloaded before import = 0Number of asset objects unloaded after import = 9

========================================================================
Received Import Request.
  Time since last request: 0.000085 seconds.
  path: Assets/Kit/DungeonKit/KayKit_DungeonRemastered_1.1_FREE/Assets/gltf/banner_green.gltf
  artifactKey: Guid(0c69ac0ecec3b7649bbc0b4284b9fb37) Importer(2089858483,192608db42251d675da83286b1cce702)
Start importing Assets/Kit/DungeonKit/KayKit_DungeonRemastered_1.1_FREE/Assets/gltf/banner_green.gltf using Guid(0c69ac0ecec3b7649bbc0b4284b9fb37) Importer(2089858483,192608db42251d675da83286b1cce702) (ScriptedImporter) -> (artifact id: '6b7bf6db1c4ab0d0d6cd499bcf711570') in 0.0284272 seconds
Number of updated asset objects reloaded before import = 0Number of asset objects unloaded after import = 1

========================================================================
Received Import Request.
  Time since last request: 0.000043 seconds.
  path: Assets/Kit/DungeonKit/KayKit_DungeonRemastered_1.1_FREE/Assets/fbx(unity)/trunk_small_C.fbx
  artifactKey: Guid(8dca9730b5ca62e4dac7a93d14ff70af) Importer(2089858483,192608db42251d675da83286b1cce702)
Start importing Assets/Kit/DungeonKit/KayKit_DungeonRemastered_1.1_FREE/Assets/fbx(unity)/trunk_small_C.fbx using Guid(8dca9730b5ca62e4dac7a93d14ff70af) Importer(2089858483,192608db42251d675da83286b1cce702) (ScriptedImporter) -> (artifact id: '19c19a0a31ecfc2d4862169913d09788') in 0.0832153 seconds
Number of updated asset objects reloaded before import = 0Number of asset objects unloaded after import = 9

========================================================================
Received Import Request.
  Time since last request: 0.000040 seconds.
  path: Assets/Kit/DungeonKit/KayKit_DungeonRemastered_1.1_FREE/Assets/fbx(unity)/wall.fbx
  artifactKey: Guid(21af62c76b60fa74084be7c24221c45d) Importer(2089858483,192608db42251d675da83286b1cce702)
Start importing Assets/Kit/DungeonKit/KayKit_DungeonRemastered_1.1_FREE/Assets/fbx(unity)/wall.fbx using Guid(21af62c76b60fa74084be7c24221c45d) Importer(2089858483,192608db42251d675da83286b1cce702) (ScriptedImporter) -> (artifact id: 'bb2552ab490b1cf3a6b0bfc7bfc51cd4') in 0.0804296 seconds
Number of updated asset objects reloaded before import = 0Number of asset objects unloaded after import = 9

========================================================================
Received Import Request.
  Time since last request: 0.000073 seconds.
  path: Assets/Kit/Tower Defense/Models/OBJ format/tower-square-middle-b.obj
  artifactKey: Guid(2a8dd8a57c44a2d4b80dd318d119be8d) Importer(2089858483,192608db42251d675da83286b1cce702)
Start importing Assets/Kit/Tower Defense/Models/OBJ format/tower-square-middle-b.obj using Guid(2a8dd8a57c44a2d4b80dd318d119be8d) Importer(2089858483,192608db42251d675da83286b1cce702) (ScriptedImporter) -> (artifact id: 'be64c546a87d4f08983ec91c51fb7262') in 0.0763887 seconds
Number of updated asset objects reloaded before import = 0Number of asset objects unloaded after import = 11

========================================================================
Received Import Request.
  Time since last request: 0.000039 seconds.
  path: Assets/Kit/DungeonKit/KayKit_DungeonRemastered_1.1_FREE/Assets/fbx/bottle_A_green.fbx
  artifactKey: Guid(9d940fea6dc82dc43b040e10a8fd7e48) Importer(2089858483,192608db42251d675da83286b1cce702)
Start importing Assets/Kit/DungeonKit/KayKit_DungeonRemastered_1.1_FREE/Assets/fbx/bottle_A_green.fbx using Guid(9d940fea6dc82dc43b040e10a8fd7e48) Importer(2089858483,192608db42251d675da83286b1cce702) (ScriptedImporter) -> (artifact id: 'd212871d22a4b81b3df0146e3ad8d951') in 0.0711113 seconds
Number of updated asset objects reloaded before import = 0Number of asset objects unloaded after import = 9

========================================================================
Received Import Request.
  Time since last request: 0.000041 seconds.
  path: Assets/Kit/DungeonKit/KayKit_DungeonRemastered_1.1_FREE/Assets/gltf/floor_dirt_small_A.bin
  artifactKey: Guid(8b27696b01f86d143a7f7950cd0944fb) Importer(2089858483,192608db42251d675da83286b1cce702)
Start importing Assets/Kit/DungeonKit/KayKit_DungeonRemastered_1.1_FREE/Assets/gltf/floor_dirt_small_A.bin using Guid(8b27696b01f86d143a7f7950cd0944fb) Importer(2089858483,192608db42251d675da83286b1cce702) (ScriptedImporter) -> (artifact id: 'df9a39b805d66861bdeddd06ae199193') in 0.0312705 seconds
Number of updated asset objects reloaded before import = 0Number of asset objects unloaded after import = 1

========================================================================
Received Import Request.
  Time since last request: 0.000050 seconds.
  path: Assets/Kit/DungeonKit/KayKit_DungeonRemastered_1.1_FREE/Assets/gltf/bottle_C_brown.bin
  artifactKey: Guid(37133352dc4815c48b3dcf8b61de3112) Importer(2089858483,192608db42251d675da83286b1cce702)
Start importing Assets/Kit/DungeonKit/KayKit_DungeonRemastered_1.1_FREE/Assets/gltf/bottle_C_brown.bin using Guid(37133352dc4815c48b3dcf8b61de3112) Importer(2089858483,192608db42251d675da83286b1cce702) (ScriptedImporter) -> (artifact id: '9573bba443a7aa79744006af8b85f674') in 0.0277141 seconds
Number of updated asset objects reloaded before import = 0Number of asset objects unloaded after import = 1

========================================================================
Received Import Request.
  Time since last request: 0.000040 seconds.
  path: Assets/Kit/DungeonKit/KayKit_DungeonRemastered_1.1_FREE/Assets/gltf/bed_floor.gltf
  artifactKey: Guid(c40dfe8e2fbfe59439ef0fbfc20e6fa3) Importer(2089858483,192608db42251d675da83286b1cce702)
Start importing Assets/Kit/DungeonKit/KayKit_DungeonRemastered_1.1_FREE/Assets/gltf/bed_floor.gltf using Guid(c40dfe8e2fbfe59439ef0fbfc20e6fa3) Importer(2089858483,192608db42251d675da83286b1cce702) (ScriptedImporter) -> (artifact id: 'c4a50633368c8f94075cc9b5a35b4cae') in 0.0287028 seconds
Number of updated asset objects reloaded before import = 0Number of asset objects unloaded after import = 1

========================================================================
Received Import Request.
  Time since last request: 0.000034 seconds.
  path: Assets/Kit/DungeonKit/KayKit_DungeonRemastered_1.1_FREE/Assets/gltf/bottle_A_green.gltf
  artifactKey: Guid(7efa69909b1958f47be9f6412ca9ac61) Importer(2089858483,192608db42251d675da83286b1cce702)
Start importing Assets/Kit/DungeonKit/KayKit_DungeonRemastered_1.1_FREE/Assets/gltf/bottle_A_green.gltf using Guid(7efa69909b1958f47be9f6412ca9ac61) Importer(2089858483,192608db42251d675da83286b1cce702) (ScriptedImporter) -> (artifact id: 'b09d218dc5ebed415b27be54da782dfa') in 0.0340004 seconds
Number of updated asset objects reloaded before import = 0Number of asset objects unloaded after import = 1

========================================================================
Received Import Request.
  Time since last request: 0.000045 seconds.
  path: Assets/Kit/DungeonKit/KayKit_DungeonRemastered_1.1_FREE/Assets/gltf/barrel_small_stack.gltf
  artifactKey: Guid(a85861bdfe4abd14c9131961fc706452) Importer(2089858483,192608db42251d675da83286b1cce702)
Start importing Assets/Kit/DungeonKit/KayKit_DungeonRemastered_1.1_FREE/Assets/gltf/barrel_small_stack.gltf using Guid(a85861bdfe4abd14c9131961fc706452) Importer(2089858483,192608db42251d675da83286b1cce702) (ScriptedImporter) -> (artifact id: 'fa48edef73a08e96a65eaa983809626c') in 0.0345917 seconds
Number of updated asset objects reloaded before import = 0Number of asset objects unloaded after import = 1

========================================================================
Received Import Request.
  Time since last request: 0.000046 seconds.
  path: Assets/Kit/DungeonKit/KayKit_DungeonRemastered_1.1_FREE/Assets/gltf/coin_stack_large.bin
  artifactKey: Guid(99356dbc23c4ceb4092046e237279de5) Importer(2089858483,192608db42251d675da83286b1cce702)
Start importing Assets/Kit/DungeonKit/KayKit_DungeonRemastered_1.1_FREE/Assets/gltf/coin_stack_large.bin using Guid(99356dbc23c4ceb4092046e237279de5) Importer(2089858483,192608db42251d675da83286b1cce702) (ScriptedImporter) -> (artifact id: '2d0d960c3a49e772a76cf49ae3798e61') in 0.0261008 seconds
Number of updated asset objects reloaded before import = 0Number of asset objects unloaded after import = 1

========================================================================
Received Import Request.
  Time since last request: 0.000033 seconds.
  path: Assets/Kit/DungeonKit/KayKit_DungeonRemastered_1.1_FREE/Assets/gltf/box_small.bin
  artifactKey: Guid(941138d97ea67724ea30fcb9b3a44310) Importer(2089858483,192608db42251d675da83286b1cce702)
Start importing Assets/Kit/DungeonKit/KayKit_DungeonRemastered_1.1_FREE/Assets/gltf/box_small.bin using Guid(941138d97ea67724ea30fcb9b3a44310) Importer(2089858483,192608db42251d675da83286b1cce702) (ScriptedImporter) -> (artifact id: 'db10e33b8faae5661f1f448d6e24ad28') in 0.0301913 seconds
Number of updated asset objects reloaded before import = 0Number of asset objects unloaded after import = 1

========================================================================
Received Import Request.
  Time since last request: 0.000039 seconds.
  path: Assets/Kit/DungeonKit/KayKit_DungeonRemastered_1.1_FREE/Assets/gltf/banner_yellow.gltf
  artifactKey: Guid(3d66e8e36cea36d43a0d07a236eccb0a) Importer(2089858483,192608db42251d675da83286b1cce702)
Start importing Assets/Kit/DungeonKit/KayKit_DungeonRemastered_1.1_FREE/Assets/gltf/banner_yellow.gltf using Guid(3d66e8e36cea36d43a0d07a236eccb0a) Importer(2089858483,192608db42251d675da83286b1cce702) (ScriptedImporter) -> (artifact id: 'a60d7a37e2fd4bbb232c760c6e8e3649') in 0.0322242 seconds
Number of updated asset objects reloaded before import = 0Number of asset objects unloaded after import = 1

========================================================================
Received Import Request.
  Time since last request: 0.000042 seconds.
  path: Assets/Kit/DungeonKit/KayKit_DungeonRemastered_1.1_FREE/Assets/gltf/chair.bin
  artifactKey: Guid(de2d2fc143a422c49a4968094db770cb) Importer(2089858483,192608db42251d675da83286b1cce702)
Start importing Assets/Kit/DungeonKit/KayKit_DungeonRemastered_1.1_FREE/Assets/gltf/chair.bin using Guid(de2d2fc143a422c49a4968094db770cb) Importer(2089858483,192608db42251d675da83286b1cce702) (ScriptedImporter) -> (artifact id: '4978e9cc84d724fd096624c0ceb74b70') in 0.0260151 seconds
Number of updated asset objects reloaded before import = 0Number of asset objects unloaded after import = 1

========================================================================
Received Import Request.
  Time since last request: 0.000055 seconds.
  path: Assets/Kit/DungeonKit/KayKit_DungeonRemastered_1.1_FREE/Assets/gltf/banner_triple_brown.bin
  artifactKey: Guid(f6122ada3fbb68d4ba41250d8b0f2706) Importer(2089858483,192608db42251d675da83286b1cce702)
Start importing Assets/Kit/DungeonKit/KayKit_DungeonRemastered_1.1_FREE/Assets/gltf/banner_triple_brown.bin using Guid(f6122ada3fbb68d4ba41250d8b0f2706) Importer(2089858483,192608db42251d675da83286b1cce702) (ScriptedImporter) -> (artifact id: '10f617cbb1f0e12dd1efdbe42d7eb003') in 0.027706 seconds
Number of updated asset objects reloaded before import = 0Number of asset objects unloaded after import = 1

========================================================================
Received Import Request.
  Time since last request: 0.000041 seconds.
  path: Assets/Kit/DungeonKit/KayKit_DungeonRemastered_1.1_FREE/Assets/gltf/barrel_small.bin
  artifactKey: Guid(d6cb897ee4dc1b545ad00bb41bd42b13) Importer(2089858483,192608db42251d675da83286b1cce702)
Start importing Assets/Kit/DungeonKit/KayKit_DungeonRemastered_1.1_FREE/Assets/gltf/barrel_small.bin using Guid(d6cb897ee4dc1b545ad00bb41bd42b13) Importer(2089858483,192608db42251d675da83286b1cce702) (ScriptedImporter) -> (artifact id: 'b3ef801f37f4481abb0f59692417a61f') in 0.0284372 seconds
Number of updated asset objects reloaded before import = 0Number of asset objects unloaded after import = 1

========================================================================
Received Import Request.
  Time since last request: 0.000033 seconds.
  path: Assets/Kit/DungeonKit/KayKit_DungeonRemastered_1.1_FREE/Assets/gltf/banner_triple_white.gltf
  artifactKey: Guid(cff07b2163a10b2448d63ad66016e10c) Importer(2089858483,192608db42251d675da83286b1cce702)
Start importing Assets/Kit/DungeonKit/KayKit_DungeonRemastered_1.1_FREE/Assets/gltf/banner_triple_white.gltf using Guid(cff07b2163a10b2448d63ad66016e10c) Importer(2089858483,192608db42251d675da83286b1cce702) (ScriptedImporter) -> (artifact id: 'a4faed41639026b66ef6dfeace2a4a90') in 0.0270902 seconds
Number of updated asset objects reloaded before import = 0Number of asset objects unloaded after import = 1

========================================================================
Received Import Request.
  Time since last request: 0.000037 seconds.
  path: Assets/Kit/DungeonKit/KayKit_DungeonRemastered_1.1_FREE/Assets/gltf/box_large.gltf
  artifactKey: Guid(fff604dba7d984b4ab746c8a8c6a4eb9) Importer(2089858483,192608db42251d675da83286b1cce702)
Start importing Assets/Kit/DungeonKit/KayKit_DungeonRemastered_1.1_FREE/Assets/gltf/box_large.gltf using Guid(fff604dba7d984b4ab746c8a8c6a4eb9) Importer(2089858483,192608db42251d675da83286b1cce702) (ScriptedImporter) -> (artifact id: '7a5936d10153d15509a9e75714bcce66') in 0.0281499 seconds
Number of updated asset objects reloaded before import = 0Number of asset objects unloaded after import = 1

========================================================================
Received Import Request.
  Time since last request: 0.000054 seconds.
  path: Assets/Kit/DungeonKit/KayKit_DungeonRemastered_1.1_FREE/Assets/gltf/crates_stacked.bin
  artifactKey: Guid(5a6483fd389f74d429dbb52d8851eb93) Importer(2089858483,192608db42251d675da83286b1cce702)
Start importing Assets/Kit/DungeonKit/KayKit_DungeonRemastered_1.1_FREE/Assets/gltf/crates_stacked.bin using Guid(5a6483fd389f74d429dbb52d8851eb93) Importer(2089858483,192608db42251d675da83286b1cce702) (ScriptedImporter) -> (artifact id: '2f949bde5668688bd6ffc5dcd0899093') in 0.0264924 seconds
Number of updated asset objects reloaded before import = 0Number of asset objects unloaded after import = 1

========================================================================
Received Import Request.
  Time since last request: 0.000034 seconds.
  path: Assets/Kit/DungeonKit/KayKit_DungeonRemastered_1.1_FREE/Assets/gltf/chest_gold.gltf
  artifactKey: Guid(d394e44c7c7d7384cbd19ddc703ba9ce) Importer(2089858483,192608db42251d675da83286b1cce702)
Start importing Assets/Kit/DungeonKit/KayKit_DungeonRemastered_1.1_FREE/Assets/gltf/chest_gold.gltf using Guid(d394e44c7c7d7384cbd19ddc703ba9ce) Importer(2089858483,192608db42251d675da83286b1cce702) (ScriptedImporter) -> (artifact id: '20e5606fd20301a9a1fb7f8819614fd8') in 0.0257707 seconds
Number of updated asset objects reloaded before import = 0Number of asset objects unloaded after import = 1

========================================================================
Received Import Request.
  Time since last request: 0.000065 seconds.
  path: Assets/Kit/DungeonKit/KayKit_DungeonRemastered_1.1_FREE/Assets/gltf/floor_dirt_small_B.gltf
  artifactKey: Guid(3a62f34efe50002429538fdf0f1a588b) Importer(2089858483,192608db42251d675da83286b1cce702)
Start importing Assets/Kit/DungeonKit/KayKit_DungeonRemastered_1.1_FREE/Assets/gltf/floor_dirt_small_B.gltf using Guid(3a62f34efe50002429538fdf0f1a588b) Importer(2089858483,192608db42251d675da83286b1cce702) (ScriptedImporter) -> (artifact id: '09481e7b9dcde3198b430bc53db2b436') in 0.0297333 seconds
Number of updated asset objects reloaded before import = 0Number of asset objects unloaded after import = 1

========================================================================
Received Import Request.
  Time since last request: 0.000043 seconds.
  path: Assets/Kit/DungeonKit/KayKit_DungeonRemastered_1.1_FREE/Assets/gltf/bed_frame.bin
  artifactKey: Guid(41b5eb2c10dba1249bc55cfcbfa69f74) Importer(2089858483,192608db42251d675da83286b1cce702)
Start importing Assets/Kit/DungeonKit/KayKit_DungeonRemastered_1.1_FREE/Assets/gltf/bed_frame.bin using Guid(41b5eb2c10dba1249bc55cfcbfa69f74) Importer(2089858483,192608db42251d675da83286b1cce702) (ScriptedImporter) -> (artifact id: '142469ecbb6ab170d3c4694caddfcb35') in 0.0301375 seconds
Number of updated asset objects reloaded before import = 0Number of asset objects unloaded after import = 1

========================================================================
Received Import Request.
  Time since last request: 0.000046 seconds.
  path: Assets/Kit/DungeonKit/KayKit_DungeonRemastered_1.1_FREE/Assets/gltf/barrier_colum_half.gltf
  artifactKey: Guid(0bce39de41013544da3114ddf45fdf8b) Importer(2089858483,192608db42251d675da83286b1cce702)
Start importing Assets/Kit/DungeonKit/KayKit_DungeonRemastered_1.1_FREE/Assets/gltf/barrier_colum_half.gltf using Guid(0bce39de41013544da3114ddf45fdf8b) Importer(2089858483,192608db42251d675da83286b1cce702) (ScriptedImporter) -> (artifact id: 'ed7713b322fcd5c9fab536909adf2061') in 0.0455326 seconds
Number of updated asset objects reloaded before import = 0Number of asset objects unloaded after import = 1

========================================================================
Received Import Request.
  Time since last request: 0.000033 seconds.
  path: Assets/Kit/DungeonKit/KayKit_DungeonRemastered_1.1_FREE/Assets/gltf/box_small_decorated.bin
  artifactKey: Guid(53c34dfb76bb75a499935ed86aba1036) Importer(2089858483,192608db42251d675da83286b1cce702)
Start importing Assets/Kit/DungeonKit/KayKit_DungeonRemastered_1.1_FREE/Assets/gltf/box_small_decorated.bin using Guid(53c34dfb76bb75a499935ed86aba1036) Importer(2089858483,192608db42251d675da83286b1cce702) (ScriptedImporter) -> (artifact id: '98824f11794779a845888be84e4d24e3') in 0.0313957 seconds
Number of updated asset objects reloaded before import = 0Number of asset objects unloaded after import = 1

========================================================================
Received Import Request.
  Time since last request: 0.000036 seconds.
  path: Assets/Kit/DungeonKit/KayKit_DungeonRemastered_1.1_FREE/Assets/gltf/candle_triple.bin
  artifactKey: Guid(ce6b7f151e98a084e95af0f96452cdad) Importer(2089858483,192608db42251d675da83286b1cce702)
Start importing Assets/Kit/DungeonKit/KayKit_DungeonRemastered_1.1_FREE/Assets/gltf/candle_triple.bin using Guid(ce6b7f151e98a084e95af0f96452cdad) Importer(2089858483,192608db42251d675da83286b1cce702) (ScriptedImporter) -> (artifact id: '8d28a5939efc04b2c6e2363e09506dca') in 0.0314098 seconds
Number of updated asset objects reloaded before import = 0Number of asset objects unloaded after import = 1

========================================================================
Received Import Request.
  Time since last request: 0.000059 seconds.
  path: Assets/Kit/DungeonKit/KayKit_DungeonRemastered_1.1_FREE/Assets/gltf/box_large.bin
  artifactKey: Guid(e331897e492dec948b506cdd825a26f7) Importer(2089858483,192608db42251d675da83286b1cce702)
Start importing Assets/Kit/DungeonKit/KayKit_DungeonRemastered_1.1_FREE/Assets/gltf/box_large.bin using Guid(e331897e492dec948b506cdd825a26f7) Importer(2089858483,192608db42251d675da83286b1cce702) (ScriptedImporter) -> (artifact id: '1e81083474201046ced21e0984474be0') in 0.0204687 seconds
Number of updated asset objects reloaded before import = 0Number of asset objects unloaded after import = 1

========================================================================
Received Import Request.
  Time since last request: 0.000042 seconds.
  path: Assets/Kit/DungeonKit/KayKit_DungeonRemastered_1.1_FREE/Assets/gltf/barrier_column.gltf
  artifactKey: Guid(cfe01f4e06ba7c046b52178519cc86a6) Importer(2089858483,192608db42251d675da83286b1cce702)
Start importing Assets/Kit/DungeonKit/KayKit_DungeonRemastered_1.1_FREE/Assets/gltf/barrier_column.gltf using Guid(cfe01f4e06ba7c046b52178519cc86a6) Importer(2089858483,192608db42251d675da83286b1cce702) (ScriptedImporter) -> (artifact id: '251a19b88e84e25fd1409bbe579f7a36') in 0.0290215 seconds
Number of updated asset objects reloaded before import = 0Number of asset objects unloaded after import = 1

========================================================================
Received Import Request.
  Time since last request: 0.000039 seconds.
  path: Assets/Kit/DungeonKit/KayKit_DungeonRemastered_1.1_FREE/Assets/gltf/bottle_A_brown.gltf
  artifactKey: Guid(31a26c901390bff44914a3f3ae30b94a) Importer(2089858483,192608db42251d675da83286b1cce702)
Start importing Assets/Kit/DungeonKit/KayKit_DungeonRemastered_1.1_FREE/Assets/gltf/bottle_A_brown.gltf using Guid(31a26c901390bff44914a3f3ae30b94a) Importer(2089858483,192608db42251d675da83286b1cce702) (ScriptedImporter) -> (artifact id: '40aaf9e7904b0d159fc4c775fc41db8d') in 0.0311493 seconds
Number of updated asset objects reloaded before import = 0Number of asset objects unloaded after import = 1

========================================================================
Received Import Request.
  Time since last request: 0.000043 seconds.
  path: Assets/Kit/DungeonKit/KayKit_DungeonRemastered_1.1_FREE/Assets/gltf/banner_thin_red.bin
  artifactKey: Guid(19b7798c72c3cd64e96b55fab8efbb8a) Importer(2089858483,192608db42251d675da83286b1cce702)
Start importing Assets/Kit/DungeonKit/KayKit_DungeonRemastered_1.1_FREE/Assets/gltf/banner_thin_red.bin using Guid(19b7798c72c3cd64e96b55fab8efbb8a) Importer(2089858483,192608db42251d675da83286b1cce702) (ScriptedImporter) -> (artifact id: '13176706c154af666c62cbc8ba957e48') in 0.0358755 seconds
Number of updated asset objects reloaded before import = 0Number of asset objects unloaded after import = 1

========================================================================
Received Import Request.
  Time since last request: 0.000089 seconds.
  path: Assets/Kit/DungeonKit/KayKit_DungeonRemastered_1.1_FREE/Assets/gltf/banner_triple_brown.gltf
  artifactKey: Guid(987e2afdee7318146917b22ec5815b07) Importer(2089858483,192608db42251d675da83286b1cce702)
Start importing Assets/Kit/DungeonKit/KayKit_DungeonRemastered_1.1_FREE/Assets/gltf/banner_triple_brown.gltf using Guid(987e2afdee7318146917b22ec5815b07) Importer(2089858483,192608db42251d675da83286b1cce702) (ScriptedImporter) -> (artifact id: '823f117ece8371848303af0b639e06eb') in 0.0295734 seconds
Number of updated asset objects reloaded before import = 0Number of asset objects unloaded after import = 1

========================================================================
Received Import Request.
  Time since last request: 0.000042 seconds.
  path: Assets/Kit/Tower Defense/Models/OBJ format/tile-tree-quad.mtl
  artifactKey: Guid(6f13557bc1fe5be4b9e50acc4d98797a) Importer(2089858483,192608db42251d675da83286b1cce702)
Start importing Assets/Kit/Tower Defense/Models/OBJ format/tile-tree-quad.mtl using Guid(6f13557bc1fe5be4b9e50acc4d98797a) Importer(2089858483,192608db42251d675da83286b1cce702) (ScriptedImporter) -> (artifact id: 'a005d832ebbf296893782e56427b7166') in 0.0366261 seconds
Number of updated asset objects reloaded before import = 0Number of asset objects unloaded after import = 1

========================================================================
Received Import Request.
  Time since last request: 0.000054 seconds.
  path: Assets/Kit/DungeonKit/fantasy town/Models_int/FBX format/wall-block-half.fbx
  artifactKey: Guid(ef85e9a9ebd4a6549bd8646bb03d5c57) Importer(2089858483,192608db42251d675da83286b1cce702)
Start importing Assets/Kit/DungeonKit/fantasy town/Models_int/FBX format/wall-block-half.fbx using Guid(ef85e9a9ebd4a6549bd8646bb03d5c57) Importer(2089858483,192608db42251d675da83286b1cce702) (ScriptedImporter) -> (artifact id: '82b2b982c9d742224416918ef3b5ea9a') in 0.0896339 seconds
Number of updated asset objects reloaded before import = 0Number of asset objects unloaded after import = 9

========================================================================
Received Import Request.
  Time since last request: 0.000045 seconds.
  path: Assets/Kit/DungeonKit/fantasy town/Models_int/FBX format/fountain-edge.fbx
  artifactKey: Guid(f7b2d050c0de74642b67d7cf62cfbe07) Importer(2089858483,192608db42251d675da83286b1cce702)
Start importing Assets/Kit/DungeonKit/fantasy town/Models_int/FBX format/fountain-edge.fbx using Guid(f7b2d050c0de74642b67d7cf62cfbe07) Importer(2089858483,192608db42251d675da83286b1cce702) (ScriptedImporter) -> (artifact id: '1ac60804df9e683f6c32bc6f83b8837b') in 0.0874229 seconds
Number of updated asset objects reloaded before import = 0Number of asset objects unloaded after import = 15

========================================================================
Received Import Request.
  Time since last request: 0.000059 seconds.
  path: Assets/Kit/DungeonKit/fantasy town/Models_int/FBX format/wall-corner-detail.fbx
  artifactKey: Guid(b79a0a323313f6245b2cda81b867c846) Importer(2089858483,192608db42251d675da83286b1cce702)
Start importing Assets/Kit/DungeonKit/fantasy town/Models_int/FBX format/wall-corner-detail.fbx using Guid(b79a0a323313f6245b2cda81b867c846) Importer(2089858483,192608db42251d675da83286b1cce702) (ScriptedImporter) -> (artifact id: 'f561c3086b19a7cba03e9808b25758b8') in 0.0701731 seconds
Number of updated asset objects reloaded before import = 0Number of asset objects unloaded after import = 9

========================================================================
Received Import Request.
  Time since last request: 0.000041 seconds.
  path: Assets/Kit/DungeonKit/KayKit_DungeonRemastered_1.1_FREE/Assets/gltf/floor_foundation_front.bin
  artifactKey: Guid(f91f89f79f9dae14d840e5839da5b6b7) Importer(2089858483,192608db42251d675da83286b1cce702)
Start importing Assets/Kit/DungeonKit/KayKit_DungeonRemastered_1.1_FREE/Assets/gltf/floor_foundation_front.bin using Guid(f91f89f79f9dae14d840e5839da5b6b7) Importer(2089858483,192608db42251d675da83286b1cce702) (ScriptedImporter) -> (artifact id: 'c2e19f9524e257ba57aa5d60a1ca4da8') in 0.0323971 seconds
Number of updated asset objects reloaded before import = 0Number of asset objects unloaded after import = 1

========================================================================
Received Import Request.
  Time since last request: 0.000039 seconds.
  path: Assets/Kit/DungeonKit/KayKit_DungeonRemastered_1.1_FREE/Assets/gltf/plate.gltf
  artifactKey: Guid(a82a69b13577a9749aeb1f05f398300f) Importer(2089858483,192608db42251d675da83286b1cce702)
Start importing Assets/Kit/DungeonKit/KayKit_DungeonRemastered_1.1_FREE/Assets/gltf/plate.gltf using Guid(a82a69b13577a9749aeb1f05f398300f) Importer(2089858483,192608db42251d675da83286b1cce702) (ScriptedImporter) -> (artifact id: '80a87773866e63b4ea9ae993ccc99128') in 0.0314217 seconds
Number of updated asset objects reloaded before import = 0Number of asset objects unloaded after import = 1

========================================================================
Received Import Request.
  Time since last request: 0.000053 seconds.
  path: Assets/Kit/DungeonKit/KayKit_DungeonRemastered_1.1_FREE/Assets/gltf/floor_tile_small_weeds_A.gltf
  artifactKey: Guid(627152dd1de61b5458c64678ff3a430e) Importer(2089858483,192608db42251d675da83286b1cce702)
Start importing Assets/Kit/DungeonKit/KayKit_DungeonRemastered_1.1_FREE/Assets/gltf/floor_tile_small_weeds_A.gltf using Guid(627152dd1de61b5458c64678ff3a430e) Importer(2089858483,192608db42251d675da83286b1cce702) (ScriptedImporter) -> (artifact id: '01ad66e610291254f7031448e48a7289') in 0.0281576 seconds
Number of updated asset objects reloaded before import = 0Number of asset objects unloaded after import = 1

========================================================================
Received Import Request.
  Time since last request: 0.000033 seconds.
  path: Assets/Kit/DungeonKit/KayKit_DungeonRemastered_1.1_FREE/Assets/gltf/table_long_decorated_A.bin
  artifactKey: Guid(4a823e7f9e9434c40af7d85e6271ac7f) Importer(2089858483,192608db42251d675da83286b1cce702)
Start importing Assets/Kit/DungeonKit/KayKit_DungeonRemastered_1.1_FREE/Assets/gltf/table_long_decorated_A.bin using Guid(4a823e7f9e9434c40af7d85e6271ac7f) Importer(2089858483,192608db42251d675da83286b1cce702) (ScriptedImporter) -> (artifact id: '400e8ca3d59c8f9633628ab19f7376c2') in 0.0321323 seconds
Number of updated asset objects reloaded before import = 0Number of asset objects unloaded after import = 1

========================================================================
Received Import Request.
  Time since last request: 0.000069 seconds.
  path: Assets/Kit/DungeonKit/KayKit_DungeonRemastered_1.1_FREE/Assets/gltf/stairs_wall_left.bin
  artifactKey: Guid(df2e453a55a64d54ba6aaec999dbe260) Importer(2089858483,192608db42251d675da83286b1cce702)
Start importing Assets/Kit/DungeonKit/KayKit_DungeonRemastered_1.1_FREE/Assets/gltf/stairs_wall_left.bin using Guid(df2e453a55a64d54ba6aaec999dbe260) Importer(2089858483,192608db42251d675da83286b1cce702) (ScriptedImporter) -> (artifact id: 'e68ad9134d6dd0cbe68c62509ee99589') in 0.0312716 seconds
Number of updated asset objects reloaded before import = 0Number of asset objects unloaded after import = 1

========================================================================
Received Import Request.
  Time since last request: 0.000043 seconds.
  path: Assets/Kit/DungeonKit/KayKit_DungeonRemastered_1.1_FREE/Assets/gltf/pillar.gltf
  artifactKey: Guid(3e9b0540bd2dd8048b4eae5c7aa110c8) Importer(2089858483,192608db42251d675da83286b1cce702)
Start importing Assets/Kit/DungeonKit/KayKit_DungeonRemastered_1.1_FREE/Assets/gltf/pillar.gltf using Guid(3e9b0540bd2dd8048b4eae5c7aa110c8) Importer(2089858483,192608db42251d675da83286b1cce702) (ScriptedImporter) -> (artifact id: 'e32d5b8a84d93bc34779ca5109663fb3') in 0.0300122 seconds
Number of updated asset objects reloaded before import = 0Number of asset objects unloaded after import = 1

========================================================================
Received Import Request.
  Time since last request: 0.000057 seconds.
  path: Assets/Kit/DungeonKit/KayKit_DungeonRemastered_1.1_FREE/Assets/gltf/plate_food_A.bin
  artifactKey: Guid(8ff8c18cd714d144c84035186886be36) Importer(2089858483,192608db42251d675da83286b1cce702)
Start importing Assets/Kit/DungeonKit/KayKit_DungeonRemastered_1.1_FREE/Assets/gltf/plate_food_A.bin using Guid(8ff8c18cd714d144c84035186886be36) Importer(2089858483,192608db42251d675da83286b1cce702) (ScriptedImporter) -> (artifact id: '701aee307780db2ee868b2a61a50ecc4') in 0.0294909 seconds
Number of updated asset objects reloaded before import = 0Number of asset objects unloaded after import = 1

========================================================================
Received Import Request.
  Time since last request: 0.000034 seconds.
  path: Assets/Kit/DungeonKit/KayKit_DungeonRemastered_1.1_FREE/Assets/gltf/rubble_large.gltf
  artifactKey: Guid(055716b2e49c0c349bff8b7467a735f6) Importer(2089858483,192608db42251d675da83286b1cce702)
Start importing Assets/Kit/DungeonKit/KayKit_DungeonRemastered_1.1_FREE/Assets/gltf/rubble_large.gltf using Guid(055716b2e49c0c349bff8b7467a735f6) Importer(2089858483,192608db42251d675da83286b1cce702) (ScriptedImporter) -> (artifact id: 'a04eec212ee247f4ecce9070b609a3bd') in 0.0310938 seconds
Number of updated asset objects reloaded before import = 0Number of asset objects unloaded after import = 1

========================================================================
Received Import Request.
  Time since last request: 0.000044 seconds.
  path: Assets/Kit/DungeonKit/KayKit_DungeonRemastered_1.1_FREE/Assets/gltf/table_long_decorated_C.bin
  artifactKey: Guid(dc250f48e42a5e64c957ee0175803b04) Importer(2089858483,192608db42251d675da83286b1cce702)
Start importing Assets/Kit/DungeonKit/KayKit_DungeonRemastered_1.1_FREE/Assets/gltf/table_long_decorated_C.bin using Guid(dc250f48e42a5e64c957ee0175803b04) Importer(2089858483,192608db42251d675da83286b1cce702) (ScriptedImporter) -> (artifact id: '7ee02781b0609c26d366f20e6665cc4e') in 0.0316203 seconds
Number of updated asset objects reloaded before import = 0Number of asset objects unloaded after import = 1

========================================================================
Received Import Request.
  Time since last request: 0.000056 seconds.
  path: Assets/Kit/DungeonKit/KayKit_DungeonRemastered_1.1_FREE/Assets/gltf/keg_decorated.gltf
  artifactKey: Guid(b857b8178474a704ead2eb9481ee1b5a) Importer(2089858483,192608db42251d675da83286b1cce702)
Start importing Assets/Kit/DungeonKit/KayKit_DungeonRemastered_1.1_FREE/Assets/gltf/keg_decorated.gltf using Guid(b857b8178474a704ead2eb9481ee1b5a) Importer(2089858483,192608db42251d675da83286b1cce702) (ScriptedImporter) -> (artifact id: 'aa59f4f2a940469bea42d7678de522ec') in 0.0273753 seconds
Number of updated asset objects reloaded before import = 0Number of asset objects unloaded after import = 1

========================================================================
Received Import Request.
  Time since last request: 0.000036 seconds.
  path: Assets/Kit/DungeonKit/KayKit_DungeonRemastered_1.1_FREE/Assets/gltf/shelf_small_candles.bin
  artifactKey: Guid(1ea4c988c64a661449880a1cba0c0b95) Importer(2089858483,192608db42251d675da83286b1cce702)
Start importing Assets/Kit/DungeonKit/KayKit_DungeonRemastered_1.1_FREE/Assets/gltf/shelf_small_candles.bin using Guid(1ea4c988c64a661449880a1cba0c0b95) Importer(2089858483,192608db42251d675da83286b1cce702) (ScriptedImporter) -> (artifact id: 'efa83d98517dc2479395474174da98a4') in 0.0364815 seconds
Number of updated asset objects reloaded before import = 0Number of asset objects unloaded after import = 1

========================================================================
Received Import Request.
  Time since last request: 0.000300 seconds.
  path: Assets/Kit/DungeonKit/KayKit_DungeonRemastered_1.1_FREE/Assets/gltf/pillar.bin
  artifactKey: Guid(8942e3c7d58ec4e48bbba103e3cee5de) Importer(2089858483,192608db42251d675da83286b1cce702)
Start importing Assets/Kit/DungeonKit/KayKit_DungeonRemastered_1.1_FREE/Assets/gltf/pillar.bin using Guid(8942e3c7d58ec4e48bbba103e3cee5de) Importer(2089858483,192608db42251d675da83286b1cce702) (ScriptedImporter) -> (artifact id: '13e367cd68859f9bce9dc4fe56f4a363') in 0.0275295 seconds
Number of updated asset objects reloaded before import = 0Number of asset objects unloaded after import = 1

========================================================================
Received Import Request.
  Time since last request: 0.000040 seconds.
  path: Assets/Kit/DungeonKit/KayKit_DungeonRemastered_1.1_FREE/Assets/gltf/floor_tile_large_rocks.bin
  artifactKey: Guid(3e13dbbe9b0c27d48b666504192466fd) Importer(2089858483,192608db42251d675da83286b1cce702)
Start importing Assets/Kit/DungeonKit/KayKit_DungeonRemastered_1.1_FREE/Assets/gltf/floor_tile_large_rocks.bin using Guid(3e13dbbe9b0c27d48b666504192466fd) Importer(2089858483,192608db42251d675da83286b1cce702) (ScriptedImporter) -> (artifact id: '6f2b25d3e9f185a38d5731d305c23324') in 0.0290015 seconds
Number of updated asset objects reloaded before import = 0Number of asset objects unloaded after import = 1

========================================================================
Received Import Request.
  Time since last request: 0.000063 seconds.
  path: Assets/Kit/DungeonKit/KayKit_DungeonRemastered_1.1_FREE/Assets/gltf/plate_food_B.bin
  artifactKey: Guid(e86b1899ae95f304e94bedc11dcd2ede) Importer(2089858483,192608db42251d675da83286b1cce702)
Start importing Assets/Kit/DungeonKit/KayKit_DungeonRemastered_1.1_FREE/Assets/gltf/plate_food_B.bin using Guid(e86b1899ae95f304e94bedc11dcd2ede) Importer(2089858483,192608db42251d675da83286b1cce702) (ScriptedImporter) -> (artifact id: '9cd2a047caa2adc206c57af4ad1bc724') in 0.0282991 seconds
Number of updated asset objects reloaded before import = 0Number of asset objects unloaded after import = 1

========================================================================
Received Import Request.
  Time since last request: 0.000040 seconds.
  path: Assets/Kit/DungeonKit/KayKit_DungeonRemastered_1.1_FREE/Assets/gltf/floor_wood_small.gltf
  artifactKey: Guid(dc9295c86350c374294fbd6d4e193dbb) Importer(2089858483,192608db42251d675da83286b1cce702)
Start importing Assets/Kit/DungeonKit/KayKit_DungeonRemastered_1.1_FREE/Assets/gltf/floor_wood_small.gltf using Guid(dc9295c86350c374294fbd6d4e193dbb) Importer(2089858483,192608db42251d675da83286b1cce702) (ScriptedImporter) -> (artifact id: 'ebf1879aca1d5e33534aeb3e80db3aef') in 0.0293395 seconds
Number of updated asset objects reloaded before import = 0Number of asset objects unloaded after import = 1

========================================================================
Received Import Request.
  Time since last request: 0.000041 seconds.
  path: Assets/Kit/DungeonKit/KayKit_DungeonRemastered_1.1_FREE/Assets/gltf/keyring.gltf
  artifactKey: Guid(90696b37aff64dd4c8ac8a56385d812a) Importer(2089858483,192608db42251d675da83286b1cce702)
Start importing Assets/Kit/DungeonKit/KayKit_DungeonRemastered_1.1_FREE/Assets/gltf/keyring.gltf using Guid(90696b37aff64dd4c8ac8a56385d812a) Importer(2089858483,192608db42251d675da83286b1cce702) (ScriptedImporter) -> (artifact id: '404d6e595f2cd005a6f74b885b29eda3') in 0.0274323 seconds
Number of updated asset objects reloaded before import = 0Number of asset objects unloaded after import = 1

========================================================================
Received Import Request.
  Time since last request: 0.000040 seconds.
  path: Assets/Kit/DungeonKit/KayKit_DungeonRemastered_1.1_FREE/Assets/gltf/stairs_long_modular_right.gltf
  artifactKey: Guid(5e445ee5b03b00948ab16428c3e721e2) Importer(2089858483,192608db42251d675da83286b1cce702)
Start importing Assets/Kit/DungeonKit/KayKit_DungeonRemastered_1.1_FREE/Assets/gltf/stairs_long_modular_right.gltf using Guid(5e445ee5b03b00948ab16428c3e721e2) Importer(2089858483,192608db42251d675da83286b1cce702) (ScriptedImporter) -> (artifact id: '91e1f3d55a5e0fab76a7f5f1493745e8') in 0.0288821 seconds
Number of updated asset objects reloaded before import = 0Number of asset objects unloaded after import = 1

========================================================================
Received Import Request.
  Time since last request: 0.000051 seconds.
  path: Assets/Kit/DungeonKit/KayKit_DungeonRemastered_1.1_FREE/Assets/gltf/key.bin
  artifactKey: Guid(91e380580ee325e43a04228bc3c2bf97) Importer(2089858483,192608db42251d675da83286b1cce702)
Start importing Assets/Kit/DungeonKit/KayKit_DungeonRemastered_1.1_FREE/Assets/gltf/key.bin using Guid(91e380580ee325e43a04228bc3c2bf97) Importer(2089858483,192608db42251d675da83286b1cce702) (ScriptedImporter) -> (artifact id: '97548671e732794a20a9da1f2092b819') in 0.0278931 seconds
Number of updated asset objects reloaded before import = 0Number of asset objects unloaded after import = 1

========================================================================
Received Import Request.
  Time since last request: 0.000034 seconds.
  path: Assets/Kit/DungeonKit/KayKit_DungeonRemastered_1.1_FREE/Assets/gltf/rubble_large.bin
  artifactKey: Guid(6ab1de7ae2497d14fb94d56270939f83) Importer(2089858483,192608db42251d675da83286b1cce702)
Start importing Assets/Kit/DungeonKit/KayKit_DungeonRemastered_1.1_FREE/Assets/gltf/rubble_large.bin using Guid(6ab1de7ae2497d14fb94d56270939f83) Importer(2089858483,192608db42251d675da83286b1cce702) (ScriptedImporter) -> (artifact id: '143b46378d10f8b441e2e04a528de675') in 0.0259485 seconds
Number of updated asset objects reloaded before import = 0Number of asset objects unloaded after import = 1

========================================================================
Received Import Request.
  Time since last request: 0.000055 seconds.
  path: Assets/Kit/DungeonKit/KayKit_DungeonRemastered_1.1_FREE/Assets/gltf/plate_stack.gltf
  artifactKey: Guid(b0dd729c28426e44ba6975bb4b74b6e4) Importer(2089858483,192608db42251d675da83286b1cce702)
Start importing Assets/Kit/DungeonKit/KayKit_DungeonRemastered_1.1_FREE/Assets/gltf/plate_stack.gltf using Guid(b0dd729c28426e44ba6975bb4b74b6e4) Importer(2089858483,192608db42251d675da83286b1cce702) (ScriptedImporter) -> (artifact id: '116a71f31a859801312cd533ddde98da') in 0.0271574 seconds
Number of updated asset objects reloaded before import = 0Number of asset objects unloaded after import = 1

========================================================================
Received Import Request.
  Time since last request: 0.000044 seconds.
  path: Assets/Kit/DungeonKit/KayKit_DungeonRemastered_1.1_FREE/Assets/gltf/stairs_wood.gltf
  artifactKey: Guid(196ed0214d5452745b6be3f039934483) Importer(2089858483,192608db42251d675da83286b1cce702)
Start importing Assets/Kit/DungeonKit/KayKit_DungeonRemastered_1.1_FREE/Assets/gltf/stairs_wood.gltf using Guid(196ed0214d5452745b6be3f039934483) Importer(2089858483,192608db42251d675da83286b1cce702) (ScriptedImporter) -> (artifact id: 'bceb9bfe09a0d98a0adb20e4ffc9c931') in 0.0287483 seconds
Number of updated asset objects reloaded before import = 0Number of asset objects unloaded after import = 1

========================================================================
Received Import Request.
  Time since last request: 0.000064 seconds.
  path: Assets/Kit/DungeonKit/KayKit_DungeonRemastered_1.1_FREE/Assets/gltf/floor_tile_grate.bin
  artifactKey: Guid(a86262b41e2a1d245ad6146e886ee456) Importer(2089858483,192608db42251d675da83286b1cce702)
Start importing Assets/Kit/DungeonKit/KayKit_DungeonRemastered_1.1_FREE/Assets/gltf/floor_tile_grate.bin using Guid(a86262b41e2a1d245ad6146e886ee456) Importer(2089858483,192608db42251d675da83286b1cce702) (ScriptedImporter) -> (artifact id: 'bf7fd4e460c855d60caefd0b6ad548b6') in 0.028393 seconds
Number of updated asset objects reloaded before import = 0Number of asset objects unloaded after import = 1

========================================================================
Received Import Request.
  Time since last request: 0.000041 seconds.
  path: Assets/Kit/DungeonKit/KayKit_DungeonRemastered_1.1_FREE/Assets/gltf/key.gltf
  artifactKey: Guid(1b0455c1090c23245a02eb0181d4afa1) Importer(2089858483,192608db42251d675da83286b1cce702)
Start importing Assets/Kit/DungeonKit/KayKit_DungeonRemastered_1.1_FREE/Assets/gltf/key.gltf using Guid(1b0455c1090c23245a02eb0181d4afa1) Importer(2089858483,192608db42251d675da83286b1cce702) (ScriptedImporter) -> (artifact id: '30b3f90659ca44c132e3ca379731f26a') in 0.0281487 seconds
Number of updated asset objects reloaded before import = 0Number of asset objects unloaded after import = 1

========================================================================
Received Import Request.
  Time since last request: 0.000035 seconds.
  path: Assets/Kit/DungeonKit/KayKit_DungeonRemastered_1.1_FREE/Assets/gltf/floor_tile_extralarge_grates_open.bin
  artifactKey: Guid(15447ed14c1a48647aa2cbe6a3ea77b8) Importer(2089858483,192608db42251d675da83286b1cce702)
Start importing Assets/Kit/DungeonKit/KayKit_DungeonRemastered_1.1_FREE/Assets/gltf/floor_tile_extralarge_grates_open.bin using Guid(15447ed14c1a48647aa2cbe6a3ea77b8) Importer(2089858483,192608db42251d675da83286b1cce702) (ScriptedImporter) -> (artifact id: '83cdef6f2402572d32f8388efed1ea1f') in 0.0257488 seconds
Number of updated asset objects reloaded before import = 0Number of asset objects unloaded after import = 1

========================================================================
Received Import Request.
  Time since last request: 0.000041 seconds.
  path: Assets/Kit/DungeonKit/KayKit_DungeonRemastered_1.1_FREE/Assets/gltf/floor_tile_grate_open.bin
  artifactKey: Guid(050a767221bea5944b7698c03629e718) Importer(2089858483,192608db42251d675da83286b1cce702)
Start importing Assets/Kit/DungeonKit/KayKit_DungeonRemastered_1.1_FREE/Assets/gltf/floor_tile_grate_open.bin using Guid(050a767221bea5944b7698c03629e718) Importer(2089858483,192608db42251d675da83286b1cce702) (ScriptedImporter) -> (artifact id: '59dfd4451dcafedc8683e73c6227def0') in 0.0326846 seconds
Number of updated asset objects reloaded before import = 0Number of asset objects unloaded after import = 1

========================================================================
Received Import Request.
  Time since last request: 0.000068 seconds.
  path: Assets/Kit/DungeonKit/KayKit_DungeonRemastered_1.1_FREE/Assets/gltf/stairs_long_modular_center.bin
  artifactKey: Guid(f987f50667b381d41b64f5387f54760d) Importer(2089858483,192608db42251d675da83286b1cce702)
Start importing Assets/Kit/DungeonKit/KayKit_DungeonRemastered_1.1_FREE/Assets/gltf/stairs_long_modular_center.bin using Guid(f987f50667b381d41b64f5387f54760d) Importer(2089858483,192608db42251d675da83286b1cce702) (ScriptedImporter) -> (artifact id: 'c402fb1dcc59e012a78641023c03b383') in 0.0300406 seconds
Number of updated asset objects reloaded before import = 0Number of asset objects unloaded after import = 1

========================================================================
Received Import Request.
  Time since last request: 0.000040 seconds.
  path: Assets/Kit/DungeonKit/KayKit_DungeonRemastered_1.1_FREE/Assets/gltf/floor_foundation_front.gltf
  artifactKey: Guid(11a972eaea433a5449b9ca682f80a4ad) Importer(2089858483,192608db42251d675da83286b1cce702)
Start importing Assets/Kit/DungeonKit/KayKit_DungeonRemastered_1.1_FREE/Assets/gltf/floor_foundation_front.gltf using Guid(11a972eaea433a5449b9ca682f80a4ad) Importer(2089858483,192608db42251d675da83286b1cce702) (ScriptedImporter) -> (artifact id: 'f07cbe8eeb09f7954219e6c35a4b56ec') in 0.0339758 seconds
Number of updated asset objects reloaded before import = 0Number of asset objects unloaded after import = 1

========================================================================
Received Import Request.
  Time since last request: 0.000046 seconds.
  path: Assets/Kit/DungeonKit/KayKit_DungeonRemastered_1.1_FREE/Assets/gltf/stairs_long.bin
  artifactKey: Guid(f5d395e473c13fe43ad886b61e91a452) Importer(2089858483,192608db42251d675da83286b1cce702)
Start importing Assets/Kit/DungeonKit/KayKit_DungeonRemastered_1.1_FREE/Assets/gltf/stairs_long.bin using Guid(f5d395e473c13fe43ad886b61e91a452) Importer(2089858483,192608db42251d675da83286b1cce702) (ScriptedImporter) -> (artifact id: 'dbaa1c6a0a9969d7776d7e1e623a9019') in 0.0279641 seconds
Number of updated asset objects reloaded before import = 0Number of asset objects unloaded after import = 1

========================================================================
Received Import Request.
  Time since last request: 0.000063 seconds.
  path: Assets/Kit/DungeonKit/KayKit_DungeonRemastered_1.1_FREE/Assets/fbx/stairs_long_modular_right.fbx
  artifactKey: Guid(e423df9e77462fe40ac2d06357ddc8fa) Importer(2089858483,192608db42251d675da83286b1cce702)
Start importing Assets/Kit/DungeonKit/KayKit_DungeonRemastered_1.1_FREE/Assets/fbx/stairs_long_modular_right.fbx using Guid(e423df9e77462fe40ac2d06357ddc8fa) Importer(2089858483,192608db42251d675da83286b1cce702) (ScriptedImporter) -> (artifact id: '915fe70b918d6265148bbfd3a52f0a87') in 0.0910523 seconds
Number of updated asset objects reloaded before import = 0Number of asset objects unloaded after import = 9

========================================================================
Received Import Request.
  Time since last request: 0.043341 seconds.
  path: Assets/Kit/DungeonKit/KayKit_DungeonRemastered_1.1_FREE/Assets/gltf/table_medium_broken.bin
  artifactKey: Guid(6167ca1cfd4430645806f354115735e1) Importer(2089858483,192608db42251d675da83286b1cce702)
Start importing Assets/Kit/DungeonKit/KayKit_DungeonRemastered_1.1_FREE/Assets/gltf/table_medium_broken.bin using Guid(6167ca1cfd4430645806f354115735e1) Importer(2089858483,192608db42251d675da83286b1cce702) (ScriptedImporter) -> (artifact id: '1161e50a4d78f9b053275c89e2b7b021') in 0.0330608 seconds
Number of updated asset objects reloaded before import = 0Number of asset objects unloaded after import = 1

========================================================================
Received Import Request.
  Time since last request: 0.000039 seconds.
  path: Assets/Kit/DungeonKit/KayKit_DungeonRemastered_1.1_FREE/Assets/gltf/table_medium_tablecloth_decorated_B.bin
  artifactKey: Guid(bc1f849ebd8cd9a4b868c670e8991348) Importer(2089858483,192608db42251d675da83286b1cce702)
Start importing Assets/Kit/DungeonKit/KayKit_DungeonRemastered_1.1_FREE/Assets/gltf/table_medium_tablecloth_decorated_B.bin using Guid(bc1f849ebd8cd9a4b868c670e8991348) Importer(2089858483,192608db42251d675da83286b1cce702) (ScriptedImporter) -> (artifact id: '8d3b7436ad7c7d99574481d70d488a38') in 0.0309453 seconds
Number of updated asset objects reloaded before import = 0Number of asset objects unloaded after import = 1

========================================================================
Received Import Request.
  Time since last request: 0.000053 seconds.
  path: Assets/Kit/DungeonKit/KayKit_DungeonRemastered_1.1_FREE/Assets/gltf/wall_window_open_scaffold.bin
  artifactKey: Guid(1037bddf640be8a4a9697d1f738d076b) Importer(2089858483,192608db42251d675da83286b1cce702)
Start importing Assets/Kit/DungeonKit/KayKit_DungeonRemastered_1.1_FREE/Assets/gltf/wall_window_open_scaffold.bin using Guid(1037bddf640be8a4a9697d1f738d076b) Importer(2089858483,192608db42251d675da83286b1cce702) (ScriptedImporter) -> (artifact id: '046607e03894de0a4fbd6d71787d5b04') in 0.026501 seconds
Number of updated asset objects reloaded before import = 0Number of asset objects unloaded after import = 1

========================================================================
Received Import Request.
  Time since last request: 0.000034 seconds.
  path: Assets/Kit/DungeonKit/KayKit_DungeonRemastered_1.1_FREE/Assets/gltf/trunk_large_C.bin
  artifactKey: Guid(54e4a76785d9ce24a86a61380416e4d4) Importer(2089858483,192608db42251d675da83286b1cce702)
Start importing Assets/Kit/DungeonKit/KayKit_DungeonRemastered_1.1_FREE/Assets/gltf/trunk_large_C.bin using Guid(54e4a76785d9ce24a86a61380416e4d4) Importer(2089858483,192608db42251d675da83286b1cce702) (ScriptedImporter) -> (artifact id: 'd635c71121ad68f4396957c3e87d6936') in 0.0285226 seconds
Number of updated asset objects reloaded before import = 0Number of asset objects unloaded after import = 1

========================================================================
Received Import Request.
  Time since last request: 0.000038 seconds.
  path: Assets/Kit/DungeonKit/KayKit_DungeonRemastered_1.1_FREE/Assets/gltf/wall_doorway_sides.bin
  artifactKey: Guid(01a6454433f03df4dbf700ae13d13877) Importer(2089858483,192608db42251d675da83286b1cce702)
Start importing Assets/Kit/DungeonKit/KayKit_DungeonRemastered_1.1_FREE/Assets/gltf/wall_doorway_sides.bin using Guid(01a6454433f03df4dbf700ae13d13877) Importer(2089858483,192608db42251d675da83286b1cce702) (ScriptedImporter) -> (artifact id: '901afe58751b6fbee7d05b15f13d8a60') in 0.0268808 seconds
Number of updated asset objects reloaded before import = 0Number of asset objects unloaded after import = 1

========================================================================
Received Import Request.
  Time since last request: 0.000046 seconds.
  path: Assets/Kit/DungeonKit/KayKit_DungeonRemastered_1.1_FREE/Assets/gltf/wall_archedwindow_gated.gltf
  artifactKey: Guid(caa47deaf345dbe48a49ed3c3d9f9aa3) Importer(2089858483,192608db42251d675da83286b1cce702)
Start importing Assets/Kit/DungeonKit/KayKit_DungeonRemastered_1.1_FREE/Assets/gltf/wall_archedwindow_gated.gltf using Guid(caa47deaf345dbe48a49ed3c3d9f9aa3) Importer(2089858483,192608db42251d675da83286b1cce702) (ScriptedImporter) -> (artifact id: '834c2e61e268c5821ec85b39ef4e4ef2') in 0.0317223 seconds
Number of updated asset objects reloaded before import = 0Number of asset objects unloaded after import = 1

========================================================================
Received Import Request.
  Time since last request: 0.000055 seconds.
  path: Assets/Kit/DungeonKit/KayKit_DungeonRemastered_1.1_FREE/Assets/gltf/torch_mounted.gltf
  artifactKey: Guid(e4a6960ac965cb949aa12ecf8d70710b) Importer(2089858483,192608db42251d675da83286b1cce702)
Start importing Assets/Kit/DungeonKit/KayKit_DungeonRemastered_1.1_FREE/Assets/gltf/torch_mounted.gltf using Guid(e4a6960ac965cb949aa12ecf8d70710b) Importer(2089858483,192608db42251d675da83286b1cce702) (ScriptedImporter) -> (artifact id: '844880249b4f3fbcf934e86150fb1f91') in 0.028273 seconds
Number of updated asset objects reloaded before import = 0Number of asset objects unloaded after import = 1

========================================================================
Received Import Request.
  Time since last request: 0.000042 seconds.
  path: Assets/Kit/DungeonKit/KayKit_DungeonRemastered_1.1_FREE/Assets/obj/banner_patternC_white.obj
  artifactKey: Guid(b3e2433aff4ca3f40bcb4dc76868164b) Importer(2089858483,192608db42251d675da83286b1cce702)
Start importing Assets/Kit/DungeonKit/KayKit_DungeonRemastered_1.1_FREE/Assets/obj/banner_patternC_white.obj using Guid(b3e2433aff4ca3f40bcb4dc76868164b) Importer(2089858483,192608db42251d675da83286b1cce702) (ScriptedImporter) -> (artifact id: '010f62edcb518c32586d71c5f373ae51') in 0.073914 seconds
Number of updated asset objects reloaded before import = 0Number of asset objects unloaded after import = 11

========================================================================
Received Import Request.
  Time since last request: 0.000061 seconds.
  path: Assets/Kit/DungeonKit/KayKit_DungeonRemastered_1.1_FREE/Assets/gltf/wall_gated.gltf
  artifactKey: Guid(0d4608a06c711334199fa2583b3297fa) Importer(2089858483,192608db42251d675da83286b1cce702)
Start importing Assets/Kit/DungeonKit/KayKit_DungeonRemastered_1.1_FREE/Assets/gltf/wall_gated.gltf using Guid(0d4608a06c711334199fa2583b3297fa) Importer(2089858483,192608db42251d675da83286b1cce702) (ScriptedImporter) -> (artifact id: 'e01d617243424bff09f05e17fb940ea7') in 0.0295923 seconds
Number of updated asset objects reloaded before import = 0Number of asset objects unloaded after import = 1

========================================================================
Received Import Request.
  Time since last request: 0.000067 seconds.
  path: Assets/Kit/DungeonKit/KayKit_DungeonRemastered_1.1_FREE/Assets/gltf/torch.bin
  artifactKey: Guid(2133c7ebd12999c4bb4ce6886c776543) Importer(2089858483,192608db42251d675da83286b1cce702)
Start importing Assets/Kit/DungeonKit/KayKit_DungeonRemastered_1.1_FREE/Assets/gltf/torch.bin using Guid(2133c7ebd12999c4bb4ce6886c776543) Importer(2089858483,192608db42251d675da83286b1cce702) (ScriptedImporter) -> (artifact id: '6530b661d8f43225fcde0de008394d91') in 0.0275992 seconds
Number of updated asset objects reloaded before import = 0Number of asset objects unloaded after import = 1

========================================================================
Received Import Request.
  Time since last request: 0.000062 seconds.
  path: Assets/Kit/DungeonKit/KayKit_DungeonRemastered_1.1_FREE/Assets/gltf/wall_archedwindow_gated_scaffold.bin
  artifactKey: Guid(05425e65275616442851e31dc0b3cc54) Importer(2089858483,192608db42251d675da83286b1cce702)
Start importing Assets/Kit/DungeonKit/KayKit_DungeonRemastered_1.1_FREE/Assets/gltf/wall_archedwindow_gated_scaffold.bin using Guid(05425e65275616442851e31dc0b3cc54) Importer(2089858483,192608db42251d675da83286b1cce702) (ScriptedImporter) -> (artifact id: '0a2ab5fa4ebae5525368324906907210') in 0.0330582 seconds
Number of updated asset objects reloaded before import = 0Number of asset objects unloaded after import = 1

========================================================================
Received Import Request.
  Time since last request: 0.000038 seconds.
  path: Assets/Kit/DungeonKit/KayKit_DungeonRemastered_1.1_FREE/Assets/gltf/wall_open_scaffold.gltf
  artifactKey: Guid(cbbcf877528e0374ea012524c74d36a9) Importer(2089858483,192608db42251d675da83286b1cce702)
Start importing Assets/Kit/DungeonKit/KayKit_DungeonRemastered_1.1_FREE/Assets/gltf/wall_open_scaffold.gltf using Guid(cbbcf877528e0374ea012524c74d36a9) Importer(2089858483,192608db42251d675da83286b1cce702) (ScriptedImporter) -> (artifact id: '1522653acd559dd72186f7910d4ba1fc') in 0.0324358 seconds
Number of updated asset objects reloaded before import = 0Number of asset objects unloaded after import = 1

========================================================================
Received Import Request.
  Time since last request: 0.000039 seconds.
  path: Assets/Kit/DungeonKit/KayKit_DungeonRemastered_1.1_FREE/Assets/obj/banner_patternC_white.mtl
  artifactKey: Guid(80b52ea4bebe743469e76d900135382d) Importer(2089858483,192608db42251d675da83286b1cce702)
Start importing Assets/Kit/DungeonKit/KayKit_DungeonRemastered_1.1_FREE/Assets/obj/banner_patternC_white.mtl using Guid(80b52ea4bebe743469e76d900135382d) Importer(2089858483,192608db42251d675da83286b1cce702) (ScriptedImporter) -> (artifact id: '0b3f7dc34a7bb0860291cff9fd4cd615') in 0.0297981 seconds
Number of updated asset objects reloaded before import = 0Number of asset objects unloaded after import = 1

========================================================================
Received Import Request.
  Time since last request: 0.000056 seconds.
  path: Assets/Kit/DungeonKit/KayKit_DungeonRemastered_1.1_FREE/Assets/obj/banner_patternA_yellow.obj
  artifactKey: Guid(a7f5d30950db4f84c906648d20bf461e) Importer(2089858483,192608db42251d675da83286b1cce702)
Start importing Assets/Kit/DungeonKit/KayKit_DungeonRemastered_1.1_FREE/Assets/obj/banner_patternA_yellow.obj using Guid(a7f5d30950db4f84c906648d20bf461e) Importer(2089858483,192608db42251d675da83286b1cce702) (ScriptedImporter) -> (artifact id: '8842583295bd353524123ee7d68805ae') in 0.0624399 seconds
Number of updated asset objects reloaded before import = 0Number of asset objects unloaded after import = 11

========================================================================
Received Import Request.
  Time since last request: 0.000035 seconds.
  path: Assets/Kit/DungeonKit/KayKit_DungeonRemastered_1.1_FREE/Assets/gltf/trunk_small_B.bin
  artifactKey: Guid(480938de04fe35644bd86d5ffacb61d9) Importer(2089858483,192608db42251d675da83286b1cce702)
Start importing Assets/Kit/DungeonKit/KayKit_DungeonRemastered_1.1_FREE/Assets/gltf/trunk_small_B.bin using Guid(480938de04fe35644bd86d5ffacb61d9) Importer(2089858483,192608db42251d675da83286b1cce702) (ScriptedImporter) -> (artifact id: 'bbb1cba2007270ec6938f5d5a5893c06') in 0.0284133 seconds
Number of updated asset objects reloaded before import = 0Number of asset objects unloaded after import = 1

========================================================================
Received Import Request.
  Time since last request: 0.000038 seconds.
  path: Assets/Kit/DungeonKit/KayKit_DungeonRemastered_1.1_FREE/Assets/gltf/wall_half_endcap.gltf
  artifactKey: Guid(0d29f88be83204b43b8130f969778c22) Importer(2089858483,192608db42251d675da83286b1cce702)
Start importing Assets/Kit/DungeonKit/KayKit_DungeonRemastered_1.1_FREE/Assets/gltf/wall_half_endcap.gltf using Guid(0d29f88be83204b43b8130f969778c22) Importer(2089858483,192608db42251d675da83286b1cce702) (ScriptedImporter) -> (artifact id: '85bc8913c9803a575ee5ee03e70f1caf') in 0.0249203 seconds
Number of updated asset objects reloaded before import = 0Number of asset objects unloaded after import = 1

========================================================================
Received Import Request.
  Time since last request: 0.000047 seconds.
  path: Assets/Kit/DungeonKit/KayKit_DungeonRemastered_1.1_FREE/Assets/gltf/trunk_medium_C.gltf
  artifactKey: Guid(bf380e8e03a77e64a8024bc89fa7e5cf) Importer(2089858483,192608db42251d675da83286b1cce702)
Start importing Assets/Kit/DungeonKit/KayKit_DungeonRemastered_1.1_FREE/Assets/gltf/trunk_medium_C.gltf using Guid(bf380e8e03a77e64a8024bc89fa7e5cf) Importer(2089858483,192608db42251d675da83286b1cce702) (ScriptedImporter) -> (artifact id: '366010f0f2b1dc6f16e71aa9acd93285') in 0.0251267 seconds
Number of updated asset objects reloaded before import = 0Number of asset objects unloaded after import = 1

========================================================================
Received Import Request.
  Time since last request: 0.000033 seconds.
  path: Assets/Kit/DungeonKit/KayKit_DungeonRemastered_1.1_FREE/Assets/gltf/trunk_medium_A.gltf
  artifactKey: Guid(af2624a923deb7a4babc4f7e3971ebd4) Importer(2089858483,192608db42251d675da83286b1cce702)
Start importing Assets/Kit/DungeonKit/KayKit_DungeonRemastered_1.1_FREE/Assets/gltf/trunk_medium_A.gltf using Guid(af2624a923deb7a4babc4f7e3971ebd4) Importer(2089858483,192608db42251d675da83286b1cce702) (ScriptedImporter) -> (artifact id: '83c3caf66078959b0633a4fce2f29125') in 0.0278853 seconds
Number of updated asset objects reloaded before import = 0Number of asset objects unloaded after import = 1

========================================================================
Received Import Request.
  Time since last request: 0.000034 seconds.
  path: Assets/Kit/DungeonKit/KayKit_DungeonRemastered_1.1_FREE/Assets/obj/banner_green.obj
  artifactKey: Guid(3cc7794788ba0c34a986922593295274) Importer(2089858483,192608db42251d675da83286b1cce702)
Start importing Assets/Kit/DungeonKit/KayKit_DungeonRemastered_1.1_FREE/Assets/obj/banner_green.obj using Guid(3cc7794788ba0c34a986922593295274) Importer(2089858483,192608db42251d675da83286b1cce702) (ScriptedImporter) -> (artifact id: 'ee16b3ff9a0562ec50080df2ed933c43') in 0.0727637 seconds
Number of updated asset objects reloaded before import = 0Number of asset objects unloaded after import = 11

========================================================================
Received Import Request.
  Time since last request: 0.000040 seconds.
  path: Assets/Kit/DungeonKit/KayKit_DungeonRemastered_1.1_FREE/Assets/obj/banner_patternB_brown.obj
  artifactKey: Guid(287dd74179aae4440aef3192df14fff2) Importer(2089858483,192608db42251d675da83286b1cce702)
Start importing Assets/Kit/DungeonKit/KayKit_DungeonRemastered_1.1_FREE/Assets/obj/banner_patternB_brown.obj using Guid(287dd74179aae4440aef3192df14fff2) Importer(2089858483,192608db42251d675da83286b1cce702) (ScriptedImporter) -> (artifact id: '9e4739f1a9465800a63a6a7f7b4b943c') in 0.0691067 seconds
Number of updated asset objects reloaded before import = 0Number of asset objects unloaded after import = 11

========================================================================
Received Import Request.
  Time since last request: 0.000075 seconds.
  path: Assets/Kit/DungeonKit/KayKit_DungeonRemastered_1.1_FREE/Assets/gltf/wall.gltf
  artifactKey: Guid(de70ce93ae6480340a06736444e57fa3) Importer(2089858483,192608db42251d675da83286b1cce702)
Start importing Assets/Kit/DungeonKit/KayKit_DungeonRemastered_1.1_FREE/Assets/gltf/wall.gltf using Guid(de70ce93ae6480340a06736444e57fa3) Importer(2089858483,192608db42251d675da83286b1cce702) (ScriptedImporter) -> (artifact id: '87b142b777d41044cf30f999c14d7577') in 0.0305926 seconds
Number of updated asset objects reloaded before import = 0Number of asset objects unloaded after import = 1

========================================================================
Received Import Request.
  Time since last request: 0.000044 seconds.
  path: Assets/Kit/DungeonKit/KayKit_DungeonRemastered_1.1_FREE/Assets/gltf/wall_shelves.gltf
  artifactKey: Guid(37022b30fe7f6e94faf0c0f58397cc25) Importer(2089858483,192608db42251d675da83286b1cce702)
Start importing Assets/Kit/DungeonKit/KayKit_DungeonRemastered_1.1_FREE/Assets/gltf/wall_shelves.gltf using Guid(37022b30fe7f6e94faf0c0f58397cc25) Importer(2089858483,192608db42251d675da83286b1cce702) (ScriptedImporter) -> (artifact id: '3d6c5d67c08a35df23e7c85c60980c3e') in 0.0290962 seconds
Number of updated asset objects reloaded before import = 0Number of asset objects unloaded after import = 1

========================================================================
Received Import Request.
  Time since last request: 0.000036 seconds.
  path: Assets/Kit/DungeonKit/KayKit_DungeonRemastered_1.1_FREE/Assets/gltf/torch.gltf
  artifactKey: Guid(d6695d76b0a485f45962a106665bc250) Importer(2089858483,192608db42251d675da83286b1cce702)
Start importing Assets/Kit/DungeonKit/KayKit_DungeonRemastered_1.1_FREE/Assets/gltf/torch.gltf using Guid(d6695d76b0a485f45962a106665bc250) Importer(2089858483,192608db42251d675da83286b1cce702) (ScriptedImporter) -> (artifact id: '6fcc7d08b5191c93bf41cc0683b1f8b6') in 0.0299707 seconds
Number of updated asset objects reloaded before import = 0Number of asset objects unloaded after import = 1

========================================================================
Received Import Request.
  Time since last request: 0.000042 seconds.
  path: Assets/Kit/DungeonKit/KayKit_DungeonRemastered_1.1_FREE/Assets/obj/banner_patternA_yellow.mtl
  artifactKey: Guid(f8cf6a0f3c5b8264696390d7c4970d52) Importer(2089858483,192608db42251d675da83286b1cce702)
Start importing Assets/Kit/DungeonKit/KayKit_DungeonRemastered_1.1_FREE/Assets/obj/banner_patternA_yellow.mtl using Guid(f8cf6a0f3c5b8264696390d7c4970d52) Importer(2089858483,192608db42251d675da83286b1cce702) (ScriptedImporter) -> (artifact id: '104ade7cd300544a7e05f79c1c4c3c7b') in 0.0307844 seconds
Number of updated asset objects reloaded before import = 0Number of asset objects unloaded after import = 1

========================================================================
Received Import Request.
  Time since last request: 0.000060 seconds.
  path: Assets/Kit/DungeonKit/KayKit_DungeonRemastered_1.1_FREE/Assets/gltf/wall_corner_small.bin
  artifactKey: Guid(db6680e81fac38644a92be8f6cf48353) Importer(2089858483,192608db42251d675da83286b1cce702)
Start importing Assets/Kit/DungeonKit/KayKit_DungeonRemastered_1.1_FREE/Assets/gltf/wall_corner_small.bin using Guid(db6680e81fac38644a92be8f6cf48353) Importer(2089858483,192608db42251d675da83286b1cce702) (ScriptedImporter) -> (artifact id: '9c6cc1bb4a0130e2e90e6b0eb3c25c77') in 0.028092 seconds
Number of updated asset objects reloaded before import = 0Number of asset objects unloaded after import = 1

========================================================================
Received Import Request.
  Time since last request: 0.000033 seconds.
  path: Assets/Kit/DungeonKit/KayKit_DungeonRemastered_1.1_FREE/Assets/gltf/wall_corner_small.gltf
  artifactKey: Guid(46555a7eaca2d44448cfb242d662a730) Importer(2089858483,192608db42251d675da83286b1cce702)
Start importing Assets/Kit/DungeonKit/KayKit_DungeonRemastered_1.1_FREE/Assets/gltf/wall_corner_small.gltf using Guid(46555a7eaca2d44448cfb242d662a730) Importer(2089858483,192608db42251d675da83286b1cce702) (ScriptedImporter) -> (artifact id: '829202a453a2f1ec29a3c5bcdd8d4889') in 0.0285819 seconds
Number of updated asset objects reloaded before import = 0Number of asset objects unloaded after import = 1

========================================================================
Received Import Request.
  Time since last request: 0.000032 seconds.
  path: Assets/Kit/DungeonKit/KayKit_DungeonRemastered_1.1_FREE/Assets/gltf/wall_doorway_scaffold.gltf
  artifactKey: Guid(447acee8fae535442bf6551784039bbc) Importer(2089858483,192608db42251d675da83286b1cce702)
Start importing Assets/Kit/DungeonKit/KayKit_DungeonRemastered_1.1_FREE/Assets/gltf/wall_doorway_scaffold.gltf using Guid(447acee8fae535442bf6551784039bbc) Importer(2089858483,192608db42251d675da83286b1cce702) (ScriptedImporter) -> (artifact id: '259513172ad2dbca59ab826e4f6906ee') in 0.0240626 seconds
Number of updated asset objects reloaded before import = 0Number of asset objects unloaded after import = 1

========================================================================
Received Import Request.
  Time since last request: 0.000038 seconds.
  path: Assets/Kit/DungeonKit/KayKit_DungeonRemastered_1.1_FREE/Assets/obj/banner_patternA_white.mtl
  artifactKey: Guid(99a17262a44ba0c47940699be5bca9bf) Importer(2089858483,192608db42251d675da83286b1cce702)
Start importing Assets/Kit/DungeonKit/KayKit_DungeonRemastered_1.1_FREE/Assets/obj/banner_patternA_white.mtl using Guid(99a17262a44ba0c47940699be5bca9bf) Importer(2089858483,192608db42251d675da83286b1cce702) (ScriptedImporter) -> (artifact id: '2491f77f2c740a8c018b14381fc804cd') in 0.0225254 seconds
Number of updated asset objects reloaded before import = 0Number of asset objects unloaded after import = 1

========================================================================
Received Import Request.
  Time since last request: 0.000061 seconds.
  path: Assets/Kit/DungeonKit/KayKit_DungeonRemastered_1.1_FREE/Assets/gltf/trunk_small_C.bin
  artifactKey: Guid(8c6a967292061cf47a79a79acdefb56a) Importer(2089858483,192608db42251d675da83286b1cce702)
Start importing Assets/Kit/DungeonKit/KayKit_DungeonRemastered_1.1_FREE/Assets/gltf/trunk_small_C.bin using Guid(8c6a967292061cf47a79a79acdefb56a) Importer(2089858483,192608db42251d675da83286b1cce702) (ScriptedImporter) -> (artifact id: 'cc88130fb54328141b49c2ac8ead5bac') in 0.0284341 seconds
Number of updated asset objects reloaded before import = 0Number of asset objects unloaded after import = 1

========================================================================
Received Import Request.
  Time since last request: 0.000035 seconds.
  path: Assets/Kit/DungeonKit/KayKit_DungeonRemastered_1.1_FREE/Assets/gltf/table_small_decorated_A.gltf
  artifactKey: Guid(1d90dbc75d15e1644983948a8ebb293b) Importer(2089858483,192608db42251d675da83286b1cce702)
Start importing Assets/Kit/DungeonKit/KayKit_DungeonRemastered_1.1_FREE/Assets/gltf/table_small_decorated_A.gltf using Guid(1d90dbc75d15e1644983948a8ebb293b) Importer(2089858483,192608db42251d675da83286b1cce702) (ScriptedImporter) -> (artifact id: 'c32330fecc62d73bb557e80694ce6131') in 0.0282466 seconds
Number of updated asset objects reloaded before import = 0Number of asset objects unloaded after import = 1

========================================================================
Received Import Request.
  Time since last request: 0.000043 seconds.
  path: Assets/Kit/DungeonKit/KayKit_DungeonRemastered_1.1_FREE/Assets/obj/crates_stacked.obj
  artifactKey: Guid(fa7920fc41b44d649b1d193ae9cd9d8c) Importer(2089858483,192608db42251d675da83286b1cce702)
Start importing Assets/Kit/DungeonKit/KayKit_DungeonRemastered_1.1_FREE/Assets/obj/crates_stacked.obj using Guid(fa7920fc41b44d649b1d193ae9cd9d8c) Importer(2089858483,192608db42251d675da83286b1cce702) (ScriptedImporter) -> (artifact id: 'b31db052003aca7b6ae4bb2bc8ae82be') in 0.0614046 seconds
Number of updated asset objects reloaded before import = 0Number of asset objects unloaded after import = 11

========================================================================
Received Import Request.
  Time since last request: 0.000041 seconds.
  path: Assets/Kit/DungeonKit/KayKit_DungeonRemastered_1.1_FREE/Assets/obj/box_small.obj
  artifactKey: Guid(3ea31fcf14ae8724c9fa3eac0844beae) Importer(2089858483,192608db42251d675da83286b1cce702)
Start importing Assets/Kit/DungeonKit/KayKit_DungeonRemastered_1.1_FREE/Assets/obj/box_small.obj using Guid(3ea31fcf14ae8724c9fa3eac0844beae) Importer(2089858483,192608db42251d675da83286b1cce702) (ScriptedImporter) -> (artifact id: '7eb25246333d3cfdeb64d7567c699e82') in 0.0785371 seconds
Number of updated asset objects reloaded before import = 0Number of asset objects unloaded after import = 11

========================================================================
Received Import Request.
  Time since last request: 0.000059 seconds.
  path: Assets/Kit/DungeonKit/KayKit_DungeonRemastered_1.1_FREE/Assets/obj/barrel_small.mtl
  artifactKey: Guid(0bf8a98d4fcc151468900a04a24fb284) Importer(2089858483,192608db42251d675da83286b1cce702)
Start importing Assets/Kit/DungeonKit/KayKit_DungeonRemastered_1.1_FREE/Assets/obj/barrel_small.mtl using Guid(0bf8a98d4fcc151468900a04a24fb284) Importer(2089858483,192608db42251d675da83286b1cce702) (ScriptedImporter) -> (artifact id: '377838c5a3bb2ba858b71be2799a05ad') in 0.0294978 seconds
Number of updated asset objects reloaded before import = 0Number of asset objects unloaded after import = 1

========================================================================
Received Import Request.
  Time since last request: 0.000036 seconds.
  path: Assets/Kit/DungeonKit/KayKit_DungeonRemastered_1.1_FREE/Assets/obj/chest.mtl
  artifactKey: Guid(9f6f17022149b4d4b9813b6053defcba) Importer(2089858483,192608db42251d675da83286b1cce702)
Start importing Assets/Kit/DungeonKit/KayKit_DungeonRemastered_1.1_FREE/Assets/obj/chest.mtl using Guid(9f6f17022149b4d4b9813b6053defcba) Importer(2089858483,192608db42251d675da83286b1cce702) (ScriptedImporter) -> (artifact id: 'c5adafa48d8dd1aa0d1ff9da1e82e424') in 0.0290558 seconds
Number of updated asset objects reloaded before import = 0Number of asset objects unloaded after import = 1

========================================================================
Received Import Request.
  Time since last request: 0.000035 seconds.
  path: Assets/Kit/DungeonKit/KayKit_DungeonRemastered_1.1_FREE/Assets/obj/banner_triple_brown.obj
  artifactKey: Guid(ed5f3d71c65e43449b8ee9242a2bda7e) Importer(2089858483,192608db42251d675da83286b1cce702)
Start importing Assets/Kit/DungeonKit/KayKit_DungeonRemastered_1.1_FREE/Assets/obj/banner_triple_brown.obj using Guid(ed5f3d71c65e43449b8ee9242a2bda7e) Importer(2089858483,192608db42251d675da83286b1cce702) (ScriptedImporter) -> (artifact id: '51aa0f8f1285c66de383bbceaf0d0e28') in 0.0733601 seconds
Number of updated asset objects reloaded before import = 0Number of asset objects unloaded after import = 11

========================================================================
Received Import Request.
  Time since last request: 0.000115 seconds.
  path: Assets/Kit/DungeonKit/KayKit_DungeonRemastered_1.1_FREE/Assets/obj/banner_triple_white.mtl
  artifactKey: Guid(7d2519283f1b50444a53cd7ff5bc3937) Importer(2089858483,192608db42251d675da83286b1cce702)
Start importing Assets/Kit/DungeonKit/KayKit_DungeonRemastered_1.1_FREE/Assets/obj/banner_triple_white.mtl using Guid(7d2519283f1b50444a53cd7ff5bc3937) Importer(2089858483,192608db42251d675da83286b1cce702) (ScriptedImporter) -> (artifact id: '52e4bf1c0d8fc343f48c7fc201a9aeb9') in 0.0283873 seconds
Number of updated asset objects reloaded before import = 0Number of asset objects unloaded after import = 1

========================================================================
Received Import Request.
  Time since last request: 0.000039 seconds.
  path: Assets/Kit/DungeonKit/KayKit_DungeonRemastered_1.1_FREE/Assets/obj/banner_thin_green.obj
  artifactKey: Guid(c2af0f377abf96a4fa97a35432769d69) Importer(2089858483,192608db42251d675da83286b1cce702)
Start importing Assets/Kit/DungeonKit/KayKit_DungeonRemastered_1.1_FREE/Assets/obj/banner_thin_green.obj using Guid(c2af0f377abf96a4fa97a35432769d69) Importer(2089858483,192608db42251d675da83286b1cce702) (ScriptedImporter) -> (artifact id: '9cb84bb97d821aedf794eb7e7d2019c6') in 0.0681302 seconds
Number of updated asset objects reloaded before import = 0Number of asset objects unloaded after import = 11

========================================================================
Received Import Request.
  Time since last request: 0.000044 seconds.
  path: Assets/Kit/DungeonKit/KayKit_DungeonRemastered_1.1_FREE/Assets/obj/bottle_A_labeled_green.obj
  artifactKey: Guid(ff4250a3a266ddf449478e6bbf83c12e) Importer(2089858483,192608db42251d675da83286b1cce702)
Start importing Assets/Kit/DungeonKit/KayKit_DungeonRemastered_1.1_FREE/Assets/obj/bottle_A_labeled_green.obj using Guid(ff4250a3a266ddf449478e6bbf83c12e) Importer(2089858483,192608db42251d675da83286b1cce702) (ScriptedImporter) -> (artifact id: '2cb3fffb11f6f1c629d473eeaf8c1107') in 0.084663 seconds
Number of updated asset objects reloaded before import = 0Number of asset objects unloaded after import = 11

========================================================================
Received Import Request.
  Time since last request: 0.000069 seconds.
  path: Assets/Kit/DungeonKit/KayKit_DungeonRemastered_1.1_FREE/Assets/obj/floor_wood_large.mtl
  artifactKey: Guid(c2b5c091236b03f47b18144b998d5d37) Importer(2089858483,192608db42251d675da83286b1cce702)
Start importing Assets/Kit/DungeonKit/KayKit_DungeonRemastered_1.1_FREE/Assets/obj/floor_wood_large.mtl using Guid(c2b5c091236b03f47b18144b998d5d37) Importer(2089858483,192608db42251d675da83286b1cce702) (ScriptedImporter) -> (artifact id: '58f7027b26b5e7ad63ec76c1644174f1') in 0.0310206 seconds
Number of updated asset objects reloaded before import = 0Number of asset objects unloaded after import = 1

========================================================================
Received Import Request.
  Time since last request: 0.000127 seconds.
  path: Assets/Kit/DungeonKit/KayKit_DungeonRemastered_1.1_FREE/Assets/obj/coin_stack_small.obj
  artifactKey: Guid(28b4a9ac25621c945b6f58f3e93cb376) Importer(2089858483,192608db42251d675da83286b1cce702)
Start importing Assets/Kit/DungeonKit/KayKit_DungeonRemastered_1.1_FREE/Assets/obj/coin_stack_small.obj using Guid(28b4a9ac25621c945b6f58f3e93cb376) Importer(2089858483,192608db42251d675da83286b1cce702) (ScriptedImporter) -> (artifact id: '300131d73357e3a8f9a0b93332c11793') in 0.0747785 seconds
Number of updated asset objects reloaded before import = 0Number of asset objects unloaded after import = 11

========================================================================
Received Import Request.
  Time since last request: 0.000044 seconds.
  path: Assets/Kit/DungeonKit/KayKit_DungeonRemastered_1.1_FREE/Assets/obj/keyring.mtl
  artifactKey: Guid(78022e3ced6ccfe49831216f775611b2) Importer(2089858483,192608db42251d675da83286b1cce702)
Start importing Assets/Kit/DungeonKit/KayKit_DungeonRemastered_1.1_FREE/Assets/obj/keyring.mtl using Guid(78022e3ced6ccfe49831216f775611b2) Importer(2089858483,192608db42251d675da83286b1cce702) (ScriptedImporter) -> (artifact id: '3f1b3b405b9260358e57cafca3a07124') in 0.0332079 seconds
Number of updated asset objects reloaded before import = 0Number of asset objects unloaded after import = 1

========================================================================
Received Import Request.
  Time since last request: 0.000064 seconds.
  path: Assets/Kit/DungeonKit/KayKit_DungeonRemastered_1.1_FREE/Assets/obj/floor_tile_grate.mtl
  artifactKey: Guid(98487815f4b94a54491e8d405ebf7a2c) Importer(2089858483,192608db42251d675da83286b1cce702)
Start importing Assets/Kit/DungeonKit/KayKit_DungeonRemastered_1.1_FREE/Assets/obj/floor_tile_grate.mtl using Guid(98487815f4b94a54491e8d405ebf7a2c) Importer(2089858483,192608db42251d675da83286b1cce702) (ScriptedImporter) -> (artifact id: 'bab0fc7f8789e8613b569e9694ea4566') in 0.035696 seconds
Number of updated asset objects reloaded before import = 0Number of asset objects unloaded after import = 1

========================================================================
Received Import Request.
  Time since last request: 0.000035 seconds.
  path: Assets/Kit/DungeonKit/KayKit_DungeonRemastered_1.1_FREE/Assets/obj/key.mtl
  artifactKey: Guid(a180fbe521e0c4a4485b5b027f626bff) Importer(2089858483,192608db42251d675da83286b1cce702)
Start importing Assets/Kit/DungeonKit/KayKit_DungeonRemastered_1.1_FREE/Assets/obj/key.mtl using Guid(a180fbe521e0c4a4485b5b027f626bff) Importer(2089858483,192608db42251d675da83286b1cce702) (ScriptedImporter) -> (artifact id: 'cf27d2677e995fe00a50a09fecffb24d') in 0.032621 seconds
Number of updated asset objects reloaded before import = 0Number of asset objects unloaded after import = 1

========================================================================
Received Import Request.
  Time since last request: 0.000043 seconds.
  path: Assets/Kit/DungeonKit/KayKit_DungeonRemastered_1.1_FREE/Assets/obj/plate.obj
  artifactKey: Guid(a160c32a1075fdb4ba26042131d1b8a9) Importer(2089858483,192608db42251d675da83286b1cce702)
Start importing Assets/Kit/DungeonKit/KayKit_DungeonRemastered_1.1_FREE/Assets/obj/plate.obj using Guid(a160c32a1075fdb4ba26042131d1b8a9) Importer(2089858483,192608db42251d675da83286b1cce702) (ScriptedImporter) -> (artifact id: 'bf21320b5b07764f31187cd3eb770c2e') in 0.0812656 seconds
Number of updated asset objects reloaded before import = 0Number of asset objects unloaded after import = 11

========================================================================
Received Import Request.
  Time since last request: 0.000057 seconds.
  path: Assets/Kit/DungeonKit/KayKit_DungeonRemastered_1.1_FREE/Assets/obj/floor_tile_large.obj
  artifactKey: Guid(f6f6dbae9c57ffc4f84f2e502c6010c8) Importer(2089858483,192608db42251d675da83286b1cce702)
Start importing Assets/Kit/DungeonKit/KayKit_DungeonRemastered_1.1_FREE/Assets/obj/floor_tile_large.obj using Guid(f6f6dbae9c57ffc4f84f2e502c6010c8) Importer(2089858483,192608db42251d675da83286b1cce702) (ScriptedImporter) -> (artifact id: 'bbf52a56d1c70a2d6fa21aebbe97a0eb') in 0.0726696 seconds
Number of updated asset objects reloaded before import = 0Number of asset objects unloaded after import = 11

========================================================================
Received Import Request.
  Time since last request: 0.000036 seconds.
  path: Assets/Kit/DungeonKit/KayKit_DungeonRemastered_1.1_FREE/Assets/obj/bottle_C_green.obj
  artifactKey: Guid(01942df3b071290409f1d57b43e97530) Importer(2089858483,192608db42251d675da83286b1cce702)
Start importing Assets/Kit/DungeonKit/KayKit_DungeonRemastered_1.1_FREE/Assets/obj/bottle_C_green.obj using Guid(01942df3b071290409f1d57b43e97530) Importer(2089858483,192608db42251d675da83286b1cce702) (ScriptedImporter) -> (artifact id: '882899353661dce5f10765c61ace6f07') in 0.0805168 seconds
Number of updated asset objects reloaded before import = 0Number of asset objects unloaded after import = 11

========================================================================
Received Import Request.
  Time since last request: 0.000049 seconds.
  path: Assets/Kit/DungeonKit/KayKit_DungeonRemastered_1.1_FREE/Assets/obj/banner_triple_red.obj
  artifactKey: Guid(49d75a2f1c8cb374f854076ef850cdba) Importer(2089858483,192608db42251d675da83286b1cce702)
Start importing Assets/Kit/DungeonKit/KayKit_DungeonRemastered_1.1_FREE/Assets/obj/banner_triple_red.obj using Guid(49d75a2f1c8cb374f854076ef850cdba) Importer(2089858483,192608db42251d675da83286b1cce702) (ScriptedImporter) -> (artifact id: 'f369609ce097b5b1c9993d631b8bbb1d') in 0.0682894 seconds
Number of updated asset objects reloaded before import = 0Number of asset objects unloaded after import = 11

========================================================================
Received Import Request.
  Time since last request: 0.000051 seconds.
  path: Assets/Kit/DungeonKit/KayKit_DungeonRemastered_1.1_FREE/Assets/obj/banner_shield_yellow.mtl
  artifactKey: Guid(10299e3628f57c5459050c6e831a2388) Importer(2089858483,192608db42251d675da83286b1cce702)
Start importing Assets/Kit/DungeonKit/KayKit_DungeonRemastered_1.1_FREE/Assets/obj/banner_shield_yellow.mtl using Guid(10299e3628f57c5459050c6e831a2388) Importer(2089858483,192608db42251d675da83286b1cce702) (ScriptedImporter) -> (artifact id: '50871ff3add21efa5f8db462e2a35e46') in 0.0298318 seconds
Number of updated asset objects reloaded before import = 0Number of asset objects unloaded after import = 1

========================================================================
Received Import Request.
  Time since last request: 0.000034 seconds.
  path: Assets/Kit/DungeonKit/KayKit_DungeonRemastered_1.1_FREE/Assets/obj/coin_stack_large.obj
  artifactKey: Guid(0cbe382379846df41abff145d33615e5) Importer(2089858483,192608db42251d675da83286b1cce702)
Start importing Assets/Kit/DungeonKit/KayKit_DungeonRemastered_1.1_FREE/Assets/obj/coin_stack_large.obj using Guid(0cbe382379846df41abff145d33615e5) Importer(2089858483,192608db42251d675da83286b1cce702) (ScriptedImporter) -> (artifact id: '098ec091fb2b08392eaeaf245a55bb07') in 0.0697696 seconds
Number of updated asset objects reloaded before import = 0Number of asset objects unloaded after import = 11

========================================================================
Received Import Request.
  Time since last request: 0.000041 seconds.
  path: Assets/Kit/DungeonKit/KayKit_DungeonRemastered_1.1_FREE/Assets/obj/floor_tile_extralarge_grates_open.obj
  artifactKey: Guid(982973c5440012f45a5376f34653b26e) Importer(2089858483,192608db42251d675da83286b1cce702)
Start importing Assets/Kit/DungeonKit/KayKit_DungeonRemastered_1.1_FREE/Assets/obj/floor_tile_extralarge_grates_open.obj using Guid(982973c5440012f45a5376f34653b26e) Importer(2089858483,192608db42251d675da83286b1cce702) (ScriptedImporter) -> (artifact id: '58fbf1ad6a95b2a9a8ba8c4a80ee4126') in 0.0980771 seconds
Number of updated asset objects reloaded before import = 0Number of asset objects unloaded after import = 11

========================================================================
Received Import Request.
  Time since last request: 0.000058 seconds.
  path: Assets/Kit/DungeonKit/KayKit_DungeonRemastered_1.1_FREE/Assets/obj/floor_tile_big_grate_open.mtl
  artifactKey: Guid(3ff79e3dd8791a141a64949071658a51) Importer(2089858483,192608db42251d675da83286b1cce702)
Start importing Assets/Kit/DungeonKit/KayKit_DungeonRemastered_1.1_FREE/Assets/obj/floor_tile_big_grate_open.mtl using Guid(3ff79e3dd8791a141a64949071658a51) Importer(2089858483,192608db42251d675da83286b1cce702) (ScriptedImporter) -> (artifact id: 'e28710874a4f8fac15e76402ef4ed20e') in 0.0279918 seconds
Number of updated asset objects reloaded before import = 0Number of asset objects unloaded after import = 1

========================================================================
Received Import Request.
  Time since last request: 0.000031 seconds.
  path: Assets/Kit/DungeonKit/KayKit_DungeonRemastered_1.1_FREE/Assets/obj/barrier_half.mtl
  artifactKey: Guid(0315e9c391dd4dc4fba5371c093393f6) Importer(2089858483,192608db42251d675da83286b1cce702)
Start importing Assets/Kit/DungeonKit/KayKit_DungeonRemastered_1.1_FREE/Assets/obj/barrier_half.mtl using Guid(0315e9c391dd4dc4fba5371c093393f6) Importer(2089858483,192608db42251d675da83286b1cce702) (ScriptedImporter) -> (artifact id: 'b2118a0a7f3ed119fcc04783be99e96c') in 0.0277912 seconds
Number of updated asset objects reloaded before import = 0Number of asset objects unloaded after import = 1

========================================================================
Received Import Request.
  Time since last request: 0.000038 seconds.
  path: Assets/Kit/DungeonKit/KayKit_DungeonRemastered_1.1_FREE/Assets/obj/torch_lit.obj
  artifactKey: Guid(da76283ee249b2b4d9c6d18c9c99e726) Importer(2089858483,192608db42251d675da83286b1cce702)
Start importing Assets/Kit/DungeonKit/KayKit_DungeonRemastered_1.1_FREE/Assets/obj/torch_lit.obj using Guid(da76283ee249b2b4d9c6d18c9c99e726) Importer(2089858483,192608db42251d675da83286b1cce702) (ScriptedImporter) -> (artifact id: 'b6bde6418dc5a16d9857553c55a0fb07') in 0.0636151 seconds
Number of updated asset objects reloaded before import = 0Number of asset objects unloaded after import = 11

========================================================================
Received Import Request.
  Time since last request: 0.000043 seconds.
  path: Assets/Kit/DungeonKit/KayKit_DungeonRemastered_1.1_FREE/Assets/obj/sword_shield.obj
  artifactKey: Guid(721a727a95757cc4081fe0d3da08e14b) Importer(2089858483,192608db42251d675da83286b1cce702)
Start importing Assets/Kit/DungeonKit/KayKit_DungeonRemastered_1.1_FREE/Assets/obj/sword_shield.obj using Guid(721a727a95757cc4081fe0d3da08e14b) Importer(2089858483,192608db42251d675da83286b1cce702) (ScriptedImporter) -> (artifact id: 'e9c0f8eb840e7d05bd4b47cbfcdbaa1f') in 0.0729973 seconds
Number of updated asset objects reloaded before import = 0Number of asset objects unloaded after import = 11

========================================================================
Received Import Request.
  Time since last request: 0.000062 seconds.
  path: Assets/Kit/DungeonKit/KayKit_DungeonRemastered_1.1_FREE/Assets/obj/torch_mounted.obj
  artifactKey: Guid(84b29630e4fd5f140a458e2f16ccff14) Importer(2089858483,192608db42251d675da83286b1cce702)
Start importing Assets/Kit/DungeonKit/KayKit_DungeonRemastered_1.1_FREE/Assets/obj/torch_mounted.obj using Guid(84b29630e4fd5f140a458e2f16ccff14) Importer(2089858483,192608db42251d675da83286b1cce702) (ScriptedImporter) -> (artifact id: '0f3663756a1130e6f1b533f6417185c1') in 0.0641164 seconds
Number of updated asset objects reloaded before import = 0Number of asset objects unloaded after import = 11

========================================================================
Received Import Request.
  Time since last request: 0.000042 seconds.
  path: Assets/Kit/DungeonKit/KayKit_DungeonRemastered_1.1_FREE/Assets/obj/table_long_decorated_A.mtl
  artifactKey: Guid(9447f384bfef90c478b0fef62490f6c2) Importer(2089858483,192608db42251d675da83286b1cce702)
Start importing Assets/Kit/DungeonKit/KayKit_DungeonRemastered_1.1_FREE/Assets/obj/table_long_decorated_A.mtl using Guid(9447f384bfef90c478b0fef62490f6c2) Importer(2089858483,192608db42251d675da83286b1cce702) (ScriptedImporter) -> (artifact id: '728084eb96dfed15de48c05cc81236b0') in 0.0270557 seconds
Number of updated asset objects reloaded before import = 0Number of asset objects unloaded after import = 1

========================================================================
Received Import Request.
  Time since last request: 0.000044 seconds.
  path: Assets/Kit/DungeonKit/KayKit_DungeonRemastered_1.1_FREE/Assets/obj/table_medium_decorated_A.mtl
  artifactKey: Guid(7bcd89aeabf36244ca369fb372f81e96) Importer(2089858483,192608db42251d675da83286b1cce702)
Start importing Assets/Kit/DungeonKit/KayKit_DungeonRemastered_1.1_FREE/Assets/obj/table_medium_decorated_A.mtl using Guid(7bcd89aeabf36244ca369fb372f81e96) Importer(2089858483,192608db42251d675da83286b1cce702) (ScriptedImporter) -> (artifact id: '4d3fad861d263a43507e32d4feb6a9d3') in 0.0294398 seconds
Number of updated asset objects reloaded before import = 0Number of asset objects unloaded after import = 1

========================================================================
Received Import Request.
  Time since last request: 0.000053 seconds.
  path: Assets/Kit/DungeonKit/KayKit_DungeonRemastered_1.1_FREE/Assets/obj/stairs.obj
  artifactKey: Guid(a1b24d0f563040e43a59ecc7387b76d9) Importer(2089858483,192608db42251d675da83286b1cce702)
Start importing Assets/Kit/DungeonKit/KayKit_DungeonRemastered_1.1_FREE/Assets/obj/stairs.obj using Guid(a1b24d0f563040e43a59ecc7387b76d9) Importer(2089858483,192608db42251d675da83286b1cce702) (ScriptedImporter) -> (artifact id: 'f571e90d2ca7e462b9eab2083cdbde65') in 0.074399 seconds
Number of updated asset objects reloaded before import = 0Number of asset objects unloaded after import = 11

========================================================================
Received Import Request.
  Time since last request: 0.000036 seconds.
  path: Assets/Kit/DungeonKit/KayKit_DungeonRemastered_1.1_FREE/Assets/obj/trunk_large_B.mtl
  artifactKey: Guid(fafa55563f306ca48af0914204c156b0) Importer(2089858483,192608db42251d675da83286b1cce702)
Start importing Assets/Kit/DungeonKit/KayKit_DungeonRemastered_1.1_FREE/Assets/obj/trunk_large_B.mtl using Guid(fafa55563f306ca48af0914204c156b0) Importer(2089858483,192608db42251d675da83286b1cce702) (ScriptedImporter) -> (artifact id: '856e6bc6f48cb5a0c18326b699505fb6') in 0.0268694 seconds
Number of updated asset objects reloaded before import = 0Number of asset objects unloaded after import = 1

========================================================================
Received Import Request.
  Time since last request: 0.000038 seconds.
  path: Assets/Kit/DungeonKit/KayKit_DungeonRemastered_1.1_FREE/Assets/obj/stairs_modular_left.mtl
  artifactKey: Guid(6a6544d3b0e4a204689e3e821e5e7975) Importer(2089858483,192608db42251d675da83286b1cce702)
Start importing Assets/Kit/DungeonKit/KayKit_DungeonRemastered_1.1_FREE/Assets/obj/stairs_modular_left.mtl using Guid(6a6544d3b0e4a204689e3e821e5e7975) Importer(2089858483,192608db42251d675da83286b1cce702) (ScriptedImporter) -> (artifact id: 'affccbdb6e932295157d9f9692253fa6') in 0.0311761 seconds
Number of updated asset objects reloaded before import = 0Number of asset objects unloaded after import = 1

========================================================================
Received Import Request.
  Time since last request: 0.000097 seconds.
  path: Assets/Kit/DungeonKit/KayKit_DungeonRemastered_1.1_FREE/Assets/obj/rubble_half.mtl
  artifactKey: Guid(8d8db5ed6a7facd488555d0c0f2542d5) Importer(2089858483,192608db42251d675da83286b1cce702)
Start importing Assets/Kit/DungeonKit/KayKit_DungeonRemastered_1.1_FREE/Assets/obj/rubble_half.mtl using Guid(8d8db5ed6a7facd488555d0c0f2542d5) Importer(2089858483,192608db42251d675da83286b1cce702) (ScriptedImporter) -> (artifact id: '0d94b8c176decff33f3428e7882e8935') in 0.0306009 seconds
Number of updated asset objects reloaded before import = 0Number of asset objects unloaded after import = 1

========================================================================
Received Import Request.
  Time since last request: 0.000035 seconds.
  path: Assets/Kit/DungeonKit/KayKit_DungeonRemastered_1.1_FREE/Assets/obj/table_medium_tablecloth_decorated_B.mtl
  artifactKey: Guid(3af85d0881484434e82cec75ddaaa785) Importer(2089858483,192608db42251d675da83286b1cce702)
Start importing Assets/Kit/DungeonKit/KayKit_DungeonRemastered_1.1_FREE/Assets/obj/table_medium_tablecloth_decorated_B.mtl using Guid(3af85d0881484434e82cec75ddaaa785) Importer(2089858483,192608db42251d675da83286b1cce702) (ScriptedImporter) -> (artifact id: 'e953a479c98a9302c92e2929f5053dd0') in 0.0325982 seconds
Number of updated asset objects reloaded before import = 0Number of asset objects unloaded after import = 1

========================================================================
Received Import Request.
  Time since last request: 0.000052 seconds.
  path: Assets/Kit/DungeonKit/KayKit_DungeonRemastered_1.1_FREE/Assets/obj/trunk_small_A.obj
  artifactKey: Guid(cbba2e3d011790d439b847e20ce09e69) Importer(2089858483,192608db42251d675da83286b1cce702)
Start importing Assets/Kit/DungeonKit/KayKit_DungeonRemastered_1.1_FREE/Assets/obj/trunk_small_A.obj using Guid(cbba2e3d011790d439b847e20ce09e69) Importer(2089858483,192608db42251d675da83286b1cce702) (ScriptedImporter) -> (artifact id: '7ef6014a4680460d06f20fa92adb1da0') in 0.0701768 seconds
Number of updated asset objects reloaded before import = 0Number of asset objects unloaded after import = 11

========================================================================
Received Import Request.
  Time since last request: 0.000054 seconds.
  path: Assets/Kit/DungeonKit/KayKit_DungeonRemastered_1.1_FREE/Assets/obj/stairs_wide.obj
  artifactKey: Guid(8bed8aac9ce2e1e409039ae6350364bc) Importer(2089858483,192608db42251d675da83286b1cce702)
Start importing Assets/Kit/DungeonKit/KayKit_DungeonRemastered_1.1_FREE/Assets/obj/stairs_wide.obj using Guid(8bed8aac9ce2e1e409039ae6350364bc) Importer(2089858483,192608db42251d675da83286b1cce702) (ScriptedImporter) -> (artifact id: '74210b59bd407e001480240e9d1549e8') in 0.0775108 seconds
Number of updated asset objects reloaded before import = 0Number of asset objects unloaded after import = 11

========================================================================
Received Import Request.
  Time since last request: 0.000037 seconds.
  path: Assets/Kit/DungeonKit/KayKit_DungeonRemastered_1.1_FREE/Assets/obj/candle.obj
  artifactKey: Guid(2d54734a3daceca4da1ca45a0c69ad29) Importer(2089858483,192608db42251d675da83286b1cce702)
Start importing Assets/Kit/DungeonKit/KayKit_DungeonRemastered_1.1_FREE/Assets/obj/candle.obj using Guid(2d54734a3daceca4da1ca45a0c69ad29) Importer(2089858483,192608db42251d675da83286b1cce702) (ScriptedImporter) -> (artifact id: 'b255059bce74bfc77cfcb484eb14b063') in 0.0693098 seconds
Number of updated asset objects reloaded before import = 0Number of asset objects unloaded after import = 11

========================================================================
Received Import Request.
  Time since last request: 0.000036 seconds.
  path: Assets/Kit/DungeonKit/KayKit_DungeonRemastered_1.1_FREE/Assets/obj/floor_dirt_large.obj
  artifactKey: Guid(cd437ff046fe8924dbd341d68d79ef75) Importer(2089858483,192608db42251d675da83286b1cce702)
Start importing Assets/Kit/DungeonKit/KayKit_DungeonRemastered_1.1_FREE/Assets/obj/floor_dirt_large.obj using Guid(cd437ff046fe8924dbd341d68d79ef75) Importer(2089858483,192608db42251d675da83286b1cce702) (ScriptedImporter) -> (artifact id: '48c2c0f6dde9fc13ad998e658b382d69') in 0.0801387 seconds
Number of updated asset objects reloaded before import = 0Number of asset objects unloaded after import = 11

========================================================================
Received Import Request.
  Time since last request: 0.000056 seconds.
  path: Assets/Kit/DungeonKit/KayKit_DungeonRemastered_1.1_FREE/Assets/obj/ceiling_tile.obj
  artifactKey: Guid(5514040d96b6d8e4083fe3236defb6ef) Importer(2089858483,192608db42251d675da83286b1cce702)
Start importing Assets/Kit/DungeonKit/KayKit_DungeonRemastered_1.1_FREE/Assets/obj/ceiling_tile.obj using Guid(5514040d96b6d8e4083fe3236defb6ef) Importer(2089858483,192608db42251d675da83286b1cce702) (ScriptedImporter) -> (artifact id: 'f31ffb247252a54307e6b5e45f8936d8') in 0.0693294 seconds
Number of updated asset objects reloaded before import = 0Number of asset objects unloaded after import = 11

========================================================================
Received Import Request.
  Time since last request: 0.000039 seconds.
  path: Assets/Kit/DungeonKit/KayKit_DungeonRemastered_1.1_FREE/Assets/obj/bottle_C_green.mtl
  artifactKey: Guid(907034ed2519ccc42902574c65da554f) Importer(2089858483,192608db42251d675da83286b1cce702)
Start importing Assets/Kit/DungeonKit/KayKit_DungeonRemastered_1.1_FREE/Assets/obj/bottle_C_green.mtl using Guid(907034ed2519ccc42902574c65da554f) Importer(2089858483,192608db42251d675da83286b1cce702) (ScriptedImporter) -> (artifact id: 'f8ed5656b5f5aaabab98aea6ad36de30') in 0.0319756 seconds
Number of updated asset objects reloaded before import = 0Number of asset objects unloaded after import = 1

========================================================================
Received Import Request.
  Time since last request: 0.000040 seconds.
  path: Assets/Kit/DungeonKit/KayKit_DungeonRemastered_1.1_FREE/Assets/obj/box_stacked.mtl
  artifactKey: Guid(df210dbc879c6994391f63b7748b8742) Importer(2089858483,192608db42251d675da83286b1cce702)
Start importing Assets/Kit/DungeonKit/KayKit_DungeonRemastered_1.1_FREE/Assets/obj/box_stacked.mtl using Guid(df210dbc879c6994391f63b7748b8742) Importer(2089858483,192608db42251d675da83286b1cce702) (ScriptedImporter) -> (artifact id: '5cf4360b5a7c4d9176b20f56332cbc6e') in 0.0321013 seconds
Number of updated asset objects reloaded before import = 0Number of asset objects unloaded after import = 1

========================================================================
Received Import Request.
  Time since last request: 0.000055 seconds.
  path: Assets/Kit/DungeonKit/KayKit_DungeonRemastered_1.1_FREE/Assets/obj/bed_decorated.mtl
  artifactKey: Guid(0f1291d60360b6446909bd96049a4348) Importer(2089858483,192608db42251d675da83286b1cce702)
Start importing Assets/Kit/DungeonKit/KayKit_DungeonRemastered_1.1_FREE/Assets/obj/bed_decorated.mtl using Guid(0f1291d60360b6446909bd96049a4348) Importer(2089858483,192608db42251d675da83286b1cce702) (ScriptedImporter) -> (artifact id: '90b68ec9da40f05c93472b33b4cb29ed') in 0.0318904 seconds
Number of updated asset objects reloaded before import = 0Number of asset objects unloaded after import = 1

========================================================================
Received Import Request.
  Time since last request: 0.000040 seconds.
  path: Assets/Kit/DungeonKit/KayKit_DungeonRemastered_1.1_FREE/Assets/obj/plate_small.mtl
  artifactKey: Guid(10ec84114b59a874397e45ec7d0de93b) Importer(2089858483,192608db42251d675da83286b1cce702)
Start importing Assets/Kit/DungeonKit/KayKit_DungeonRemastered_1.1_FREE/Assets/obj/plate_small.mtl using Guid(10ec84114b59a874397e45ec7d0de93b) Importer(2089858483,192608db42251d675da83286b1cce702) (ScriptedImporter) -> (artifact id: 'e7d7950a86dcd5029a9052527fefc070') in 0.0312937 seconds
Number of updated asset objects reloaded before import = 0Number of asset objects unloaded after import = 1

========================================================================
Received Import Request.
  Time since last request: 0.000042 seconds.
  path: Assets/Kit/DungeonKit/KayKit_DungeonRemastered_1.1_FREE/Assets/obj/banner_shield_yellow.obj
  artifactKey: Guid(57bff10f62752254da8ce430feb022a8) Importer(2089858483,192608db42251d675da83286b1cce702)
Start importing Assets/Kit/DungeonKit/KayKit_DungeonRemastered_1.1_FREE/Assets/obj/banner_shield_yellow.obj using Guid(57bff10f62752254da8ce430feb022a8) Importer(2089858483,192608db42251d675da83286b1cce702) (ScriptedImporter) -> (artifact id: '5c732afb2256017f157cff2ee8e88ab9') in 0.0816677 seconds
Number of updated asset objects reloaded before import = 0Number of asset objects unloaded after import = 11

========================================================================
Received Import Request.
  Time since last request: 0.000053 seconds.
  path: Assets/Kit/DungeonKit/KayKit_DungeonRemastered_1.1_FREE/Assets/obj/trunk_medium_C.mtl
  artifactKey: Guid(3600675352e51f140a8abd892075d965) Importer(2089858483,192608db42251d675da83286b1cce702)
Start importing Assets/Kit/DungeonKit/KayKit_DungeonRemastered_1.1_FREE/Assets/obj/trunk_medium_C.mtl using Guid(3600675352e51f140a8abd892075d965) Importer(2089858483,192608db42251d675da83286b1cce702) (ScriptedImporter) -> (artifact id: 'e94ecd0841c346cd0c9468767fda3a1c') in 0.0273346 seconds
Number of updated asset objects reloaded before import = 0Number of asset objects unloaded after import = 1

========================================================================
Received Import Request.
  Time since last request: 0.000060 seconds.
  path: Assets/Kit/DungeonKit/KayKit_DungeonRemastered_1.1_FREE/Assets/obj/floor_foundation_allsides.mtl
  artifactKey: Guid(8b58430e5568dea469162625eeaa3a40) Importer(2089858483,192608db42251d675da83286b1cce702)
Start importing Assets/Kit/DungeonKit/KayKit_DungeonRemastered_1.1_FREE/Assets/obj/floor_foundation_allsides.mtl using Guid(8b58430e5568dea469162625eeaa3a40) Importer(2089858483,192608db42251d675da83286b1cce702) (ScriptedImporter) -> (artifact id: '144b01c3db831e24f8d7f3fe2bf58709') in 0.0307365 seconds
Number of updated asset objects reloaded before import = 0Number of asset objects unloaded after import = 1

========================================================================
Received Import Request.
  Time since last request: 0.000049 seconds.
  path: Assets/Kit/DungeonKit/KayKit_DungeonRemastered_1.1_FREE/Assets/obj/wall_corner.obj
  artifactKey: Guid(d2b1cd31f12087047b8eeccfee21ae0a) Importer(2089858483,192608db42251d675da83286b1cce702)
Start importing Assets/Kit/DungeonKit/KayKit_DungeonRemastered_1.1_FREE/Assets/obj/wall_corner.obj using Guid(d2b1cd31f12087047b8eeccfee21ae0a) Importer(2089858483,192608db42251d675da83286b1cce702) (ScriptedImporter) -> (artifact id: '7982d927ff7aee31b6bc30c3504c06ed') in 0.0763268 seconds
Number of updated asset objects reloaded before import = 0Number of asset objects unloaded after import = 11

========================================================================
Received Import Request.
  Time since last request: 0.000040 seconds.
  path: Assets/Kit/Enviroment/tower defense/Models/DAE format/cliff_block_rock.dae
  artifactKey: Guid(1fe9f4cadec417646a16954e99130d57) Importer(2089858483,192608db42251d675da83286b1cce702)
Start importing Assets/Kit/Enviroment/tower defense/Models/DAE format/cliff_block_rock.dae using Guid(1fe9f4cadec417646a16954e99130d57) Importer(2089858483,192608db42251d675da83286b1cce702) (ScriptedImporter) -> (artifact id: '766ed426f7611d9520c8f3a88fc866f8') in 0.090808 seconds
Number of updated asset objects reloaded before import = 0Number of asset objects unloaded after import = 9

========================================================================
Received Import Request.
  Time since last request: 0.000057 seconds.
  path: Assets/Kit/Enviroment/tower defense/Models/DAE format/bed.dae
  artifactKey: Guid(005605affbf25e348846d43d74e8cfed) Importer(2089858483,192608db42251d675da83286b1cce702)
Start importing Assets/Kit/Enviroment/tower defense/Models/DAE format/bed.dae using Guid(005605affbf25e348846d43d74e8cfed) Importer(2089858483,192608db42251d675da83286b1cce702) (ScriptedImporter) -> (artifact id: 'f9a5b8c0595f408164a72dc7e827800e') in 0.072089 seconds
Number of updated asset objects reloaded before import = 0Number of asset objects unloaded after import = 10

========================================================================
Received Import Request.
  Time since last request: 0.000056 seconds.
  path: Assets/Kit/Enviroment/tower defense/Models/DAE format/campfire_stones.dae
  artifactKey: Guid(1ef0538ea5bb237438454b32ab94d44b) Importer(2089858483,192608db42251d675da83286b1cce702)
Start importing Assets/Kit/Enviroment/tower defense/Models/DAE format/campfire_stones.dae using Guid(1ef0538ea5bb237438454b32ab94d44b) Importer(2089858483,192608db42251d675da83286b1cce702) (ScriptedImporter) -> (artifact id: '35b5684b145b26452fe72418752c1764') in 0.0798824 seconds
Number of updated asset objects reloaded before import = 0Number of asset objects unloaded after import = 8

========================================================================
Received Import Request.
  Time since last request: 0.000040 seconds.
  path: Assets/Kit/DungeonKit/KayKit_DungeonRemastered_1.1_FREE/Assets/obj/wall_shelves.mtl
  artifactKey: Guid(deb81650b12de7a41ab0efaedf31be11) Importer(2089858483,192608db42251d675da83286b1cce702)
Start importing Assets/Kit/DungeonKit/KayKit_DungeonRemastered_1.1_FREE/Assets/obj/wall_shelves.mtl using Guid(deb81650b12de7a41ab0efaedf31be11) Importer(2089858483,192608db42251d675da83286b1cce702) (ScriptedImporter) -> (artifact id: '5cffb956b80f7d9af09efc3b9e60e295') in 0.0341683 seconds
Number of updated asset objects reloaded before import = 0Number of asset objects unloaded after import = 1

========================================================================
Received Import Request.
  Time since last request: 0.000055 seconds.
  path: Assets/Kit/Enviroment/tower defense/Models/DAE format/cactus_tall.dae
  artifactKey: Guid(1d6d94408dd3b1543a5ac55292755505) Importer(2089858483,192608db42251d675da83286b1cce702)
Start importing Assets/Kit/Enviroment/tower defense/Models/DAE format/cactus_tall.dae using Guid(1d6d94408dd3b1543a5ac55292755505) Importer(2089858483,192608db42251d675da83286b1cce702) (ScriptedImporter) -> (artifact id: '4fc9b69dd347813b7a4dcb54449725b1') in 0.0652845 seconds
Number of updated asset objects reloaded before import = 0Number of asset objects unloaded after import = 8

========================================================================
Received Import Request.
  Time since last request: 0.000033 seconds.
  path: Assets/Kit/Enviroment/tower defense/Models/DAE format/bridge_side_woodRound.dae
  artifactKey: Guid(c05fd0f8ede361a42aa59829d6b09811) Importer(2089858483,192608db42251d675da83286b1cce702)
Start importing Assets/Kit/Enviroment/tower defense/Models/DAE format/bridge_side_woodRound.dae using Guid(c05fd0f8ede361a42aa59829d6b09811) Importer(2089858483,192608db42251d675da83286b1cce702) (ScriptedImporter) -> (artifact id: 'b8e217314dde36fa56d7427abebdb6bc') in 0.086931 seconds
Number of updated asset objects reloaded before import = 0Number of asset objects unloaded after import = 11

========================================================================
Received Import Request.
  Time since last request: 0.000036 seconds.
  path: Assets/Kit/DungeonKit/KayKit_DungeonRemastered_1.1_FREE/Assets/obj/wall_doorway_sides.obj
  artifactKey: Guid(a36f82cbface2654fba07c4de2d531af) Importer(2089858483,192608db42251d675da83286b1cce702)
Start importing Assets/Kit/DungeonKit/KayKit_DungeonRemastered_1.1_FREE/Assets/obj/wall_doorway_sides.obj using Guid(a36f82cbface2654fba07c4de2d531af) Importer(2089858483,192608db42251d675da83286b1cce702) (ScriptedImporter) -> (artifact id: '6a248255d0a4be6b5ffedca33659e851') in 0.0627024 seconds
Number of updated asset objects reloaded before import = 0Number of asset objects unloaded after import = 11

========================================================================
Received Import Request.
  Time since last request: 0.000053 seconds.
  path: Assets/Kit/DungeonKit/KayKit_DungeonRemastered_1.1_FREE/Assets/obj/wall_endcap.mtl
  artifactKey: Guid(33a95a8e8cfba924e9e50c0fa6638885) Importer(2089858483,192608db42251d675da83286b1cce702)
Start importing Assets/Kit/DungeonKit/KayKit_DungeonRemastered_1.1_FREE/Assets/obj/wall_endcap.mtl using Guid(33a95a8e8cfba924e9e50c0fa6638885) Importer(2089858483,192608db42251d675da83286b1cce702) (ScriptedImporter) -> (artifact id: 'a36a95eaa91427708ade045bcb82742b') in 0.0270068 seconds
Number of updated asset objects reloaded before import = 0Number of asset objects unloaded after import = 1

========================================================================
Received Import Request.
  Time since last request: 0.000032 seconds.
  path: Assets/Kit/DungeonKit/KayKit_DungeonRemastered_1.1_FREE/Assets/obj/wall_pillar.mtl
  artifactKey: Guid(12c61633844e1fb4f898f30c267ab04a) Importer(2089858483,192608db42251d675da83286b1cce702)
Start importing Assets/Kit/DungeonKit/KayKit_DungeonRemastered_1.1_FREE/Assets/obj/wall_pillar.mtl using Guid(12c61633844e1fb4f898f30c267ab04a) Importer(2089858483,192608db42251d675da83286b1cce702) (ScriptedImporter) -> (artifact id: '263dd60d8ed4dcd5bc07238da48b5fd3') in 0.0282134 seconds
Number of updated asset objects reloaded before import = 0Number of asset objects unloaded after import = 1

========================================================================
Received Import Request.
  Time since last request: 0.000041 seconds.
  path: Assets/Kit/Enviroment/tower defense/Models/DAE format/bridge_stone.dae
  artifactKey: Guid(fc1f07b9626578845a04c4461592278e) Importer(2089858483,192608db42251d675da83286b1cce702)
Start importing Assets/Kit/Enviroment/tower defense/Models/DAE format/bridge_stone.dae using Guid(fc1f07b9626578845a04c4461592278e) Importer(2089858483,192608db42251d675da83286b1cce702) (ScriptedImporter) -> (artifact id: '9e31917a8b7ceacb04942bef7304dc61') in 0.07597 seconds
Number of updated asset objects reloaded before import = 0Number of asset objects unloaded after import = 9

========================================================================
Received Import Request.
  Time since last request: 0.000049 seconds.
  path: Assets/Kit/DungeonKit/KayKit_DungeonRemastered_1.1_FREE/Assets/obj/wall_doorway_scaffold.mtl
  artifactKey: Guid(c6aac89f0ee31d6409427b15d5db8708) Importer(2089858483,192608db42251d675da83286b1cce702)
Start importing Assets/Kit/DungeonKit/KayKit_DungeonRemastered_1.1_FREE/Assets/obj/wall_doorway_scaffold.mtl using Guid(c6aac89f0ee31d6409427b15d5db8708) Importer(2089858483,192608db42251d675da83286b1cce702) (ScriptedImporter) -> (artifact id: 'f8b41dc5724faa3dbd2dd2027963399d') in 0.0305871 seconds
Number of updated asset objects reloaded before import = 0Number of asset objects unloaded after import = 1

========================================================================
Received Import Request.
  Time since last request: 0.000054 seconds.
  path: Assets/Kit/Enviroment/tower defense/Models/DAE format/bridge_stoneRoundNarrow.dae
  artifactKey: Guid(bc28455c54b15ab469ff21461a9c04f6) Importer(2089858483,192608db42251d675da83286b1cce702)
Start importing Assets/Kit/Enviroment/tower defense/Models/DAE format/bridge_stoneRoundNarrow.dae using Guid(bc28455c54b15ab469ff21461a9c04f6) Importer(2089858483,192608db42251d675da83286b1cce702) (ScriptedImporter) -> (artifact id: '7c8d4372e82fd82ab02e24afb244a1c2') in 0.070872 seconds
Number of updated asset objects reloaded before import = 0Number of asset objects unloaded after import = 9

========================================================================
Received Import Request.
  Time since last request: 0.000034 seconds.
  path: Assets/Kit/DungeonKit/KayKit_DungeonRemastered_1.1_FREE/Assets/obj/wall_window_open_scaffold.obj
  artifactKey: Guid(84d48d9d2b0e8544fa2782d0778bfa8b) Importer(2089858483,192608db42251d675da83286b1cce702)
Start importing Assets/Kit/DungeonKit/KayKit_DungeonRemastered_1.1_FREE/Assets/obj/wall_window_open_scaffold.obj using Guid(84d48d9d2b0e8544fa2782d0778bfa8b) Importer(2089858483,192608db42251d675da83286b1cce702) (ScriptedImporter) -> (artifact id: 'ed0009e6c4065329c1b98dfee36a4eec') in 0.0748662 seconds
Number of updated asset objects reloaded before import = 0Number of asset objects unloaded after import = 11

========================================================================
Received Import Request.
  Time since last request: 0.000041 seconds.
  path: Assets/Kit/Enviroment/tower defense/Models/DAE format/cliff_blockQuarter_stone.dae
  artifactKey: Guid(1b0a284b1ffe9c7498276ee6a1a15503) Importer(2089858483,192608db42251d675da83286b1cce702)
Start importing Assets/Kit/Enviroment/tower defense/Models/DAE format/cliff_blockQuarter_stone.dae using Guid(1b0a284b1ffe9c7498276ee6a1a15503) Importer(2089858483,192608db42251d675da83286b1cce702) (ScriptedImporter) -> (artifact id: '6e45823959eccc2b68dca0df419cc47f') in 0.0688035 seconds
Number of updated asset objects reloaded before import = 0Number of asset objects unloaded after import = 9

========================================================================
Received Import Request.
  Time since last request: 0.000056 seconds.
  path: Assets/Kit/DungeonKit/KayKit_DungeonRemastered_1.1_FREE/Assets/obj/wall_doorway_scaffold.obj
  artifactKey: Guid(04ffe2b142dd310438f0cf53337fbefc) Importer(2089858483,192608db42251d675da83286b1cce702)
Start importing Assets/Kit/DungeonKit/KayKit_DungeonRemastered_1.1_FREE/Assets/obj/wall_doorway_scaffold.obj using Guid(04ffe2b142dd310438f0cf53337fbefc) Importer(2089858483,192608db42251d675da83286b1cce702) (ScriptedImporter) -> (artifact id: '622cfe37b84c6312d363c14db09933e8') in 0.0815527 seconds
Number of updated asset objects reloaded before import = 0Number of asset objects unloaded after import = 11

========================================================================
Received Import Request.
  Time since last request: 0.000038 seconds.
  path: Assets/Kit/Enviroment/tower defense/Models/DAE format/cliff_blockDiagonal_rock.dae
  artifactKey: Guid(0825c217e04b7a943a58a2f14146e579) Importer(2089858483,192608db42251d675da83286b1cce702)
Start importing Assets/Kit/Enviroment/tower defense/Models/DAE format/cliff_blockDiagonal_rock.dae using Guid(0825c217e04b7a943a58a2f14146e579) Importer(2089858483,192608db42251d675da83286b1cce702) (ScriptedImporter) -> (artifact id: 'b9737ab813638e6b26defe85cfc60521') in 0.0742936 seconds
Number of updated asset objects reloaded before import = 0Number of asset objects unloaded after import = 9

========================================================================
Received Import Request.
  Time since last request: 0.000045 seconds.
  path: Assets/Kit/Enviroment/tower defense/Models/DAE format/bridge_center_stone.dae
  artifactKey: Guid(3025c33929e0ba746a1e9a1b3c6fbe2b) Importer(2089858483,192608db42251d675da83286b1cce702)
Start importing Assets/Kit/Enviroment/tower defense/Models/DAE format/bridge_center_stone.dae using Guid(3025c33929e0ba746a1e9a1b3c6fbe2b) Importer(2089858483,192608db42251d675da83286b1cce702) (ScriptedImporter) -> (artifact id: 'e7a17fdc5fe6984b7c3b9a9a02da1d40') in 0.089501 seconds
Number of updated asset objects reloaded before import = 0Number of asset objects unloaded after import = 9

========================================================================
Received Import Request.
  Time since last request: 0.000053 seconds.
  path: Assets/Kit/DungeonKit/KayKit_DungeonRemastered_1.1_FREE/Assets/obj/stairs_long.obj
  artifactKey: Guid(45f1047ff0290a547b1dfd2623673e0f) Importer(2089858483,192608db42251d675da83286b1cce702)
Start importing Assets/Kit/DungeonKit/KayKit_DungeonRemastered_1.1_FREE/Assets/obj/stairs_long.obj using Guid(45f1047ff0290a547b1dfd2623673e0f) Importer(2089858483,192608db42251d675da83286b1cce702) (ScriptedImporter) -> (artifact id: '7dd5af2c972e91f321831fa3028391b4') in 0.0651479 seconds
Number of updated asset objects reloaded before import = 0Number of asset objects unloaded after import = 11

========================================================================
Received Import Request.
  Time since last request: 0.000035 seconds.
  path: Assets/Kit/Enviroment/tower defense/Models/DAE format/cliff_halfCorner_stone.dae
  artifactKey: Guid(86eb83efe081bd146a5ac2ba5c4a9a21) Importer(2089858483,192608db42251d675da83286b1cce702)
Start importing Assets/Kit/Enviroment/tower defense/Models/DAE format/cliff_halfCorner_stone.dae using Guid(86eb83efe081bd146a5ac2ba5c4a9a21) Importer(2089858483,192608db42251d675da83286b1cce702) (ScriptedImporter) -> (artifact id: '0bb3bd0bbf0036a61a0dc81110755bf8') in 0.0746489 seconds
Number of updated asset objects reloaded before import = 0Number of asset objects unloaded after import = 9

========================================================================
Received Import Request.
  Time since last request: 0.000037 seconds.
  path: Assets/Kit/Enviroment/tower defense/Models/DAE format/crops_dirtSingle.dae
  artifactKey: Guid(227545ae1052fb749b72c37930ff10b7) Importer(2089858483,192608db42251d675da83286b1cce702)
Start importing Assets/Kit/Enviroment/tower defense/Models/DAE format/crops_dirtSingle.dae using Guid(227545ae1052fb749b72c37930ff10b7) Importer(2089858483,192608db42251d675da83286b1cce702) (ScriptedImporter) -> (artifact id: '4b1a3834be66f2062fbdd662cab8eaf3') in 0.078366 seconds
Number of updated asset objects reloaded before import = 0Number of asset objects unloaded after import = 9

========================================================================
Received Import Request.
  Time since last request: 0.000059 seconds.
  path: Assets/Kit/Enviroment/tower defense/Models/DAE format/flower_yellowB.dae
  artifactKey: Guid(8856cda478cfe3841bf5f6417f3bcff6) Importer(2089858483,192608db42251d675da83286b1cce702)
Start importing Assets/Kit/Enviroment/tower defense/Models/DAE format/flower_yellowB.dae using Guid(8856cda478cfe3841bf5f6417f3bcff6) Importer(2089858483,192608db42251d675da83286b1cce702) (ScriptedImporter) -> (artifact id: '50de4fe55b9632b4bac99281310ac5b6') in 0.0669578 seconds
Number of updated asset objects reloaded before import = 0Number of asset objects unloaded after import = 9

========================================================================
Received Import Request.
  Time since last request: 0.000038 seconds.
  path: Assets/Kit/Enviroment/tower defense/Models/DAE format/ground_pathBendBank.dae
  artifactKey: Guid(5d689baedab082941b79fd5235c33381) Importer(2089858483,192608db42251d675da83286b1cce702)
Start importing Assets/Kit/Enviroment/tower defense/Models/DAE format/ground_pathBendBank.dae using Guid(5d689baedab082941b79fd5235c33381) Importer(2089858483,192608db42251d675da83286b1cce702) (ScriptedImporter) -> (artifact id: '5f1eb7a784014413f266dc2946d1b587') in 0.0960657 seconds
Number of updated asset objects reloaded before import = 0Number of asset objects unloaded after import = 10

========================================================================
Received Import Request.
  Time since last request: 0.000036 seconds.
  path: Assets/Kit/Enviroment/tower defense/Models/DAE format/cliff_halfCornerInner_rock.dae
  artifactKey: Guid(77084431a9af42e4cb539210d8f8dbc1) Importer(2089858483,192608db42251d675da83286b1cce702)
Start importing Assets/Kit/Enviroment/tower defense/Models/DAE format/cliff_halfCornerInner_rock.dae using Guid(77084431a9af42e4cb539210d8f8dbc1) Importer(2089858483,192608db42251d675da83286b1cce702) (ScriptedImporter) -> (artifact id: 'a7ad8f2d2ac68389eef27b36f4d154c3') in 0.0833912 seconds
Number of updated asset objects reloaded before import = 0Number of asset objects unloaded after import = 10

========================================================================
Received Import Request.
  Time since last request: 0.000048 seconds.
  path: Assets/Kit/Enviroment/tower defense/Models/DAE format/ground_pathCornerSmall.dae
  artifactKey: Guid(6fdbb55ad6b34114eabf89bf3558b5ef) Importer(2089858483,192608db42251d675da83286b1cce702)
Start importing Assets/Kit/Enviroment/tower defense/Models/DAE format/ground_pathCornerSmall.dae using Guid(6fdbb55ad6b34114eabf89bf3558b5ef) Importer(2089858483,192608db42251d675da83286b1cce702) (ScriptedImporter) -> (artifact id: '4a508ee0350c0fccf91071c67124648f') in 0.0675921 seconds
Number of updated asset objects reloaded before import = 0Number of asset objects unloaded after import = 10

========================================================================
Received Import Request.
  Time since last request: 0.000035 seconds.
  path: Assets/Kit/Enviroment/tower defense/Models/DAE format/cliff_cornerLarge_stone.dae
  artifactKey: Guid(64e580ca1d9c1b9499edc6afacb575e4) Importer(2089858483,192608db42251d675da83286b1cce702)
Start importing Assets/Kit/Enviroment/tower defense/Models/DAE format/cliff_cornerLarge_stone.dae using Guid(64e580ca1d9c1b9499edc6afacb575e4) Importer(2089858483,192608db42251d675da83286b1cce702) (ScriptedImporter) -> (artifact id: '3452fd7933b838990c10f9e3fadc57bf') in 0.0733972 seconds
Number of updated asset objects reloaded before import = 0Number of asset objects unloaded after import = 8

========================================================================
Received Import Request.
  Time since last request: 0.000035 seconds.
  path: Assets/Kit/Enviroment/tower defense/Models/DAE format/cliff_topDiagonal_rock.dae
  artifactKey: Guid(9ddd1dda59da73c428ffad3f7e3da665) Importer(2089858483,192608db42251d675da83286b1cce702)
Start importing Assets/Kit/Enviroment/tower defense/Models/DAE format/cliff_topDiagonal_rock.dae using Guid(9ddd1dda59da73c428ffad3f7e3da665) Importer(2089858483,192608db42251d675da83286b1cce702) (ScriptedImporter) -> (artifact id: '2048a5a0be32563cb6db7bd1bbef1b29') in 0.0680519 seconds
Number of updated asset objects reloaded before import = 0Number of asset objects unloaded after import = 9

========================================================================
Received Import Request.
  Time since last request: 0.000068 seconds.
  path: Assets/Kit/Enviroment/tower defense/Models/DAE format/cliff_steps_rock.dae
  artifactKey: Guid(60df3c9c13714c14fbd2ebf55ebf4a4b) Importer(2089858483,192608db42251d675da83286b1cce702)
Start importing Assets/Kit/Enviroment/tower defense/Models/DAE format/cliff_steps_rock.dae using Guid(60df3c9c13714c14fbd2ebf55ebf4a4b) Importer(2089858483,192608db42251d675da83286b1cce702) (ScriptedImporter) -> (artifact id: 'e2bd5dc5ee892dd54cd9ee0f1a15a3e3') in 0.0685725 seconds
Number of updated asset objects reloaded before import = 0Number of asset objects unloaded after import = 9

========================================================================
Received Import Request.
  Time since last request: 0.000031 seconds.
  path: Assets/Kit/Enviroment/tower defense/Models/DAE format/ground_pathSideOpen.dae
  artifactKey: Guid(a1be242c7083c214f9f9380aae72b43e) Importer(2089858483,192608db42251d675da83286b1cce702)
Start importing Assets/Kit/Enviroment/tower defense/Models/DAE format/ground_pathSideOpen.dae using Guid(a1be242c7083c214f9f9380aae72b43e) Importer(2089858483,192608db42251d675da83286b1cce702) (ScriptedImporter) -> (artifact id: 'aed9cb6e2ccb9953bc1f4e8cfa22edf6') in 0.0743543 seconds
Number of updated asset objects reloaded before import = 0Number of asset objects unloaded after import = 10

========================================================================
Received Import Request.
  Time since last request: 0.000043 seconds.
  path: Assets/Kit/Enviroment/tower defense/Models/DAE format/fence_simpleLow.dae
  artifactKey: Guid(34ef64a60314f804485efdafd610db3f) Importer(2089858483,192608db42251d675da83286b1cce702)
Start importing Assets/Kit/Enviroment/tower defense/Models/DAE format/fence_simpleLow.dae using Guid(34ef64a60314f804485efdafd610db3f) Importer(2089858483,192608db42251d675da83286b1cce702) (ScriptedImporter) -> (artifact id: '83bd3908432e69117fdfeb8cdb4ea80b') in 0.0607551 seconds
Number of updated asset objects reloaded before import = 0Number of asset objects unloaded after import = 8

========================================================================
Received Import Request.
  Time since last request: 0.000046 seconds.
  path: Assets/Kit/Enviroment/tower defense/Models/DAE format/crops_wheatStageA.dae
  artifactKey: Guid(01ab6e0c5ea67664ca0dc4a504ab21fc) Importer(2089858483,192608db42251d675da83286b1cce702)
Start importing Assets/Kit/Enviroment/tower defense/Models/DAE format/crops_wheatStageA.dae using Guid(01ab6e0c5ea67664ca0dc4a504ab21fc) Importer(2089858483,192608db42251d675da83286b1cce702) (ScriptedImporter) -> (artifact id: '0f87763c1bb327e81c652b7d460db2b0') in 0.0666532 seconds
Number of updated asset objects reloaded before import = 0Number of asset objects unloaded after import = 8

========================================================================
Received Import Request.
  Time since last request: 0.000031 seconds.
  path: Assets/Kit/Enviroment/tower defense/Models/DAE format/crop_pumpkin.dae
  artifactKey: Guid(defd6ec8b45bc94468b54abba8cd1b42) Importer(2089858483,192608db42251d675da83286b1cce702)
Start importing Assets/Kit/Enviroment/tower defense/Models/DAE format/crop_pumpkin.dae using Guid(defd6ec8b45bc94468b54abba8cd1b42) Importer(2089858483,192608db42251d675da83286b1cce702) (ScriptedImporter) -> (artifact id: '85cec63e1bd6dcfad07576dd7a59c2a1') in 0.067954 seconds
Number of updated asset objects reloaded before import = 0Number of asset objects unloaded after import = 9

========================================================================
Received Import Request.
  Time since last request: 0.000043 seconds.
  path: Assets/Kit/Enviroment/tower defense/Models/DAE format/cliff_steps_stone.dae
  artifactKey: Guid(e5a5e36d0e748764184948d5142ddfae) Importer(2089858483,192608db42251d675da83286b1cce702)
Start importing Assets/Kit/Enviroment/tower defense/Models/DAE format/cliff_steps_stone.dae using Guid(e5a5e36d0e748764184948d5142ddfae) Importer(2089858483,192608db42251d675da83286b1cce702) (ScriptedImporter) -> (artifact id: 'c0b2b33cb3ccc4ca70556b2c58662630') in 0.0658765 seconds
Number of updated asset objects reloaded before import = 0Number of asset objects unloaded after import = 9

========================================================================
Received Import Request.
  Time since last request: 0.000049 seconds.
  path: Assets/Kit/Enviroment/tower defense/Models/DAE format/cliff_stepsCorner_rock.dae
  artifactKey: Guid(50db1047ebfbaaa468800edb12df9cd3) Importer(2089858483,192608db42251d675da83286b1cce702)
Start importing Assets/Kit/Enviroment/tower defense/Models/DAE format/cliff_stepsCorner_rock.dae using Guid(50db1047ebfbaaa468800edb12df9cd3) Importer(2089858483,192608db42251d675da83286b1cce702) (ScriptedImporter) -> (artifact id: '7139d64852ea61149b081674c6dd2dc3') in 0.060552 seconds
Number of updated asset objects reloaded before import = 0Number of asset objects unloaded after import = 9

========================================================================
Received Import Request.
  Time since last request: 0.000036 seconds.
  path: Assets/Kit/Enviroment/tower defense/Models/DAE format/crops_cornStageB.dae
  artifactKey: Guid(5045ad5a54a75704db2c00cdc666b58d) Importer(2089858483,192608db42251d675da83286b1cce702)
Start importing Assets/Kit/Enviroment/tower defense/Models/DAE format/crops_cornStageB.dae using Guid(5045ad5a54a75704db2c00cdc666b58d) Importer(2089858483,192608db42251d675da83286b1cce702) (ScriptedImporter) -> (artifact id: 'dadf1fe54a60da3693a74dd4b45fb2e4') in 0.08126 seconds
Number of updated asset objects reloaded before import = 0Number of asset objects unloaded after import = 8

========================================================================
Received Import Request.
  Time since last request: 0.000061 seconds.
  path: Assets/Kit/Enviroment/tower defense/Models/DAE format/fence_planks.dae
  artifactKey: Guid(16ae3a4536aed254c857a7cd5ad0a1c1) Importer(2089858483,192608db42251d675da83286b1cce702)
Start importing Assets/Kit/Enviroment/tower defense/Models/DAE format/fence_planks.dae using Guid(16ae3a4536aed254c857a7cd5ad0a1c1) Importer(2089858483,192608db42251d675da83286b1cce702) (ScriptedImporter) -> (artifact id: '81a2b0eb838b103335f6bcbfb90cf837') in 0.0661651 seconds
Number of updated asset objects reloaded before import = 0Number of asset objects unloaded after import = 8

========================================================================
Received Import Request.
  Time since last request: 0.000053 seconds.
  path: Assets/Kit/Enviroment/tower defense/Models/DAE format/flower_redC.dae
  artifactKey: Guid(4299d06ca2bddf8409f0c3c5b6fa9e97) Importer(2089858483,192608db42251d675da83286b1cce702)
Start importing Assets/Kit/Enviroment/tower defense/Models/DAE format/flower_redC.dae using Guid(4299d06ca2bddf8409f0c3c5b6fa9e97) Importer(2089858483,192608db42251d675da83286b1cce702) (ScriptedImporter) -> (artifact id: '19504e92c078c07087f90e728c61c03c') in 0.0753553 seconds
Number of updated asset objects reloaded before import = 0Number of asset objects unloaded after import = 10

========================================================================
Received Import Request.
  Time since last request: 0.000032 seconds.
  path: Assets/Kit/Enviroment/tower defense/Models/DAE format/rock_smallH.dae
  artifactKey: Guid(1176237e03a14e24189d0d155ac02906) Importer(2089858483,192608db42251d675da83286b1cce702)
Start importing Assets/Kit/Enviroment/tower defense/Models/DAE format/rock_smallH.dae using Guid(1176237e03a14e24189d0d155ac02906) Importer(2089858483,192608db42251d675da83286b1cce702) (ScriptedImporter) -> (artifact id: 'fd864bbc3d195917c715e5f2a5d91936') in 0.0699378 seconds
Number of updated asset objects reloaded before import = 0Number of asset objects unloaded after import = 9

========================================================================
Received Import Request.
  Time since last request: 0.000039 seconds.
  path: Assets/Kit/Enviroment/tower defense/Models/DAE format/log.dae
  artifactKey: Guid(f7d87b941127f5f46b1dffaf2db13a66) Importer(2089858483,192608db42251d675da83286b1cce702)
Start importing Assets/Kit/Enviroment/tower defense/Models/DAE format/log.dae using Guid(f7d87b941127f5f46b1dffaf2db13a66) Importer(2089858483,192608db42251d675da83286b1cce702) (ScriptedImporter) -> (artifact id: 'b16967d0a7c36979b18b5930658c8ddd') in 0.0638139 seconds
Number of updated asset objects reloaded before import = 0Number of asset objects unloaded after import = 9

========================================================================
Received Import Request.
  Time since last request: 0.000076 seconds.
  path: Assets/Kit/Enviroment/tower defense/Models/DAE format/rock_smallD.dae
  artifactKey: Guid(1be310cf5d0d05344ac74d4ecd356997) Importer(2089858483,192608db42251d675da83286b1cce702)
Start importing Assets/Kit/Enviroment/tower defense/Models/DAE format/rock_smallD.dae using Guid(1be310cf5d0d05344ac74d4ecd356997) Importer(2089858483,192608db42251d675da83286b1cce702) (ScriptedImporter) -> (artifact id: 'ef9d9560201b5624e2b641eeb5a97f10') in 0.0713422 seconds
Number of updated asset objects reloaded before import = 0Number of asset objects unloaded after import = 9

========================================================================
Received Import Request.
  Time since last request: 0.000038 seconds.
  path: Assets/Kit/Enviroment/tower defense/Models/DAE format/ground_riverCross.dae
  artifactKey: Guid(47f974a53888fd745a17231fd111c96a) Importer(2089858483,192608db42251d675da83286b1cce702)
Start importing Assets/Kit/Enviroment/tower defense/Models/DAE format/ground_riverCross.dae using Guid(47f974a53888fd745a17231fd111c96a) Importer(2089858483,192608db42251d675da83286b1cce702) (ScriptedImporter) -> (artifact id: '50458a748e1547ff347e4e361eccfd8c') in 0.0792582 seconds
Number of updated asset objects reloaded before import = 0Number of asset objects unloaded after import = 11

========================================================================
Received Import Request.
  Time since last request: 0.000039 seconds.
  path: Assets/Kit/Enviroment/tower defense/Models/DAE format/lily_small.dae
  artifactKey: Guid(4eb5b9eb85080cf4aaa92128e115f057) Importer(2089858483,192608db42251d675da83286b1cce702)
Start importing Assets/Kit/Enviroment/tower defense/Models/DAE format/lily_small.dae using Guid(4eb5b9eb85080cf4aaa92128e115f057) Importer(2089858483,192608db42251d675da83286b1cce702) (ScriptedImporter) -> (artifact id: 'c729c729afc0dbadabddadf2e9a0d437') in 0.0621087 seconds
Number of updated asset objects reloaded before import = 0Number of asset objects unloaded after import = 9

========================================================================
Received Import Request.
  Time since last request: 0.000054 seconds.
  path: Assets/Kit/Enviroment/tower defense/Models/DAE format/rock_smallA.dae
  artifactKey: Guid(e304bc2052a51544ea5fe45d949d5f20) Importer(2089858483,192608db42251d675da83286b1cce702)
Start importing Assets/Kit/Enviroment/tower defense/Models/DAE format/rock_smallA.dae using Guid(e304bc2052a51544ea5fe45d949d5f20) Importer(2089858483,192608db42251d675da83286b1cce702) (ScriptedImporter) -> (artifact id: '79486e16fbfee109057b1a55a27fbf1b') in 0.0697016 seconds
Number of updated asset objects reloaded before import = 0Number of asset objects unloaded after import = 9

========================================================================
Received Import Request.
  Time since last request: 0.000036 seconds.
  path: Assets/Kit/Enviroment/tower defense/Models/DAE format/statue_block.dae
  artifactKey: Guid(cfc7192d3db460443a42bbe13808d5d7) Importer(2089858483,192608db42251d675da83286b1cce702)
Start importing Assets/Kit/Enviroment/tower defense/Models/DAE format/statue_block.dae using Guid(cfc7192d3db460443a42bbe13808d5d7) Importer(2089858483,192608db42251d675da83286b1cce702) (ScriptedImporter) -> (artifact id: '4631159fcd188351b534e7b3ee4fc2e8') in 0.0655856 seconds
Number of updated asset objects reloaded before import = 0Number of asset objects unloaded after import = 9

========================================================================
Received Import Request.
  Time since last request: 0.000064 seconds.
  path: Assets/Kit/Enviroment/tower defense/Models/DAE format/rock_tallC.dae
  artifactKey: Guid(ce0b78fa28bc61e409c24b2979f9750e) Importer(2089858483,192608db42251d675da83286b1cce702)
Start importing Assets/Kit/Enviroment/tower defense/Models/DAE format/rock_tallC.dae using Guid(ce0b78fa28bc61e409c24b2979f9750e) Importer(2089858483,192608db42251d675da83286b1cce702) (ScriptedImporter) -> (artifact id: '81d8d92c8800dfc77e35b1597c7628a3') in 0.0622753 seconds
Number of updated asset objects reloaded before import = 0Number of asset objects unloaded after import = 10

========================================================================
Received Import Request.
  Time since last request: 0.000088 seconds.
  path: Assets/Kit/Enviroment/tower defense/Models/DAE format/fence_simpleDiagonalCenter.dae
  artifactKey: Guid(bf406008b5b06204da320d3670b565b5) Importer(2089858483,192608db42251d675da83286b1cce702)
Start importing Assets/Kit/Enviroment/tower defense/Models/DAE format/fence_simpleDiagonalCenter.dae using Guid(bf406008b5b06204da320d3670b565b5) Importer(2089858483,192608db42251d675da83286b1cce702) (ScriptedImporter) -> (artifact id: '0400a74d051c6276fc4fa0c9a181d5bb') in 0.1033891 seconds
Number of updated asset objects reloaded before import = 0Number of asset objects unloaded after import = 10

========================================================================
Received Import Request.
  Time since last request: 0.000035 seconds.
  path: Assets/Kit/DungeonKit/KayKit_DungeonRemastered_1.1_FREE/Assets/obj/table_small_decorated_B.mtl
  artifactKey: Guid(7be830b4d4038d84ba60fc6e91edd592) Importer(2089858483,192608db42251d675da83286b1cce702)
Start importing Assets/Kit/DungeonKit/KayKit_DungeonRemastered_1.1_FREE/Assets/obj/table_small_decorated_B.mtl using Guid(7be830b4d4038d84ba60fc6e91edd592) Importer(2089858483,192608db42251d675da83286b1cce702) (ScriptedImporter) -> (artifact id: '770e2e3f4333cd05ec65d5cae1ecfdc2') in 0.0207131 seconds
Number of updated asset objects reloaded before import = 0Number of asset objects unloaded after import = 1

========================================================================
Received Import Request.
  Time since last request: 0.000053 seconds.
  path: Assets/Kit/DungeonKit/KayKit_DungeonRemastered_1.1_FREE/Assets/obj/floor_tile_extralarge_grates_open.mtl
  artifactKey: Guid(f083524b9756239428e558625b4c8d4d) Importer(2089858483,192608db42251d675da83286b1cce702)
Start importing Assets/Kit/DungeonKit/KayKit_DungeonRemastered_1.1_FREE/Assets/obj/floor_tile_extralarge_grates_open.mtl using Guid(f083524b9756239428e558625b4c8d4d) Importer(2089858483,192608db42251d675da83286b1cce702) (ScriptedImporter) -> (artifact id: 'b7d8c5592a1ffa26390587aeceb15d97') in 0.0270414 seconds
Number of updated asset objects reloaded before import = 0Number of asset objects unloaded after import = 1

========================================================================
Received Import Request.
  Time since last request: 0.000063 seconds.
  path: Assets/Kit/DungeonKit/KayKit_DungeonRemastered_1.1_FREE/Assets/obj/table_medium_broken.mtl
  artifactKey: Guid(a4c91d21bcf4fd44eaa9a6fe014ad92c) Importer(2089858483,192608db42251d675da83286b1cce702)
Start importing Assets/Kit/DungeonKit/KayKit_DungeonRemastered_1.1_FREE/Assets/obj/table_medium_broken.mtl using Guid(a4c91d21bcf4fd44eaa9a6fe014ad92c) Importer(2089858483,192608db42251d675da83286b1cce702) (ScriptedImporter) -> (artifact id: '5f43a2c6192043bd5fef99bf4f11206a') in 0.0277126 seconds
Number of updated asset objects reloaded before import = 0Number of asset objects unloaded after import = 1

========================================================================
Received Import Request.
  Time since last request: 0.000035 seconds.
  path: Assets/Kit/DungeonKit/KayKit_DungeonRemastered_1.1_FREE/Assets/obj/ceiling_tile.mtl
  artifactKey: Guid(b0605456b8967c14f8b65ed5e663c40a) Importer(2089858483,192608db42251d675da83286b1cce702)
Start importing Assets/Kit/DungeonKit/KayKit_DungeonRemastered_1.1_FREE/Assets/obj/ceiling_tile.mtl using Guid(b0605456b8967c14f8b65ed5e663c40a) Importer(2089858483,192608db42251d675da83286b1cce702) (ScriptedImporter) -> (artifact id: '9c706eac7e45a1d4cab945f5a220e58c') in 0.0277059 seconds
Number of updated asset objects reloaded before import = 0Number of asset objects unloaded after import = 1

========================================================================
Received Import Request.
  Time since last request: 0.000054 seconds.
  path: Assets/Kit/DungeonKit/KayKit_DungeonRemastered_1.1_FREE/Assets/obj/banner_thin_yellow.obj
  artifactKey: Guid(6bc39d20023882c4883a0451bed5d9c6) Importer(2089858483,192608db42251d675da83286b1cce702)
Start importing Assets/Kit/DungeonKit/KayKit_DungeonRemastered_1.1_FREE/Assets/obj/banner_thin_yellow.obj using Guid(6bc39d20023882c4883a0451bed5d9c6) Importer(2089858483,192608db42251d675da83286b1cce702) (ScriptedImporter) -> (artifact id: 'd0dc794a939c1421b6f7afdae6079d69') in 0.0699046 seconds
Number of updated asset objects reloaded before import = 0Number of asset objects unloaded after import = 11

========================================================================
Received Import Request.
  Time since last request: 0.000041 seconds.
  path: Assets/Kit/DungeonKit/KayKit_DungeonRemastered_1.1_FREE/Assets/obj/chair.mtl
  artifactKey: Guid(f022e589aeca3b64b9e896c1cae9ee23) Importer(2089858483,192608db42251d675da83286b1cce702)
Start importing Assets/Kit/DungeonKit/KayKit_DungeonRemastered_1.1_FREE/Assets/obj/chair.mtl using Guid(f022e589aeca3b64b9e896c1cae9ee23) Importer(2089858483,192608db42251d675da83286b1cce702) (ScriptedImporter) -> (artifact id: '9590190accc3dfcacaac31690dc7e4b1') in 0.0248798 seconds
Number of updated asset objects reloaded before import = 0Number of asset objects unloaded after import = 1

========================================================================
Received Import Request.
  Time since last request: 0.000049 seconds.
  path: Assets/Kit/Enviroment/tower defense/Models/DAE format/bridge_woodRound.dae
  artifactKey: Guid(cdfa16a9ce5f20944855019d37319b0f) Importer(2089858483,192608db42251d675da83286b1cce702)
Start importing Assets/Kit/Enviroment/tower defense/Models/DAE format/bridge_woodRound.dae using Guid(cdfa16a9ce5f20944855019d37319b0f) Importer(2089858483,192608db42251d675da83286b1cce702) (ScriptedImporter) -> (artifact id: '0312535539227ff5e40813bc6ba800b8') in 0.0714203 seconds
Number of updated asset objects reloaded before import = 0Number of asset objects unloaded after import = 11

========================================================================
Received Import Request.
  Time since last request: 0.000033 seconds.
  path: Assets/Kit/Enviroment/tower defense/Models/DAE format/statue_head.dae
  artifactKey: Guid(60ec1d16cc931d147aa2ac74dc98718e) Importer(2089858483,192608db42251d675da83286b1cce702)
Start importing Assets/Kit/Enviroment/tower defense/Models/DAE format/statue_head.dae using Guid(60ec1d16cc931d147aa2ac74dc98718e) Importer(2089858483,192608db42251d675da83286b1cce702) (ScriptedImporter) -> (artifact id: '4277f0b90baaa8075facc74716dbacc7') in 0.0731366 seconds
Number of updated asset objects reloaded before import = 0Number of asset objects unloaded after import = 10

========================================================================
Received Import Request.
  Time since last request: 0.000034 seconds.
  path: Assets/Kit/DungeonKit/KayKit_DungeonRemastered_1.1_FREE/Assets/obj/pillar_decorated.mtl
  artifactKey: Guid(af0b16e75d7d88c4889c429aff0a4644) Importer(2089858483,192608db42251d675da83286b1cce702)
Start importing Assets/Kit/DungeonKit/KayKit_DungeonRemastered_1.1_FREE/Assets/obj/pillar_decorated.mtl using Guid(af0b16e75d7d88c4889c429aff0a4644) Importer(2089858483,192608db42251d675da83286b1cce702) (ScriptedImporter) -> (artifact id: '65209ea5da174bc361be4e86fa377b7f') in 0.0253085 seconds
Number of updated asset objects reloaded before import = 0Number of asset objects unloaded after import = 1

========================================================================
Received Import Request.
  Time since last request: 0.000055 seconds.
  path: Assets/Kit/DungeonKit/KayKit_DungeonRemastered_1.1_FREE/Assets/obj/wall_Tsplit.obj
  artifactKey: Guid(2342c477e0ec1ef4d893d5fa4a8db195) Importer(2089858483,192608db42251d675da83286b1cce702)
Start importing Assets/Kit/DungeonKit/KayKit_DungeonRemastered_1.1_FREE/Assets/obj/wall_Tsplit.obj using Guid(2342c477e0ec1ef4d893d5fa4a8db195) Importer(2089858483,192608db42251d675da83286b1cce702) (ScriptedImporter) -> (artifact id: '2606656e945df447508ac21390685134') in 0.0732667 seconds
Number of updated asset objects reloaded before import = 0Number of asset objects unloaded after import = 11

========================================================================
Received Import Request.
  Time since last request: 0.000036 seconds.
  path: Assets/Kit/Enviroment/tower defense/Models/DAE format/tree_pineTallA.dae
  artifactKey: Guid(73af73596cd1d3149887c6a070092250) Importer(2089858483,192608db42251d675da83286b1cce702)
Start importing Assets/Kit/Enviroment/tower defense/Models/DAE format/tree_pineTallA.dae using Guid(73af73596cd1d3149887c6a070092250) Importer(2089858483,192608db42251d675da83286b1cce702) (ScriptedImporter) -> (artifact id: 'dd89c93c5146562d6572f38c3da68f1e') in 0.0686402 seconds
Number of updated asset objects reloaded before import = 0Number of asset objects unloaded after import = 9

========================================================================
Received Import Request.
  Time since last request: 0.000116 seconds.
  path: Assets/Kit/Enviroment/tower defense/Models/DAE format/tree_fat.dae
  artifactKey: Guid(98f4c62e52ff93c4c822df02a989983f) Importer(2089858483,192608db42251d675da83286b1cce702)
Start importing Assets/Kit/Enviroment/tower defense/Models/DAE format/tree_fat.dae using Guid(98f4c62e52ff93c4c822df02a989983f) Importer(2089858483,192608db42251d675da83286b1cce702) (ScriptedImporter) -> (artifact id: '27ee1ef0bd015430619383cfd31f490f') in 0.0658451 seconds
Number of updated asset objects reloaded before import = 0Number of asset objects unloaded after import = 9

========================================================================
Received Import Request.
  Time since last request: 0.000049 seconds.
  path: Assets/Kit/Enviroment/tower defense/Models/DAE format/tree_default_dark.dae
  artifactKey: Guid(447d0355a596f324dafd14adf7371d76) Importer(2089858483,192608db42251d675da83286b1cce702)
Start importing Assets/Kit/Enviroment/tower defense/Models/DAE format/tree_default_dark.dae using Guid(447d0355a596f324dafd14adf7371d76) Importer(2089858483,192608db42251d675da83286b1cce702) (ScriptedImporter) -> (artifact id: '5ee662e6f4353fb42fd2b07f210ca6d3') in 0.0632454 seconds
Number of updated asset objects reloaded before import = 0Number of asset objects unloaded after import = 9

========================================================================
Received Import Request.
  Time since last request: 0.000049 seconds.
  path: Assets/Kit/Enviroment/tower defense/Models/DAE format/tree_thin_fall.dae
  artifactKey: Guid(4ee6cfac68eab8a45a108e3a84d37355) Importer(2089858483,192608db42251d675da83286b1cce702)
Start importing Assets/Kit/Enviroment/tower defense/Models/DAE format/tree_thin_fall.dae using Guid(4ee6cfac68eab8a45a108e3a84d37355) Importer(2089858483,192608db42251d675da83286b1cce702) (ScriptedImporter) -> (artifact id: 'cc5e0948d9fd09bbc8560a3cf718d025') in 0.0715121 seconds
Number of updated asset objects reloaded before import = 0Number of asset objects unloaded after import = 9

========================================================================
Received Import Request.
  Time since last request: 0.000038 seconds.
  path: Assets/Kit/Enviroment/tower defense/Models/DAE format/tree_tall.dae
  artifactKey: Guid(b12da957ac9147741b99bf328bd0fed6) Importer(2089858483,192608db42251d675da83286b1cce702)
Start importing Assets/Kit/Enviroment/tower defense/Models/DAE format/tree_tall.dae using Guid(b12da957ac9147741b99bf328bd0fed6) Importer(2089858483,192608db42251d675da83286b1cce702) (ScriptedImporter) -> (artifact id: 'f08ff0df649efe54283f85f7d212c2a2') in 0.0601126 seconds
Number of updated asset objects reloaded before import = 0Number of asset objects unloaded after import = 9

========================================================================
Received Import Request.
  Time since last request: 0.000056 seconds.
  path: Assets/Kit/Enviroment/tower defense/Models/DAE format/stone_tallJ.dae
  artifactKey: Guid(afd86710f41550e46b8d9ac1ad29c9cc) Importer(2089858483,192608db42251d675da83286b1cce702)
Start importing Assets/Kit/Enviroment/tower defense/Models/DAE format/stone_tallJ.dae using Guid(afd86710f41550e46b8d9ac1ad29c9cc) Importer(2089858483,192608db42251d675da83286b1cce702) (ScriptedImporter) -> (artifact id: 'd6f081936d0c082b6c4867d00b8eeb2e') in 0.0703651 seconds
Number of updated asset objects reloaded before import = 0Number of asset objects unloaded after import = 9

========================================================================
Received Import Request.
  Time since last request: 0.000033 seconds.
  path: Assets/Kit/Enviroment/tower defense/Models/DAE format/stone_tallH.dae
  artifactKey: Guid(977dd52e80be0db41beb8e3f358399c4) Importer(2089858483,192608db42251d675da83286b1cce702)
Start importing Assets/Kit/Enviroment/tower defense/Models/DAE format/stone_tallH.dae using Guid(977dd52e80be0db41beb8e3f358399c4) Importer(2089858483,192608db42251d675da83286b1cce702) (ScriptedImporter) -> (artifact id: '34f9cc77a126972b1d82bde8186ef7a8') in 0.0631289 seconds
Number of updated asset objects reloaded before import = 0Number of asset objects unloaded after import = 9

========================================================================
Received Import Request.
  Time since last request: 0.000041 seconds.
  path: Assets/Kit/Enviroment/tower defense/Models/DAE format/tent_detailedOpen.dae
  artifactKey: Guid(368d85fdfdea376438a67e967e4ac406) Importer(2089858483,192608db42251d675da83286b1cce702)
Start importing Assets/Kit/Enviroment/tower defense/Models/DAE format/tent_detailedOpen.dae using Guid(368d85fdfdea376438a67e967e4ac406) Importer(2089858483,192608db42251d675da83286b1cce702) (ScriptedImporter) -> (artifact id: '2b0729347e29d1997ebc7beec4741604') in 0.0716488 seconds
Number of updated asset objects reloaded before import = 0Number of asset objects unloaded after import = 9

========================================================================
Received Import Request.
  Time since last request: 0.000064 seconds.
  path: Assets/Kit/Enviroment/tower defense/Models/DAE format/tree_simple_dark.dae
  artifactKey: Guid(986500992f117f74da8ad51d21f25cd5) Importer(2089858483,192608db42251d675da83286b1cce702)
Start importing Assets/Kit/Enviroment/tower defense/Models/DAE format/tree_simple_dark.dae using Guid(986500992f117f74da8ad51d21f25cd5) Importer(2089858483,192608db42251d675da83286b1cce702) (ScriptedImporter) -> (artifact id: 'f6d29e763f7007a37253e535f309615f') in 0.0616214 seconds
Number of updated asset objects reloaded before import = 0Number of asset objects unloaded after import = 9

========================================================================
Received Import Request.
  Time since last request: 0.000035 seconds.
  path: Assets/Kit/DungeonKit/KayKit_DungeonRemastered_1.1_FREE/Assets/obj/box_large.mtl
  artifactKey: Guid(31faceca09252804280292ee02712f2c) Importer(2089858483,192608db42251d675da83286b1cce702)
Start importing Assets/Kit/DungeonKit/KayKit_DungeonRemastered_1.1_FREE/Assets/obj/box_large.mtl using Guid(31faceca09252804280292ee02712f2c) Importer(2089858483,192608db42251d675da83286b1cce702) (ScriptedImporter) -> (artifact id: '498466ad7d5f08b3c96a1baa13918eb8') in 0.0245598 seconds
Number of updated asset objects reloaded before import = 0Number of asset objects unloaded after import = 1

========================================================================
Received Import Request.
  Time since last request: 0.000040 seconds.
  path: Assets/Kit/Enviroment/tower defense/Models/DAE format/rock_smallB.dae
  artifactKey: Guid(b505b2c7fd9d37f4baf2bc6543b2fb07) Importer(2089858483,192608db42251d675da83286b1cce702)
Start importing Assets/Kit/Enviroment/tower defense/Models/DAE format/rock_smallB.dae using Guid(b505b2c7fd9d37f4baf2bc6543b2fb07) Importer(2089858483,192608db42251d675da83286b1cce702) (ScriptedImporter) -> (artifact id: '4fb88bf368dc247622af84bd4d553047') in 0.0753653 seconds
Number of updated asset objects reloaded before import = 0Number of asset objects unloaded after import = 9

========================================================================
Received Import Request.
  Time since last request: 0.000061 seconds.
  path: Assets/Kit/Enviroment/tower defense/Models/DAE format/stone_tallC.dae
  artifactKey: Guid(19103cd6d4513a04aa5af561e21df5d3) Importer(2089858483,192608db42251d675da83286b1cce702)
Start importing Assets/Kit/Enviroment/tower defense/Models/DAE format/stone_tallC.dae using Guid(19103cd6d4513a04aa5af561e21df5d3) Importer(2089858483,192608db42251d675da83286b1cce702) (ScriptedImporter) -> (artifact id: '01122dcf8110a44b3504806d606b4ce6') in 0.060839 seconds
Number of updated asset objects reloaded before import = 0Number of asset objects unloaded after import = 9

========================================================================
Received Import Request.
  Time since last request: 0.000051 seconds.
  path: Assets/Kit/Enviroment/tower defense/Models/DAE format/tree_cone_dark.dae
  artifactKey: Guid(94f230dc217b6704f91f73d1b7f4d365) Importer(2089858483,192608db42251d675da83286b1cce702)
Start importing Assets/Kit/Enviroment/tower defense/Models/DAE format/tree_cone_dark.dae using Guid(94f230dc217b6704f91f73d1b7f4d365) Importer(2089858483,192608db42251d675da83286b1cce702) (ScriptedImporter) -> (artifact id: 'ebf31a08a6e25a9145dba7f2b34d80ed') in 0.0675565 seconds
Number of updated asset objects reloaded before import = 0Number of asset objects unloaded after import = 9

========================================================================
Received Import Request.
  Time since last request: 0.000040 seconds.
  path: Assets/Kit/Enviroment/Eviroment hexa/Assets/tiles/base/hex_grass_bottom.fbx
  artifactKey: Guid(20a2923990c3fe1498f17366acebd6e1) Importer(815301076,1909f56bfc062723c751e8b465ee728b)
Start importing Assets/Kit/Enviroment/Eviroment hexa/Assets/tiles/base/hex_grass_bottom.fbx using Guid(20a2923990c3fe1498f17366acebd6e1) Importer(815301076,1909f56bfc062723c751e8b465ee728b) (PreviewImporter) -> (artifact id: '072470dd6e856b2a8f37d5a39058dca8') in 0.1873235 seconds
Number of updated asset objects reloaded before import = 0Number of asset objects unloaded after import = 9

========================================================================
Received Import Request.
  Time since last request: 0.000052 seconds.
  path: Assets/Kit/Enviroment/tower defense/Models/DAE format/ground_riverStraight.dae
  artifactKey: Guid(bdf9d4ca6448a9141a8895dee53eb37a) Importer(2089858483,192608db42251d675da83286b1cce702)
Start importing Assets/Kit/Enviroment/tower defense/Models/DAE format/ground_riverStraight.dae using Guid(bdf9d4ca6448a9141a8895dee53eb37a) Importer(2089858483,192608db42251d675da83286b1cce702) (ScriptedImporter) -> (artifact id: '4c4c982729ef5d1146f1a198a6d94131') in 0.0688149 seconds
Number of updated asset objects reloaded before import = 0Number of asset objects unloaded after import = 11

========================================================================
Received Import Request.
  Time since last request: 0.000036 seconds.
  path: Assets/Kit/Enviroment/tower defense/Models/DAE format/stone_largeA.dae
  artifactKey: Guid(7633d0a6bd79b0940989c27fc6ecdd35) Importer(2089858483,192608db42251d675da83286b1cce702)
Start importing Assets/Kit/Enviroment/tower defense/Models/DAE format/stone_largeA.dae using Guid(7633d0a6bd79b0940989c27fc6ecdd35) Importer(2089858483,192608db42251d675da83286b1cce702) (ScriptedImporter) -> (artifact id: '1c8535dbf5319a1ff8c3611d2a49118a') in 0.0695144 seconds
Number of updated asset objects reloaded before import = 0Number of asset objects unloaded after import = 8

========================================================================
Received Import Request.
  Time since last request: 0.000039 seconds.
  path: Assets/Kit/Enviroment/tower defense/Models/DAE format/tree_detailed.dae
  artifactKey: Guid(b5c709ee27e73c44dabfbe6e3202c157) Importer(2089858483,192608db42251d675da83286b1cce702)
Start importing Assets/Kit/Enviroment/tower defense/Models/DAE format/tree_detailed.dae using Guid(b5c709ee27e73c44dabfbe6e3202c157) Importer(2089858483,192608db42251d675da83286b1cce702) (ScriptedImporter) -> (artifact id: '8f1ee7935910234301f4ed4f9db77a14') in 0.0661843 seconds
Number of updated asset objects reloaded before import = 0Number of asset objects unloaded after import = 10

========================================================================
Received Import Request.
  Time since last request: 0.000054 seconds.
  path: Assets/Kit/Enviroment/tower defense/Models/FBX format/cliff_waterfallTop_stone.fbx
  artifactKey: Guid(a30674fc3cf4a444fa1cbad6264eec00) Importer(2089858483,192608db42251d675da83286b1cce702)
Start importing Assets/Kit/Enviroment/tower defense/Models/FBX format/cliff_waterfallTop_stone.fbx using Guid(a30674fc3cf4a444fa1cbad6264eec00) Importer(2089858483,192608db42251d675da83286b1cce702) (ScriptedImporter) -> (artifact id: '300f953fdb4c8c01c52dd52b60dfc96f') in 0.0825237 seconds
Number of updated asset objects reloaded before import = 0Number of asset objects unloaded after import = 13

========================================================================
Received Import Request.
  Time since last request: 0.000040 seconds.
  path: Assets/Kit/Enviroment/tower defense/Models/FBX format/cliff_corner_stone.fbx
  artifactKey: Guid(29a782d1c76198f4697ef0bff5381f63) Importer(2089858483,192608db42251d675da83286b1cce702)
Start importing Assets/Kit/Enviroment/tower defense/Models/FBX format/cliff_corner_stone.fbx using Guid(29a782d1c76198f4697ef0bff5381f63) Importer(2089858483,192608db42251d675da83286b1cce702) (ScriptedImporter) -> (artifact id: '9f10cc4b007e5cd53d852f8c63a06493') in 0.0708525 seconds
Number of updated asset objects reloaded before import = 0Number of asset objects unloaded after import = 8

========================================================================
Received Import Request.
  Time since last request: 0.000048 seconds.
  path: Assets/Kit/Enviroment/tower defense/Models/FBX format/cliff_cave_rock.fbx
  artifactKey: Guid(f3f7648815e17724aae85331cca4bf4a) Importer(2089858483,192608db42251d675da83286b1cce702)
Start importing Assets/Kit/Enviroment/tower defense/Models/FBX format/cliff_cave_rock.fbx using Guid(f3f7648815e17724aae85331cca4bf4a) Importer(2089858483,192608db42251d675da83286b1cce702) (ScriptedImporter) -> (artifact id: 'b6e8cc01c5edafd50c71c923f0c3bf2c') in 0.0605789 seconds
Number of updated asset objects reloaded before import = 0Number of asset objects unloaded after import = 8

========================================================================
Received Import Request.
  Time since last request: 0.000057 seconds.
  path: Assets/Kit/Enviroment/tower defense/Models/FBX format/cliff_halfCornerInner_rock.fbx
  artifactKey: Guid(50d27181f4c2a3245810521fca92a799) Importer(2089858483,192608db42251d675da83286b1cce702)
Start importing Assets/Kit/Enviroment/tower defense/Models/FBX format/cliff_halfCornerInner_rock.fbx using Guid(50d27181f4c2a3245810521fca92a799) Importer(2089858483,192608db42251d675da83286b1cce702) (ScriptedImporter) -> (artifact id: '118eff996512308a896389e815dd1591') in 0.0729255 seconds
Number of updated asset objects reloaded before import = 0Number of asset objects unloaded after import = 10

========================================================================
Received Import Request.
  Time since last request: 0.000034 seconds.
  path: Assets/Kit/Enviroment/tower defense/Models/FBX format/cliff_block_rock.fbx
  artifactKey: Guid(69da2d80930825d4dba8e804efd799e0) Importer(2089858483,192608db42251d675da83286b1cce702)
Start importing Assets/Kit/Enviroment/tower defense/Models/FBX format/cliff_block_rock.fbx using Guid(69da2d80930825d4dba8e804efd799e0) Importer(2089858483,192608db42251d675da83286b1cce702) (ScriptedImporter) -> (artifact id: '18287c4b96d8229da80092ec01a1f98f') in 0.0669311 seconds
Number of updated asset objects reloaded before import = 0Number of asset objects unloaded after import = 9

========================================================================
Received Import Request.
  Time since last request: 0.000041 seconds.
  path: Assets/Kit/Enviroment/tower defense/Models/FBX format/bridge_stoneRoundNarrow.fbx
  artifactKey: Guid(e75d56baab10d7c4bb5afaa62b89d2c6) Importer(2089858483,192608db42251d675da83286b1cce702)
Start importing Assets/Kit/Enviroment/tower defense/Models/FBX format/bridge_stoneRoundNarrow.fbx using Guid(e75d56baab10d7c4bb5afaa62b89d2c6) Importer(2089858483,192608db42251d675da83286b1cce702) (ScriptedImporter) -> (artifact id: 'e9fc21630b194fa7388a32bbfb7f887b') in 0.078018 seconds
Number of updated asset objects reloaded before import = 0Number of asset objects unloaded after import = 9

========================================================================
Received Import Request.
  Time since last request: 0.000068 seconds.
  path: Assets/Kit/Enviroment/tower defense/Models/FBX format/bridge_center_woodRound.fbx
  artifactKey: Guid(b930286759aa133458f5622523582727) Importer(2089858483,192608db42251d675da83286b1cce702)
Start importing Assets/Kit/Enviroment/tower defense/Models/FBX format/bridge_center_woodRound.fbx using Guid(b930286759aa133458f5622523582727) Importer(2089858483,192608db42251d675da83286b1cce702) (ScriptedImporter) -> (artifact id: 'f417c94134606190c17c43e4e24239d9') in 0.091118 seconds
Number of updated asset objects reloaded before import = 0Number of asset objects unloaded after import = 11

========================================================================
Received Import Request.
  Time since last request: 0.000038 seconds.
  path: Assets/Kit/Enviroment/tower defense/Models/FBX format/cliff_blockHalf_rock.fbx
  artifactKey: Guid(e2bb8e25ea18d344692e747906ef6fdc) Importer(2089858483,192608db42251d675da83286b1cce702)
Start importing Assets/Kit/Enviroment/tower defense/Models/FBX format/cliff_blockHalf_rock.fbx using Guid(e2bb8e25ea18d344692e747906ef6fdc) Importer(2089858483,192608db42251d675da83286b1cce702) (ScriptedImporter) -> (artifact id: 'e463a31f5b0063f2e4d5c75e6882f63c') in 0.0770946 seconds
Number of updated asset objects reloaded before import = 0Number of asset objects unloaded after import = 9

========================================================================
Received Import Request.
  Time since last request: 0.000035 seconds.
  path: Assets/Kit/Enviroment/tower defense/Models/FBX format/cliff_cornerInner_stone.fbx
  artifactKey: Guid(1cd664e127fd04344bdacb741ee9b638) Importer(2089858483,192608db42251d675da83286b1cce702)
Start importing Assets/Kit/Enviroment/tower defense/Models/FBX format/cliff_cornerInner_stone.fbx using Guid(1cd664e127fd04344bdacb741ee9b638) Importer(2089858483,192608db42251d675da83286b1cce702) (ScriptedImporter) -> (artifact id: 'd677b8c033e8d993b1c889a1efc2d648') in 0.0618527 seconds
Number of updated asset objects reloaded before import = 0Number of asset objects unloaded after import = 8

========================================================================
Received Import Request.
  Time since last request: 0.000045 seconds.
  path: Assets/Kit/Enviroment/tower defense/Models/FBX format/cactus_short.fbx
  artifactKey: Guid(e34fe863686edaf4a865b8e779c9723c) Importer(2089858483,192608db42251d675da83286b1cce702)
Start importing Assets/Kit/Enviroment/tower defense/Models/FBX format/cactus_short.fbx using Guid(e34fe863686edaf4a865b8e779c9723c) Importer(2089858483,192608db42251d675da83286b1cce702) (ScriptedImporter) -> (artifact id: '9cccbbf00826a9351716983729838408') in 0.0639067 seconds
Number of updated asset objects reloaded before import = 0Number of asset objects unloaded after import = 8

========================================================================
Received Import Request.
  Time since last request: 0.000033 seconds.
  path: Assets/Kit/Enviroment/tower defense/Models/FBX format/cliff_stepsCornerInner_stone.fbx
  artifactKey: Guid(5d3aed193c79df042a8ae933e8db1ebc) Importer(2089858483,192608db42251d675da83286b1cce702)
Start importing Assets/Kit/Enviroment/tower defense/Models/FBX format/cliff_stepsCornerInner_stone.fbx using Guid(5d3aed193c79df042a8ae933e8db1ebc) Importer(2089858483,192608db42251d675da83286b1cce702) (ScriptedImporter) -> (artifact id: '8443d44c2b8c6e86073f4496e01b0391') in 0.0633005 seconds
Number of updated asset objects reloaded before import = 0Number of asset objects unloaded after import = 9

========================================================================
Received Import Request.
  Time since last request: 0.000041 seconds.
  path: Assets/Kit/Enviroment/tower defense/Models/FBX format/canoe_paddle.fbx
  artifactKey: Guid(eaa783a9bedab474a8548abda4281c0f) Importer(2089858483,192608db42251d675da83286b1cce702)
Start importing Assets/Kit/Enviroment/tower defense/Models/FBX format/canoe_paddle.fbx using Guid(eaa783a9bedab474a8548abda4281c0f) Importer(2089858483,192608db42251d675da83286b1cce702) (ScriptedImporter) -> (artifact id: '6b013bbd81f4ecd0841215eadd6a7fc8') in 0.0632369 seconds
Number of updated asset objects reloaded before import = 0Number of asset objects unloaded after import = 8

========================================================================
Received Import Request.
  Time since last request: 0.000046 seconds.
  path: Assets/Kit/Enviroment/tower defense/Models/DAE format/rock_tallF.dae
  artifactKey: Guid(140a32f4fa0c53144a34dca9e38d898b) Importer(2089858483,192608db42251d675da83286b1cce702)
Start importing Assets/Kit/Enviroment/tower defense/Models/DAE format/rock_tallF.dae using Guid(140a32f4fa0c53144a34dca9e38d898b) Importer(2089858483,192608db42251d675da83286b1cce702) (ScriptedImporter) -> (artifact id: '1690822bf10041b5cebd763ada3d2686') in 0.0682413 seconds
Number of updated asset objects reloaded before import = 0Number of asset objects unloaded after import = 10

========================================================================
Received Import Request.
  Time since last request: 0.000041 seconds.
  path: Assets/Kit/Enviroment/tower defense/Models/FBX format/campfire_logs.fbx
  artifactKey: Guid(370f0d8b0cf3aed488893495cdb402cd) Importer(2089858483,192608db42251d675da83286b1cce702)
Start importing Assets/Kit/Enviroment/tower defense/Models/FBX format/campfire_logs.fbx using Guid(370f0d8b0cf3aed488893495cdb402cd) Importer(2089858483,192608db42251d675da83286b1cce702) (ScriptedImporter) -> (artifact id: '255685d3cbebf26c1e38a838c138e06a') in 0.0590512 seconds
Number of updated asset objects reloaded before import = 0Number of asset objects unloaded after import = 9

========================================================================
Received Import Request.
  Time since last request: 0.000043 seconds.
  path: Assets/Kit/Enviroment/tower defense/Models/FBX format/crops_bambooStageB.fbx
  artifactKey: Guid(8771ff9b5d7df6b439452f64bca73c53) Importer(2089858483,192608db42251d675da83286b1cce702)
Start importing Assets/Kit/Enviroment/tower defense/Models/FBX format/crops_bambooStageB.fbx using Guid(8771ff9b5d7df6b439452f64bca73c53) Importer(2089858483,192608db42251d675da83286b1cce702) (ScriptedImporter) -> (artifact id: 'de78705064c9899707fbdd5d4901b57a') in 0.0700711 seconds
Number of updated asset objects reloaded before import = 0Number of asset objects unloaded after import = 8

========================================================================
Received Import Request.
  Time since last request: 0.000047 seconds.
  path: Assets/Kit/Enviroment/Eviroment hexa/Assets/tiles/base/hex_water.fbx
  artifactKey: Guid(d5ea0097b1971414b8ee62ab9a2046fb) Importer(815301076,1909f56bfc062723c751e8b465ee728b)
Start importing Assets/Kit/Enviroment/Eviroment hexa/Assets/tiles/base/hex_water.fbx using Guid(d5ea0097b1971414b8ee62ab9a2046fb) Importer(815301076,1909f56bfc062723c751e8b465ee728b) (PreviewImporter) -> (artifact id: '75fe184a9f05b9fbecc382fee2bfe5e6') in 0.2109632 seconds
Number of updated asset objects reloaded before import = 0Number of asset objects unloaded after import = 9

========================================================================
Received Import Request.
  Time since last request: 0.000036 seconds.
  path: Assets/Kit/Enviroment/tower defense/Models/FBX format/flower_redB.fbx
  artifactKey: Guid(dcdbe16d6492a6f49b077c8910e365cc) Importer(2089858483,192608db42251d675da83286b1cce702)
Start importing Assets/Kit/Enviroment/tower defense/Models/FBX format/flower_redB.fbx using Guid(dcdbe16d6492a6f49b077c8910e365cc) Importer(2089858483,192608db42251d675da83286b1cce702) (ScriptedImporter) -> (artifact id: '2eba7dfb65da7002062c6159247fce90') in 0.0611098 seconds
Number of updated asset objects reloaded before import = 0Number of asset objects unloaded after import = 9

========================================================================
Received Import Request.
  Time since last request: 0.000047 seconds.
  path: Assets/Kit/Enviroment/tower defense/Models/FBX format/fence_simpleHigh.fbx
  artifactKey: Guid(3af7eedc9872b6545933d1270dc1deee) Importer(2089858483,192608db42251d675da83286b1cce702)
Start importing Assets/Kit/Enviroment/tower defense/Models/FBX format/fence_simpleHigh.fbx using Guid(3af7eedc9872b6545933d1270dc1deee) Importer(2089858483,192608db42251d675da83286b1cce702) (ScriptedImporter) -> (artifact id: '6a2c0b00b9243a2e01b1c0d55420f999') in 0.0632578 seconds
Number of updated asset objects reloaded before import = 0Number of asset objects unloaded after import = 8

========================================================================
Received Import Request.
  Time since last request: 0.000034 seconds.
  path: Assets/Kit/Enviroment/tower defense/Models/FBX format/ground_pathTile.fbx
  artifactKey: Guid(6e9646d389fd93942a061700998626a9) Importer(2089858483,192608db42251d675da83286b1cce702)
Start importing Assets/Kit/Enviroment/tower defense/Models/FBX format/ground_pathTile.fbx using Guid(6e9646d389fd93942a061700998626a9) Importer(2089858483,192608db42251d675da83286b1cce702) (ScriptedImporter) -> (artifact id: '3af6e6a5267405d94c2a11f58bdeec66') in 0.0734006 seconds
Number of updated asset objects reloaded before import = 0Number of asset objects unloaded after import = 10

========================================================================
Received Import Request.
  Time since last request: 0.000038 seconds.
  path: Assets/Kit/Enviroment/tower defense/Models/FBX format/ground_riverOpen.fbx
  artifactKey: Guid(ad967a063e5e33549a49434fe8dc1fea) Importer(2089858483,192608db42251d675da83286b1cce702)
Start importing Assets/Kit/Enviroment/tower defense/Models/FBX format/ground_riverOpen.fbx using Guid(ad967a063e5e33549a49434fe8dc1fea) Importer(2089858483,192608db42251d675da83286b1cce702) (ScriptedImporter) -> (artifact id: '452217d524c64b42a5c3f6f160212dbc') in 0.0652257 seconds
Number of updated asset objects reloaded before import = 0Number of asset objects unloaded after import = 8

========================================================================
Received Import Request.
  Time since last request: 0.000060 seconds.
  path: Assets/Kit/Enviroment/tower defense/Models/FBX format/grass_large.fbx
  artifactKey: Guid(8bea75a19e828d747bf61ae6dde4a89a) Importer(2089858483,192608db42251d675da83286b1cce702)
Start importing Assets/Kit/Enviroment/tower defense/Models/FBX format/grass_large.fbx using Guid(8bea75a19e828d747bf61ae6dde4a89a) Importer(2089858483,192608db42251d675da83286b1cce702) (ScriptedImporter) -> (artifact id: '69d2985b5c7aaaa761565c1b6c6489c3') in 0.062857 seconds
Number of updated asset objects reloaded before import = 0Number of asset objects unloaded after import = 8

========================================================================
Received Import Request.
  Time since last request: 0.000051 seconds.
  path: Assets/Kit/Enviroment/tower defense/Models/FBX format/ground_pathBendBank.fbx
  artifactKey: Guid(2ab4098c00d0c6c4dadd5043c66afb63) Importer(2089858483,192608db42251d675da83286b1cce702)
Start importing Assets/Kit/Enviroment/tower defense/Models/FBX format/ground_pathBendBank.fbx using Guid(2ab4098c00d0c6c4dadd5043c66afb63) Importer(2089858483,192608db42251d675da83286b1cce702) (ScriptedImporter) -> (artifact id: '9634a5379ee8238112888ca25943e631') in 0.0829713 seconds
Number of updated asset objects reloaded before import = 0Number of asset objects unloaded after import = 10

========================================================================
Received Import Request.
  Time since last request: 0.000038 seconds.
  path: Assets/Kit/Enviroment/tower defense/Models/FBX format/crops_dirtDoubleRowEnd.fbx
  artifactKey: Guid(6faf61481b39a5646b682d0a77f96c4f) Importer(2089858483,192608db42251d675da83286b1cce702)
Start importing Assets/Kit/Enviroment/tower defense/Models/FBX format/crops_dirtDoubleRowEnd.fbx using Guid(6faf61481b39a5646b682d0a77f96c4f) Importer(2089858483,192608db42251d675da83286b1cce702) (ScriptedImporter) -> (artifact id: 'b6c7f6ecab743ebb6c79c2e11e506eb3') in 0.0675417 seconds
Number of updated asset objects reloaded before import = 0Number of asset objects unloaded after import = 9

========================================================================
Received Import Request.
  Time since last request: 0.000056 seconds.
  path: Assets/Kit/Enviroment/tower defense/Models/FBX format/lily_large.fbx
  artifactKey: Guid(6e2c6179a5ffba34e9498b51ca94f8da) Importer(2089858483,192608db42251d675da83286b1cce702)
Start importing Assets/Kit/Enviroment/tower defense/Models/FBX format/lily_large.fbx using Guid(6e2c6179a5ffba34e9498b51ca94f8da) Importer(2089858483,192608db42251d675da83286b1cce702) (ScriptedImporter) -> (artifact id: 'c1a19242f460dff22220284eb7a026f4') in 0.0751915 seconds
Number of updated asset objects reloaded before import = 0Number of asset objects unloaded after import = 10

========================================================================
Received Import Request.
  Time since last request: 0.000071 seconds.
  path: Assets/Kit/Enviroment/tower defense/Models/FBX format/grass_leafsLarge.fbx
  artifactKey: Guid(0a7a018898909f6448d2272c71b6f82b) Importer(2089858483,192608db42251d675da83286b1cce702)
Start importing Assets/Kit/Enviroment/tower defense/Models/FBX format/grass_leafsLarge.fbx using Guid(0a7a018898909f6448d2272c71b6f82b) Importer(2089858483,192608db42251d675da83286b1cce702) (ScriptedImporter) -> (artifact id: '49e4a61456a986a4715e4519d0e9c86e') in 0.063559 seconds
Number of updated asset objects reloaded before import = 0Number of asset objects unloaded after import = 8

========================================================================
Received Import Request.
  Time since last request: 0.000039 seconds.
  path: Assets/Kit/Enviroment/tower defense/Models/FBX format/crops_dirtRowEnd.fbx
  artifactKey: Guid(b64f8b9c84e59ee43a37ad4eae65ca2e) Importer(2089858483,192608db42251d675da83286b1cce702)
Start importing Assets/Kit/Enviroment/tower defense/Models/FBX format/crops_dirtRowEnd.fbx using Guid(b64f8b9c84e59ee43a37ad4eae65ca2e) Importer(2089858483,192608db42251d675da83286b1cce702) (ScriptedImporter) -> (artifact id: 'e90c5612bb66a62b2d3d60af410808f4') in 0.075635 seconds
Number of updated asset objects reloaded before import = 0Number of asset objects unloaded after import = 9

========================================================================
Received Import Request.
  Time since last request: 0.000056 seconds.
  path: Assets/Kit/Enviroment/tower defense/Models/FBX format/lily_small.fbx
  artifactKey: Guid(d9e2249279df03845a1cb62d07e17c8f) Importer(2089858483,192608db42251d675da83286b1cce702)
Start importing Assets/Kit/Enviroment/tower defense/Models/FBX format/lily_small.fbx using Guid(d9e2249279df03845a1cb62d07e17c8f) Importer(2089858483,192608db42251d675da83286b1cce702) (ScriptedImporter) -> (artifact id: '2cf2545ca278b152264af203620702c5') in 0.0726222 seconds
Number of updated asset objects reloaded before import = 0Number of asset objects unloaded after import = 9

========================================================================
Received Import Request.
  Time since last request: 0.000037 seconds.
  path: Assets/Kit/Enviroment/tower defense/Models/FBX format/ground_pathOpen.fbx
  artifactKey: Guid(f8c5cc5cb1c393a46b083efdbf1d73fd) Importer(2089858483,192608db42251d675da83286b1cce702)
Start importing Assets/Kit/Enviroment/tower defense/Models/FBX format/ground_pathOpen.fbx using Guid(f8c5cc5cb1c393a46b083efdbf1d73fd) Importer(2089858483,192608db42251d675da83286b1cce702) (ScriptedImporter) -> (artifact id: '2c019e691b045ccf6e4f012f8280285e') in 0.0624314 seconds
Number of updated asset objects reloaded before import = 0Number of asset objects unloaded after import = 8

========================================================================
Received Import Request.
  Time since last request: 0.000050 seconds.
  path: Assets/Kit/Enviroment/tower defense/Models/FBX format/ground_pathStraight.fbx
  artifactKey: Guid(a65845a2d0d7d8843856bd99c6e5803c) Importer(2089858483,192608db42251d675da83286b1cce702)
Start importing Assets/Kit/Enviroment/tower defense/Models/FBX format/ground_pathStraight.fbx using Guid(a65845a2d0d7d8843856bd99c6e5803c) Importer(2089858483,192608db42251d675da83286b1cce702) (ScriptedImporter) -> (artifact id: 'bee3e8028bd69705c7205cefed8ab099') in 0.0782 seconds
Number of updated asset objects reloaded before import = 0Number of asset objects unloaded after import = 10

========================================================================
Received Import Request.
  Time since last request: 0.000051 seconds.
  path: Assets/Kit/Enviroment/tower defense/Models/FBX format/fence_simpleDiagonal.fbx
  artifactKey: Guid(0b1e2d9ba23a4f0429742b0593379b0e) Importer(2089858483,192608db42251d675da83286b1cce702)
Start importing Assets/Kit/Enviroment/tower defense/Models/FBX format/fence_simpleDiagonal.fbx using Guid(0b1e2d9ba23a4f0429742b0593379b0e) Importer(2089858483,192608db42251d675da83286b1cce702) (ScriptedImporter) -> (artifact id: '7b7da10af30621a60ed1e88d22b66722') in 0.0695498 seconds
Number of updated asset objects reloaded before import = 0Number of asset objects unloaded after import = 9

========================================================================
Received Import Request.
  Time since last request: 0.000046 seconds.
  path: Assets/Kit/Enviroment/tower defense/Models/FBX format/crops_cornStageC.fbx
  artifactKey: Guid(9df82dcf70278a04ca47ecc105f765da) Importer(2089858483,192608db42251d675da83286b1cce702)
Start importing Assets/Kit/Enviroment/tower defense/Models/FBX format/crops_cornStageC.fbx using Guid(9df82dcf70278a04ca47ecc105f765da) Importer(2089858483,192608db42251d675da83286b1cce702) (ScriptedImporter) -> (artifact id: '79d9b34850e8d3ec06f77bb216769827') in 0.0900904 seconds
Number of updated asset objects reloaded before import = 0Number of asset objects unloaded after import = 8

========================================================================
Received Import Request.
  Time since last request: 0.000042 seconds.
  path: Assets/Kit/Enviroment/tower defense/Models/FBX format/rock_largeE.fbx
  artifactKey: Guid(979e44564ae15b440ad4f2cc142568ee) Importer(2089858483,192608db42251d675da83286b1cce702)
Start importing Assets/Kit/Enviroment/tower defense/Models/FBX format/rock_largeE.fbx using Guid(979e44564ae15b440ad4f2cc142568ee) Importer(2089858483,192608db42251d675da83286b1cce702) (ScriptedImporter) -> (artifact id: '9b5e4fde33207405d8ef4cef054a2017') in 0.0684915 seconds
Number of updated asset objects reloaded before import = 0Number of asset objects unloaded after import = 9

========================================================================
Received Import Request.
  Time since last request: 0.000068 seconds.
  path: Assets/Kit/Enviroment/tower defense/Models/FBX format/rock_largeB.fbx
  artifactKey: Guid(cc11d7998b6d07f41be9b5f8c101f77e) Importer(2089858483,192608db42251d675da83286b1cce702)
Start importing Assets/Kit/Enviroment/tower defense/Models/FBX format/rock_largeB.fbx using Guid(cc11d7998b6d07f41be9b5f8c101f77e) Importer(2089858483,192608db42251d675da83286b1cce702) (ScriptedImporter) -> (artifact id: '3a6f23db621bfe19f288dd551f54d082') in 0.0740255 seconds
Number of updated asset objects reloaded before import = 0Number of asset objects unloaded after import = 10

========================================================================
Received Import Request.
  Time since last request: 0.000037 seconds.
  path: Assets/Kit/Enviroment/tower defense/Models/FBX format/rock_smallC.fbx
  artifactKey: Guid(7439027a67c97f44eb8dd6a6a86b57fe) Importer(2089858483,192608db42251d675da83286b1cce702)
Start importing Assets/Kit/Enviroment/tower defense/Models/FBX format/rock_smallC.fbx using Guid(7439027a67c97f44eb8dd6a6a86b57fe) Importer(2089858483,192608db42251d675da83286b1cce702) (ScriptedImporter) -> (artifact id: 'b5344d09642668b04e99a6f7840a6925') in 0.066582 seconds
Number of updated asset objects reloaded before import = 0Number of asset objects unloaded after import = 9

========================================================================
Received Import Request.
  Time since last request: 0.000044 seconds.
  path: Assets/Kit/Enviroment/tower defense/Models/FBX format/stone_smallFlatC.fbx
  artifactKey: Guid(f3bad8c3d1d22154a83045634e81b67c) Importer(2089858483,192608db42251d675da83286b1cce702)
Start importing Assets/Kit/Enviroment/tower defense/Models/FBX format/stone_smallFlatC.fbx using Guid(f3bad8c3d1d22154a83045634e81b67c) Importer(2089858483,192608db42251d675da83286b1cce702) (ScriptedImporter) -> (artifact id: 'c33efc83f34d59fff6eededc89445663') in 0.0737524 seconds
Number of updated asset objects reloaded before import = 0Number of asset objects unloaded after import = 8

========================================================================
Received Import Request.
  Time since last request: 0.000079 seconds.
  path: Assets/Kit/Enviroment/tower defense/Models/FBX format/platform_grass.fbx
  artifactKey: Guid(b977cb88e84720640b3b40bb04bbf5de) Importer(2089858483,192608db42251d675da83286b1cce702)
Start importing Assets/Kit/Enviroment/tower defense/Models/FBX format/platform_grass.fbx using Guid(b977cb88e84720640b3b40bb04bbf5de) Importer(2089858483,192608db42251d675da83286b1cce702) (ScriptedImporter) -> (artifact id: '446f141f87dd09aed228802a9c108e73') in 0.0684989 seconds
Number of updated asset objects reloaded before import = 0Number of asset objects unloaded after import = 9

========================================================================
Received Import Request.
  Time since last request: 0.000036 seconds.
  path: Assets/Kit/Enviroment/tower defense/Models/FBX format/rock_tallF.fbx
  artifactKey: Guid(feba51c1951d4254a916aaff3941546e) Importer(2089858483,192608db42251d675da83286b1cce702)
Start importing Assets/Kit/Enviroment/tower defense/Models/FBX format/rock_tallF.fbx using Guid(feba51c1951d4254a916aaff3941546e) Importer(2089858483,192608db42251d675da83286b1cce702) (ScriptedImporter) -> (artifact id: 'da881d228e4e269802366d21a800c175') in 0.0729416 seconds
Number of updated asset objects reloaded before import = 0Number of asset objects unloaded after import = 10

========================================================================
Received Import Request.
  Time since last request: 0.000044 seconds.
  path: Assets/Kit/Enviroment/tower defense/Models/FBX format/rock_smallI.fbx
  artifactKey: Guid(872324fb2fae5b04cb0148edff16b6ba) Importer(2089858483,192608db42251d675da83286b1cce702)
Start importing Assets/Kit/Enviroment/tower defense/Models/FBX format/rock_smallI.fbx using Guid(872324fb2fae5b04cb0148edff16b6ba) Importer(2089858483,192608db42251d675da83286b1cce702) (ScriptedImporter) -> (artifact id: '9b433a127d294ca9a71b0ff31b4ae5d6') in 0.0807235 seconds
Number of updated asset objects reloaded before import = 0Number of asset objects unloaded after import = 9

========================================================================
Received Import Request.
  Time since last request: 0.000064 seconds.
  path: Assets/Kit/Enviroment/tower defense/Models/FBX format/rock_largeA.fbx
  artifactKey: Guid(8aa13d2667ebee849bd5ae14fc2ce2d8) Importer(2089858483,192608db42251d675da83286b1cce702)
Start importing Assets/Kit/Enviroment/tower defense/Models/FBX format/rock_largeA.fbx using Guid(8aa13d2667ebee849bd5ae14fc2ce2d8) Importer(2089858483,192608db42251d675da83286b1cce702) (ScriptedImporter) -> (artifact id: 'b00e6f8e1f1a4e68e491ceb7d1092fa3') in 0.0635388 seconds
Number of updated asset objects reloaded before import = 0Number of asset objects unloaded after import = 9

========================================================================
Received Import Request.
  Time since last request: 0.000036 seconds.
  path: Assets/Kit/Enviroment/tower defense/Models/FBX format/plant_bushLarge.fbx
  artifactKey: Guid(3deef93dbfbde2d43a32b59d9c386949) Importer(2089858483,192608db42251d675da83286b1cce702)
Start importing Assets/Kit/Enviroment/tower defense/Models/FBX format/plant_bushLarge.fbx using Guid(3deef93dbfbde2d43a32b59d9c386949) Importer(2089858483,192608db42251d675da83286b1cce702) (ScriptedImporter) -> (artifact id: '965082a8999fa129546ddf2598e220e1') in 0.0707957 seconds
Number of updated asset objects reloaded before import = 0Number of asset objects unloaded after import = 8

========================================================================
Received Import Request.
  Time since last request: 0.000044 seconds.
  path: Assets/Kit/Enviroment/tower defense/Models/FBX format/stone_smallB.fbx
  artifactKey: Guid(864757f804cd36f459f82c13e9fd0a69) Importer(2089858483,192608db42251d675da83286b1cce702)
Start importing Assets/Kit/Enviroment/tower defense/Models/FBX format/stone_smallB.fbx using Guid(864757f804cd36f459f82c13e9fd0a69) Importer(2089858483,192608db42251d675da83286b1cce702) (ScriptedImporter) -> (artifact id: '8408516c2573d409b2b8f59480115716') in 0.0597355 seconds
Number of updated asset objects reloaded before import = 0Number of asset objects unloaded after import = 8

========================================================================
Received Import Request.
  Time since last request: 0.000056 seconds.
  path: Assets/Kit/Enviroment/tower defense/Models/FBX format/path_stone.fbx
  artifactKey: Guid(2ce7e45a084e97041bf56ab0b127cb11) Importer(2089858483,192608db42251d675da83286b1cce702)
Start importing Assets/Kit/Enviroment/tower defense/Models/FBX format/path_stone.fbx using Guid(2ce7e45a084e97041bf56ab0b127cb11) Importer(2089858483,192608db42251d675da83286b1cce702) (ScriptedImporter) -> (artifact id: '72f095df5f2fa0dbfce4302a20c1f695') in 0.0763251 seconds
Number of updated asset objects reloaded before import = 0Number of asset objects unloaded after import = 10

========================================================================
Received Import Request.
  Time since last request: 0.000046 seconds.
  path: Assets/Kit/Enviroment/tower defense/Models/FBX format/rock_tallJ.fbx
  artifactKey: Guid(9111a44a4b72dee479367effce827a7a) Importer(2089858483,192608db42251d675da83286b1cce702)
Start importing Assets/Kit/Enviroment/tower defense/Models/FBX format/rock_tallJ.fbx using Guid(9111a44a4b72dee479367effce827a7a) Importer(2089858483,192608db42251d675da83286b1cce702) (ScriptedImporter) -> (artifact id: 'ab231e7363253c2f20b6a84ec3f13c97') in 0.0652463 seconds
Number of updated asset objects reloaded before import = 0Number of asset objects unloaded after import = 10

========================================================================
Received Import Request.
  Time since last request: 0.000041 seconds.
  path: Assets/Kit/Enviroment/tower defense/Models/FBX format/path_woodEnd.fbx
  artifactKey: Guid(88a1701876dfa9a4c965e784276e7707) Importer(2089858483,192608db42251d675da83286b1cce702)
Start importing Assets/Kit/Enviroment/tower defense/Models/FBX format/path_woodEnd.fbx using Guid(88a1701876dfa9a4c965e784276e7707) Importer(2089858483,192608db42251d675da83286b1cce702) (ScriptedImporter) -> (artifact id: '2f5e096c8bcbb6747c9f86195fdbeec5') in 0.0733422 seconds
Number of updated asset objects reloaded before import = 0Number of asset objects unloaded after import = 10

========================================================================
Received Import Request.
  Time since last request: 0.000060 seconds.
  path: Assets/Kit/Enviroment/tower defense/Models/DAE format/mushroom_tan.dae
  artifactKey: Guid(81783c9deeefeb342ae9e6506d95d015) Importer(2089858483,192608db42251d675da83286b1cce702)
Start importing Assets/Kit/Enviroment/tower defense/Models/DAE format/mushroom_tan.dae using Guid(81783c9deeefeb342ae9e6506d95d015) Importer(2089858483,192608db42251d675da83286b1cce702) (ScriptedImporter) -> (artifact id: '905b8deefdb119229ef0d195fe617750') in 0.0602314 seconds
Number of updated asset objects reloaded before import = 0Number of asset objects unloaded after import = 9

========================================================================
Received Import Request.
  Time since last request: 0.000034 seconds.
  path: Assets/Kit/Enviroment/tower defense/Models/DAE format/ground_riverSplit.dae
  artifactKey: Guid(ce16db411ea8f5544bc0ae920ef3b94d) Importer(2089858483,192608db42251d675da83286b1cce702)
Start importing Assets/Kit/Enviroment/tower defense/Models/DAE format/ground_riverSplit.dae using Guid(ce16db411ea8f5544bc0ae920ef3b94d) Importer(2089858483,192608db42251d675da83286b1cce702) (ScriptedImporter) -> (artifact id: '6b5d5e091b7a1f721564ac36e7523b7e') in 0.0804061 seconds
Number of updated asset objects reloaded before import = 0Number of asset objects unloaded after import = 11

========================================================================
Received Import Request.
  Time since last request: 0.000039 seconds.
  path: Assets/Kit/Enviroment/tower defense/Models/FBX format/crops_bambooStageA.fbx
  artifactKey: Guid(9cde894043648614298f6181b1f76520) Importer(2089858483,192608db42251d675da83286b1cce702)
Start importing Assets/Kit/Enviroment/tower defense/Models/FBX format/crops_bambooStageA.fbx using Guid(9cde894043648614298f6181b1f76520) Importer(2089858483,192608db42251d675da83286b1cce702) (ScriptedImporter) -> (artifact id: '6e86d43eafce5097d0dadad0bd82263a') in 0.0644422 seconds
Number of updated asset objects reloaded before import = 0Number of asset objects unloaded after import = 8

========================================================================
Received Import Request.
  Time since last request: 0.000057 seconds.
  path: Assets/Kit/Enviroment/tower defense/Models/FBX format/tree_blocks_dark.fbx
  artifactKey: Guid(0aa376b49db0e69448c9fed1e85f9571) Importer(2089858483,192608db42251d675da83286b1cce702)
Start importing Assets/Kit/Enviroment/tower defense/Models/FBX format/tree_blocks_dark.fbx using Guid(0aa376b49db0e69448c9fed1e85f9571) Importer(2089858483,192608db42251d675da83286b1cce702) (ScriptedImporter) -> (artifact id: '73894cd610a437c4fd1c46f16988333a') in 0.0732048 seconds
Number of updated asset objects reloaded before import = 0Number of asset objects unloaded after import = 9

========================================================================
Received Import Request.
  Time since last request: 0.000052 seconds.
  path: Assets/Kit/Enviroment/tower defense/Models/FBX format/tree_cone_fall.fbx
  artifactKey: Guid(d1323f6d764fc0c4eac30b95645bff77) Importer(2089858483,192608db42251d675da83286b1cce702)
Start importing Assets/Kit/Enviroment/tower defense/Models/FBX format/tree_cone_fall.fbx using Guid(d1323f6d764fc0c4eac30b95645bff77) Importer(2089858483,192608db42251d675da83286b1cce702) (ScriptedImporter) -> (artifact id: '8b5140e4a5c5b483d3a033357ade2b06') in 0.0697813 seconds
Number of updated asset objects reloaded before import = 0Number of asset objects unloaded after import = 9

========================================================================
Received Import Request.
  Time since last request: 0.000039 seconds.
  path: Assets/Kit/Enviroment/tower defense/Models/FBX format/tree_pineDefaultB.fbx
  artifactKey: Guid(e1650995bce2a1f49a2f2ec5dff5dc76) Importer(2089858483,192608db42251d675da83286b1cce702)
Start importing Assets/Kit/Enviroment/tower defense/Models/FBX format/tree_pineDefaultB.fbx using Guid(e1650995bce2a1f49a2f2ec5dff5dc76) Importer(2089858483,192608db42251d675da83286b1cce702) (ScriptedImporter) -> (artifact id: 'b8cf4bb1140e96bf9d6829a0cc6a9a0c') in 0.0781462 seconds
Number of updated asset objects reloaded before import = 0Number of asset objects unloaded after import = 9

========================================================================
Received Import Request.
  Time since last request: 0.000055 seconds.
  path: Assets/Kit/Enviroment/tower defense/Models/FBX format/tree_pineSmallB.fbx
  artifactKey: Guid(3f17eb2104b840143bd43ff3118ec7a8) Importer(2089858483,192608db42251d675da83286b1cce702)
Start importing Assets/Kit/Enviroment/tower defense/Models/FBX format/tree_pineSmallB.fbx using Guid(3f17eb2104b840143bd43ff3118ec7a8) Importer(2089858483,192608db42251d675da83286b1cce702) (ScriptedImporter) -> (artifact id: 'd19e79f335f52ab614c727a753a8e933') in 0.0626024 seconds
Number of updated asset objects reloaded before import = 0Number of asset objects unloaded after import = 9

========================================================================
Received Import Request.
  Time since last request: 0.000039 seconds.
  path: Assets/Kit/Enviroment/tower defense/Models/FBX format/stone_tallF.fbx
  artifactKey: Guid(1d090de2b9f799c4b87f429ddc7ebc26) Importer(2089858483,192608db42251d675da83286b1cce702)
Start importing Assets/Kit/Enviroment/tower defense/Models/FBX format/stone_tallF.fbx using Guid(1d090de2b9f799c4b87f429ddc7ebc26) Importer(2089858483,192608db42251d675da83286b1cce702) (ScriptedImporter) -> (artifact id: '9c18c812e2e16e2d9c2e82a1d755e8c0') in 0.1007871 seconds
Number of updated asset objects reloaded before import = 0Number of asset objects unloaded after import = 9

========================================================================
Received Import Request.
  Time since last request: 0.000041 seconds.
  path: Assets/Kit/Enviroment/tower defense/Models/FBX format/tree_default_dark.fbx
  artifactKey: Guid(8d75f4943ee22094ca1f45a9235d7304) Importer(2089858483,192608db42251d675da83286b1cce702)
Start importing Assets/Kit/Enviroment/tower defense/Models/FBX format/tree_default_dark.fbx using Guid(8d75f4943ee22094ca1f45a9235d7304) Importer(2089858483,192608db42251d675da83286b1cce702) (ScriptedImporter) -> (artifact id: '07886043dbdbd337069e53943121a232') in 0.0672005 seconds
Number of updated asset objects reloaded before import = 0Number of asset objects unloaded after import = 9

========================================================================
Received Import Request.
  Time since last request: 0.000050 seconds.
  path: Assets/Kit/Enviroment/tower defense/Models/FBX format/tree_small.fbx
  artifactKey: Guid(24bd6b4d8c222e64b9b1941a7d24a037) Importer(2089858483,192608db42251d675da83286b1cce702)
Start importing Assets/Kit/Enviroment/tower defense/Models/FBX format/tree_small.fbx using Guid(24bd6b4d8c222e64b9b1941a7d24a037) Importer(2089858483,192608db42251d675da83286b1cce702) (ScriptedImporter) -> (artifact id: 'a1366219e47fcfc67cce94503360edd7') in 0.0843498 seconds
Number of updated asset objects reloaded before import = 0Number of asset objects unloaded after import = 9

========================================================================
Received Import Request.
  Time since last request: 0.000038 seconds.
  path: Assets/Kit/Enviroment/tower defense/Models/FBX format/stone_tallD.fbx
  artifactKey: Guid(d9d34b3a9e4b63e4db98b067bfa7f692) Importer(2089858483,192608db42251d675da83286b1cce702)
Start importing Assets/Kit/Enviroment/tower defense/Models/FBX format/stone_tallD.fbx using Guid(d9d34b3a9e4b63e4db98b067bfa7f692) Importer(2089858483,192608db42251d675da83286b1cce702) (ScriptedImporter) -> (artifact id: '792c976ed9a2de0b2ee9a3c69e74c8ab') in 0.0644363 seconds
Number of updated asset objects reloaded before import = 0Number of asset objects unloaded after import = 9

========================================================================
Received Import Request.
  Time since last request: 0.000040 seconds.
  path: Assets/Kit/Enviroment/tower defense/Models/FBX format/tree_blocks_fall.fbx
  artifactKey: Guid(be747970d8e1c264e87cb37bfd000944) Importer(2089858483,192608db42251d675da83286b1cce702)
Start importing Assets/Kit/Enviroment/tower defense/Models/FBX format/tree_blocks_fall.fbx using Guid(be747970d8e1c264e87cb37bfd000944) Importer(2089858483,192608db42251d675da83286b1cce702) (ScriptedImporter) -> (artifact id: '3701a4e63ea34de812f3e181e8681361') in 0.0637725 seconds
Number of updated asset objects reloaded before import = 0Number of asset objects unloaded after import = 9

========================================================================
Received Import Request.
  Time since last request: 0.000053 seconds.
  path: Assets/Kit/Enviroment/tower defense/Models/FBX format/tree_pineRoundF.fbx
  artifactKey: Guid(2fee98f52228d9f4aa758c123fff071b) Importer(2089858483,192608db42251d675da83286b1cce702)
Start importing Assets/Kit/Enviroment/tower defense/Models/FBX format/tree_pineRoundF.fbx using Guid(2fee98f52228d9f4aa758c123fff071b) Importer(2089858483,192608db42251d675da83286b1cce702) (ScriptedImporter) -> (artifact id: '51b92aa56b671154651b45b55fb93a54') in 0.0717806 seconds
Number of updated asset objects reloaded before import = 0Number of asset objects unloaded after import = 9

========================================================================
Received Import Request.
  Time since last request: 0.000030 seconds.
  path: Assets/Kit/Enviroment/tower defense/Models/FBX format/tree_pineTallB_detailed.fbx
  artifactKey: Guid(6ccc1772cac7d7d48ab644f09a81db3d) Importer(2089858483,192608db42251d675da83286b1cce702)
Start importing Assets/Kit/Enviroment/tower defense/Models/FBX format/tree_pineTallB_detailed.fbx using Guid(6ccc1772cac7d7d48ab644f09a81db3d) Importer(2089858483,192608db42251d675da83286b1cce702) (ScriptedImporter) -> (artifact id: '2fd72060c2fbc2b02522e6a78498c7e0') in 0.0610511 seconds
Number of updated asset objects reloaded before import = 0Number of asset objects unloaded after import = 9

========================================================================
Received Import Request.
  Time since last request: 0.000074 seconds.
  path: Assets/Kit/Enviroment/tower defense/Models/FBX format/tent_detailedClosed.fbx
  artifactKey: Guid(6b19d3247bf0c9f44a482b5ebee006b0) Importer(2089858483,192608db42251d675da83286b1cce702)
Start importing Assets/Kit/Enviroment/tower defense/Models/FBX format/tent_detailedClosed.fbx using Guid(6b19d3247bf0c9f44a482b5ebee006b0) Importer(2089858483,192608db42251d675da83286b1cce702) (ScriptedImporter) -> (artifact id: '9d1a935c0b960a25abad784f133cdcb0') in 0.0770034 seconds
Number of updated asset objects reloaded before import = 0Number of asset objects unloaded after import = 10

========================================================================
Received Import Request.
  Time since last request: 0.000053 seconds.
  path: Assets/Kit/Enviroment/tower defense/Models/FBX format/tree_fat_darkh.fbx
  artifactKey: Guid(fb5678b2b2ad4e14fa81d49810a46965) Importer(2089858483,192608db42251d675da83286b1cce702)
Start importing Assets/Kit/Enviroment/tower defense/Models/FBX format/tree_fat_darkh.fbx using Guid(fb5678b2b2ad4e14fa81d49810a46965) Importer(2089858483,192608db42251d675da83286b1cce702) (ScriptedImporter) -> (artifact id: 'e4a804350f4133db937659c1e9a145a5') in 0.058355 seconds
Number of updated asset objects reloaded before import = 0Number of asset objects unloaded after import = 9

========================================================================
Received Import Request.
  Time since last request: 0.000035 seconds.
  path: Assets/Kit/Enviroment/tower defense/Models/FBX format/tree_pineRoundC.fbx
  artifactKey: Guid(5f5d0066e9e288544bef0dcf6ebc612a) Importer(2089858483,192608db42251d675da83286b1cce702)
Start importing Assets/Kit/Enviroment/tower defense/Models/FBX format/tree_pineRoundC.fbx using Guid(5f5d0066e9e288544bef0dcf6ebc612a) Importer(2089858483,192608db42251d675da83286b1cce702) (ScriptedImporter) -> (artifact id: 'fea711569ad8b705a70281ac3f1094af') in 0.0696734 seconds
Number of updated asset objects reloaded before import = 0Number of asset objects unloaded after import = 9

========================================================================
Received Import Request.
  Time since last request: 0.000043 seconds.
  path: Assets/Kit/Enviroment/tower defense/Models/GLTF format/bridge_center_woodRound.glb
  artifactKey: Guid(f00879d66a2a6674ebd739efe495b922) Importer(2089858483,192608db42251d675da83286b1cce702)
Start importing Assets/Kit/Enviroment/tower defense/Models/GLTF format/bridge_center_woodRound.glb using Guid(f00879d66a2a6674ebd739efe495b922) Importer(2089858483,192608db42251d675da83286b1cce702) (ScriptedImporter) -> (artifact id: '3b850a4e67454e3dfcda002dd3d4e877') in 0.0281968 seconds
Number of updated asset objects reloaded before import = 0Number of asset objects unloaded after import = 1

========================================================================
Received Import Request.
  Time since last request: 0.000053 seconds.
  path: Assets/Kit/Enviroment/tower defense/Models/GLTF format/bridge_side_wood.glb
  artifactKey: Guid(5a36851779e3ee841b300326c5f1ed1c) Importer(2089858483,192608db42251d675da83286b1cce702)
Start importing Assets/Kit/Enviroment/tower defense/Models/GLTF format/bridge_side_wood.glb using Guid(5a36851779e3ee841b300326c5f1ed1c) Importer(2089858483,192608db42251d675da83286b1cce702) (ScriptedImporter) -> (artifact id: 'b2e5241e8d3fb77e319cde24307e9e49') in 0.0273315 seconds
Number of updated asset objects reloaded before import = 0Number of asset objects unloaded after import = 1

========================================================================
Received Import Request.
  Time since last request: 0.000033 seconds.
  path: Assets/Kit/Enviroment/tower defense/Models/GLTF format/cliff_blockHalf_rock.glb
  artifactKey: Guid(817d83ab71393b34a8942cd4adf651af) Importer(2089858483,192608db42251d675da83286b1cce702)
Start importing Assets/Kit/Enviroment/tower defense/Models/GLTF format/cliff_blockHalf_rock.glb using Guid(817d83ab71393b34a8942cd4adf651af) Importer(2089858483,192608db42251d675da83286b1cce702) (ScriptedImporter) -> (artifact id: 'bf114692281a4dafca13f4eec6ad4094') in 0.0237289 seconds
Number of updated asset objects reloaded before import = 0Number of asset objects unloaded after import = 1

========================================================================
Received Import Request.
  Time since last request: 0.000049 seconds.
  path: Assets/Kit/Enviroment/tower defense/Models/FBX format/tree_tall_fall.fbx
  artifactKey: Guid(a7a9379213cca834d974bf35caf2ef34) Importer(2089858483,192608db42251d675da83286b1cce702)
Start importing Assets/Kit/Enviroment/tower defense/Models/FBX format/tree_tall_fall.fbx using Guid(a7a9379213cca834d974bf35caf2ef34) Importer(2089858483,192608db42251d675da83286b1cce702) (ScriptedImporter) -> (artifact id: '6ed87384e247b5354e2438c606902833') in 0.0608897 seconds
Number of updated asset objects reloaded before import = 0Number of asset objects unloaded after import = 9

========================================================================
Received Import Request.
  Time since last request: 0.000051 seconds.
  path: Assets/Kit/Enviroment/tower defense/Models/FBX format/tree_tall.fbx
  artifactKey: Guid(f52b7a495c215b34bb018c2d0f979935) Importer(2089858483,192608db42251d675da83286b1cce702)
Start importing Assets/Kit/Enviroment/tower defense/Models/FBX format/tree_tall.fbx using Guid(f52b7a495c215b34bb018c2d0f979935) Importer(2089858483,192608db42251d675da83286b1cce702) (ScriptedImporter) -> (artifact id: 'b3f28834dffbf6254c885d8a8c0eb7a9') in 0.0594997 seconds
Number of updated asset objects reloaded before import = 0Number of asset objects unloaded after import = 9

========================================================================
Received Import Request.
  Time since last request: 0.000046 seconds.
  path: Assets/Kit/Enviroment/tower defense/Models/GLTF format/campfire_stones.glb
  artifactKey: Guid(494e34b9ce5def5468514ebf29c25f6f) Importer(2089858483,192608db42251d675da83286b1cce702)
Start importing Assets/Kit/Enviroment/tower defense/Models/GLTF format/campfire_stones.glb using Guid(494e34b9ce5def5468514ebf29c25f6f) Importer(2089858483,192608db42251d675da83286b1cce702) (ScriptedImporter) -> (artifact id: 'fbd52338e0aa08b5a42be9b54082ec72') in 0.0228577 seconds
Number of updated asset objects reloaded before import = 0Number of asset objects unloaded after import = 1

========================================================================
Received Import Request.
  Time since last request: 0.000043 seconds.
  path: Assets/Kit/Enviroment/tower defense/Models/FBX format/tree_small_fall.fbx
  artifactKey: Guid(6992e17ea2a22b74e92f2afb69c4bae2) Importer(2089858483,192608db42251d675da83286b1cce702)
Start importing Assets/Kit/Enviroment/tower defense/Models/FBX format/tree_small_fall.fbx using Guid(6992e17ea2a22b74e92f2afb69c4bae2) Importer(2089858483,192608db42251d675da83286b1cce702) (ScriptedImporter) -> (artifact id: 'cd77eda40b1b07e3193ddb465a532e5b') in 0.0600791 seconds
Number of updated asset objects reloaded before import = 0Number of asset objects unloaded after import = 9

========================================================================
Received Import Request.
  Time since last request: 0.000031 seconds.
  path: Assets/Kit/Enviroment/tower defense/Models/GLTF format/cliff_blockCave_rock.glb
  artifactKey: Guid(2f5042c3960599d47baa95229fa02e98) Importer(2089858483,192608db42251d675da83286b1cce702)
Start importing Assets/Kit/Enviroment/tower defense/Models/GLTF format/cliff_blockCave_rock.glb using Guid(2f5042c3960599d47baa95229fa02e98) Importer(2089858483,192608db42251d675da83286b1cce702) (ScriptedImporter) -> (artifact id: '1bcc752ee47fa03b6eecfce47e9c90fd') in 0.0205994 seconds
Number of updated asset objects reloaded before import = 0Number of asset objects unloaded after import = 1

========================================================================
Received Import Request.
  Time since last request: 0.000036 seconds.
  path: Assets/Kit/Enviroment/tower defense/Models/GLTF format/campfire_planks.glb
  artifactKey: Guid(c20b2099a98d03c4aaf240a5e0ad098d) Importer(2089858483,192608db42251d675da83286b1cce702)
Start importing Assets/Kit/Enviroment/tower defense/Models/GLTF format/campfire_planks.glb using Guid(c20b2099a98d03c4aaf240a5e0ad098d) Importer(2089858483,192608db42251d675da83286b1cce702) (ScriptedImporter) -> (artifact id: 'fb3053d335ed635dcdb5c92d0ee16dc4') in 0.0238421 seconds
Number of updated asset objects reloaded before import = 0Number of asset objects unloaded after import = 1

========================================================================
Received Import Request.
  Time since last request: 0.000076 seconds.
  path: Assets/Kit/Enviroment/tower defense/Models/GLTF format/cliff_diagonal_stone.glb
  artifactKey: Guid(19894e58b44c6cc4c9b6ba84dae4695f) Importer(2089858483,192608db42251d675da83286b1cce702)
Start importing Assets/Kit/Enviroment/tower defense/Models/GLTF format/cliff_diagonal_stone.glb using Guid(19894e58b44c6cc4c9b6ba84dae4695f) Importer(2089858483,192608db42251d675da83286b1cce702) (ScriptedImporter) -> (artifact id: '892a0ba2c9147854986d03dc33aa54a9') in 0.0252533 seconds
Number of updated asset objects reloaded before import = 0Number of asset objects unloaded after import = 1

========================================================================
Received Import Request.
  Time since last request: 0.000036 seconds.
  path: Assets/Kit/Enviroment/tower defense/Models/GLTF format/cliff_halfCorner_stone.glb
  artifactKey: Guid(d3abaae3dcf8b7346972a1d26a424505) Importer(2089858483,192608db42251d675da83286b1cce702)
Start importing Assets/Kit/Enviroment/tower defense/Models/GLTF format/cliff_halfCorner_stone.glb using Guid(d3abaae3dcf8b7346972a1d26a424505) Importer(2089858483,192608db42251d675da83286b1cce702) (ScriptedImporter) -> (artifact id: 'e022f41ba7d555f0f327fd66be30e76b') in 0.0250375 seconds
Number of updated asset objects reloaded before import = 0Number of asset objects unloaded after import = 1

========================================================================
Received Import Request.
  Time since last request: 0.000032 seconds.
  path: Assets/Kit/Enviroment/tower defense/Models/GLTF format/cliff_blockSlope_rock.glb
  artifactKey: Guid(ce74b92683c77d641aed6b288fbcc678) Importer(2089858483,192608db42251d675da83286b1cce702)
Start importing Assets/Kit/Enviroment/tower defense/Models/GLTF format/cliff_blockSlope_rock.glb using Guid(ce74b92683c77d641aed6b288fbcc678) Importer(2089858483,192608db42251d675da83286b1cce702) (ScriptedImporter) -> (artifact id: '2f9ec8b8ce32ab144eb2e9d67da46f81') in 0.0242377 seconds
Number of updated asset objects reloaded before import = 0Number of asset objects unloaded after import = 1

========================================================================
Received Import Request.
  Time since last request: 0.000039 seconds.
  path: Assets/Kit/Enviroment/tower defense/Models/GLTF format/cliff_blockSlopeWalls_stone.glb
  artifactKey: Guid(129ab386a7269bf43876e22d05a00d24) Importer(2089858483,192608db42251d675da83286b1cce702)
Start importing Assets/Kit/Enviroment/tower defense/Models/GLTF format/cliff_blockSlopeWalls_stone.glb using Guid(129ab386a7269bf43876e22d05a00d24) Importer(2089858483,192608db42251d675da83286b1cce702) (ScriptedImporter) -> (artifact id: '1ca3bac1eefcd217d42aad42115ca8dd') in 0.0230011 seconds
Number of updated asset objects reloaded before import = 0Number of asset objects unloaded after import = 1

========================================================================
Received Import Request.
  Time since last request: 0.000112 seconds.
  path: Assets/Kit/Enviroment/tower defense/Models/DAE format/rock_tallH.dae
  artifactKey: Guid(33247f0b881e00548a30e9574f95de5e) Importer(2089858483,192608db42251d675da83286b1cce702)
Start importing Assets/Kit/Enviroment/tower defense/Models/DAE format/rock_tallH.dae using Guid(33247f0b881e00548a30e9574f95de5e) Importer(2089858483,192608db42251d675da83286b1cce702) (ScriptedImporter) -> (artifact id: '904b81f6f2f19ce2263305c4cad11d34') in 0.0631574 seconds
Number of updated asset objects reloaded before import = 0Number of asset objects unloaded after import = 10

========================================================================
Received Import Request.
  Time since last request: 0.000046 seconds.
  path: Assets/Kit/Enviroment/tower defense/Models/FBX format/stone_tallE.fbx
  artifactKey: Guid(64147d1fc5035d24b93b26600855128a) Importer(2089858483,192608db42251d675da83286b1cce702)
Start importing Assets/Kit/Enviroment/tower defense/Models/FBX format/stone_tallE.fbx using Guid(64147d1fc5035d24b93b26600855128a) Importer(2089858483,192608db42251d675da83286b1cce702) (ScriptedImporter) -> (artifact id: '56979aa6b573bd2db4e2bcba6ee61d40') in 0.0645743 seconds
Number of updated asset objects reloaded before import = 0Number of asset objects unloaded after import = 9

========================================================================
Received Import Request.
  Time since last request: 0.000037 seconds.
  path: Assets/Kit/Enviroment/tower defense/Models/DAE format/rock_largeF.dae
  artifactKey: Guid(cfd16a2af317fab40a40267747af8986) Importer(2089858483,192608db42251d675da83286b1cce702)
Start importing Assets/Kit/Enviroment/tower defense/Models/DAE format/rock_largeF.dae using Guid(cfd16a2af317fab40a40267747af8986) Importer(2089858483,192608db42251d675da83286b1cce702) (ScriptedImporter) -> (artifact id: '2f8ea71878f14e4300cda53af19e1076') in 0.075197 seconds
Number of updated asset objects reloaded before import = 0Number of asset objects unloaded after import = 10

========================================================================
Received Import Request.
  Time since last request: 0.000055 seconds.
  path: Assets/Kit/Enviroment/tower defense/Models/FBX format/ground_riverEndClosed.fbx
  artifactKey: Guid(71e8b7dfa2087d14991208eea5a88d13) Importer(2089858483,192608db42251d675da83286b1cce702)
Start importing Assets/Kit/Enviroment/tower defense/Models/FBX format/ground_riverEndClosed.fbx using Guid(71e8b7dfa2087d14991208eea5a88d13) Importer(2089858483,192608db42251d675da83286b1cce702) (ScriptedImporter) -> (artifact id: 'eb6eef72df72695f98292087bade146f') in 0.068108 seconds
Number of updated asset objects reloaded before import = 0Number of asset objects unloaded after import = 11

========================================================================
Received Import Request.
  Time since last request: 0.000036 seconds.
  path: Assets/Kit/Enviroment/tower defense/Models/FBX format/statue_head.fbx
  artifactKey: Guid(0fb5868f2a7c9c943bcb4bbac5a19e9f) Importer(2089858483,192608db42251d675da83286b1cce702)
Start importing Assets/Kit/Enviroment/tower defense/Models/FBX format/statue_head.fbx using Guid(0fb5868f2a7c9c943bcb4bbac5a19e9f) Importer(2089858483,192608db42251d675da83286b1cce702) (ScriptedImporter) -> (artifact id: '64028c87223d693c4d5cfc23b7707f68') in 0.0768089 seconds
Number of updated asset objects reloaded before import = 0Number of asset objects unloaded after import = 10

========================================================================
Received Import Request.
  Time since last request: 0.000131 seconds.
  path: Assets/Kit/Enviroment/tower defense/Models/GLTF format/ground_riverBend.glb
  artifactKey: Guid(e5f35bcd7c022c34bb3d57a18ccc9f72) Importer(2089858483,192608db42251d675da83286b1cce702)
Start importing Assets/Kit/Enviroment/tower defense/Models/GLTF format/ground_riverBend.glb using Guid(e5f35bcd7c022c34bb3d57a18ccc9f72) Importer(2089858483,192608db42251d675da83286b1cce702) (ScriptedImporter) -> (artifact id: '153404784ce023ceb01f7f8ccdac2762') in 0.0293555 seconds
Number of updated asset objects reloaded before import = 0Number of asset objects unloaded after import = 1

========================================================================
Received Import Request.
  Time since last request: 0.000049 seconds.
  path: Assets/Kit/Enviroment/tower defense/Models/GLTF format/crops_wheatStageB.glb
  artifactKey: Guid(d91edba347232ce45a1f5c7cf13306e0) Importer(2089858483,192608db42251d675da83286b1cce702)
Start importing Assets/Kit/Enviroment/tower defense/Models/GLTF format/crops_wheatStageB.glb using Guid(d91edba347232ce45a1f5c7cf13306e0) Importer(2089858483,192608db42251d675da83286b1cce702) (ScriptedImporter) -> (artifact id: 'f43552cb4f10b3092e6a461c60920ff1') in 0.0280208 seconds
Number of updated asset objects reloaded before import = 0Number of asset objects unloaded after import = 1

========================================================================
Received Import Request.
  Time since last request: 0.000034 seconds.
  path: Assets/Kit/Enviroment/tower defense/Models/GLTF format/crop_turnip.glb
  artifactKey: Guid(b75b07ed8ba3a6c498e2b978541c15e6) Importer(2089858483,192608db42251d675da83286b1cce702)
Start importing Assets/Kit/Enviroment/tower defense/Models/GLTF format/crop_turnip.glb using Guid(b75b07ed8ba3a6c498e2b978541c15e6) Importer(2089858483,192608db42251d675da83286b1cce702) (ScriptedImporter) -> (artifact id: 'c8c9e2852891676b2327e7165f8be13d') in 0.0287849 seconds
Number of updated asset objects reloaded before import = 0Number of asset objects unloaded after import = 1

========================================================================
Received Import Request.
  Time since last request: 0.000049 seconds.
  path: Assets/Kit/Enviroment/tower defense/Models/GLTF format/fence_bend.glb
  artifactKey: Guid(1387929b38a97fd45b6a7a2e75540f19) Importer(2089858483,192608db42251d675da83286b1cce702)
Start importing Assets/Kit/Enviroment/tower defense/Models/GLTF format/fence_bend.glb using Guid(1387929b38a97fd45b6a7a2e75540f19) Importer(2089858483,192608db42251d675da83286b1cce702) (ScriptedImporter) -> (artifact id: 'ec234fcd1ae83ff997e76f295a07e830') in 0.0259112 seconds
Number of updated asset objects reloaded before import = 0Number of asset objects unloaded after import = 1

========================================================================
Received Import Request.
  Time since last request: 0.000045 seconds.
  path: Assets/Kit/Enviroment/tower defense/Models/GLTF format/ground_riverStraight.glb
  artifactKey: Guid(77177cd15f4f03e4698f09e491a6916e) Importer(2089858483,192608db42251d675da83286b1cce702)
Start importing Assets/Kit/Enviroment/tower defense/Models/GLTF format/ground_riverStraight.glb using Guid(77177cd15f4f03e4698f09e491a6916e) Importer(2089858483,192608db42251d675da83286b1cce702) (ScriptedImporter) -> (artifact id: 'dac0f8104f0c12b4a8c3dcf6d601a928') in 0.0272436 seconds
Number of updated asset objects reloaded before import = 0Number of asset objects unloaded after import = 1

========================================================================
Received Import Request.
  Time since last request: 0.000056 seconds.
  path: Assets/Kit/Enviroment/tower defense/Models/GLTF format/crops_cornStageC.glb
  artifactKey: Guid(3b8e1e3b0c78a044081ca1f89c7b6b22) Importer(2089858483,192608db42251d675da83286b1cce702)
Start importing Assets/Kit/Enviroment/tower defense/Models/GLTF format/crops_cornStageC.glb using Guid(3b8e1e3b0c78a044081ca1f89c7b6b22) Importer(2089858483,192608db42251d675da83286b1cce702) (ScriptedImporter) -> (artifact id: 'a01ff2cfabbe7b2e67df804e9b5cfb6e') in 0.0236693 seconds
Number of updated asset objects reloaded before import = 0Number of asset objects unloaded after import = 1

========================================================================
Received Import Request.
  Time since last request: 0.000038 seconds.
  path: Assets/Kit/Enviroment/tower defense/Models/GLTF format/crops_dirtDoubleRowEnd.glb
  artifactKey: Guid(54f33f0503e4b344d8c40e14487c19e0) Importer(2089858483,192608db42251d675da83286b1cce702)
Start importing Assets/Kit/Enviroment/tower defense/Models/GLTF format/crops_dirtDoubleRowEnd.glb using Guid(54f33f0503e4b344d8c40e14487c19e0) Importer(2089858483,192608db42251d675da83286b1cce702) (ScriptedImporter) -> (artifact id: '5d89a2fa860052fa27a3735be79906bc') in 0.0274577 seconds
Number of updated asset objects reloaded before import = 0Number of asset objects unloaded after import = 1

========================================================================
Received Import Request.
  Time since last request: 0.000037 seconds.
  path: Assets/Kit/Enviroment/tower defense/Models/GLTF format/crop_carrot.glb
  artifactKey: Guid(a89091065e9d5ff4b8e6e6a6edeea223) Importer(2089858483,192608db42251d675da83286b1cce702)
Start importing Assets/Kit/Enviroment/tower defense/Models/GLTF format/crop_carrot.glb using Guid(a89091065e9d5ff4b8e6e6a6edeea223) Importer(2089858483,192608db42251d675da83286b1cce702) (ScriptedImporter) -> (artifact id: 'e4c26f6e781e0ecf7c7d4d1ea7073824') in 0.0296571 seconds
Number of updated asset objects reloaded before import = 0Number of asset objects unloaded after import = 1

========================================================================
Received Import Request.
  Time since last request: 0.000058 seconds.
  path: Assets/Kit/Enviroment/tower defense/Models/GLTF format/cliff_waterfall_rock.glb
  artifactKey: Guid(be4bb3893718fed488d6a9f83d486540) Importer(2089858483,192608db42251d675da83286b1cce702)
Start importing Assets/Kit/Enviroment/tower defense/Models/GLTF format/cliff_waterfall_rock.glb using Guid(be4bb3893718fed488d6a9f83d486540) Importer(2089858483,192608db42251d675da83286b1cce702) (ScriptedImporter) -> (artifact id: 'c8622c307e2a04d5eb68dcf6d29a6156') in 0.024554 seconds
Number of updated asset objects reloaded before import = 0Number of asset objects unloaded after import = 1

========================================================================
Received Import Request.
  Time since last request: 0.000067 seconds.
  path: Assets/Kit/Enviroment/tower defense/Models/GLTF format/fence_bendCenter.glb
  artifactKey: Guid(ea49808ccb8602a419df819d6d0d01b2) Importer(2089858483,192608db42251d675da83286b1cce702)
Start importing Assets/Kit/Enviroment/tower defense/Models/GLTF format/fence_bendCenter.glb using Guid(ea49808ccb8602a419df819d6d0d01b2) Importer(2089858483,192608db42251d675da83286b1cce702) (ScriptedImporter) -> (artifact id: '1da5376a95f2d571443ef3668ec64c47') in 0.0256391 seconds
Number of updated asset objects reloaded before import = 0Number of asset objects unloaded after import = 1

========================================================================
Received Import Request.
  Time since last request: 0.000036 seconds.
  path: Assets/Kit/Enviroment/tower defense/Models/GLTF format/ground_pathCross.glb
  artifactKey: Guid(6ab74a6193ef7bb4cb23df2839ebe1ab) Importer(2089858483,192608db42251d675da83286b1cce702)
Start importing Assets/Kit/Enviroment/tower defense/Models/GLTF format/ground_pathCross.glb using Guid(6ab74a6193ef7bb4cb23df2839ebe1ab) Importer(2089858483,192608db42251d675da83286b1cce702) (ScriptedImporter) -> (artifact id: 'f5e0e4f345b4b1c469ffcebabb26cb3a') in 0.0267558 seconds
Number of updated asset objects reloaded before import = 0Number of asset objects unloaded after import = 1

========================================================================
Received Import Request.
  Time since last request: 0.000034 seconds.
  path: Assets/Kit/Enviroment/tower defense/Models/GLTF format/crops_wheatStageA.glb
  artifactKey: Guid(d1da0ff6f4360534f81772c4c53cf007) Importer(2089858483,192608db42251d675da83286b1cce702)
Start importing Assets/Kit/Enviroment/tower defense/Models/GLTF format/crops_wheatStageA.glb using Guid(d1da0ff6f4360534f81772c4c53cf007) Importer(2089858483,192608db42251d675da83286b1cce702) (ScriptedImporter) -> (artifact id: '9f88bee69a703aad22fd9d8e7c5b7f70') in 0.029462 seconds
Number of updated asset objects reloaded before import = 0Number of asset objects unloaded after import = 1

========================================================================
Received Import Request.
  Time since last request: 0.000048 seconds.
  path: Assets/Kit/Enviroment/tower defense/Models/GLTF format/flower_yellowA.glb
  artifactKey: Guid(3983bdb3987814040aa53535ecbc7ca0) Importer(2089858483,192608db42251d675da83286b1cce702)
Start importing Assets/Kit/Enviroment/tower defense/Models/GLTF format/flower_yellowA.glb using Guid(3983bdb3987814040aa53535ecbc7ca0) Importer(2089858483,192608db42251d675da83286b1cce702) (ScriptedImporter) -> (artifact id: '80b7133f8eaf69306fc623a17d6758b2') in 0.0279711 seconds
Number of updated asset objects reloaded before import = 0Number of asset objects unloaded after import = 1

========================================================================
Received Import Request.
  Time since last request: 0.000058 seconds.
  path: Assets/Kit/Enviroment/tower defense/Models/GLTF format/ground_pathBendBank.glb
  artifactKey: Guid(339789b26c47bb4469d65c04da3d3531) Importer(2089858483,192608db42251d675da83286b1cce702)
Start importing Assets/Kit/Enviroment/tower defense/Models/GLTF format/ground_pathBendBank.glb using Guid(339789b26c47bb4469d65c04da3d3531) Importer(2089858483,192608db42251d675da83286b1cce702) (ScriptedImporter) -> (artifact id: '8e9566c92f273ca571db4f00bb117295') in 0.0289507 seconds
Number of updated asset objects reloaded before import = 0Number of asset objects unloaded after import = 1

========================================================================
Received Import Request.
  Time since last request: 0.000038 seconds.
  path: Assets/Kit/Enviroment/tower defense/Models/GLTF format/ground_riverCornerSmall.glb
  artifactKey: Guid(9410d1f00b898db49bd3820b876726e5) Importer(2089858483,192608db42251d675da83286b1cce702)
Start importing Assets/Kit/Enviroment/tower defense/Models/GLTF format/ground_riverCornerSmall.glb using Guid(9410d1f00b898db49bd3820b876726e5) Importer(2089858483,192608db42251d675da83286b1cce702) (ScriptedImporter) -> (artifact id: '2544cf4c059abbb9fe527999640a495b') in 0.0328585 seconds
Number of updated asset objects reloaded before import = 0Number of asset objects unloaded after import = 1

========================================================================
Received Import Request.
  Time since last request: 0.000039 seconds.
  path: Assets/Kit/Enviroment/tower defense/Models/GLTF format/fence_planks.glb
  artifactKey: Guid(ce5fbe13914e3a24ca56d52064ce11c8) Importer(2089858483,192608db42251d675da83286b1cce702)
Start importing Assets/Kit/Enviroment/tower defense/Models/GLTF format/fence_planks.glb using Guid(ce5fbe13914e3a24ca56d52064ce11c8) Importer(2089858483,192608db42251d675da83286b1cce702) (ScriptedImporter) -> (artifact id: '274b07f42bb11bc4ac9e2cdfa9022f9b') in 0.0264043 seconds
Number of updated asset objects reloaded before import = 0Number of asset objects unloaded after import = 1

========================================================================
Received Import Request.
  Time since last request: 0.000042 seconds.
  path: Assets/Kit/Enviroment/tower defense/Models/GLTF format/ground_riverSplit.glb
  artifactKey: Guid(b40f82c0100610e4ea75b91396de3c65) Importer(2089858483,192608db42251d675da83286b1cce702)
Start importing Assets/Kit/Enviroment/tower defense/Models/GLTF format/ground_riverSplit.glb using Guid(b40f82c0100610e4ea75b91396de3c65) Importer(2089858483,192608db42251d675da83286b1cce702) (ScriptedImporter) -> (artifact id: '9e896e17aecf4cb011f72ed60c7eb50c') in 0.0277352 seconds
Number of updated asset objects reloaded before import = 0Number of asset objects unloaded after import = 1

========================================================================
Received Import Request.
  Time since last request: 0.000106 seconds.
  path: Assets/Kit/Enviroment/tower defense/Models/GLTF format/ground_pathStraight.glb
  artifactKey: Guid(ebd82db729a7ab54b8c49fa731363794) Importer(2089858483,192608db42251d675da83286b1cce702)
Start importing Assets/Kit/Enviroment/tower defense/Models/GLTF format/ground_pathStraight.glb using Guid(ebd82db729a7ab54b8c49fa731363794) Importer(2089858483,192608db42251d675da83286b1cce702) (ScriptedImporter) -> (artifact id: '1d06a2be9af0e88f7b8eb8d7b44e1e89') in 0.0386849 seconds
Number of updated asset objects reloaded before import = 0Number of asset objects unloaded after import = 1

========================================================================
Received Import Request.
  Time since last request: 0.000059 seconds.
  path: Assets/Kit/Enviroment/tower defense/Models/FBX format/tree_default.fbx
  artifactKey: Guid(33bdb226cd10c6f44aedb405e9e9860a) Importer(2089858483,192608db42251d675da83286b1cce702)
Start importing Assets/Kit/Enviroment/tower defense/Models/FBX format/tree_default.fbx using Guid(33bdb226cd10c6f44aedb405e9e9860a) Importer(2089858483,192608db42251d675da83286b1cce702) (ScriptedImporter) -> (artifact id: '5d9d5f8ccfe4f9235e082ce7b2ae8953') in 0.091169 seconds
Number of updated asset objects reloaded before import = 0Number of asset objects unloaded after import = 9

========================================================================
Received Import Request.
  Time since last request: 0.000043 seconds.
  path: Assets/Kit/Enviroment/tower defense/Models/GLTF format/statue_obelisk.glb
  artifactKey: Guid(58001cd5e67e64e489b0f38b29bfdb6c) Importer(2089858483,192608db42251d675da83286b1cce702)
Start importing Assets/Kit/Enviroment/tower defense/Models/GLTF format/statue_obelisk.glb using Guid(58001cd5e67e64e489b0f38b29bfdb6c) Importer(2089858483,192608db42251d675da83286b1cce702) (ScriptedImporter) -> (artifact id: 'aa6aad6ec5da41587323fa690ce8ca23') in 0.0278078 seconds
Number of updated asset objects reloaded before import = 0Number of asset objects unloaded after import = 1

========================================================================
Received Import Request.
  Time since last request: 0.000053 seconds.
  path: Assets/Kit/Enviroment/tower defense/Models/GLTF format/statue_block.glb
  artifactKey: Guid(7d1d132771475f54db84ed746dc272da) Importer(2089858483,192608db42251d675da83286b1cce702)
Start importing Assets/Kit/Enviroment/tower defense/Models/GLTF format/statue_block.glb using Guid(7d1d132771475f54db84ed746dc272da) Importer(2089858483,192608db42251d675da83286b1cce702) (ScriptedImporter) -> (artifact id: '502d94f41e170f7225dd8e159b20522d') in 0.0223183 seconds
Number of updated asset objects reloaded before import = 0Number of asset objects unloaded after import = 1

========================================================================
Received Import Request.
  Time since last request: 0.000033 seconds.
  path: Assets/Kit/Enviroment/tower defense/Models/GLTF format/stone_largeC.glb
  artifactKey: Guid(a8b8a490f295b62418b39877c875826e) Importer(2089858483,192608db42251d675da83286b1cce702)
Start importing Assets/Kit/Enviroment/tower defense/Models/GLTF format/stone_largeC.glb using Guid(a8b8a490f295b62418b39877c875826e) Importer(2089858483,192608db42251d675da83286b1cce702) (ScriptedImporter) -> (artifact id: '45e506c717a791979b94c07be2d17e12') in 0.0291979 seconds
Number of updated asset objects reloaded before import = 0Number of asset objects unloaded after import = 1

========================================================================
Received Import Request.
  Time since last request: 0.000032 seconds.
  path: Assets/Kit/Enviroment/tower defense/Models/GLTF format/lily_small.glb
  artifactKey: Guid(569fde20d9f48204dab3c20d84a48ed7) Importer(2089858483,192608db42251d675da83286b1cce702)
Start importing Assets/Kit/Enviroment/tower defense/Models/GLTF format/lily_small.glb using Guid(569fde20d9f48204dab3c20d84a48ed7) Importer(2089858483,192608db42251d675da83286b1cce702) (ScriptedImporter) -> (artifact id: 'f5f7a6b774d6ad2e291d8678465c2f98') in 0.0251185 seconds
Number of updated asset objects reloaded before import = 0Number of asset objects unloaded after import = 1

========================================================================
Received Import Request.
  Time since last request: 0.000038 seconds.
  path: Assets/Kit/Enviroment/tower defense/Models/GLTF format/stone_smallA.glb
  artifactKey: Guid(b8597bfd3a14cb746ad38d7b3bc6870b) Importer(2089858483,192608db42251d675da83286b1cce702)
Start importing Assets/Kit/Enviroment/tower defense/Models/GLTF format/stone_smallA.glb using Guid(b8597bfd3a14cb746ad38d7b3bc6870b) Importer(2089858483,192608db42251d675da83286b1cce702) (ScriptedImporter) -> (artifact id: 'afb461cdf1ef83c82118dec0c29c1960') in 0.023407 seconds
Number of updated asset objects reloaded before import = 0Number of asset objects unloaded after import = 1

========================================================================
Received Import Request.
  Time since last request: 0.000049 seconds.
  path: Assets/Kit/Enviroment/tower defense/Models/GLTF format/stone_largeE.glb
  artifactKey: Guid(1cf5ee7ce470d3e45b2cdc66d1d69e0a) Importer(2089858483,192608db42251d675da83286b1cce702)
Start importing Assets/Kit/Enviroment/tower defense/Models/GLTF format/stone_largeE.glb using Guid(1cf5ee7ce470d3e45b2cdc66d1d69e0a) Importer(2089858483,192608db42251d675da83286b1cce702) (ScriptedImporter) -> (artifact id: '9eafa0691348d84f829391db88de52de') in 0.0252831 seconds
Number of updated asset objects reloaded before import = 0Number of asset objects unloaded after import = 1

========================================================================
Received Import Request.
  Time since last request: 0.000031 seconds.
  path: Assets/Kit/Enviroment/tower defense/Models/GLTF format/platform_beach.glb
  artifactKey: Guid(7f57b55c8ade452449d9ffc530b9026f) Importer(2089858483,192608db42251d675da83286b1cce702)
Start importing Assets/Kit/Enviroment/tower defense/Models/GLTF format/platform_beach.glb using Guid(7f57b55c8ade452449d9ffc530b9026f) Importer(2089858483,192608db42251d675da83286b1cce702) (ScriptedImporter) -> (artifact id: '9392d9343bb9657eadeb316d3ce4e64f') in 0.0239743 seconds
Number of updated asset objects reloaded before import = 0Number of asset objects unloaded after import = 1

========================================================================
Received Import Request.
  Time since last request: 0.000033 seconds.
  path: Assets/Kit/Enviroment/tower defense/Models/GLTF format/platform_stone.glb
  artifactKey: Guid(5842885870d0c6a4b9bd11426abc4c75) Importer(2089858483,192608db42251d675da83286b1cce702)
Start importing Assets/Kit/Enviroment/tower defense/Models/GLTF format/platform_stone.glb using Guid(5842885870d0c6a4b9bd11426abc4c75) Importer(2089858483,192608db42251d675da83286b1cce702) (ScriptedImporter) -> (artifact id: 'a41651434e8d003fd61cee3474378038') in 0.0286056 seconds
Number of updated asset objects reloaded before import = 0Number of asset objects unloaded after import = 1

========================================================================
Received Import Request.
  Time since last request: 0.000039 seconds.
  path: Assets/Kit/Enviroment/tower defense/Models/GLTF format/stone_smallC.glb
  artifactKey: Guid(11d52629678d06b4f89b4fdccfab538b) Importer(2089858483,192608db42251d675da83286b1cce702)
Start importing Assets/Kit/Enviroment/tower defense/Models/GLTF format/stone_smallC.glb using Guid(11d52629678d06b4f89b4fdccfab538b) Importer(2089858483,192608db42251d675da83286b1cce702) (ScriptedImporter) -> (artifact id: 'de19bec46bc810c7844a25ee7b46d8c1') in 0.027771 seconds
Number of updated asset objects reloaded before import = 0Number of asset objects unloaded after import = 1

========================================================================
Received Import Request.
  Time since last request: 0.000066 seconds.
  path: Assets/Kit/Enviroment/tower defense/Models/GLTF format/log_stack.glb
  artifactKey: Guid(06922b65202b6794a82d8f465c1d5059) Importer(2089858483,192608db42251d675da83286b1cce702)
Start importing Assets/Kit/Enviroment/tower defense/Models/GLTF format/log_stack.glb using Guid(06922b65202b6794a82d8f465c1d5059) Importer(2089858483,192608db42251d675da83286b1cce702) (ScriptedImporter) -> (artifact id: 'cd12da9503422aaa498a7ec8da4ce41e') in 0.039488 seconds
Number of updated asset objects reloaded before import = 0Number of asset objects unloaded after import = 1

========================================================================
Received Import Request.
  Time since last request: 0.000034 seconds.
  path: Assets/Kit/Enviroment/tower defense/Models/GLTF format/rock_largeA.glb
  artifactKey: Guid(6b42054c8b2304e49a215de5b25f6c99) Importer(2089858483,192608db42251d675da83286b1cce702)
Start importing Assets/Kit/Enviroment/tower defense/Models/GLTF format/rock_largeA.glb using Guid(6b42054c8b2304e49a215de5b25f6c99) Importer(2089858483,192608db42251d675da83286b1cce702) (ScriptedImporter) -> (artifact id: '08710b402b80e003065d21a4ffa476ed') in 0.0338017 seconds
Number of updated asset objects reloaded before import = 0Number of asset objects unloaded after import = 1

========================================================================
Received Import Request.
  Time since last request: 0.000039 seconds.
  path: Assets/Kit/Enviroment/tower defense/Models/GLTF format/rock_smallTopA.glb
  artifactKey: Guid(689dbb33d8ab9f04eb16fdf0c594f11b) Importer(2089858483,192608db42251d675da83286b1cce702)
Start importing Assets/Kit/Enviroment/tower defense/Models/GLTF format/rock_smallTopA.glb using Guid(689dbb33d8ab9f04eb16fdf0c594f11b) Importer(2089858483,192608db42251d675da83286b1cce702) (ScriptedImporter) -> (artifact id: '009e4f4822d511405f42aaf148f37651') in 0.0336535 seconds
Number of updated asset objects reloaded before import = 0Number of asset objects unloaded after import = 1

========================================================================
Received Import Request.
  Time since last request: 0.000056 seconds.
  path: Assets/Kit/Enviroment/tower defense/Models/GLTF format/stone_smallB.glb
  artifactKey: Guid(b0d4c49674a3cda499594ec1cdb9104c) Importer(2089858483,192608db42251d675da83286b1cce702)
Start importing Assets/Kit/Enviroment/tower defense/Models/GLTF format/stone_smallB.glb using Guid(b0d4c49674a3cda499594ec1cdb9104c) Importer(2089858483,192608db42251d675da83286b1cce702) (ScriptedImporter) -> (artifact id: 'f9eb1423a665d1e8f6fbbba9ffc64af5') in 0.0405328 seconds
Number of updated asset objects reloaded before import = 0Number of asset objects unloaded after import = 1

========================================================================
Received Import Request.
  Time since last request: 0.000030 seconds.
  path: Assets/Kit/Enviroment/tower defense/Models/GLTF format/rock_smallFlatA.glb
  artifactKey: Guid(2cfc43ef1d0766041b1a7c74fbbe0826) Importer(2089858483,192608db42251d675da83286b1cce702)
Start importing Assets/Kit/Enviroment/tower defense/Models/GLTF format/rock_smallFlatA.glb using Guid(2cfc43ef1d0766041b1a7c74fbbe0826) Importer(2089858483,192608db42251d675da83286b1cce702) (ScriptedImporter) -> (artifact id: '19548d70648491843d2df6a1b10f565b') in 0.022824 seconds
Number of updated asset objects reloaded before import = 0Number of asset objects unloaded after import = 1

========================================================================
Received Import Request.
  Time since last request: 0.000080 seconds.
  path: Assets/Kit/Enviroment/tower defense/Models/GLTF format/stone_largeA.glb
  artifactKey: Guid(f2acde901ab13b14b9f5bf1611f622c8) Importer(2089858483,192608db42251d675da83286b1cce702)
Start importing Assets/Kit/Enviroment/tower defense/Models/GLTF format/stone_largeA.glb using Guid(f2acde901ab13b14b9f5bf1611f622c8) Importer(2089858483,192608db42251d675da83286b1cce702) (ScriptedImporter) -> (artifact id: '270f1832d412b8189c6c3d586039fbfc') in 0.0360763 seconds
Number of updated asset objects reloaded before import = 0Number of asset objects unloaded after import = 1

========================================================================
Received Import Request.
  Time since last request: 0.000066 seconds.
  path: Assets/Kit/Enviroment/tower defense/Models/GLTF format/plant_bushDetailed.glb
  artifactKey: Guid(fa5fcc61ea5c11e48a6abdea5970330e) Importer(2089858483,192608db42251d675da83286b1cce702)
Start importing Assets/Kit/Enviroment/tower defense/Models/GLTF format/plant_bushDetailed.glb using Guid(fa5fcc61ea5c11e48a6abdea5970330e) Importer(2089858483,192608db42251d675da83286b1cce702) (ScriptedImporter) -> (artifact id: '7bd16b10b1f77f632678a22ef992fdda') in 0.0250347 seconds
Number of updated asset objects reloaded before import = 0Number of asset objects unloaded after import = 1

========================================================================
Received Import Request.
  Time since last request: 0.000068 seconds.
  path: Assets/Kit/Enviroment/tower defense/Models/GLTF format/stone_smallD.glb
  artifactKey: Guid(5bca15b4cf4113e4e9f3bf4e4ce3c50d) Importer(2089858483,192608db42251d675da83286b1cce702)
Start importing Assets/Kit/Enviroment/tower defense/Models/GLTF format/stone_smallD.glb using Guid(5bca15b4cf4113e4e9f3bf4e4ce3c50d) Importer(2089858483,192608db42251d675da83286b1cce702) (ScriptedImporter) -> (artifact id: '338617c82b85191c9d75f8be14a71c92') in 0.0364076 seconds
Number of updated asset objects reloaded before import = 0Number of asset objects unloaded after import = 1

========================================================================
Received Import Request.
  Time since last request: 0.000050 seconds.
  path: Assets/Kit/Enviroment/tower defense/Models/GLTF format/tree_pineDefaultB.glb
  artifactKey: Guid(15afd95ed1d6bb34b94ca4c38a8b89c8) Importer(2089858483,192608db42251d675da83286b1cce702)
Start importing Assets/Kit/Enviroment/tower defense/Models/GLTF format/tree_pineDefaultB.glb using Guid(15afd95ed1d6bb34b94ca4c38a8b89c8) Importer(2089858483,192608db42251d675da83286b1cce702) (ScriptedImporter) -> (artifact id: '96d7b1a94a4e5daf98433ee7c6fe6920') in 0.0278423 seconds
Number of updated asset objects reloaded before import = 0Number of asset objects unloaded after import = 1

========================================================================
Received Import Request.
  Time since last request: 0.000069 seconds.
  path: Assets/Kit/Enviroment/tower defense/Models/GLTF format/stone_tallG.glb
  artifactKey: Guid(dcbca6e2c75530843a68c63f1a2ab210) Importer(2089858483,192608db42251d675da83286b1cce702)
Start importing Assets/Kit/Enviroment/tower defense/Models/GLTF format/stone_tallG.glb using Guid(dcbca6e2c75530843a68c63f1a2ab210) Importer(2089858483,192608db42251d675da83286b1cce702) (ScriptedImporter) -> (artifact id: '90e61d9fcb3f42718576229f32daa220') in 0.0306932 seconds
Number of updated asset objects reloaded before import = 0Number of asset objects unloaded after import = 1

========================================================================
Received Import Request.
  Time since last request: 0.000051 seconds.
  path: Assets/Kit/Enviroment/tower defense/Models/GLTF format/tree_blocks.glb
  artifactKey: Guid(5ed917414d80009468899c4d442737f4) Importer(2089858483,192608db42251d675da83286b1cce702)
Start importing Assets/Kit/Enviroment/tower defense/Models/GLTF format/tree_blocks.glb using Guid(5ed917414d80009468899c4d442737f4) Importer(2089858483,192608db42251d675da83286b1cce702) (ScriptedImporter) -> (artifact id: '25e1e59604da9bed436dd2dd8d1b232a') in 0.0228959 seconds
Number of updated asset objects reloaded before import = 0Number of asset objects unloaded after import = 1

========================================================================
Received Import Request.
  Time since last request: 0.000048 seconds.
  path: Assets/Kit/Enviroment/tower defense/Models/GLTF format/tree_pineRoundE.glb
  artifactKey: Guid(372cbc43635c6ef48ac04634b82aecc4) Importer(2089858483,192608db42251d675da83286b1cce702)
Start importing Assets/Kit/Enviroment/tower defense/Models/GLTF format/tree_pineRoundE.glb using Guid(372cbc43635c6ef48ac04634b82aecc4) Importer(2089858483,192608db42251d675da83286b1cce702) (ScriptedImporter) -> (artifact id: '1734c169ca367be6e7c09157214a3719') in 0.0359068 seconds
Number of updated asset objects reloaded before import = 0Number of asset objects unloaded after import = 1

========================================================================
Received Import Request.
  Time since last request: 0.000052 seconds.
  path: Assets/Kit/Enviroment/tower defense/Models/GLTF format/tree_pineRoundC.glb
  artifactKey: Guid(8fc5e3c450a37884c9503b16d33a2ed9) Importer(2089858483,192608db42251d675da83286b1cce702)
Start importing Assets/Kit/Enviroment/tower defense/Models/GLTF format/tree_pineRoundC.glb using Guid(8fc5e3c450a37884c9503b16d33a2ed9) Importer(2089858483,192608db42251d675da83286b1cce702) (ScriptedImporter) -> (artifact id: 'a4ec8107c1f3fc48578978614344a936') in 0.0266736 seconds
Number of updated asset objects reloaded before import = 0Number of asset objects unloaded after import = 1

========================================================================
Received Import Request.
  Time since last request: 0.000067 seconds.
  path: Assets/Kit/Enviroment/tower defense/Models/GLTF format/tree_pineSmallC.glb
  artifactKey: Guid(3bc25de6203d83b47a409fe09e7f19e5) Importer(2089858483,192608db42251d675da83286b1cce702)
Start importing Assets/Kit/Enviroment/tower defense/Models/GLTF format/tree_pineSmallC.glb using Guid(3bc25de6203d83b47a409fe09e7f19e5) Importer(2089858483,192608db42251d675da83286b1cce702) (ScriptedImporter) -> (artifact id: '06ad66006cb7559b7734ffa1d0127ea2') in 0.034489 seconds
Number of updated asset objects reloaded before import = 0Number of asset objects unloaded after import = 1

========================================================================
Received Import Request.
  Time since last request: 0.000044 seconds.
  path: Assets/Kit/Enviroment/tower defense/Models/OBJ format/bridge_center_stone.mtl
  artifactKey: Guid(ead1b46f6e2ef7341a395dac51e7a922) Importer(2089858483,192608db42251d675da83286b1cce702)
Start importing Assets/Kit/Enviroment/tower defense/Models/OBJ format/bridge_center_stone.mtl using Guid(ead1b46f6e2ef7341a395dac51e7a922) Importer(2089858483,192608db42251d675da83286b1cce702) (ScriptedImporter) -> (artifact id: '6e01c2e3880cbe0410ce762382daee4b') in 0.0282624 seconds
Number of updated asset objects reloaded before import = 0Number of asset objects unloaded after import = 1

========================================================================
Received Import Request.
  Time since last request: 0.000034 seconds.
  path: Assets/Kit/Enviroment/tower defense/Models/GLTF format/tree_pineDefaultA.glb
  artifactKey: Guid(42b7820866e9fce47ac168ffc6209d09) Importer(2089858483,192608db42251d675da83286b1cce702)
Start importing Assets/Kit/Enviroment/tower defense/Models/GLTF format/tree_pineDefaultA.glb using Guid(42b7820866e9fce47ac168ffc6209d09) Importer(2089858483,192608db42251d675da83286b1cce702) (ScriptedImporter) -> (artifact id: '2a2ec298955ece77cb46c61eeadf1284') in 0.0334716 seconds
Number of updated asset objects reloaded before import = 0Number of asset objects unloaded after import = 1

========================================================================
Received Import Request.
  Time since last request: 0.000048 seconds.
  path: Assets/Kit/Enviroment/tower defense/Models/GLTF format/tree_pineTallC.glb
  artifactKey: Guid(cdde11875e0144448982cf6bc850bc90) Importer(2089858483,192608db42251d675da83286b1cce702)
Start importing Assets/Kit/Enviroment/tower defense/Models/GLTF format/tree_pineTallC.glb using Guid(cdde11875e0144448982cf6bc850bc90) Importer(2089858483,192608db42251d675da83286b1cce702) (ScriptedImporter) -> (artifact id: 'f037ce8cd7afeff2b005a2e03db8d4b3') in 0.0290115 seconds
Number of updated asset objects reloaded before import = 0Number of asset objects unloaded after import = 1

========================================================================
Received Import Request.
  Time since last request: 0.000073 seconds.
  path: Assets/Kit/Enviroment/tower defense/Models/GLTF format/tree_pineTallB.glb
  artifactKey: Guid(748495e6a1fcf254bba666b84edf96c6) Importer(2089858483,192608db42251d675da83286b1cce702)
Start importing Assets/Kit/Enviroment/tower defense/Models/GLTF format/tree_pineTallB.glb using Guid(748495e6a1fcf254bba666b84edf96c6) Importer(2089858483,192608db42251d675da83286b1cce702) (ScriptedImporter) -> (artifact id: 'af61b507e6b6d941e4b492952ee5d16e') in 0.0373962 seconds
Number of updated asset objects reloaded before import = 0Number of asset objects unloaded after import = 1

========================================================================
Received Import Request.
  Time since last request: 0.000035 seconds.
  path: Assets/Kit/Enviroment/tower defense/Models/OBJ format/bridge_center_wood.mtl
  artifactKey: Guid(ba814b1680ec49341ad64df74ec48e47) Importer(2089858483,192608db42251d675da83286b1cce702)
Start importing Assets/Kit/Enviroment/tower defense/Models/OBJ format/bridge_center_wood.mtl using Guid(ba814b1680ec49341ad64df74ec48e47) Importer(2089858483,192608db42251d675da83286b1cce702) (ScriptedImporter) -> (artifact id: '7dd03ae2bf716f6c2766daeaca83148a') in 0.0250476 seconds
Number of updated asset objects reloaded before import = 0Number of asset objects unloaded after import = 1

========================================================================
Received Import Request.
  Time since last request: 0.000045 seconds.
  path: Assets/Kit/Enviroment/tower defense/Models/GLTF format/tree_plateau_fall.glb
  artifactKey: Guid(599b25508574d8743a09e494281f212b) Importer(2089858483,192608db42251d675da83286b1cce702)
Start importing Assets/Kit/Enviroment/tower defense/Models/GLTF format/tree_plateau_fall.glb using Guid(599b25508574d8743a09e494281f212b) Importer(2089858483,192608db42251d675da83286b1cce702) (ScriptedImporter) -> (artifact id: 'f0e27684f55836de2f49469bc898d506') in 0.0380239 seconds
Number of updated asset objects reloaded before import = 0Number of asset objects unloaded after import = 1

========================================================================
Received Import Request.
  Time since last request: 0.000057 seconds.
  path: Assets/Kit/Enviroment/tower defense/Models/GLTF format/stump_square.glb
  artifactKey: Guid(b9ee8439d32aefa48966bbf761684151) Importer(2089858483,192608db42251d675da83286b1cce702)
Start importing Assets/Kit/Enviroment/tower defense/Models/GLTF format/stump_square.glb using Guid(b9ee8439d32aefa48966bbf761684151) Importer(2089858483,192608db42251d675da83286b1cce702) (ScriptedImporter) -> (artifact id: '8ba0e88777776008055c7c6ffc81afda') in 0.0255749 seconds
Number of updated asset objects reloaded before import = 0Number of asset objects unloaded after import = 1

========================================================================
Received Import Request.
  Time since last request: 0.000050 seconds.
  path: Assets/Kit/Enviroment/tower defense/Models/GLTF format/stone_tallI.glb
  artifactKey: Guid(6581928027bd1664ea2ac9561991b16a) Importer(2089858483,192608db42251d675da83286b1cce702)
Start importing Assets/Kit/Enviroment/tower defense/Models/GLTF format/stone_tallI.glb using Guid(6581928027bd1664ea2ac9561991b16a) Importer(2089858483,192608db42251d675da83286b1cce702) (ScriptedImporter) -> (artifact id: 'c443ff000f27c7414bf014eef5ad255e') in 0.0320725 seconds
Number of updated asset objects reloaded before import = 0Number of asset objects unloaded after import = 1

========================================================================
Received Import Request.
  Time since last request: 0.000051 seconds.
  path: Assets/Kit/Enviroment/tower defense/Models/GLTF format/tree_fat_darkh.glb
  artifactKey: Guid(03bd809faab05ea4ca171480fd6dc366) Importer(2089858483,192608db42251d675da83286b1cce702)
Start importing Assets/Kit/Enviroment/tower defense/Models/GLTF format/tree_fat_darkh.glb using Guid(03bd809faab05ea4ca171480fd6dc366) Importer(2089858483,192608db42251d675da83286b1cce702) (ScriptedImporter) -> (artifact id: '9a9d33f48ddff30a451cd59747b42c6e') in 0.0287323 seconds
Number of updated asset objects reloaded before import = 0Number of asset objects unloaded after import = 1

========================================================================
Received Import Request.
  Time since last request: 0.000034 seconds.
  path: Assets/Kit/Enviroment/tower defense/Models/GLTF format/tree_cone.glb
  artifactKey: Guid(ddf9ac05c80f78e4696b5ce45759fa1b) Importer(2089858483,192608db42251d675da83286b1cce702)
Start importing Assets/Kit/Enviroment/tower defense/Models/GLTF format/tree_cone.glb using Guid(ddf9ac05c80f78e4696b5ce45759fa1b) Importer(2089858483,192608db42251d675da83286b1cce702) (ScriptedImporter) -> (artifact id: '47bd6b2e25e3558897338928c7638012') in 0.025524 seconds
Number of updated asset objects reloaded before import = 0Number of asset objects unloaded after import = 1

========================================================================
Received Import Request.
  Time since last request: 0.000047 seconds.
  path: Assets/Kit/Enviroment/tower defense/Models/OBJ format/bridge_woodNarrow.mtl
  artifactKey: Guid(8e8ed74014b7fee4b9be8e02407f24b1) Importer(2089858483,192608db42251d675da83286b1cce702)
Start importing Assets/Kit/Enviroment/tower defense/Models/OBJ format/bridge_woodNarrow.mtl using Guid(8e8ed74014b7fee4b9be8e02407f24b1) Importer(2089858483,192608db42251d675da83286b1cce702) (ScriptedImporter) -> (artifact id: '5ee0436a102b61a3652ea8287733408e') in 0.0296132 seconds
Number of updated asset objects reloaded before import = 0Number of asset objects unloaded after import = 1

========================================================================
Received Import Request.
  Time since last request: 0.000046 seconds.
  path: Assets/Kit/Enviroment/tower defense/Models/OBJ format/bridge_side_woodRound.mtl
  artifactKey: Guid(1f61c87470b27be48b4d785ba34ec8cb) Importer(2089858483,192608db42251d675da83286b1cce702)
Start importing Assets/Kit/Enviroment/tower defense/Models/OBJ format/bridge_side_woodRound.mtl using Guid(1f61c87470b27be48b4d785ba34ec8cb) Importer(2089858483,192608db42251d675da83286b1cce702) (ScriptedImporter) -> (artifact id: '2cf4ba59618cf596020faef379172346') in 0.0239136 seconds
Number of updated asset objects reloaded before import = 0Number of asset objects unloaded after import = 1

========================================================================
Received Import Request.
  Time since last request: 0.000052 seconds.
  path: Assets/Kit/Enviroment/tower defense/Models/OBJ format/campfire_logs.obj
  artifactKey: Guid(38b9e07abfeb7064cbccc45db3869217) Importer(2089858483,192608db42251d675da83286b1cce702)
Start importing Assets/Kit/Enviroment/tower defense/Models/OBJ format/campfire_logs.obj using Guid(38b9e07abfeb7064cbccc45db3869217) Importer(2089858483,192608db42251d675da83286b1cce702) (ScriptedImporter) -> (artifact id: '89a7e8f99ef418df566e01e32f7dc5d8') in 0.0670439 seconds
Number of updated asset objects reloaded before import = 0Number of asset objects unloaded after import = 11

========================================================================
Received Import Request.
  Time since last request: 0.000038 seconds.
  path: Assets/Kit/Enviroment/tower defense/Models/OBJ format/bridge_stoneRound.obj
  artifactKey: Guid(6db93daab2820844e8a7c94b7c26652d) Importer(2089858483,192608db42251d675da83286b1cce702)
Start importing Assets/Kit/Enviroment/tower defense/Models/OBJ format/bridge_stoneRound.obj using Guid(6db93daab2820844e8a7c94b7c26652d) Importer(2089858483,192608db42251d675da83286b1cce702) (ScriptedImporter) -> (artifact id: '4f796c4f011c2c92009ae90ea3931571') in 0.0675102 seconds
Number of updated asset objects reloaded before import = 0Number of asset objects unloaded after import = 11

========================================================================
Received Import Request.
  Time since last request: 0.000065 seconds.
  path: Assets/Kit/Enviroment/tower defense/Models/OBJ format/cliff_cave_stone.obj
  artifactKey: Guid(2260103ba0eee0e43a0d3569f454bea8) Importer(2089858483,192608db42251d675da83286b1cce702)
Start importing Assets/Kit/Enviroment/tower defense/Models/OBJ format/cliff_cave_stone.obj using Guid(2260103ba0eee0e43a0d3569f454bea8) Importer(2089858483,192608db42251d675da83286b1cce702) (ScriptedImporter) -> (artifact id: 'af24461b1061a231c5f036cad7fdf293') in 0.0633758 seconds
Number of updated asset objects reloaded before import = 0Number of asset objects unloaded after import = 10

========================================================================
Received Import Request.
  Time since last request: 0.000034 seconds.
  path: Assets/Kit/Enviroment/tower defense/Models/OBJ format/bridge_side_wood.obj
  artifactKey: Guid(7ca9532cc786d0a4d9c6df911160984b) Importer(2089858483,192608db42251d675da83286b1cce702)
Start importing Assets/Kit/Enviroment/tower defense/Models/OBJ format/bridge_side_wood.obj using Guid(7ca9532cc786d0a4d9c6df911160984b) Importer(2089858483,192608db42251d675da83286b1cce702) (ScriptedImporter) -> (artifact id: '970b86aa777c017d4ed333f0b5be3bb6') in 0.0672807 seconds
Number of updated asset objects reloaded before import = 0Number of asset objects unloaded after import = 12

========================================================================
Received Import Request.
  Time since last request: 0.000060 seconds.
  path: Assets/Kit/Enviroment/tower defense/Models/OBJ format/cliff_block_rock.obj
  artifactKey: Guid(b0621197ca150e240aa0dd5ad7c6faab) Importer(2089858483,192608db42251d675da83286b1cce702)
Start importing Assets/Kit/Enviroment/tower defense/Models/OBJ format/cliff_block_rock.obj using Guid(b0621197ca150e240aa0dd5ad7c6faab) Importer(2089858483,192608db42251d675da83286b1cce702) (ScriptedImporter) -> (artifact id: 'e42561ee893db19ee58623442acf8504') in 0.0668856 seconds
Number of updated asset objects reloaded before import = 0Number of asset objects unloaded after import = 11

========================================================================
Received Import Request.
  Time since last request: 0.000055 seconds.
  path: Assets/Kit/Enviroment/tower defense/Models/OBJ format/cactus_short.obj
  artifactKey: Guid(845e078777a15fe4daee24faa48b50cc) Importer(2089858483,192608db42251d675da83286b1cce702)
Start importing Assets/Kit/Enviroment/tower defense/Models/OBJ format/cactus_short.obj using Guid(845e078777a15fe4daee24faa48b50cc) Importer(2089858483,192608db42251d675da83286b1cce702) (ScriptedImporter) -> (artifact id: '3b1f3de3361f0a037758b2f20f4e022c') in 0.0577506 seconds
Number of updated asset objects reloaded before import = 0Number of asset objects unloaded after import = 10

========================================================================
Received Import Request.
  Time since last request: 0.000034 seconds.
  path: Assets/Kit/Enviroment/tower defense/Models/OBJ format/cliff_blockQuarter_stone.mtl
  artifactKey: Guid(d3031e6a66db04047a507b628606ab39) Importer(2089858483,192608db42251d675da83286b1cce702)
Start importing Assets/Kit/Enviroment/tower defense/Models/OBJ format/cliff_blockQuarter_stone.mtl using Guid(d3031e6a66db04047a507b628606ab39) Importer(2089858483,192608db42251d675da83286b1cce702) (ScriptedImporter) -> (artifact id: '1b2992b2b9f4492a526b9bc584a778ca') in 0.0265925 seconds
Number of updated asset objects reloaded before import = 0Number of asset objects unloaded after import = 1

========================================================================
Received Import Request.
  Time since last request: 0.000039 seconds.
  path: Assets/Kit/Enviroment/tower defense/Models/OBJ format/cliff_blockSlopeWalls_rock.obj
  artifactKey: Guid(d97dd6339d7cc19429571c43b5c10a1a) Importer(2089858483,192608db42251d675da83286b1cce702)
Start importing Assets/Kit/Enviroment/tower defense/Models/OBJ format/cliff_blockSlopeWalls_rock.obj using Guid(d97dd6339d7cc19429571c43b5c10a1a) Importer(2089858483,192608db42251d675da83286b1cce702) (ScriptedImporter) -> (artifact id: '97fd128bcc8c5b5c97592f67b3f31882') in 0.0694373 seconds
Number of updated asset objects reloaded before import = 0Number of asset objects unloaded after import = 11

========================================================================
Received Import Request.
  Time since last request: 0.000048 seconds.
  path: Assets/Kit/Enviroment/tower defense/Models/OBJ format/cliff_blockCave_rock.obj
  artifactKey: Guid(201ee5fbc1cc14a4aaa7d70a4fe49a9f) Importer(2089858483,192608db42251d675da83286b1cce702)
Start importing Assets/Kit/Enviroment/tower defense/Models/OBJ format/cliff_blockCave_rock.obj using Guid(201ee5fbc1cc14a4aaa7d70a4fe49a9f) Importer(2089858483,192608db42251d675da83286b1cce702) (ScriptedImporter) -> (artifact id: '908197c69bd06bda259b605624c26b35') in 0.0674854 seconds
Number of updated asset objects reloaded before import = 0Number of asset objects unloaded after import = 11

========================================================================
Received Import Request.
  Time since last request: 0.000035 seconds.
  path: Assets/Kit/Enviroment/tower defense/Models/OBJ format/campfire_planks.obj
  artifactKey: Guid(1331473018fd5834c9656a0ef05c4dca) Importer(2089858483,192608db42251d675da83286b1cce702)
Start importing Assets/Kit/Enviroment/tower defense/Models/OBJ format/campfire_planks.obj using Guid(1331473018fd5834c9656a0ef05c4dca) Importer(2089858483,192608db42251d675da83286b1cce702) (ScriptedImporter) -> (artifact id: 'e28f644afff85a618cfe63b786a41603') in 0.0533128 seconds
Number of updated asset objects reloaded before import = 0Number of asset objects unloaded after import = 10

========================================================================
Received Import Request.
  Time since last request: 0.000037 seconds.
  path: Assets/Kit/Enviroment/tower defense/Models/OBJ format/cliff_blockHalf_stone.mtl
  artifactKey: Guid(36b97dcd0bbf50644918380266b2098c) Importer(2089858483,192608db42251d675da83286b1cce702)
Start importing Assets/Kit/Enviroment/tower defense/Models/OBJ format/cliff_blockHalf_stone.mtl using Guid(36b97dcd0bbf50644918380266b2098c) Importer(2089858483,192608db42251d675da83286b1cce702) (ScriptedImporter) -> (artifact id: '66c6611c83be0ae8f8cfe889c6cdd181') in 0.0221694 seconds
Number of updated asset objects reloaded before import = 0Number of asset objects unloaded after import = 1

========================================================================
Received Import Request.
  Time since last request: 0.000054 seconds.
  path: Assets/Kit/Enviroment/tower defense/Models/OBJ format/cliff_cornerInner_rock.obj
  artifactKey: Guid(85efb64a94dd2154496b3ba63772a650) Importer(2089858483,192608db42251d675da83286b1cce702)
Start importing Assets/Kit/Enviroment/tower defense/Models/OBJ format/cliff_cornerInner_rock.obj using Guid(85efb64a94dd2154496b3ba63772a650) Importer(2089858483,192608db42251d675da83286b1cce702) (ScriptedImporter) -> (artifact id: '622961557b27bb37dbf59065d4840d95') in 0.0575327 seconds
Number of updated asset objects reloaded before import = 0Number of asset objects unloaded after import = 10

========================================================================
Received Import Request.
  Time since last request: 0.000036 seconds.
  path: Assets/Kit/Enviroment/tower defense/Models/OBJ format/cliff_cornerLarge_rock.obj
  artifactKey: Guid(00d6b8f1fb023b3409b3910576a02898) Importer(2089858483,192608db42251d675da83286b1cce702)
Start importing Assets/Kit/Enviroment/tower defense/Models/OBJ format/cliff_cornerLarge_rock.obj using Guid(00d6b8f1fb023b3409b3910576a02898) Importer(2089858483,192608db42251d675da83286b1cce702) (ScriptedImporter) -> (artifact id: '362b8dde5b6fc11f5fd049595fb0ee8d') in 0.0687035 seconds
Number of updated asset objects reloaded before import = 0Number of asset objects unloaded after import = 10

========================================================================
Received Import Request.
  Time since last request: 0.000060 seconds.
  path: Assets/Kit/Enviroment/tower defense/Models/OBJ format/cliff_large_stone.mtl
  artifactKey: Guid(2264a28898b60a14e84f47da20413c14) Importer(2089858483,192608db42251d675da83286b1cce702)
Start importing Assets/Kit/Enviroment/tower defense/Models/OBJ format/cliff_large_stone.mtl using Guid(2264a28898b60a14e84f47da20413c14) Importer(2089858483,192608db42251d675da83286b1cce702) (ScriptedImporter) -> (artifact id: 'aec3faa0a2ef93e65dcb3a897e7f2df3') in 0.0270674 seconds
Number of updated asset objects reloaded before import = 0Number of asset objects unloaded after import = 1

========================================================================
Received Import Request.
  Time since last request: 0.000052 seconds.
  path: Assets/Kit/Enviroment/tower defense/Models/OBJ format/cliff_topDiagonal_stone.obj
  artifactKey: Guid(2d91b443fc76e0b4ca916d6dc0e9ce74) Importer(2089858483,192608db42251d675da83286b1cce702)
Start importing Assets/Kit/Enviroment/tower defense/Models/OBJ format/cliff_topDiagonal_stone.obj using Guid(2d91b443fc76e0b4ca916d6dc0e9ce74) Importer(2089858483,192608db42251d675da83286b1cce702) (ScriptedImporter) -> (artifact id: '26d3eb65fa0b89f48775db46ec2d41ee') in 0.060973 seconds
Number of updated asset objects reloaded before import = 0Number of asset objects unloaded after import = 11

========================================================================
Received Import Request.
  Time since last request: 0.000037 seconds.
  path: Assets/Kit/Enviroment/tower defense/Models/OBJ format/cliff_halfCornerInner_stone.mtl
  artifactKey: Guid(799a8c8631dd5af42bfe8ffb48e151cd) Importer(2089858483,192608db42251d675da83286b1cce702)
Start importing Assets/Kit/Enviroment/tower defense/Models/OBJ format/cliff_halfCornerInner_stone.mtl using Guid(799a8c8631dd5af42bfe8ffb48e151cd) Importer(2089858483,192608db42251d675da83286b1cce702) (ScriptedImporter) -> (artifact id: '46c483f4a2847bb296b70aae624d0b7d') in 0.0222603 seconds
Number of updated asset objects reloaded before import = 0Number of asset objects unloaded after import = 1

========================================================================
Received Import Request.
  Time since last request: 0.000040 seconds.
  path: Assets/Kit/Enviroment/tower defense/Models/OBJ format/cliff_topDiagonal_rock.obj
  artifactKey: Guid(cc5eff2899717e342b8a3733b241a0db) Importer(2089858483,192608db42251d675da83286b1cce702)
Start importing Assets/Kit/Enviroment/tower defense/Models/OBJ format/cliff_topDiagonal_rock.obj using Guid(cc5eff2899717e342b8a3733b241a0db) Importer(2089858483,192608db42251d675da83286b1cce702) (ScriptedImporter) -> (artifact id: '69c93894a154eac0ce92bcfc22ab3aa8') in 0.074553 seconds
Number of updated asset objects reloaded before import = 0Number of asset objects unloaded after import = 11

========================================================================
Received Import Request.
  Time since last request: 0.000054 seconds.
  path: Assets/Kit/Enviroment/tower defense/Models/OBJ format/cliff_large_rock.mtl
  artifactKey: Guid(fc0bfd612095f8b45a980f0f10a6d7c4) Importer(2089858483,192608db42251d675da83286b1cce702)
Start importing Assets/Kit/Enviroment/tower defense/Models/OBJ format/cliff_large_rock.mtl using Guid(fc0bfd612095f8b45a980f0f10a6d7c4) Importer(2089858483,192608db42251d675da83286b1cce702) (ScriptedImporter) -> (artifact id: 'd587d018239d1e9b28ddc4df706770c8') in 0.0286431 seconds
Number of updated asset objects reloaded before import = 0Number of asset objects unloaded after import = 1

========================================================================
Received Import Request.
  Time since last request: 0.000052 seconds.
  path: Assets/Kit/Enviroment/tower defense/Models/OBJ format/cliff_stepsCorner_rock.obj
  artifactKey: Guid(9452097b42215214fb0c4d748fc403a3) Importer(2089858483,192608db42251d675da83286b1cce702)
Start importing Assets/Kit/Enviroment/tower defense/Models/OBJ format/cliff_stepsCorner_rock.obj using Guid(9452097b42215214fb0c4d748fc403a3) Importer(2089858483,192608db42251d675da83286b1cce702) (ScriptedImporter) -> (artifact id: '74e1af69f327f8b47135ddc548df0cf7') in 0.0649179 seconds
Number of updated asset objects reloaded before import = 0Number of asset objects unloaded after import = 11

========================================================================
Received Import Request.
  Time since last request: 0.000034 seconds.
  path: Assets/Kit/Enviroment/tower defense/Models/OBJ format/cliff_top_stone.obj
  artifactKey: Guid(3f180b99635103e47b8e455ff6ccb05f) Importer(2089858483,192608db42251d675da83286b1cce702)
Start importing Assets/Kit/Enviroment/tower defense/Models/OBJ format/cliff_top_stone.obj using Guid(3f180b99635103e47b8e455ff6ccb05f) Importer(2089858483,192608db42251d675da83286b1cce702) (ScriptedImporter) -> (artifact id: 'ecf488e4f2f7d1775d2984262c921dd4') in 0.0670897 seconds
Number of updated asset objects reloaded before import = 0Number of asset objects unloaded after import = 11

========================================================================
Received Import Request.
  Time since last request: 0.000057 seconds.
  path: Assets/Kit/Enviroment/tower defense/Models/OBJ format/cliff_rock.mtl
  artifactKey: Guid(9f33ac4101141594ba52cf6d0d84bdf1) Importer(2089858483,192608db42251d675da83286b1cce702)
Start importing Assets/Kit/Enviroment/tower defense/Models/OBJ format/cliff_rock.mtl using Guid(9f33ac4101141594ba52cf6d0d84bdf1) Importer(2089858483,192608db42251d675da83286b1cce702) (ScriptedImporter) -> (artifact id: '14c1b6fda2c0a0690f3299f8b9a62cbf') in 0.0279281 seconds
Number of updated asset objects reloaded before import = 0Number of asset objects unloaded after import = 1

========================================================================
Received Import Request.
  Time since last request: 0.000030 seconds.
  path: Assets/Kit/Enviroment/tower defense/Models/OBJ format/cliff_cornerLarge_rock.mtl
  artifactKey: Guid(11fc2d90a00eff2459818015eb49b920) Importer(2089858483,192608db42251d675da83286b1cce702)
Start importing Assets/Kit/Enviroment/tower defense/Models/OBJ format/cliff_cornerLarge_rock.mtl using Guid(11fc2d90a00eff2459818015eb49b920) Importer(2089858483,192608db42251d675da83286b1cce702) (ScriptedImporter) -> (artifact id: '97d68a8969065df46ff107e6ef655c5f') in 0.0285329 seconds
Number of updated asset objects reloaded before import = 0Number of asset objects unloaded after import = 1

========================================================================
Received Import Request.
  Time since last request: 0.000037 seconds.
  path: Assets/Kit/Enviroment/tower defense/Models/OBJ format/bridge_woodRoundNarrow.mtl
  artifactKey: Guid(0ed68893063df9a46b17d0c735f9ee96) Importer(2089858483,192608db42251d675da83286b1cce702)
Start importing Assets/Kit/Enviroment/tower defense/Models/OBJ format/bridge_woodRoundNarrow.mtl using Guid(0ed68893063df9a46b17d0c735f9ee96) Importer(2089858483,192608db42251d675da83286b1cce702) (ScriptedImporter) -> (artifact id: 'ecacf8394bf9b1bcb87d294e3da1f19e') in 0.0280392 seconds
Number of updated asset objects reloaded before import = 0Number of asset objects unloaded after import = 1

========================================================================
Received Import Request.
  Time since last request: 0.000043 seconds.
  path: Assets/Kit/Enviroment/tower defense/Models/OBJ format/cliff_steps_stone.mtl
  artifactKey: Guid(14369219801c6cb46bf05db5b2f1a693) Importer(2089858483,192608db42251d675da83286b1cce702)
Start importing Assets/Kit/Enviroment/tower defense/Models/OBJ format/cliff_steps_stone.mtl using Guid(14369219801c6cb46bf05db5b2f1a693) Importer(2089858483,192608db42251d675da83286b1cce702) (ScriptedImporter) -> (artifact id: 'da88e507f8a68f0dcaacf47e0973823d') in 0.0266263 seconds
Number of updated asset objects reloaded before import = 0Number of asset objects unloaded after import = 1

========================================================================
Received Import Request.
  Time since last request: 0.000049 seconds.
  path: Assets/Kit/Enviroment/tower defense/Models/OBJ format/cliff_blockSlopeWalls_rock.mtl
  artifactKey: Guid(b5be2b38481621440bc9f9e233a33678) Importer(2089858483,192608db42251d675da83286b1cce702)
Start importing Assets/Kit/Enviroment/tower defense/Models/OBJ format/cliff_blockSlopeWalls_rock.mtl using Guid(b5be2b38481621440bc9f9e233a33678) Importer(2089858483,192608db42251d675da83286b1cce702) (ScriptedImporter) -> (artifact id: '96bb854885c3f22cb296320f24f90a14') in 0.0264234 seconds
Number of updated asset objects reloaded before import = 0Number of asset objects unloaded after import = 1

========================================================================
Received Import Request.
  Time since last request: 0.000036 seconds.
  path: Assets/Kit/Enviroment/tower defense/Models/OBJ format/crops_cornStageD.mtl
  artifactKey: Guid(a2a0526b212f7e0439f90c63c96c78e0) Importer(2089858483,192608db42251d675da83286b1cce702)
Start importing Assets/Kit/Enviroment/tower defense/Models/OBJ format/crops_cornStageD.mtl using Guid(a2a0526b212f7e0439f90c63c96c78e0) Importer(2089858483,192608db42251d675da83286b1cce702) (ScriptedImporter) -> (artifact id: '2a7547f2d7f7b88182df6ac93f49adcf') in 0.0246046 seconds
Number of updated asset objects reloaded before import = 0Number of asset objects unloaded after import = 1

========================================================================
Received Import Request.
  Time since last request: 0.000036 seconds.
  path: Assets/Kit/Enviroment/tower defense/Models/OBJ format/fence_corner.mtl
  artifactKey: Guid(8bf8f616b13407145a10766cee936e63) Importer(2089858483,192608db42251d675da83286b1cce702)
Start importing Assets/Kit/Enviroment/tower defense/Models/OBJ format/fence_corner.mtl using Guid(8bf8f616b13407145a10766cee936e63) Importer(2089858483,192608db42251d675da83286b1cce702) (ScriptedImporter) -> (artifact id: '238a6ab747bbea10b9e17de0445283d4') in 0.0255328 seconds
Number of updated asset objects reloaded before import = 0Number of asset objects unloaded after import = 1

========================================================================
Received Import Request.
  Time since last request: 0.000058 seconds.
  path: Assets/Kit/Enviroment/tower defense/Models/OBJ format/crop_turnip.obj
  artifactKey: Guid(283dafffe5c4eb4449a1895fc05fc14a) Importer(2089858483,192608db42251d675da83286b1cce702)
Start importing Assets/Kit/Enviroment/tower defense/Models/OBJ format/crop_turnip.obj using Guid(283dafffe5c4eb4449a1895fc05fc14a) Importer(2089858483,192608db42251d675da83286b1cce702) (ScriptedImporter) -> (artifact id: 'eb4bfea63d8530b7b7f73c6b572ae7b6') in 0.0704232 seconds
Number of updated asset objects reloaded before import = 0Number of asset objects unloaded after import = 11

========================================================================
Received Import Request.
  Time since last request: 0.000053 seconds.
  path: Assets/Kit/Enviroment/tower defense/Models/OBJ format/crops_bambooStageA.obj
  artifactKey: Guid(85b081b476362ce4daff692b3b32efff) Importer(2089858483,192608db42251d675da83286b1cce702)
Start importing Assets/Kit/Enviroment/tower defense/Models/OBJ format/crops_bambooStageA.obj using Guid(85b081b476362ce4daff692b3b32efff) Importer(2089858483,192608db42251d675da83286b1cce702) (ScriptedImporter) -> (artifact id: 'dd88c037d8607b19f6c66df2e53d3aa7') in 0.0635678 seconds
Number of updated asset objects reloaded before import = 0Number of asset objects unloaded after import = 10

========================================================================
Received Import Request.
  Time since last request: 0.000031 seconds.
  path: Assets/Kit/Enviroment/tower defense/Models/OBJ format/fence_bendCenter.obj
  artifactKey: Guid(fbc25265761ab8148bd6af0b29ccf7d6) Importer(2089858483,192608db42251d675da83286b1cce702)
Start importing Assets/Kit/Enviroment/tower defense/Models/OBJ format/fence_bendCenter.obj using Guid(fbc25265761ab8148bd6af0b29ccf7d6) Importer(2089858483,192608db42251d675da83286b1cce702) (ScriptedImporter) -> (artifact id: '6fdc9225f8c4dd861161fe4d199ca356') in 0.0725902 seconds
Number of updated asset objects reloaded before import = 0Number of asset objects unloaded after import = 12

========================================================================
Received Import Request.
  Time since last request: 0.000036 seconds.
  path: Assets/Kit/Enviroment/tower defense/Models/OBJ format/crops_dirtRow.mtl
  artifactKey: Guid(fe9b3a3f924202d4c9d0fe9ecbcc69e1) Importer(2089858483,192608db42251d675da83286b1cce702)
Start importing Assets/Kit/Enviroment/tower defense/Models/OBJ format/crops_dirtRow.mtl using Guid(fe9b3a3f924202d4c9d0fe9ecbcc69e1) Importer(2089858483,192608db42251d675da83286b1cce702) (ScriptedImporter) -> (artifact id: '796cef5e1b787a08d9053aa74149950d') in 0.0311857 seconds
Number of updated asset objects reloaded before import = 0Number of asset objects unloaded after import = 1

========================================================================
Received Import Request.
  Time since last request: 0.000090 seconds.
  path: Assets/Kit/Enviroment/tower defense/Models/OBJ format/cliff_cornerInner_stone.mtl
  artifactKey: Guid(eaca6ee0e9acacc448458c568e09eca3) Importer(2089858483,192608db42251d675da83286b1cce702)
Start importing Assets/Kit/Enviroment/tower defense/Models/OBJ format/cliff_cornerInner_stone.mtl using Guid(eaca6ee0e9acacc448458c568e09eca3) Importer(2089858483,192608db42251d675da83286b1cce702) (ScriptedImporter) -> (artifact id: '9449cb361b6c56d2af8def54e4430e28') in 0.0318637 seconds
Number of updated asset objects reloaded before import = 0Number of asset objects unloaded after import = 1

========================================================================
Received Import Request.
  Time since last request: 0.000042 seconds.
  path: Assets/Kit/Enviroment/tower defense/Models/OBJ format/cliff_half_stone.obj
  artifactKey: Guid(7330018d70310d748b48cb9ba66fb5af) Importer(2089858483,192608db42251d675da83286b1cce702)
Start importing Assets/Kit/Enviroment/tower defense/Models/OBJ format/cliff_half_stone.obj using Guid(7330018d70310d748b48cb9ba66fb5af) Importer(2089858483,192608db42251d675da83286b1cce702) (ScriptedImporter) -> (artifact id: 'a1ec3e7cb1cfea92c18715443803baa0') in 0.0754827 seconds
Number of updated asset objects reloaded before import = 0Number of asset objects unloaded after import = 11

========================================================================
Received Import Request.
  Time since last request: 0.000037 seconds.
  path: Assets/Kit/Enviroment/tower defense/Models/OBJ format/crops_wheatStageB.obj
  artifactKey: Guid(d01d0425a241dce4d909b76935ec5685) Importer(2089858483,192608db42251d675da83286b1cce702)
Start importing Assets/Kit/Enviroment/tower defense/Models/OBJ format/crops_wheatStageB.obj using Guid(d01d0425a241dce4d909b76935ec5685) Importer(2089858483,192608db42251d675da83286b1cce702) (ScriptedImporter) -> (artifact id: '84efd4381c621ce3c8a12c46294ca1b7') in 0.0718129 seconds
Number of updated asset objects reloaded before import = 0Number of asset objects unloaded after import = 11

========================================================================
Received Import Request.
  Time since last request: 0.000077 seconds.
  path: Assets/Kit/Enviroment/tower defense/Models/GLTF format/tree_cone_dark.glb
  artifactKey: Guid(16d6c7186b7663744a859d3527d688eb) Importer(2089858483,192608db42251d675da83286b1cce702)
Start importing Assets/Kit/Enviroment/tower defense/Models/GLTF format/tree_cone_dark.glb using Guid(16d6c7186b7663744a859d3527d688eb) Importer(2089858483,192608db42251d675da83286b1cce702) (ScriptedImporter) -> (artifact id: '8df1f2c88df51919c0a1c52c66d692af') in 0.0281293 seconds
Number of updated asset objects reloaded before import = 0Number of asset objects unloaded after import = 1

========================================================================
Received Import Request.
  Time since last request: 0.000095 seconds.
  path: Assets/Kit/Enviroment/tower defense/Models/OBJ format/crops_dirtDoubleRowEnd.obj
  artifactKey: Guid(636f9cd057ff61246bddd79f38e6b474) Importer(2089858483,192608db42251d675da83286b1cce702)
Start importing Assets/Kit/Enviroment/tower defense/Models/OBJ format/crops_dirtDoubleRowEnd.obj using Guid(636f9cd057ff61246bddd79f38e6b474) Importer(2089858483,192608db42251d675da83286b1cce702) (ScriptedImporter) -> (artifact id: '7f0e7ec358fcded1e13d0157cf53378b') in 0.0625854 seconds
Number of updated asset objects reloaded before import = 0Number of asset objects unloaded after import = 11

========================================================================
Received Import Request.
  Time since last request: 0.000033 seconds.
  path: Assets/Kit/Enviroment/tower defense/Models/OBJ format/crops_dirtRow.obj
  artifactKey: Guid(9c4d8d7c1dcdf4545832405107598e49) Importer(2089858483,192608db42251d675da83286b1cce702)
Start importing Assets/Kit/Enviroment/tower defense/Models/OBJ format/crops_dirtRow.obj using Guid(9c4d8d7c1dcdf4545832405107598e49) Importer(2089858483,192608db42251d675da83286b1cce702) (ScriptedImporter) -> (artifact id: '974421dc197d2676568bbc8791bccfa6') in 0.0721917 seconds
Number of updated asset objects reloaded before import = 0Number of asset objects unloaded after import = 11

========================================================================
Received Import Request.
  Time since last request: 0.000044 seconds.
  path: Assets/Kit/Enviroment/tower defense/Models/OBJ format/ground_pathTile.obj
  artifactKey: Guid(8df649d5baac1a84f9c41d26caae70d1) Importer(2089858483,192608db42251d675da83286b1cce702)
Start importing Assets/Kit/Enviroment/tower defense/Models/OBJ format/ground_pathTile.obj using Guid(8df649d5baac1a84f9c41d26caae70d1) Importer(2089858483,192608db42251d675da83286b1cce702) (ScriptedImporter) -> (artifact id: '0a3c5ef0e5543183f26d4ae50c032e2e') in 0.0744951 seconds
Number of updated asset objects reloaded before import = 0Number of asset objects unloaded after import = 12

========================================================================
Received Import Request.
  Time since last request: 0.000058 seconds.
  path: Assets/Kit/Enviroment/tower defense/Models/OBJ format/ground_pathEnd.obj
  artifactKey: Guid(2c0e789a53e0b0c4180b9f5ed44ff045) Importer(2089858483,192608db42251d675da83286b1cce702)
Start importing Assets/Kit/Enviroment/tower defense/Models/OBJ format/ground_pathEnd.obj using Guid(2c0e789a53e0b0c4180b9f5ed44ff045) Importer(2089858483,192608db42251d675da83286b1cce702) (ScriptedImporter) -> (artifact id: 'e8807a9fd3a9053af8924585d695717a') in 0.0728097 seconds
Number of updated asset objects reloaded before import = 0Number of asset objects unloaded after import = 12

========================================================================
Received Import Request.
  Time since last request: 0.000037 seconds.
  path: Assets/Kit/Enviroment/tower defense/Models/OBJ format/fence_simpleHigh.mtl
  artifactKey: Guid(ca3fcb17237705648ac1ed83484b0b5e) Importer(2089858483,192608db42251d675da83286b1cce702)
Start importing Assets/Kit/Enviroment/tower defense/Models/OBJ format/fence_simpleHigh.mtl using Guid(ca3fcb17237705648ac1ed83484b0b5e) Importer(2089858483,192608db42251d675da83286b1cce702) (ScriptedImporter) -> (artifact id: 'bcff18019a1c27225bca96bb68cc4cbe') in 0.0231829 seconds
Number of updated asset objects reloaded before import = 0Number of asset objects unloaded after import = 1

========================================================================
Received Import Request.
  Time since last request: 0.000037 seconds.
  path: Assets/Kit/Enviroment/tower defense/Models/OBJ format/fence_simpleDiagonal.obj
  artifactKey: Guid(9e5bf70de77d0f842b799ddb1b4a8a44) Importer(2089858483,192608db42251d675da83286b1cce702)
Start importing Assets/Kit/Enviroment/tower defense/Models/OBJ format/fence_simpleDiagonal.obj using Guid(9e5bf70de77d0f842b799ddb1b4a8a44) Importer(2089858483,192608db42251d675da83286b1cce702) (ScriptedImporter) -> (artifact id: '03aeadedd939d49682b49f1f0364e41f') in 0.0692624 seconds
Number of updated asset objects reloaded before import = 0Number of asset objects unloaded after import = 11

========================================================================
Received Import Request.
  Time since last request: 0.000053 seconds.
  path: Assets/Kit/Enviroment/tower defense/Models/OBJ format/grass_large.mtl
  artifactKey: Guid(a7843a3f2e645eb4ba34eba90765821c) Importer(2089858483,192608db42251d675da83286b1cce702)
Start importing Assets/Kit/Enviroment/tower defense/Models/OBJ format/grass_large.mtl using Guid(a7843a3f2e645eb4ba34eba90765821c) Importer(2089858483,192608db42251d675da83286b1cce702) (ScriptedImporter) -> (artifact id: 'e06527d823f6ae22a69bbe3d5708b28a') in 0.0312508 seconds
Number of updated asset objects reloaded before import = 0Number of asset objects unloaded after import = 1

========================================================================
Received Import Request.
  Time since last request: 0.000036 seconds.
  path: Assets/Kit/Enviroment/tower defense/Models/OBJ format/grass_large.obj
  artifactKey: Guid(7cddcd5d7fcc45d4ea9b9c04cb095995) Importer(2089858483,192608db42251d675da83286b1cce702)
Start importing Assets/Kit/Enviroment/tower defense/Models/OBJ format/grass_large.obj using Guid(7cddcd5d7fcc45d4ea9b9c04cb095995) Importer(2089858483,192608db42251d675da83286b1cce702) (ScriptedImporter) -> (artifact id: '5a90dedbc26ef8e16bd99a49608a66fc') in 0.0623884 seconds
Number of updated asset objects reloaded before import = 0Number of asset objects unloaded after import = 10

========================================================================
Received Import Request.
  Time since last request: 0.000037 seconds.
  path: Assets/Kit/Enviroment/tower defense/Models/OBJ format/ground_pathRocks.mtl
  artifactKey: Guid(9592b2fc78f455d439eb13c1f61fa731) Importer(2089858483,192608db42251d675da83286b1cce702)
Start importing Assets/Kit/Enviroment/tower defense/Models/OBJ format/ground_pathRocks.mtl using Guid(9592b2fc78f455d439eb13c1f61fa731) Importer(2089858483,192608db42251d675da83286b1cce702) (ScriptedImporter) -> (artifact id: '4d6c47c5dd1174ebbaafc2d8b56a2f6d') in 0.0276938 seconds
Number of updated asset objects reloaded before import = 0Number of asset objects unloaded after import = 1

========================================================================
Received Import Request.
  Time since last request: 0.000047 seconds.
  path: Assets/Kit/Enviroment/tower defense/Models/OBJ format/grass_leafs.obj
  artifactKey: Guid(7f60f89254fa1bd46b4d7963e91a8856) Importer(2089858483,192608db42251d675da83286b1cce702)
Start importing Assets/Kit/Enviroment/tower defense/Models/OBJ format/grass_leafs.obj using Guid(7f60f89254fa1bd46b4d7963e91a8856) Importer(2089858483,192608db42251d675da83286b1cce702) (ScriptedImporter) -> (artifact id: 'd3249c56851bfedcc00bdbe4d6006c54') in 0.0601209 seconds
Number of updated asset objects reloaded before import = 0Number of asset objects unloaded after import = 10

========================================================================
Received Import Request.
  Time since last request: 0.000068 seconds.
  path: Assets/Kit/Enviroment/tower defense/Models/OBJ format/ground_pathEnd.mtl
  artifactKey: Guid(30e7419564ac44947b409169f3ac0887) Importer(2089858483,192608db42251d675da83286b1cce702)
Start importing Assets/Kit/Enviroment/tower defense/Models/OBJ format/ground_pathEnd.mtl using Guid(30e7419564ac44947b409169f3ac0887) Importer(2089858483,192608db42251d675da83286b1cce702) (ScriptedImporter) -> (artifact id: '7335941375eaa93ad41abecc45f7d4c2') in 0.0264362 seconds
Number of updated asset objects reloaded before import = 0Number of asset objects unloaded after import = 1

========================================================================
Received Import Request.
  Time since last request: 0.000033 seconds.
  path: Assets/Kit/Enviroment/tower defense/Models/OBJ format/ground_pathSplit.mtl
  artifactKey: Guid(bc39be3adb1ff3048a8779d7e8a2f16a) Importer(2089858483,192608db42251d675da83286b1cce702)
Start importing Assets/Kit/Enviroment/tower defense/Models/OBJ format/ground_pathSplit.mtl using Guid(bc39be3adb1ff3048a8779d7e8a2f16a) Importer(2089858483,192608db42251d675da83286b1cce702) (ScriptedImporter) -> (artifact id: '1616e3d1f1f07c602d937d5b7c08aa4c') in 0.0285823 seconds
Number of updated asset objects reloaded before import = 0Number of asset objects unloaded after import = 1

========================================================================
Received Import Request.
  Time since last request: 0.000041 seconds.
  path: Assets/Kit/Enviroment/tower defense/Models/OBJ format/ground_pathOpen.obj
  artifactKey: Guid(42e8bc6a409c967488646cf889f9613d) Importer(2089858483,192608db42251d675da83286b1cce702)
Start importing Assets/Kit/Enviroment/tower defense/Models/OBJ format/ground_pathOpen.obj using Guid(42e8bc6a409c967488646cf889f9613d) Importer(2089858483,192608db42251d675da83286b1cce702) (ScriptedImporter) -> (artifact id: 'ed56614709e711262b43661d3da1d655') in 0.0705767 seconds
Number of updated asset objects reloaded before import = 0Number of asset objects unloaded after import = 10

========================================================================
Received Import Request.
  Time since last request: 0.000041 seconds.
  path: Assets/Kit/Enviroment/tower defense/Models/OBJ format/crops_dirtRowEnd.mtl
  artifactKey: Guid(fa94ba5be7f066e49acdfd831ebc38b5) Importer(2089858483,192608db42251d675da83286b1cce702)
Start importing Assets/Kit/Enviroment/tower defense/Models/OBJ format/crops_dirtRowEnd.mtl using Guid(fa94ba5be7f066e49acdfd831ebc38b5) Importer(2089858483,192608db42251d675da83286b1cce702) (ScriptedImporter) -> (artifact id: '0173233dedaeeb3c88862179eeb0105a') in 0.0239807 seconds
Number of updated asset objects reloaded before import = 0Number of asset objects unloaded after import = 1

========================================================================
Received Import Request.
  Time since last request: 0.000055 seconds.
  path: Assets/Kit/Enviroment/tower defense/Models/OBJ format/mushroom_redTall.obj
  artifactKey: Guid(6258b3721f52f1749b8df5b94cf1303b) Importer(2089858483,192608db42251d675da83286b1cce702)
Start importing Assets/Kit/Enviroment/tower defense/Models/OBJ format/mushroom_redTall.obj using Guid(6258b3721f52f1749b8df5b94cf1303b) Importer(2089858483,192608db42251d675da83286b1cce702) (ScriptedImporter) -> (artifact id: '485e05897650e586c906762855e57101') in 0.062681 seconds
Number of updated asset objects reloaded before import = 0Number of asset objects unloaded after import = 11

========================================================================
Received Import Request.
  Time since last request: 0.000055 seconds.
  path: Assets/Kit/Enviroment/tower defense/Models/OBJ format/lily_large.mtl
  artifactKey: Guid(6309104e9fde1044bb4ed984f888dc6c) Importer(2089858483,192608db42251d675da83286b1cce702)
Start importing Assets/Kit/Enviroment/tower defense/Models/OBJ format/lily_large.mtl using Guid(6309104e9fde1044bb4ed984f888dc6c) Importer(2089858483,192608db42251d675da83286b1cce702) (ScriptedImporter) -> (artifact id: 'ca7b9f49120959ffdac54e0fa334e5ee') in 0.0291138 seconds
Number of updated asset objects reloaded before import = 0Number of asset objects unloaded after import = 1

========================================================================
Received Import Request.
  Time since last request: 0.000039 seconds.
  path: Assets/Kit/Enviroment/tower defense/Models/OBJ format/ground_riverTile.mtl
  artifactKey: Guid(b3c972c508279b346afa2ba201953fc2) Importer(2089858483,192608db42251d675da83286b1cce702)
Start importing Assets/Kit/Enviroment/tower defense/Models/OBJ format/ground_riverTile.mtl using Guid(b3c972c508279b346afa2ba201953fc2) Importer(2089858483,192608db42251d675da83286b1cce702) (ScriptedImporter) -> (artifact id: 'ce6f0824442ce75a63c1210bb4c01af8') in 0.0268371 seconds
Number of updated asset objects reloaded before import = 0Number of asset objects unloaded after import = 1

========================================================================
Received Import Request.
  Time since last request: 0.000063 seconds.
  path: Assets/Kit/Enviroment/tower defense/Models/OBJ format/ground_riverStraight.mtl
  artifactKey: Guid(8d98d6512c1a8ba4681937284e51bd40) Importer(2089858483,192608db42251d675da83286b1cce702)
Start importing Assets/Kit/Enviroment/tower defense/Models/OBJ format/ground_riverStraight.mtl using Guid(8d98d6512c1a8ba4681937284e51bd40) Importer(2089858483,192608db42251d675da83286b1cce702) (ScriptedImporter) -> (artifact id: '3be137ca41b3ab45e845e2a411896038') in 0.0298219 seconds
Number of updated asset objects reloaded before import = 0Number of asset objects unloaded after import = 1

========================================================================
Received Import Request.
  Time since last request: 0.000032 seconds.
  path: Assets/Kit/Enviroment/tower defense/Models/OBJ format/ground_riverOpen.obj
  artifactKey: Guid(e822a0c43458f1d49b86d08f7d2a6ff8) Importer(2089858483,192608db42251d675da83286b1cce702)
Start importing Assets/Kit/Enviroment/tower defense/Models/OBJ format/ground_riverOpen.obj using Guid(e822a0c43458f1d49b86d08f7d2a6ff8) Importer(2089858483,192608db42251d675da83286b1cce702) (ScriptedImporter) -> (artifact id: 'ba1de930dba176766b03c9d92734a06a') in 0.0629275 seconds
Number of updated asset objects reloaded before import = 0Number of asset objects unloaded after import = 10

========================================================================
Received Import Request.
  Time since last request: 0.000035 seconds.
  path: Assets/Kit/Enviroment/tower defense/Models/OBJ format/ground_riverBendBank.obj
  artifactKey: Guid(0f66d7042b0b52c4bb710129f7d8d486) Importer(2089858483,192608db42251d675da83286b1cce702)
Start importing Assets/Kit/Enviroment/tower defense/Models/OBJ format/ground_riverBendBank.obj using Guid(0f66d7042b0b52c4bb710129f7d8d486) Importer(2089858483,192608db42251d675da83286b1cce702) (ScriptedImporter) -> (artifact id: 'eca04c8f265024ed898c2269615a7fa1') in 0.0778137 seconds
Number of updated asset objects reloaded before import = 0Number of asset objects unloaded after import = 13

========================================================================
Received Import Request.
  Time since last request: 0.000055 seconds.
  path: Assets/Kit/Enviroment/tower defense/Models/OBJ format/ground_riverRocks.mtl
  artifactKey: Guid(84f421f2438cc554282c72d6b75934e6) Importer(2089858483,192608db42251d675da83286b1cce702)
Start importing Assets/Kit/Enviroment/tower defense/Models/OBJ format/ground_riverRocks.mtl using Guid(84f421f2438cc554282c72d6b75934e6) Importer(2089858483,192608db42251d675da83286b1cce702) (ScriptedImporter) -> (artifact id: '888e9b1b7cdc7f56618327a9f1efbbf7') in 0.0236594 seconds
Number of updated asset objects reloaded before import = 0Number of asset objects unloaded after import = 1

========================================================================
Received Import Request.
  Time since last request: 0.000035 seconds.
  path: Assets/Kit/Enviroment/tower defense/Models/OBJ format/hanging_moss.mtl
  artifactKey: Guid(863f25f74d9ef2c4aa1114714e5cb9ab) Importer(2089858483,192608db42251d675da83286b1cce702)
Start importing Assets/Kit/Enviroment/tower defense/Models/OBJ format/hanging_moss.mtl using Guid(863f25f74d9ef2c4aa1114714e5cb9ab) Importer(2089858483,192608db42251d675da83286b1cce702) (ScriptedImporter) -> (artifact id: 'c47397dc365b283554c232b61e2e825b') in 0.0276154 seconds
Number of updated asset objects reloaded before import = 0Number of asset objects unloaded after import = 1

========================================================================
Received Import Request.
  Time since last request: 0.000093 seconds.
  path: Assets/Kit/Enviroment/tower defense/Models/OBJ format/ground_riverCross.mtl
  artifactKey: Guid(b4d5e65c1ee49c64b92f9f505b90f168) Importer(2089858483,192608db42251d675da83286b1cce702)
Start importing Assets/Kit/Enviroment/tower defense/Models/OBJ format/ground_riverCross.mtl using Guid(b4d5e65c1ee49c64b92f9f505b90f168) Importer(2089858483,192608db42251d675da83286b1cce702) (ScriptedImporter) -> (artifact id: 'c8019000abad2f63f5932f2675242431') in 0.0269357 seconds
Number of updated asset objects reloaded before import = 0Number of asset objects unloaded after import = 1

========================================================================
Received Import Request.
  Time since last request: 0.000037 seconds.
  path: Assets/Kit/Enviroment/tower defense/Models/OBJ format/ground_riverEnd.mtl
  artifactKey: Guid(606fdb7690ac86548987fd16d0512d28) Importer(2089858483,192608db42251d675da83286b1cce702)
Start importing Assets/Kit/Enviroment/tower defense/Models/OBJ format/ground_riverEnd.mtl using Guid(606fdb7690ac86548987fd16d0512d28) Importer(2089858483,192608db42251d675da83286b1cce702) (ScriptedImporter) -> (artifact id: 'e8d164bc50f8b4dc1890f2d1abb8ea23') in 0.0280714 seconds
Number of updated asset objects reloaded before import = 0Number of asset objects unloaded after import = 1

========================================================================
Received Import Request.
  Time since last request: 0.000074 seconds.
  path: Assets/Kit/Enviroment/tower defense/Models/OBJ format/ground_riverSplit.obj
  artifactKey: Guid(4ccc444df97cd2a41b4c0d3c7400c8b3) Importer(2089858483,192608db42251d675da83286b1cce702)
Start importing Assets/Kit/Enviroment/tower defense/Models/OBJ format/ground_riverSplit.obj using Guid(4ccc444df97cd2a41b4c0d3c7400c8b3) Importer(2089858483,192608db42251d675da83286b1cce702) (ScriptedImporter) -> (artifact id: '96a376126a810c43059693687821733e') in 0.0691103 seconds
Number of updated asset objects reloaded before import = 0Number of asset objects unloaded after import = 13

========================================================================
Received Import Request.
  Time since last request: 0.000043 seconds.
  path: Assets/Kit/Enviroment/tower defense/Models/OBJ format/crops_dirtRowCorner.mtl
  artifactKey: Guid(0aed2e2c8f13af440b66234b972a5b7c) Importer(2089858483,192608db42251d675da83286b1cce702)
Start importing Assets/Kit/Enviroment/tower defense/Models/OBJ format/crops_dirtRowCorner.mtl using Guid(0aed2e2c8f13af440b66234b972a5b7c) Importer(2089858483,192608db42251d675da83286b1cce702) (ScriptedImporter) -> (artifact id: '45fb980e6dd965cd8f1457a662023a90') in 0.0262101 seconds
Number of updated asset objects reloaded before import = 0Number of asset objects unloaded after import = 1

========================================================================
Received Import Request.
  Time since last request: 0.000045 seconds.
  path: Assets/Kit/Enviroment/tower defense/Models/OBJ format/crops_dirtDoubleRowCorner.mtl
  artifactKey: Guid(e39617e6a098f17439fc59d34d589b8a) Importer(2089858483,192608db42251d675da83286b1cce702)
Start importing Assets/Kit/Enviroment/tower defense/Models/OBJ format/crops_dirtDoubleRowCorner.mtl using Guid(e39617e6a098f17439fc59d34d589b8a) Importer(2089858483,192608db42251d675da83286b1cce702) (ScriptedImporter) -> (artifact id: '28f92fceda9ee7b0ab0988b18277155c') in 0.0288375 seconds
Number of updated asset objects reloaded before import = 0Number of asset objects unloaded after import = 1

========================================================================
Received Import Request.
  Time since last request: 0.000044 seconds.
  path: Assets/Kit/Enviroment/tower defense/Models/OBJ format/rock_largeB.obj
  artifactKey: Guid(b3f13070d44a4064f9b34b971300374c) Importer(2089858483,192608db42251d675da83286b1cce702)
Start importing Assets/Kit/Enviroment/tower defense/Models/OBJ format/rock_largeB.obj using Guid(b3f13070d44a4064f9b34b971300374c) Importer(2089858483,192608db42251d675da83286b1cce702) (ScriptedImporter) -> (artifact id: 'ab9c51f9aa375baf940a0cc5a319c13c') in 0.0701082 seconds
Number of updated asset objects reloaded before import = 0Number of asset objects unloaded after import = 12

========================================================================
Received Import Request.
  Time since last request: 0.000034 seconds.
  path: Assets/Kit/Enviroment/tower defense/Models/OBJ format/path_woodCorner.mtl
  artifactKey: Guid(8a0574be43714f441a1c628a54d289bb) Importer(2089858483,192608db42251d675da83286b1cce702)
Start importing Assets/Kit/Enviroment/tower defense/Models/OBJ format/path_woodCorner.mtl using Guid(8a0574be43714f441a1c628a54d289bb) Importer(2089858483,192608db42251d675da83286b1cce702) (ScriptedImporter) -> (artifact id: '5913e6ba2019d2f619d7139fce4c3206') in 0.025504 seconds
Number of updated asset objects reloaded before import = 0Number of asset objects unloaded after import = 1

========================================================================
Received Import Request.
  Time since last request: 0.000039 seconds.
  path: Assets/Kit/Enviroment/tower defense/Models/OBJ format/path_wood.mtl
  artifactKey: Guid(0021d551f869063498cd951a925cb567) Importer(2089858483,192608db42251d675da83286b1cce702)
Start importing Assets/Kit/Enviroment/tower defense/Models/OBJ format/path_wood.mtl using Guid(0021d551f869063498cd951a925cb567) Importer(2089858483,192608db42251d675da83286b1cce702) (ScriptedImporter) -> (artifact id: '75da24fcf3dc38a3552fde828c98459b') in 0.0282176 seconds
Number of updated asset objects reloaded before import = 0Number of asset objects unloaded after import = 1

========================================================================
Received Import Request.
  Time since last request: 0.000059 seconds.
  path: Assets/Kit/Enviroment/tower defense/Models/OBJ format/plant_bushDetailed.mtl
  artifactKey: Guid(b17f7b83d579c614baafa6b4b5c946fb) Importer(2089858483,192608db42251d675da83286b1cce702)
Start importing Assets/Kit/Enviroment/tower defense/Models/OBJ format/plant_bushDetailed.mtl using Guid(b17f7b83d579c614baafa6b4b5c946fb) Importer(2089858483,192608db42251d675da83286b1cce702) (ScriptedImporter) -> (artifact id: '5b2af2faa9588be88a6ee76c51a1bdbd') in 0.0241482 seconds
Number of updated asset objects reloaded before import = 0Number of asset objects unloaded after import = 1

========================================================================
Received Import Request.
  Time since last request: 0.000033 seconds.
  path: Assets/Kit/Enviroment/tower defense/Models/OBJ format/plant_bushSmall.mtl
  artifactKey: Guid(906a1a02c347d7849bc870fe32c52efd) Importer(2089858483,192608db42251d675da83286b1cce702)
Start importing Assets/Kit/Enviroment/tower defense/Models/OBJ format/plant_bushSmall.mtl using Guid(906a1a02c347d7849bc870fe32c52efd) Importer(2089858483,192608db42251d675da83286b1cce702) (ScriptedImporter) -> (artifact id: 'e2f9160f7580ad7ddf3f5a17890f805e') in 0.0266092 seconds
Number of updated asset objects reloaded before import = 0Number of asset objects unloaded after import = 1

========================================================================
Received Import Request.
  Time since last request: 0.000036 seconds.
  path: Assets/Kit/Enviroment/tower defense/Models/OBJ format/rock_largeD.obj
  artifactKey: Guid(b15a1d884ad901b49bfadf8bd9b456cb) Importer(2089858483,192608db42251d675da83286b1cce702)
Start importing Assets/Kit/Enviroment/tower defense/Models/OBJ format/rock_largeD.obj using Guid(b15a1d884ad901b49bfadf8bd9b456cb) Importer(2089858483,192608db42251d675da83286b1cce702) (ScriptedImporter) -> (artifact id: '1fe73d649fdea295e54a175aab9b4958') in 0.0748545 seconds
Number of updated asset objects reloaded before import = 0Number of asset objects unloaded after import = 12

========================================================================
Received Import Request.
  Time since last request: 0.000037 seconds.
  path: Assets/Kit/Enviroment/tower defense/Models/OBJ format/pot_small.mtl
  artifactKey: Guid(4d00bd0e82b5cee468587212e75e3e42) Importer(2089858483,192608db42251d675da83286b1cce702)
Start importing Assets/Kit/Enviroment/tower defense/Models/OBJ format/pot_small.mtl using Guid(4d00bd0e82b5cee468587212e75e3e42) Importer(2089858483,192608db42251d675da83286b1cce702) (ScriptedImporter) -> (artifact id: '53d7ff6ff197190c866d7889e37e04e1') in 0.0273806 seconds
Number of updated asset objects reloaded before import = 0Number of asset objects unloaded after import = 1

========================================================================
Received Import Request.
  Time since last request: 0.000056 seconds.
  path: Assets/Kit/Enviroment/tower defense/Models/OBJ format/rock_smallE.obj
  artifactKey: Guid(5eff99afbcf98a4449804090605fd507) Importer(2089858483,192608db42251d675da83286b1cce702)
Start importing Assets/Kit/Enviroment/tower defense/Models/OBJ format/rock_smallE.obj using Guid(5eff99afbcf98a4449804090605fd507) Importer(2089858483,192608db42251d675da83286b1cce702) (ScriptedImporter) -> (artifact id: 'bbd04503574a393083e808889e955cf7') in 0.063394 seconds
Number of updated asset objects reloaded before import = 0Number of asset objects unloaded after import = 11

========================================================================
Received Import Request.
  Time since last request: 0.000037 seconds.
  path: Assets/Kit/Enviroment/tower defense/Models/OBJ format/plant_bushSmall.obj
  artifactKey: Guid(71e4dcc25691f47428be8fcd8fabd25e) Importer(2089858483,192608db42251d675da83286b1cce702)
Start importing Assets/Kit/Enviroment/tower defense/Models/OBJ format/plant_bushSmall.obj using Guid(71e4dcc25691f47428be8fcd8fabd25e) Importer(2089858483,192608db42251d675da83286b1cce702) (ScriptedImporter) -> (artifact id: 'fa248264e0f8549c5e4181724e5024b0') in 0.0683419 seconds
Number of updated asset objects reloaded before import = 0Number of asset objects unloaded after import = 10

========================================================================
Received Import Request.
  Time since last request: 0.000035 seconds.
  path: Assets/Kit/Enviroment/tower defense/Models/OBJ format/path_woodEnd.mtl
  artifactKey: Guid(cd6e0aef96883164ba9cae973be4b433) Importer(2089858483,192608db42251d675da83286b1cce702)
Start importing Assets/Kit/Enviroment/tower defense/Models/OBJ format/path_woodEnd.mtl using Guid(cd6e0aef96883164ba9cae973be4b433) Importer(2089858483,192608db42251d675da83286b1cce702) (ScriptedImporter) -> (artifact id: 'bab10e6319ca28b38bf895d76347c344') in 0.0268688 seconds
Number of updated asset objects reloaded before import = 0Number of asset objects unloaded after import = 1

========================================================================
Received Import Request.
  Time since last request: 0.000068 seconds.
  path: Assets/Kit/Enviroment/tower defense/Models/OBJ format/rock_smallB.obj
  artifactKey: Guid(0943d011635b60e459cd795ce885ba3e) Importer(2089858483,192608db42251d675da83286b1cce702)
Start importing Assets/Kit/Enviroment/tower defense/Models/OBJ format/rock_smallB.obj using Guid(0943d011635b60e459cd795ce885ba3e) Importer(2089858483,192608db42251d675da83286b1cce702) (ScriptedImporter) -> (artifact id: '87a7c895d46053f918af5790473ad220') in 0.0594079 seconds
Number of updated asset objects reloaded before import = 0Number of asset objects unloaded after import = 11

========================================================================
Received Import Request.
  Time since last request: 0.000058 seconds.
  path: Assets/Kit/Enviroment/tower defense/Models/OBJ format/rock_tallE.obj
  artifactKey: Guid(e2abb181bdf000249bfa4796dc7d3234) Importer(2089858483,192608db42251d675da83286b1cce702)
Start importing Assets/Kit/Enviroment/tower defense/Models/OBJ format/rock_tallE.obj using Guid(e2abb181bdf000249bfa4796dc7d3234) Importer(2089858483,192608db42251d675da83286b1cce702) (ScriptedImporter) -> (artifact id: 'd64e2ac186244f6a2ffedbe5d42352e4') in 0.0713027 seconds
Number of updated asset objects reloaded before import = 0Number of asset objects unloaded after import = 12

========================================================================
Received Import Request.
  Time since last request: 0.000033 seconds.
  path: Assets/Kit/Enviroment/tower defense/Models/OBJ format/rock_smallTopB.mtl
  artifactKey: Guid(9c48f3f498a24bd439de192b09cdfcfb) Importer(2089858483,192608db42251d675da83286b1cce702)
Start importing Assets/Kit/Enviroment/tower defense/Models/OBJ format/rock_smallTopB.mtl using Guid(9c48f3f498a24bd439de192b09cdfcfb) Importer(2089858483,192608db42251d675da83286b1cce702) (ScriptedImporter) -> (artifact id: '2f248553e1f206ec25194ba434ddfc81') in 0.0258444 seconds
Number of updated asset objects reloaded before import = 0Number of asset objects unloaded after import = 1

========================================================================
Received Import Request.
  Time since last request: 0.000055 seconds.
  path: Assets/Kit/Enviroment/tower defense/Models/OBJ format/rock_tallB.mtl
  artifactKey: Guid(8ce8f84fce8cd0b4e80a07961f2326d6) Importer(2089858483,192608db42251d675da83286b1cce702)
Start importing Assets/Kit/Enviroment/tower defense/Models/OBJ format/rock_tallB.mtl using Guid(8ce8f84fce8cd0b4e80a07961f2326d6) Importer(2089858483,192608db42251d675da83286b1cce702) (ScriptedImporter) -> (artifact id: 'ecfff90246c17991d5906dbdbf2e7dda') in 0.0277206 seconds
Number of updated asset objects reloaded before import = 0Number of asset objects unloaded after import = 1

========================================================================
Received Import Request.
  Time since last request: 0.000034 seconds.
  path: Assets/Kit/Enviroment/tower defense/Models/OBJ format/statue_block.obj
  artifactKey: Guid(0103d6dc15e7d644ba81f8139adc6a5a) Importer(2089858483,192608db42251d675da83286b1cce702)
Start importing Assets/Kit/Enviroment/tower defense/Models/OBJ format/statue_block.obj using Guid(0103d6dc15e7d644ba81f8139adc6a5a) Importer(2089858483,192608db42251d675da83286b1cce702) (ScriptedImporter) -> (artifact id: '3b83c0879a40c9328ad5bdfa7ec9fb1d') in 0.0645066 seconds
Number of updated asset objects reloaded before import = 0Number of asset objects unloaded after import = 11

========================================================================
Received Import Request.
  Time since last request: 0.000041 seconds.
  path: Assets/Kit/Enviroment/tower defense/Models/OBJ format/rock_tallG.obj
  artifactKey: Guid(cdd162c8b6fd57b4599ea15036e4d8fc) Importer(2089858483,192608db42251d675da83286b1cce702)
Start importing Assets/Kit/Enviroment/tower defense/Models/OBJ format/rock_tallG.obj using Guid(cdd162c8b6fd57b4599ea15036e4d8fc) Importer(2089858483,192608db42251d675da83286b1cce702) (ScriptedImporter) -> (artifact id: '54084eaebf324e62e21faac53eef9a44') in 0.0669439 seconds
Number of updated asset objects reloaded before import = 0Number of asset objects unloaded after import = 12

========================================================================
Received Import Request.
  Time since last request: 0.000055 seconds.
  path: Assets/Kit/Enviroment/tower defense/Models/OBJ format/rock_tallA.obj
  artifactKey: Guid(e0dda1088f8d9164db7cad2f7a305cb7) Importer(2089858483,192608db42251d675da83286b1cce702)
Start importing Assets/Kit/Enviroment/tower defense/Models/OBJ format/rock_tallA.obj using Guid(e0dda1088f8d9164db7cad2f7a305cb7) Importer(2089858483,192608db42251d675da83286b1cce702) (ScriptedImporter) -> (artifact id: '2c38b6e71c69b66b807ce83d24adcadf') in 0.0751767 seconds
Number of updated asset objects reloaded before import = 0Number of asset objects unloaded after import = 12

========================================================================
Received Import Request.
  Time since last request: 0.000041 seconds.
  path: Assets/Kit/Enviroment/tower defense/Models/OBJ format/rock_tallF.obj
  artifactKey: Guid(f1eb71c688883834a95e8682775313d5) Importer(2089858483,192608db42251d675da83286b1cce702)
Start importing Assets/Kit/Enviroment/tower defense/Models/OBJ format/rock_tallF.obj using Guid(f1eb71c688883834a95e8682775313d5) Importer(2089858483,192608db42251d675da83286b1cce702) (ScriptedImporter) -> (artifact id: 'c910c0828f17cc62c8741e99873f6a66') in 0.0736647 seconds
Number of updated asset objects reloaded before import = 0Number of asset objects unloaded after import = 12

========================================================================
Received Import Request.
  Time since last request: 0.000040 seconds.
  path: Assets/Kit/Enviroment/tower defense/Models/OBJ format/sign.mtl
  artifactKey: Guid(362b7f134ebffc747bf1619b132d52df) Importer(2089858483,192608db42251d675da83286b1cce702)
Start importing Assets/Kit/Enviroment/tower defense/Models/OBJ format/sign.mtl using Guid(362b7f134ebffc747bf1619b132d52df) Importer(2089858483,192608db42251d675da83286b1cce702) (ScriptedImporter) -> (artifact id: '80351ebcc66d3451e329311c2a1cec43') in 0.0299932 seconds
Number of updated asset objects reloaded before import = 0Number of asset objects unloaded after import = 1

========================================================================
Received Import Request.
  Time since last request: 0.000053 seconds.
  path: Assets/Kit/Enviroment/tower defense/Models/OBJ format/statue_columnDamaged.obj
  artifactKey: Guid(04083b6b2177b42408d196232a62e52f) Importer(2089858483,192608db42251d675da83286b1cce702)
Start importing Assets/Kit/Enviroment/tower defense/Models/OBJ format/statue_columnDamaged.obj using Guid(04083b6b2177b42408d196232a62e52f) Importer(2089858483,192608db42251d675da83286b1cce702) (ScriptedImporter) -> (artifact id: '5fe199a9be44ca8527d946317eba49cc') in 0.0897099 seconds
Number of updated asset objects reloaded before import = 0Number of asset objects unloaded after import = 11

========================================================================
Received Import Request.
  Time since last request: 0.000034 seconds.
  path: Assets/Kit/Enviroment/tower defense/Models/OBJ format/stone_smallA.mtl
  artifactKey: Guid(d8ce32cd3e5e23c45939d5ddc1d9c92e) Importer(2089858483,192608db42251d675da83286b1cce702)
Start importing Assets/Kit/Enviroment/tower defense/Models/OBJ format/stone_smallA.mtl using Guid(d8ce32cd3e5e23c45939d5ddc1d9c92e) Importer(2089858483,192608db42251d675da83286b1cce702) (ScriptedImporter) -> (artifact id: 'fa5e258b1db08b8424bb5db9ed58efa3') in 0.0242182 seconds
Number of updated asset objects reloaded before import = 0Number of asset objects unloaded after import = 1

========================================================================
Received Import Request.
  Time since last request: 0.000038 seconds.
  path: Assets/Kit/Enviroment/tower defense/Models/OBJ format/stone_smallD.mtl
  artifactKey: Guid(5989b56d50b712d4db92d36d0501b8d3) Importer(2089858483,192608db42251d675da83286b1cce702)
Start importing Assets/Kit/Enviroment/tower defense/Models/OBJ format/stone_smallD.mtl using Guid(5989b56d50b712d4db92d36d0501b8d3) Importer(2089858483,192608db42251d675da83286b1cce702) (ScriptedImporter) -> (artifact id: 'aa9caf16705809167aa83a362bae403c') in 0.027401 seconds
Number of updated asset objects reloaded before import = 0Number of asset objects unloaded after import = 1

========================================================================
Received Import Request.
  Time since last request: 0.000056 seconds.
  path: Assets/Kit/Enviroment/tower defense/Models/OBJ format/stone_tallC.mtl
  artifactKey: Guid(1a737a1ecaa0d8a40801726a23de3f0e) Importer(2089858483,192608db42251d675da83286b1cce702)
Start importing Assets/Kit/Enviroment/tower defense/Models/OBJ format/stone_tallC.mtl using Guid(1a737a1ecaa0d8a40801726a23de3f0e) Importer(2089858483,192608db42251d675da83286b1cce702) (ScriptedImporter) -> (artifact id: '8912b930c3e32625a39aa5ef24231fb0') in 0.0290701 seconds
Number of updated asset objects reloaded before import = 0Number of asset objects unloaded after import = 1

========================================================================
Received Import Request.
  Time since last request: 0.000034 seconds.
  path: Assets/Kit/Enviroment/tower defense/Models/OBJ format/stone_smallF.obj
  artifactKey: Guid(978ba9256ab38694e82718aab224a1ef) Importer(2089858483,192608db42251d675da83286b1cce702)
Start importing Assets/Kit/Enviroment/tower defense/Models/OBJ format/stone_smallF.obj using Guid(978ba9256ab38694e82718aab224a1ef) Importer(2089858483,192608db42251d675da83286b1cce702) (ScriptedImporter) -> (artifact id: '72f50b95798c9ec12bb33db30708c3e8') in 0.0676928 seconds
Number of updated asset objects reloaded before import = 0Number of asset objects unloaded after import = 10

========================================================================
Received Import Request.
  Time since last request: 0.000037 seconds.
  path: Assets/Kit/Enviroment/tower defense/Models/OBJ format/stone_smallTopA.mtl
  artifactKey: Guid(9c12712f933474a499faa4eead967043) Importer(2089858483,192608db42251d675da83286b1cce702)
Start importing Assets/Kit/Enviroment/tower defense/Models/OBJ format/stone_smallTopA.mtl using Guid(9c12712f933474a499faa4eead967043) Importer(2089858483,192608db42251d675da83286b1cce702) (ScriptedImporter) -> (artifact id: '84349741ba5507b91aee2f6285e8f163') in 0.0303865 seconds
Number of updated asset objects reloaded before import = 0Number of asset objects unloaded after import = 1

========================================================================
Received Import Request.
  Time since last request: 0.000053 seconds.
  path: Assets/Kit/Enviroment/tower defense/Models/OBJ format/stone_smallFlatC.mtl
  artifactKey: Guid(7013246ee602c6d4693746f9182abb94) Importer(2089858483,192608db42251d675da83286b1cce702)
Start importing Assets/Kit/Enviroment/tower defense/Models/OBJ format/stone_smallFlatC.mtl using Guid(7013246ee602c6d4693746f9182abb94) Importer(2089858483,192608db42251d675da83286b1cce702) (ScriptedImporter) -> (artifact id: '0842c6fb6ec36165dbb51504ad7d4c22') in 0.0286186 seconds
Number of updated asset objects reloaded before import = 0Number of asset objects unloaded after import = 1

========================================================================
Received Import Request.
  Time since last request: 0.000039 seconds.
  path: Assets/Kit/Enviroment/tower defense/Models/OBJ format/stone_smallFlatB.obj
  artifactKey: Guid(0d555d4689d38594dbd30e0375a4e078) Importer(2089858483,192608db42251d675da83286b1cce702)
Start importing Assets/Kit/Enviroment/tower defense/Models/OBJ format/stone_smallFlatB.obj using Guid(0d555d4689d38594dbd30e0375a4e078) Importer(2089858483,192608db42251d675da83286b1cce702) (ScriptedImporter) -> (artifact id: 'f25c2a181b83cf26c9f1da4d66375326') in 0.0671882 seconds
Number of updated asset objects reloaded before import = 0Number of asset objects unloaded after import = 10

========================================================================
Received Import Request.
  Time since last request: 0.000039 seconds.
  path: Assets/Kit/Enviroment/tower defense/Models/OBJ format/stone_smallI.mtl
  artifactKey: Guid(2f76ba52006835240b432dea2a32452a) Importer(2089858483,192608db42251d675da83286b1cce702)
Start importing Assets/Kit/Enviroment/tower defense/Models/OBJ format/stone_smallI.mtl using Guid(2f76ba52006835240b432dea2a32452a) Importer(2089858483,192608db42251d675da83286b1cce702) (ScriptedImporter) -> (artifact id: '2a525c395119f27f76fe70080e281e58') in 0.0278653 seconds
Number of updated asset objects reloaded before import = 0Number of asset objects unloaded after import = 1

========================================================================
Received Import Request.
  Time since last request: 0.000054 seconds.
  path: Assets/Kit/Enviroment/tower defense/Models/OBJ format/stone_tallG.obj
  artifactKey: Guid(ff136ebb54f75e443a453f44915e9d4c) Importer(2089858483,192608db42251d675da83286b1cce702)
Start importing Assets/Kit/Enviroment/tower defense/Models/OBJ format/stone_tallG.obj using Guid(ff136ebb54f75e443a453f44915e9d4c) Importer(2089858483,192608db42251d675da83286b1cce702) (ScriptedImporter) -> (artifact id: 'ec7dbf2db16fd4c0a7ac379f1b946b35') in 0.0706498 seconds
Number of updated asset objects reloaded before import = 0Number of asset objects unloaded after import = 11

========================================================================
Received Import Request.
  Time since last request: 0.000032 seconds.
  path: Assets/Kit/Enviroment/tower defense/Models/OBJ format/mushroom_tanTall.mtl
  artifactKey: Guid(ed35342175a75fc4696c9fecc1d6ef75) Importer(2089858483,192608db42251d675da83286b1cce702)
Start importing Assets/Kit/Enviroment/tower defense/Models/OBJ format/mushroom_tanTall.mtl using Guid(ed35342175a75fc4696c9fecc1d6ef75) Importer(2089858483,192608db42251d675da83286b1cce702) (ScriptedImporter) -> (artifact id: '67a57d93e34e7eb72620601e319bceb7') in 0.0263245 seconds
Number of updated asset objects reloaded before import = 0Number of asset objects unloaded after import = 1

========================================================================
Received Import Request.
  Time since last request: 0.000040 seconds.
  path: Assets/Kit/Enviroment/tower defense/Models/OBJ format/ground_riverCross.obj
  artifactKey: Guid(dec00b2055a7f89479549d8330c9ff37) Importer(2089858483,192608db42251d675da83286b1cce702)
Start importing Assets/Kit/Enviroment/tower defense/Models/OBJ format/ground_riverCross.obj using Guid(dec00b2055a7f89479549d8330c9ff37) Importer(2089858483,192608db42251d675da83286b1cce702) (ScriptedImporter) -> (artifact id: 'b1b87bf52a994a642f6ed21ad7f51d72') in 0.0692214 seconds
Number of updated asset objects reloaded before import = 0Number of asset objects unloaded after import = 13

========================================================================
Received Import Request.
  Time since last request: 0.000073 seconds.
  path: Assets/Kit/Enviroment/tower defense/Models/OBJ format/stump_oldTall.mtl
  artifactKey: Guid(523261c2338421a48803146a8c813566) Importer(2089858483,192608db42251d675da83286b1cce702)
Start importing Assets/Kit/Enviroment/tower defense/Models/OBJ format/stump_oldTall.mtl using Guid(523261c2338421a48803146a8c813566) Importer(2089858483,192608db42251d675da83286b1cce702) (ScriptedImporter) -> (artifact id: '6e3b989b5926e0e80f6d6af33cba0a90') in 0.0244358 seconds
Number of updated asset objects reloaded before import = 0Number of asset objects unloaded after import = 1

========================================================================
Received Import Request.
  Time since last request: 0.000031 seconds.
  path: Assets/Kit/Enviroment/tower defense/Models/OBJ format/tree_detailed_dark.obj
  artifactKey: Guid(fdfd957978f092242987541a5a49e4e5) Importer(2089858483,192608db42251d675da83286b1cce702)
Start importing Assets/Kit/Enviroment/tower defense/Models/OBJ format/tree_detailed_dark.obj using Guid(fdfd957978f092242987541a5a49e4e5) Importer(2089858483,192608db42251d675da83286b1cce702) (ScriptedImporter) -> (artifact id: '547f40172da30cf286008913be3183e0') in 0.0768818 seconds
Number of updated asset objects reloaded before import = 0Number of asset objects unloaded after import = 12

========================================================================
Received Import Request.
  Time since last request: 0.000046 seconds.
  path: Assets/Kit/Enviroment/tower defense/Models/OBJ format/stump_oldTall.obj
  artifactKey: Guid(f3c4fad7adec715458cb88337fa68ffd) Importer(2089858483,192608db42251d675da83286b1cce702)
Start importing Assets/Kit/Enviroment/tower defense/Models/OBJ format/stump_oldTall.obj using Guid(f3c4fad7adec715458cb88337fa68ffd) Importer(2089858483,192608db42251d675da83286b1cce702) (ScriptedImporter) -> (artifact id: '910bbf09ee17f3aecd62835051a14bee') in 0.0636433 seconds
Number of updated asset objects reloaded before import = 0Number of asset objects unloaded after import = 10

========================================================================
Received Import Request.
  Time since last request: 0.000056 seconds.
  path: Assets/Kit/Enviroment/tower defense/Models/OBJ format/stump_squareDetailedWide.mtl
  artifactKey: Guid(0efb3c66027b3094e896ef7f8387675c) Importer(2089858483,192608db42251d675da83286b1cce702)
Start importing Assets/Kit/Enviroment/tower defense/Models/OBJ format/stump_squareDetailedWide.mtl using Guid(0efb3c66027b3094e896ef7f8387675c) Importer(2089858483,192608db42251d675da83286b1cce702) (ScriptedImporter) -> (artifact id: '948c48407d927ecf4ddd1a9e84f5f5bc') in 0.0297651 seconds
Number of updated asset objects reloaded before import = 0Number of asset objects unloaded after import = 1

========================================================================
Received Import Request.
  Time since last request: 0.000034 seconds.
  path: Assets/Kit/Enviroment/tower defense/Models/OBJ format/tent_smallOpen.mtl
  artifactKey: Guid(00adb741dbe72c549b555ca6d2c8c02b) Importer(2089858483,192608db42251d675da83286b1cce702)
Start importing Assets/Kit/Enviroment/tower defense/Models/OBJ format/tent_smallOpen.mtl using Guid(00adb741dbe72c549b555ca6d2c8c02b) Importer(2089858483,192608db42251d675da83286b1cce702) (ScriptedImporter) -> (artifact id: '9eb80543edf250d1acf6ca886625852d') in 0.0311895 seconds
Number of updated asset objects reloaded before import = 0Number of asset objects unloaded after import = 1

========================================================================
Received Import Request.
  Time since last request: 0.000034 seconds.
  path: Assets/Kit/Enviroment/tower defense/Models/OBJ format/tree_default_dark.mtl
  artifactKey: Guid(df4a03389328cc54db32371178d2aa30) Importer(2089858483,192608db42251d675da83286b1cce702)
Start importing Assets/Kit/Enviroment/tower defense/Models/OBJ format/tree_default_dark.mtl using Guid(df4a03389328cc54db32371178d2aa30) Importer(2089858483,192608db42251d675da83286b1cce702) (ScriptedImporter) -> (artifact id: 'c6edf390e8dfd46055518f305c922841') in 0.0315308 seconds
Number of updated asset objects reloaded before import = 0Number of asset objects unloaded after import = 1

========================================================================
Received Import Request.
  Time since last request: 0.000040 seconds.
  path: Assets/Kit/Enviroment/tower defense/Models/OBJ format/stone_tallH.obj
  artifactKey: Guid(e9aa7e0b76430b746acf77df34b95cac) Importer(2089858483,192608db42251d675da83286b1cce702)
Start importing Assets/Kit/Enviroment/tower defense/Models/OBJ format/stone_tallH.obj using Guid(e9aa7e0b76430b746acf77df34b95cac) Importer(2089858483,192608db42251d675da83286b1cce702) (ScriptedImporter) -> (artifact id: '6655d330a88e5113a51abd610c566e53') in 0.0645263 seconds
Number of updated asset objects reloaded before import = 0Number of asset objects unloaded after import = 11

========================================================================
Received Import Request.
  Time since last request: 0.000050 seconds.
  path: Assets/Kit/Enviroment/tower defense/Models/OBJ format/tree_detailed_dark.mtl
  artifactKey: Guid(d7f167d680a4bf04d8b5c7f9544fd899) Importer(2089858483,192608db42251d675da83286b1cce702)
Start importing Assets/Kit/Enviroment/tower defense/Models/OBJ format/tree_detailed_dark.mtl using Guid(d7f167d680a4bf04d8b5c7f9544fd899) Importer(2089858483,192608db42251d675da83286b1cce702) (ScriptedImporter) -> (artifact id: '38cb1955ec57079b059b5171a097f3d3') in 0.0281636 seconds
Number of updated asset objects reloaded before import = 0Number of asset objects unloaded after import = 1

========================================================================
Received Import Request.
  Time since last request: 0.000034 seconds.
  path: Assets/Kit/Enviroment/tower defense/Models/OBJ format/tree_blocks.mtl
  artifactKey: Guid(d6a0150850de5974fa35eb9239fe2e5e) Importer(2089858483,192608db42251d675da83286b1cce702)
Start importing Assets/Kit/Enviroment/tower defense/Models/OBJ format/tree_blocks.mtl using Guid(d6a0150850de5974fa35eb9239fe2e5e) Importer(2089858483,192608db42251d675da83286b1cce702) (ScriptedImporter) -> (artifact id: 'e7d7e53b0aa69144c35bad9c12a04095') in 0.0273865 seconds
Number of updated asset objects reloaded before import = 0Number of asset objects unloaded after import = 1

========================================================================
Received Import Request.
  Time since last request: 0.000042 seconds.
  path: Assets/Kit/Enviroment/tower defense/Models/OBJ format/tree_default.mtl
  artifactKey: Guid(10266fe6c4e77b442b1577c6f1e4d23e) Importer(2089858483,192608db42251d675da83286b1cce702)
Start importing Assets/Kit/Enviroment/tower defense/Models/OBJ format/tree_default.mtl using Guid(10266fe6c4e77b442b1577c6f1e4d23e) Importer(2089858483,192608db42251d675da83286b1cce702) (ScriptedImporter) -> (artifact id: '4ddc26f9b018ae0c7389841fee054171') in 0.0278628 seconds
Number of updated asset objects reloaded before import = 0Number of asset objects unloaded after import = 1

========================================================================
Received Import Request.
  Time since last request: 0.000040 seconds.
  path: Assets/Kit/Enviroment/tower defense/Models/OBJ format/tree_pineGroundB.obj
  artifactKey: Guid(5e24d430bb2b2ba4c86dc696322b0152) Importer(2089858483,192608db42251d675da83286b1cce702)
Start importing Assets/Kit/Enviroment/tower defense/Models/OBJ format/tree_pineGroundB.obj using Guid(5e24d430bb2b2ba4c86dc696322b0152) Importer(2089858483,192608db42251d675da83286b1cce702) (ScriptedImporter) -> (artifact id: '99477f57379a2747fbe6ca509a9dedf4') in 0.074193 seconds
Number of updated asset objects reloaded before import = 0Number of asset objects unloaded after import = 10

========================================================================
Received Import Request.
  Time since last request: 0.000058 seconds.
  path: Assets/Kit/Enviroment/tower defense/Models/OBJ format/tree_fat_darkh.mtl
  artifactKey: Guid(bab5f1d26a579a245859689358a01830) Importer(2089858483,192608db42251d675da83286b1cce702)
Start importing Assets/Kit/Enviroment/tower defense/Models/OBJ format/tree_fat_darkh.mtl using Guid(bab5f1d26a579a245859689358a01830) Importer(2089858483,192608db42251d675da83286b1cce702) (ScriptedImporter) -> (artifact id: 'edc39c53578aaf35491bf9b363556b9b') in 0.0241643 seconds
Number of updated asset objects reloaded before import = 0Number of asset objects unloaded after import = 1

========================================================================
Received Import Request.
  Time since last request: 0.000035 seconds.
  path: Assets/Kit/Enviroment/tower defense/Models/OBJ format/tree_pineDefaultA.obj
  artifactKey: Guid(ae7737ca68d26f04cbfe38d5a45eb5cc) Importer(2089858483,192608db42251d675da83286b1cce702)
Start importing Assets/Kit/Enviroment/tower defense/Models/OBJ format/tree_pineDefaultA.obj using Guid(ae7737ca68d26f04cbfe38d5a45eb5cc) Importer(2089858483,192608db42251d675da83286b1cce702) (ScriptedImporter) -> (artifact id: 'b26e523234ab173c24f04b80823b4ba6') in 0.0682886 seconds
Number of updated asset objects reloaded before import = 0Number of asset objects unloaded after import = 11

========================================================================
Received Import Request.
  Time since last request: 0.000041 seconds.
  path: Assets/Kit/Enviroment/tower defense/Models/OBJ format/tree_palmBend.mtl
  artifactKey: Guid(da0004624212b9c43a956794ecfbcda2) Importer(2089858483,192608db42251d675da83286b1cce702)
Start importing Assets/Kit/Enviroment/tower defense/Models/OBJ format/tree_palmBend.mtl using Guid(da0004624212b9c43a956794ecfbcda2) Importer(2089858483,192608db42251d675da83286b1cce702) (ScriptedImporter) -> (artifact id: '7b5db9fa5f4252aad50419549aade0d7') in 0.0249478 seconds
Number of updated asset objects reloaded before import = 0Number of asset objects unloaded after import = 1

========================================================================
Received Import Request.
  Time since last request: 0.000060 seconds.
  path: Assets/Kit/Enviroment/tower defense/Models/OBJ format/tree_pineRoundE.mtl
  artifactKey: Guid(bf9d763b106ee114a85884dc7500670b) Importer(2089858483,192608db42251d675da83286b1cce702)
Start importing Assets/Kit/Enviroment/tower defense/Models/OBJ format/tree_pineRoundE.mtl using Guid(bf9d763b106ee114a85884dc7500670b) Importer(2089858483,192608db42251d675da83286b1cce702) (ScriptedImporter) -> (artifact id: 'e32563f86100825633aa25cca9066f85') in 0.0230598 seconds
Number of updated asset objects reloaded before import = 0Number of asset objects unloaded after import = 1

========================================================================
Received Import Request.
  Time since last request: 0.000043 seconds.
  path: Assets/Kit/Enviroment/tower defense/Models/OBJ format/tree_pineRoundA.obj
  artifactKey: Guid(2a065731e017a2a459bec129a805a97e) Importer(2089858483,192608db42251d675da83286b1cce702)
Start importing Assets/Kit/Enviroment/tower defense/Models/OBJ format/tree_pineRoundA.obj using Guid(2a065731e017a2a459bec129a805a97e) Importer(2089858483,192608db42251d675da83286b1cce702) (ScriptedImporter) -> (artifact id: '324cfc77c0179c7ee18fcd24949076d6') in 0.071815 seconds
Number of updated asset objects reloaded before import = 0Number of asset objects unloaded after import = 11

========================================================================
Received Import Request.
  Time since last request: 0.000046 seconds.
  path: Assets/Kit/Enviroment/tower defense/Models/OBJ format/tree_palmDetailedShort.obj
  artifactKey: Guid(1cb08dc35711b7d40b5fbdba348d9d56) Importer(2089858483,192608db42251d675da83286b1cce702)
Start importing Assets/Kit/Enviroment/tower defense/Models/OBJ format/tree_palmDetailedShort.obj using Guid(1cb08dc35711b7d40b5fbdba348d9d56) Importer(2089858483,192608db42251d675da83286b1cce702) (ScriptedImporter) -> (artifact id: '0f5b8b19dd63437a6afb11c80e9fab30') in 0.0749857 seconds
Number of updated asset objects reloaded before import = 0Number of asset objects unloaded after import = 16

========================================================================
Received Import Request.
  Time since last request: 0.000046 seconds.
  path: Assets/Kit/Enviroment/tower defense/Models/OBJ format/tree_pineRoundF.obj
  artifactKey: Guid(c6e20eff3eaf1e34b9d9f0c8041f560a) Importer(2089858483,192608db42251d675da83286b1cce702)
Start importing Assets/Kit/Enviroment/tower defense/Models/OBJ format/tree_pineRoundF.obj using Guid(c6e20eff3eaf1e34b9d9f0c8041f560a) Importer(2089858483,192608db42251d675da83286b1cce702) (ScriptedImporter) -> (artifact id: '304f7c7946cbbf121689689fd6516a43') in 0.0716881 seconds
Number of updated asset objects reloaded before import = 0Number of asset objects unloaded after import = 11

========================================================================
Received Import Request.
  Time since last request: 0.000051 seconds.
  path: Assets/Kit/Enviroment/tower defense/Models/OBJ format/tree_pineRoundB.mtl
  artifactKey: Guid(8e06cfddba0f2274f862e39ad3271405) Importer(2089858483,192608db42251d675da83286b1cce702)
Start importing Assets/Kit/Enviroment/tower defense/Models/OBJ format/tree_pineRoundB.mtl using Guid(8e06cfddba0f2274f862e39ad3271405) Importer(2089858483,192608db42251d675da83286b1cce702) (ScriptedImporter) -> (artifact id: '635e25750b9e6a812b17fc082ade22cb') in 0.0271002 seconds
Number of updated asset objects reloaded before import = 0Number of asset objects unloaded after import = 1

========================================================================
Received Import Request.
  Time since last request: 0.000062 seconds.
  path: Assets/Kit/Enviroment/tower defense/Models/OBJ format/tree_pineTallC.mtl
  artifactKey: Guid(27ce8f46f12ed4f43b3e46bc7f61b3c7) Importer(2089858483,192608db42251d675da83286b1cce702)
Start importing Assets/Kit/Enviroment/tower defense/Models/OBJ format/tree_pineTallC.mtl using Guid(27ce8f46f12ed4f43b3e46bc7f61b3c7) Importer(2089858483,192608db42251d675da83286b1cce702) (ScriptedImporter) -> (artifact id: '9c6c2845787189083dadcfcd9b83bf19') in 0.0237664 seconds
Number of updated asset objects reloaded before import = 0Number of asset objects unloaded after import = 1

========================================================================
Received Import Request.
  Time since last request: 0.000045 seconds.
  path: Assets/Kit/Enviroment/tower defense/Models/OBJ format/tree_pineSmallB.obj
  artifactKey: Guid(891ad21b02cef1b4ab74b94d2bb029bf) Importer(2089858483,192608db42251d675da83286b1cce702)
Start importing Assets/Kit/Enviroment/tower defense/Models/OBJ format/tree_pineSmallB.obj using Guid(891ad21b02cef1b4ab74b94d2bb029bf) Importer(2089858483,192608db42251d675da83286b1cce702) (ScriptedImporter) -> (artifact id: '7b8f427bb8ccca7bce34441b36374d56') in 0.068345 seconds
Number of updated asset objects reloaded before import = 0Number of asset objects unloaded after import = 11

========================================================================
Received Import Request.
  Time since last request: 0.000034 seconds.
  path: Assets/Kit/Enviroment/tower defense/Models/OBJ format/tree_small_fall.obj
  artifactKey: Guid(613c5023a13ccea48813ace8d0c6721f) Importer(2089858483,192608db42251d675da83286b1cce702)
Start importing Assets/Kit/Enviroment/tower defense/Models/OBJ format/tree_small_fall.obj using Guid(613c5023a13ccea48813ace8d0c6721f) Importer(2089858483,192608db42251d675da83286b1cce702) (ScriptedImporter) -> (artifact id: '7a1221f2199f7d743ff45711500684fa') in 0.062998 seconds
Number of updated asset objects reloaded before import = 0Number of asset objects unloaded after import = 11

========================================================================
Received Import Request.
  Time since last request: 0.000086 seconds.
  path: Assets/Kit/Enviroment/tower defense/Models/OBJ format/tree_small.obj
  artifactKey: Guid(632771c0605192e4093417905c1e4011) Importer(2089858483,192608db42251d675da83286b1cce702)
Start importing Assets/Kit/Enviroment/tower defense/Models/OBJ format/tree_small.obj using Guid(632771c0605192e4093417905c1e4011) Importer(2089858483,192608db42251d675da83286b1cce702) (ScriptedImporter) -> (artifact id: '7d1171931bb2c3075bf9dec372c781d5') in 0.07278 seconds
Number of updated asset objects reloaded before import = 0Number of asset objects unloaded after import = 11

========================================================================
Received Import Request.
  Time since last request: 0.000059 seconds.
  path: Assets/Kit/Enviroment/tower defense/Models/OBJ format/tree_tall_fall.obj
  artifactKey: Guid(7ded54ee0cea348439ac03fd921722de) Importer(2089858483,192608db42251d675da83286b1cce702)
Start importing Assets/Kit/Enviroment/tower defense/Models/OBJ format/tree_tall_fall.obj using Guid(7ded54ee0cea348439ac03fd921722de) Importer(2089858483,192608db42251d675da83286b1cce702) (ScriptedImporter) -> (artifact id: '3687a6e9918501fa6afd63f7294e284e') in 0.066501 seconds
Number of updated asset objects reloaded before import = 0Number of asset objects unloaded after import = 11

========================================================================
Received Import Request.
  Time since last request: 0.000036 seconds.
  path: Assets/Kit/Enviroment/tower defense/Models/OBJ format/tree_pineTallB_detailed.obj
  artifactKey: Guid(62fad55f95527dc4a99dea7e736f7bd5) Importer(2089858483,192608db42251d675da83286b1cce702)
Start importing Assets/Kit/Enviroment/tower defense/Models/OBJ format/tree_pineTallB_detailed.obj using Guid(62fad55f95527dc4a99dea7e736f7bd5) Importer(2089858483,192608db42251d675da83286b1cce702) (ScriptedImporter) -> (artifact id: '6eb834d90a6c1fe2f17b3709e8354781') in 0.0678818 seconds
Number of updated asset objects reloaded before import = 0Number of asset objects unloaded after import = 11

========================================================================
Received Import Request.
  Time since last request: 0.000042 seconds.
  path: Assets/Kit/Enviroment/tower defense/Models/OBJ format/tree_tall_dark.mtl
  artifactKey: Guid(b8c6b7a3b5ba54c4abfbe2154e029ee4) Importer(2089858483,192608db42251d675da83286b1cce702)
Start importing Assets/Kit/Enviroment/tower defense/Models/OBJ format/tree_tall_dark.mtl using Guid(b8c6b7a3b5ba54c4abfbe2154e029ee4) Importer(2089858483,192608db42251d675da83286b1cce702) (ScriptedImporter) -> (artifact id: '984f6dce79004e7b4d874a2f8fa483e5') in 0.0318018 seconds
Number of updated asset objects reloaded before import = 0Number of asset objects unloaded after import = 1

========================================================================
Received Import Request.
  Time since last request: 0.000055 seconds.
  path: Assets/Kit/Enviroment/tower defense/Models/OBJ format/tree_small.mtl
  artifactKey: Guid(46d2ea6e540093f478be7c6e163e67bb) Importer(2089858483,192608db42251d675da83286b1cce702)
Start importing Assets/Kit/Enviroment/tower defense/Models/OBJ format/tree_small.mtl using Guid(46d2ea6e540093f478be7c6e163e67bb) Importer(2089858483,192608db42251d675da83286b1cce702) (ScriptedImporter) -> (artifact id: 'd7608fe209b84cc160e6a8a8003e16e1') in 0.0253883 seconds
Number of updated asset objects reloaded before import = 0Number of asset objects unloaded after import = 1

========================================================================
Received Import Request.
  Time since last request: 0.000033 seconds.
  path: Assets/Kit/Enviroment/tower defense/Models/OBJ format/tree_palmShort.mtl
  artifactKey: Guid(61dde5383917b69459b45036ffa1efa7) Importer(2089858483,192608db42251d675da83286b1cce702)
Start importing Assets/Kit/Enviroment/tower defense/Models/OBJ format/tree_palmShort.mtl using Guid(61dde5383917b69459b45036ffa1efa7) Importer(2089858483,192608db42251d675da83286b1cce702) (ScriptedImporter) -> (artifact id: 'd7ff8eaa70161a0f203d6e434e2fed52') in 0.0266963 seconds
Number of updated asset objects reloaded before import = 0Number of asset objects unloaded after import = 1

========================================================================
Received Import Request.
  Time since last request: 0.000055 seconds.
  path: Assets/Kit/Enviroment/tower defense/Models/STL format/campfire_logs.stl
  artifactKey: Guid(2480059c9d4f5784b810b99b91ccf657) Importer(2089858483,192608db42251d675da83286b1cce702)
Start importing Assets/Kit/Enviroment/tower defense/Models/STL format/campfire_logs.stl using Guid(2480059c9d4f5784b810b99b91ccf657) Importer(2089858483,192608db42251d675da83286b1cce702) (ScriptedImporter) -> (artifact id: '825446c192f269b202858907db2e7b0a') in 0.0257266 seconds
Number of updated asset objects reloaded before import = 0Number of asset objects unloaded after import = 1

========================================================================
Received Import Request.
  Time since last request: 0.000037 seconds.
  path: Assets/Kit/Enviroment/tower defense/Models/STL format/bridge_side_wood.stl
  artifactKey: Guid(c01f668ce95d65e4d896595ca71436bb) Importer(2089858483,192608db42251d675da83286b1cce702)
Start importing Assets/Kit/Enviroment/tower defense/Models/STL format/bridge_side_wood.stl using Guid(c01f668ce95d65e4d896595ca71436bb) Importer(2089858483,192608db42251d675da83286b1cce702) (ScriptedImporter) -> (artifact id: '657a74e2b6c63e499ac2b95011ed53ab') in 0.0265545 seconds
Number of updated asset objects reloaded before import = 0Number of asset objects unloaded after import = 1

========================================================================
Received Import Request.
  Time since last request: 0.000062 seconds.
  path: Assets/Kit/Enviroment/tower defense/Models/STL format/bridge_stoneRound.stl
  artifactKey: Guid(02d2bdc83283d184fa87a79e4a98fa57) Importer(2089858483,192608db42251d675da83286b1cce702)
Start importing Assets/Kit/Enviroment/tower defense/Models/STL format/bridge_stoneRound.stl using Guid(02d2bdc83283d184fa87a79e4a98fa57) Importer(2089858483,192608db42251d675da83286b1cce702) (ScriptedImporter) -> (artifact id: 'c19adeb8946a8980c056f4c6f641437e') in 0.026816 seconds
Number of updated asset objects reloaded before import = 0Number of asset objects unloaded after import = 1

========================================================================
Received Import Request.
  Time since last request: 0.000035 seconds.
  path: Assets/Kit/Enviroment/tower defense/Models/OBJ format/tree_thin_dark.obj
  artifactKey: Guid(6300dc663c6f22b4b898cf835aef4be5) Importer(2089858483,192608db42251d675da83286b1cce702)
Start importing Assets/Kit/Enviroment/tower defense/Models/OBJ format/tree_thin_dark.obj using Guid(6300dc663c6f22b4b898cf835aef4be5) Importer(2089858483,192608db42251d675da83286b1cce702) (ScriptedImporter) -> (artifact id: '374d1cd51cb934368b32168e92233ea4') in 0.0661589 seconds
Number of updated asset objects reloaded before import = 0Number of asset objects unloaded after import = 11

========================================================================
Received Import Request.
  Time since last request: 0.000037 seconds.
  path: Assets/Kit/Enviroment/tower defense/Models/STL format/cliff_blockQuarter_stone.stl
  artifactKey: Guid(9c7685221d9edda47ae0882106a9df90) Importer(2089858483,192608db42251d675da83286b1cce702)
Start importing Assets/Kit/Enviroment/tower defense/Models/STL format/cliff_blockQuarter_stone.stl using Guid(9c7685221d9edda47ae0882106a9df90) Importer(2089858483,192608db42251d675da83286b1cce702) (ScriptedImporter) -> (artifact id: 'cfca7f76c8c4a8f7657ebfbe5ffdfba8') in 0.0280662 seconds
Number of updated asset objects reloaded before import = 0Number of asset objects unloaded after import = 1

========================================================================
Received Import Request.
  Time since last request: 0.000055 seconds.
  path: Assets/Kit/Enviroment/tower defense/Models/STL format/cactus_tall.stl
  artifactKey: Guid(0786ba9b390355f4fa9a2a03b364ffa4) Importer(2089858483,192608db42251d675da83286b1cce702)
Start importing Assets/Kit/Enviroment/tower defense/Models/STL format/cactus_tall.stl using Guid(0786ba9b390355f4fa9a2a03b364ffa4) Importer(2089858483,192608db42251d675da83286b1cce702) (ScriptedImporter) -> (artifact id: 'a9be1fc621fb1906c94b6584f169349e') in 0.0286235 seconds
Number of updated asset objects reloaded before import = 0Number of asset objects unloaded after import = 1

========================================================================
Received Import Request.
  Time since last request: 0.000051 seconds.
  path: Assets/Kit/Enviroment/tower defense/Models/STL format/campfire_planks.stl
  artifactKey: Guid(4b2dfa1491277984ab9f5e30b8b60d3b) Importer(2089858483,192608db42251d675da83286b1cce702)
Start importing Assets/Kit/Enviroment/tower defense/Models/STL format/campfire_planks.stl using Guid(4b2dfa1491277984ab9f5e30b8b60d3b) Importer(2089858483,192608db42251d675da83286b1cce702) (ScriptedImporter) -> (artifact id: '0186b5f18ac013e3c5553ae02eb9b528') in 0.0264506 seconds
Number of updated asset objects reloaded before import = 0Number of asset objects unloaded after import = 1

========================================================================
Received Import Request.
  Time since last request: 0.000054 seconds.
  path: Assets/Kit/Enviroment/tower defense/Models/STL format/bridge_stoneNarrow.stl
  artifactKey: Guid(20be9f7c7bf8e3b438e0d296a6cdda8d) Importer(2089858483,192608db42251d675da83286b1cce702)
Start importing Assets/Kit/Enviroment/tower defense/Models/STL format/bridge_stoneNarrow.stl using Guid(20be9f7c7bf8e3b438e0d296a6cdda8d) Importer(2089858483,192608db42251d675da83286b1cce702) (ScriptedImporter) -> (artifact id: '8606f3a5ba5a6bb67821688f01738c60') in 0.0294858 seconds
Number of updated asset objects reloaded before import = 0Number of asset objects unloaded after import = 1

========================================================================
Received Import Request.
  Time since last request: 0.000042 seconds.
  path: Assets/Kit/Enviroment/tower defense/Models/STL format/bridge_side_stoneRound.stl
  artifactKey: Guid(d989a8c91755d444a83ee3371fcb6197) Importer(2089858483,192608db42251d675da83286b1cce702)
Start importing Assets/Kit/Enviroment/tower defense/Models/STL format/bridge_side_stoneRound.stl using Guid(d989a8c91755d444a83ee3371fcb6197) Importer(2089858483,192608db42251d675da83286b1cce702) (ScriptedImporter) -> (artifact id: 'a82911b122715ad0f0411e7f42fd5948') in 0.0266666 seconds
Number of updated asset objects reloaded before import = 0Number of asset objects unloaded after import = 1

========================================================================
Received Import Request.
  Time since last request: 0.000048 seconds.
  path: Assets/Kit/Enviroment/tower defense/Models/STL format/cliff_cornerLarge_stone.stl
  artifactKey: Guid(1b75445d2a32c13469b9aaef49df964d) Importer(2089858483,192608db42251d675da83286b1cce702)
Start importing Assets/Kit/Enviroment/tower defense/Models/STL format/cliff_cornerLarge_stone.stl using Guid(1b75445d2a32c13469b9aaef49df964d) Importer(2089858483,192608db42251d675da83286b1cce702) (ScriptedImporter) -> (artifact id: '85271cad9c64fc6a43b439e9eee0d7a7') in 0.029505 seconds
Number of updated asset objects reloaded before import = 0Number of asset objects unloaded after import = 1

========================================================================
Received Import Request.
  Time since last request: 0.000036 seconds.
  path: Assets/Kit/Enviroment/tower defense/Models/STL format/cliff_rock.stl
  artifactKey: Guid(ec7498ab623258d47a127075b3c98765) Importer(2089858483,192608db42251d675da83286b1cce702)
Start importing Assets/Kit/Enviroment/tower defense/Models/STL format/cliff_rock.stl using Guid(ec7498ab623258d47a127075b3c98765) Importer(2089858483,192608db42251d675da83286b1cce702) (ScriptedImporter) -> (artifact id: '36456fef6ce354abbbc6c92743f95277') in 0.0292689 seconds
Number of updated asset objects reloaded before import = 0Number of asset objects unloaded after import = 1

========================================================================
Received Import Request.
  Time since last request: 0.000039 seconds.
  path: Assets/Kit/Enviroment/tower defense/Models/STL format/cliff_stepsCorner_stone.stl
  artifactKey: Guid(b6d9ecf692989d14c82e4fba74a74021) Importer(2089858483,192608db42251d675da83286b1cce702)
Start importing Assets/Kit/Enviroment/tower defense/Models/STL format/cliff_stepsCorner_stone.stl using Guid(b6d9ecf692989d14c82e4fba74a74021) Importer(2089858483,192608db42251d675da83286b1cce702) (ScriptedImporter) -> (artifact id: '65766728aefdbd3d6b0d00822a41ed54') in 0.0311629 seconds
Number of updated asset objects reloaded before import = 0Number of asset objects unloaded after import = 1

========================================================================
Received Import Request.
  Time since last request: 0.000042 seconds.
  path: Assets/Kit/Enviroment/tower defense/Models/STL format/cliff_top_stone.stl
  artifactKey: Guid(d5567e4cbebbe0c41960a47246a0ab3e) Importer(2089858483,192608db42251d675da83286b1cce702)
Start importing Assets/Kit/Enviroment/tower defense/Models/STL format/cliff_top_stone.stl using Guid(d5567e4cbebbe0c41960a47246a0ab3e) Importer(2089858483,192608db42251d675da83286b1cce702) (ScriptedImporter) -> (artifact id: '71d77ecf11575340278c5ea8a0405b53') in 0.0328694 seconds
Number of updated asset objects reloaded before import = 0Number of asset objects unloaded after import = 1

========================================================================
Received Import Request.
  Time since last request: 0.000049 seconds.
  path: Assets/Kit/Enviroment/tower defense/Models/STL format/cliff_diagonal_rock.stl
  artifactKey: Guid(91fc3d913ae985d4c859882da34a77e6) Importer(2089858483,192608db42251d675da83286b1cce702)
Start importing Assets/Kit/Enviroment/tower defense/Models/STL format/cliff_diagonal_rock.stl using Guid(91fc3d913ae985d4c859882da34a77e6) Importer(2089858483,192608db42251d675da83286b1cce702) (ScriptedImporter) -> (artifact id: '9e71f664ca24eed6ebf7a41fc6e5b3cc') in 0.0275121 seconds
Number of updated asset objects reloaded before import = 0Number of asset objects unloaded after import = 1

========================================================================
Received Import Request.
  Time since last request: 0.000033 seconds.
  path: Assets/Kit/Enviroment/tower defense/Models/STL format/cliff_stepsCornerInner_rock.stl
  artifactKey: Guid(a5cf2ea6a4057af49a130d2940944945) Importer(2089858483,192608db42251d675da83286b1cce702)
Start importing Assets/Kit/Enviroment/tower defense/Models/STL format/cliff_stepsCornerInner_rock.stl using Guid(a5cf2ea6a4057af49a130d2940944945) Importer(2089858483,192608db42251d675da83286b1cce702) (ScriptedImporter) -> (artifact id: '28f4a965ab9440e1e841556414be5d4c') in 0.0260118 seconds
Number of updated asset objects reloaded before import = 0Number of asset objects unloaded after import = 1

========================================================================
Received Import Request.
  Time since last request: 0.000034 seconds.
  path: Assets/Kit/Enviroment/tower defense/Models/STL format/cliff_cornerInner_rock.stl
  artifactKey: Guid(bcd9d5f9a54b91b4a846a0afb3edab48) Importer(2089858483,192608db42251d675da83286b1cce702)
Start importing Assets/Kit/Enviroment/tower defense/Models/STL format/cliff_cornerInner_rock.stl using Guid(bcd9d5f9a54b91b4a846a0afb3edab48) Importer(2089858483,192608db42251d675da83286b1cce702) (ScriptedImporter) -> (artifact id: 'c0c81ce114f7d1d5fe07d763a0ae2183') in 0.0304846 seconds
Number of updated asset objects reloaded before import = 0Number of asset objects unloaded after import = 1

========================================================================
Received Import Request.
  Time since last request: 0.000044 seconds.
  path: Assets/Kit/Enviroment/tower defense/Models/STL format/cliff_cave_stone.stl
  artifactKey: Guid(b872140252a1fa14bbcbd834f82259d1) Importer(2089858483,192608db42251d675da83286b1cce702)
Start importing Assets/Kit/Enviroment/tower defense/Models/STL format/cliff_cave_stone.stl using Guid(b872140252a1fa14bbcbd834f82259d1) Importer(2089858483,192608db42251d675da83286b1cce702) (ScriptedImporter) -> (artifact id: 'aee601563016498428e61f46bfeccc11') in 0.0286112 seconds
Number of updated asset objects reloaded before import = 0Number of asset objects unloaded after import = 1

========================================================================
Received Import Request.
  Time since last request: 0.000058 seconds.
  path: Assets/Kit/Enviroment/tower defense/Models/STL format/cliff_corner_rock.stl
  artifactKey: Guid(5caad3fcfa53cc14abd87812ddc16296) Importer(2089858483,192608db42251d675da83286b1cce702)
Start importing Assets/Kit/Enviroment/tower defense/Models/STL format/cliff_corner_rock.stl using Guid(5caad3fcfa53cc14abd87812ddc16296) Importer(2089858483,192608db42251d675da83286b1cce702) (ScriptedImporter) -> (artifact id: '7459832d100dd02c95f5fe29c91febbf') in 0.0276777 seconds
Number of updated asset objects reloaded before import = 0Number of asset objects unloaded after import = 1

========================================================================
Received Import Request.
  Time since last request: 0.000060 seconds.
  path: Assets/Kit/Enviroment/tower defense/Models/STL format/cliff_waterfall_rock.stl
  artifactKey: Guid(0eee387ad468c0442bfc21bcea59492f) Importer(2089858483,192608db42251d675da83286b1cce702)
Start importing Assets/Kit/Enviroment/tower defense/Models/STL format/cliff_waterfall_rock.stl using Guid(0eee387ad468c0442bfc21bcea59492f) Importer(2089858483,192608db42251d675da83286b1cce702) (ScriptedImporter) -> (artifact id: '828c940a214f299c0f1b8c3b039a73cb') in 0.028831 seconds
Number of updated asset objects reloaded before import = 0Number of asset objects unloaded after import = 1

========================================================================
Received Import Request.
  Time since last request: 0.000032 seconds.
  path: Assets/Kit/Enviroment/tower defense/Models/STL format/fence_simple.stl
  artifactKey: Guid(d1e6101a7e139ba47bbb4f489a2d4060) Importer(2089858483,192608db42251d675da83286b1cce702)
Start importing Assets/Kit/Enviroment/tower defense/Models/STL format/fence_simple.stl using Guid(d1e6101a7e139ba47bbb4f489a2d4060) Importer(2089858483,192608db42251d675da83286b1cce702) (ScriptedImporter) -> (artifact id: 'd45f30f75dbd20621d856d1642002628') in 0.0278003 seconds
Number of updated asset objects reloaded before import = 0Number of asset objects unloaded after import = 1

========================================================================
Received Import Request.
  Time since last request: 0.000041 seconds.
  path: Assets/Kit/Enviroment/tower defense/Models/STL format/crop_carrot.stl
  artifactKey: Guid(7cff53d058b20164083b98fddc3a3205) Importer(2089858483,192608db42251d675da83286b1cce702)
Start importing Assets/Kit/Enviroment/tower defense/Models/STL format/crop_carrot.stl using Guid(7cff53d058b20164083b98fddc3a3205) Importer(2089858483,192608db42251d675da83286b1cce702) (ScriptedImporter) -> (artifact id: '66c997b32ebc40b7c1a8eb71462baa8f') in 0.0287243 seconds
Number of updated asset objects reloaded before import = 0Number of asset objects unloaded after import = 1

========================================================================
Received Import Request.
  Time since last request: 0.000054 seconds.
  path: Assets/Kit/Enviroment/tower defense/Models/STL format/crop_pumpkin.stl
  artifactKey: Guid(4cbd1942d7725704abb87151aa3c4d9d) Importer(2089858483,192608db42251d675da83286b1cce702)
Start importing Assets/Kit/Enviroment/tower defense/Models/STL format/crop_pumpkin.stl using Guid(4cbd1942d7725704abb87151aa3c4d9d) Importer(2089858483,192608db42251d675da83286b1cce702) (ScriptedImporter) -> (artifact id: 'febe1022712a1cb2416adc3ce73584f9') in 0.0276758 seconds
Number of updated asset objects reloaded before import = 0Number of asset objects unloaded after import = 1

========================================================================
Received Import Request.
  Time since last request: 0.000039 seconds.
  path: Assets/Kit/Enviroment/tower defense/Models/STL format/grass.stl
  artifactKey: Guid(d4bb7e8f5357c6c4e9426ba7c75b0a25) Importer(2089858483,192608db42251d675da83286b1cce702)
Start importing Assets/Kit/Enviroment/tower defense/Models/STL format/grass.stl using Guid(d4bb7e8f5357c6c4e9426ba7c75b0a25) Importer(2089858483,192608db42251d675da83286b1cce702) (ScriptedImporter) -> (artifact id: 'af6f639f8cefb25e31d33753054db0e0') in 0.0277924 seconds
Number of updated asset objects reloaded before import = 0Number of asset objects unloaded after import = 1

========================================================================
Received Import Request.
  Time since last request: 0.000036 seconds.
  path: Assets/Kit/Enviroment/tower defense/Models/STL format/fence_corner.stl
  artifactKey: Guid(b87bd63c685fd44428bc17644b17a58e) Importer(2089858483,192608db42251d675da83286b1cce702)
Start importing Assets/Kit/Enviroment/tower defense/Models/STL format/fence_corner.stl using Guid(b87bd63c685fd44428bc17644b17a58e) Importer(2089858483,192608db42251d675da83286b1cce702) (ScriptedImporter) -> (artifact id: '79948c2619e30e0ff1df3a79bf965abb') in 0.0293874 seconds
Number of updated asset objects reloaded before import = 0Number of asset objects unloaded after import = 1

========================================================================
Received Import Request.
  Time since last request: 0.000140 seconds.
  path: Assets/Kit/Enviroment/tower defense/Models/STL format/fence_simpleCenter.stl
  artifactKey: Guid(719c82df386891241b55edc2073c128a) Importer(2089858483,192608db42251d675da83286b1cce702)
Start importing Assets/Kit/Enviroment/tower defense/Models/STL format/fence_simpleCenter.stl using Guid(719c82df386891241b55edc2073c128a) Importer(2089858483,192608db42251d675da83286b1cce702) (ScriptedImporter) -> (artifact id: '035e57ea22d97c1d80c3c8bae80c08ea') in 0.0258433 seconds
Number of updated asset objects reloaded before import = 0Number of asset objects unloaded after import = 1

========================================================================
Received Import Request.
  Time since last request: 0.000056 seconds.
  path: Assets/Kit/Enviroment/tower defense/Models/STL format/fence_bend.stl
  artifactKey: Guid(2cc7e88360748cd4aa960d4293d4d96c) Importer(2089858483,192608db42251d675da83286b1cce702)
Start importing Assets/Kit/Enviroment/tower defense/Models/STL format/fence_bend.stl using Guid(2cc7e88360748cd4aa960d4293d4d96c) Importer(2089858483,192608db42251d675da83286b1cce702) (ScriptedImporter) -> (artifact id: '98d6a79387985bdadf2d02047227d998') in 0.0280337 seconds
Number of updated asset objects reloaded before import = 0Number of asset objects unloaded after import = 1

========================================================================
Received Import Request.
  Time since last request: 0.000035 seconds.
  path: Assets/Kit/Enviroment/tower defense/Models/STL format/ground_pathCross.stl
  artifactKey: Guid(2721fb738c00ca34daeb484f981affd8) Importer(2089858483,192608db42251d675da83286b1cce702)
Start importing Assets/Kit/Enviroment/tower defense/Models/STL format/ground_pathCross.stl using Guid(2721fb738c00ca34daeb484f981affd8) Importer(2089858483,192608db42251d675da83286b1cce702) (ScriptedImporter) -> (artifact id: 'b73f9ecafa6616f7f7c0a53e60cb746b') in 0.0328915 seconds
Number of updated asset objects reloaded before import = 0Number of asset objects unloaded after import = 1

========================================================================
Received Import Request.
  Time since last request: 0.000037 seconds.
  path: Assets/Kit/Enviroment/tower defense/Models/STL format/cliff_diagonal_stone.stl
  artifactKey: Guid(4a3c5fc268a25e8458c4cfefba063d5c) Importer(2089858483,192608db42251d675da83286b1cce702)
Start importing Assets/Kit/Enviroment/tower defense/Models/STL format/cliff_diagonal_stone.stl using Guid(4a3c5fc268a25e8458c4cfefba063d5c) Importer(2089858483,192608db42251d675da83286b1cce702) (ScriptedImporter) -> (artifact id: 'fb20ecb2b49a4b6a8bd73183236f91ef') in 0.0253705 seconds
Number of updated asset objects reloaded before import = 0Number of asset objects unloaded after import = 1

========================================================================
Received Import Request.
  Time since last request: 0.000041 seconds.
  path: Assets/Kit/Enviroment/tower defense/Models/STL format/mushroom_tan.stl
  artifactKey: Guid(9ae601dc15fcac84ba55bdf5eb9685dc) Importer(2089858483,192608db42251d675da83286b1cce702)
Start importing Assets/Kit/Enviroment/tower defense/Models/STL format/mushroom_tan.stl using Guid(9ae601dc15fcac84ba55bdf5eb9685dc) Importer(2089858483,192608db42251d675da83286b1cce702) (ScriptedImporter) -> (artifact id: '13c8bab0f9f819913b04ba5ffa99f330') in 0.0268968 seconds
Number of updated asset objects reloaded before import = 0Number of asset objects unloaded after import = 1

========================================================================
Received Import Request.
  Time since last request: 0.000070 seconds.
  path: Assets/Kit/Enviroment/tower defense/Models/STL format/ground_riverRocks.stl
  artifactKey: Guid(5a471e76bf515e54db603a15e63c4dac) Importer(2089858483,192608db42251d675da83286b1cce702)
Start importing Assets/Kit/Enviroment/tower defense/Models/STL format/ground_riverRocks.stl using Guid(5a471e76bf515e54db603a15e63c4dac) Importer(2089858483,192608db42251d675da83286b1cce702) (ScriptedImporter) -> (artifact id: '0e17aa03a2d6a6f5d4024770c069ff90') in 0.0293114 seconds
Number of updated asset objects reloaded before import = 0Number of asset objects unloaded after import = 1

========================================================================
Received Import Request.
  Time since last request: 0.000037 seconds.
  path: Assets/Kit/Enviroment/tower defense/Models/STL format/path_woodCorner.stl
  artifactKey: Guid(cca7772951bc2e444b79a78dae89278a) Importer(2089858483,192608db42251d675da83286b1cce702)
Start importing Assets/Kit/Enviroment/tower defense/Models/STL format/path_woodCorner.stl using Guid(cca7772951bc2e444b79a78dae89278a) Importer(2089858483,192608db42251d675da83286b1cce702) (ScriptedImporter) -> (artifact id: '93982bdadef076e7a26bae6352bc403d') in 0.0298763 seconds
Number of updated asset objects reloaded before import = 0Number of asset objects unloaded after import = 1

========================================================================
Received Import Request.
  Time since last request: 0.000037 seconds.
  path: Assets/Kit/Enviroment/tower defense/Models/STL format/ground_pathStraight.stl
  artifactKey: Guid(f674995ab05136344b4f5e0b57139c2a) Importer(2089858483,192608db42251d675da83286b1cce702)
Start importing Assets/Kit/Enviroment/tower defense/Models/STL format/ground_pathStraight.stl using Guid(f674995ab05136344b4f5e0b57139c2a) Importer(2089858483,192608db42251d675da83286b1cce702) (ScriptedImporter) -> (artifact id: '7b81e69de717589e6651f92ce764fc18') in 0.0238292 seconds
Number of updated asset objects reloaded before import = 0Number of asset objects unloaded after import = 1

========================================================================
Received Import Request.
  Time since last request: 0.000039 seconds.
  path: Assets/Kit/Enviroment/tower defense/Models/STL format/ground_pathEndClosed.stl
  artifactKey: Guid(33ca432a5db806c448a0ef9889102de0) Importer(2089858483,192608db42251d675da83286b1cce702)
Start importing Assets/Kit/Enviroment/tower defense/Models/STL format/ground_pathEndClosed.stl using Guid(33ca432a5db806c448a0ef9889102de0) Importer(2089858483,192608db42251d675da83286b1cce702) (ScriptedImporter) -> (artifact id: '7787db00ad57d326c57ca765ba29f897') in 0.0282575 seconds
Number of updated asset objects reloaded before import = 0Number of asset objects unloaded after import = 1

========================================================================
Received Import Request.
  Time since last request: 0.000056 seconds.
  path: Assets/Kit/Enviroment/tower defense/Models/STL format/log_large.stl
  artifactKey: Guid(2dc9774c2052c0e4e89572061b8ea5d8) Importer(2089858483,192608db42251d675da83286b1cce702)
Start importing Assets/Kit/Enviroment/tower defense/Models/STL format/log_large.stl using Guid(2dc9774c2052c0e4e89572061b8ea5d8) Importer(2089858483,192608db42251d675da83286b1cce702) (ScriptedImporter) -> (artifact id: 'cca0ab8e429aaff0951cc69975b8217e') in 0.0322713 seconds
Number of updated asset objects reloaded before import = 0Number of asset objects unloaded after import = 1

========================================================================
Received Import Request.
  Time since last request: 0.000047 seconds.
  path: Assets/Kit/Enviroment/tower defense/Models/STL format/ground_riverOpen.stl
  artifactKey: Guid(29222ed212bdfe34f9c72e64b03c90ce) Importer(2089858483,192608db42251d675da83286b1cce702)
Start importing Assets/Kit/Enviroment/tower defense/Models/STL format/ground_riverOpen.stl using Guid(29222ed212bdfe34f9c72e64b03c90ce) Importer(2089858483,192608db42251d675da83286b1cce702) (ScriptedImporter) -> (artifact id: 'ab21372858c50acb2e7bac92f0193feb') in 0.0299505 seconds
Number of updated asset objects reloaded before import = 0Number of asset objects unloaded after import = 1

========================================================================
Received Import Request.
  Time since last request: 0.000038 seconds.
  path: Assets/Kit/Enviroment/tower defense/Models/STL format/ground_riverCorner.stl
  artifactKey: Guid(43e37cd456ab79546888cc12768b3927) Importer(2089858483,192608db42251d675da83286b1cce702)
Start importing Assets/Kit/Enviroment/tower defense/Models/STL format/ground_riverCorner.stl using Guid(43e37cd456ab79546888cc12768b3927) Importer(2089858483,192608db42251d675da83286b1cce702) (ScriptedImporter) -> (artifact id: '29af625bbbe962d43f3d8570fc9d950e') in 0.0289926 seconds
Number of updated asset objects reloaded before import = 0Number of asset objects unloaded after import = 1

========================================================================
Received Import Request.
  Time since last request: 0.000040 seconds.
  path: Assets/Kit/Enviroment/tower defense/Models/STL format/rock_smallTopA.stl
  artifactKey: Guid(ea76564f1c7ac9048841e8fbeb571c6a) Importer(2089858483,192608db42251d675da83286b1cce702)
Start importing Assets/Kit/Enviroment/tower defense/Models/STL format/rock_smallTopA.stl using Guid(ea76564f1c7ac9048841e8fbeb571c6a) Importer(2089858483,192608db42251d675da83286b1cce702) (ScriptedImporter) -> (artifact id: 'b6cef00011ca02cb8bf6f4e19043c487') in 0.0347145 seconds
Number of updated asset objects reloaded before import = 0Number of asset objects unloaded after import = 1

========================================================================
Received Import Request.
  Time since last request: 0.000063 seconds.
  path: Assets/Kit/Enviroment/tower defense/Models/STL format/rock_tallI.stl
  artifactKey: Guid(2c4bfbf71e7466f4792637c88fc583c6) Importer(2089858483,192608db42251d675da83286b1cce702)
Start importing Assets/Kit/Enviroment/tower defense/Models/STL format/rock_tallI.stl using Guid(2c4bfbf71e7466f4792637c88fc583c6) Importer(2089858483,192608db42251d675da83286b1cce702) (ScriptedImporter) -> (artifact id: '76cd6b8075774528db87fc43b990eda5') in 0.0311134 seconds
Number of updated asset objects reloaded before import = 0Number of asset objects unloaded after import = 1

========================================================================
Received Import Request.
  Time since last request: 0.000043 seconds.
  path: Assets/Kit/Enviroment/tower defense/Models/STL format/rock_tallE.stl
  artifactKey: Guid(f60501c0f17e3754eae056649f4bf0cb) Importer(2089858483,192608db42251d675da83286b1cce702)
Start importing Assets/Kit/Enviroment/tower defense/Models/STL format/rock_tallE.stl using Guid(f60501c0f17e3754eae056649f4bf0cb) Importer(2089858483,192608db42251d675da83286b1cce702) (ScriptedImporter) -> (artifact id: 'aa60742a8993513f959fd500f1725484') in 0.0328917 seconds
Number of updated asset objects reloaded before import = 0Number of asset objects unloaded after import = 1

========================================================================
Received Import Request.
  Time since last request: 0.000034 seconds.
  path: Assets/Kit/Enviroment/tower defense/Models/STL format/rock_smallFlatC.stl
  artifactKey: Guid(bcf917cafa0ec0740a511c300a89b221) Importer(2089858483,192608db42251d675da83286b1cce702)
Start importing Assets/Kit/Enviroment/tower defense/Models/STL format/rock_smallFlatC.stl using Guid(bcf917cafa0ec0740a511c300a89b221) Importer(2089858483,192608db42251d675da83286b1cce702) (ScriptedImporter) -> (artifact id: '532e184de54b55045bccbb63868f3f53') in 0.0293586 seconds
Number of updated asset objects reloaded before import = 0Number of asset objects unloaded after import = 1

========================================================================
Received Import Request.
  Time since last request: 0.000043 seconds.
  path: Assets/Kit/Enviroment/tower defense/Models/STL format/rock_largeC.stl
  artifactKey: Guid(3309033ec3c52ab419c646fc79d5a683) Importer(2089858483,192608db42251d675da83286b1cce702)
Start importing Assets/Kit/Enviroment/tower defense/Models/STL format/rock_largeC.stl using Guid(3309033ec3c52ab419c646fc79d5a683) Importer(2089858483,192608db42251d675da83286b1cce702) (ScriptedImporter) -> (artifact id: 'bfd423c44199c5a35ea48fad658d59cf') in 0.0296261 seconds
Number of updated asset objects reloaded before import = 0Number of asset objects unloaded after import = 1

========================================================================
Received Import Request.
  Time since last request: 0.000055 seconds.
  path: Assets/Kit/Enviroment/tower defense/Models/STL format/plant_bushTriangle.stl
  artifactKey: Guid(ec3381da4ee245e4fbc654e5c957cbe3) Importer(2089858483,192608db42251d675da83286b1cce702)
Start importing Assets/Kit/Enviroment/tower defense/Models/STL format/plant_bushTriangle.stl using Guid(ec3381da4ee245e4fbc654e5c957cbe3) Importer(2089858483,192608db42251d675da83286b1cce702) (ScriptedImporter) -> (artifact id: '300618b7b5d662589f0c6b97430f5e00') in 0.0287081 seconds
Number of updated asset objects reloaded before import = 0Number of asset objects unloaded after import = 1

========================================================================
Received Import Request.
  Time since last request: 0.000032 seconds.
  path: Assets/Kit/Enviroment/tower defense/Models/STL format/plant_flatShort.stl
  artifactKey: Guid(e1625638517ea0445a2395c6207134ae) Importer(2089858483,192608db42251d675da83286b1cce702)
Start importing Assets/Kit/Enviroment/tower defense/Models/STL format/plant_flatShort.stl using Guid(e1625638517ea0445a2395c6207134ae) Importer(2089858483,192608db42251d675da83286b1cce702) (ScriptedImporter) -> (artifact id: 'fb5c1229353ede759e0ee9e03c193d84') in 0.0296447 seconds
Number of updated asset objects reloaded before import = 0Number of asset objects unloaded after import = 1

========================================================================
Received Import Request.
  Time since last request: 0.000033 seconds.
  path: Assets/Kit/Enviroment/tower defense/Models/STL format/stone_largeD.stl
  artifactKey: Guid(e7fdc732532b11e4ea7231ecf7bf6f28) Importer(2089858483,192608db42251d675da83286b1cce702)
Start importing Assets/Kit/Enviroment/tower defense/Models/STL format/stone_largeD.stl using Guid(e7fdc732532b11e4ea7231ecf7bf6f28) Importer(2089858483,192608db42251d675da83286b1cce702) (ScriptedImporter) -> (artifact id: 'a275deb472c47f28758893c21fc6b9fb') in 0.0277143 seconds
Number of updated asset objects reloaded before import = 0Number of asset objects unloaded after import = 1

========================================================================
Received Import Request.
  Time since last request: 0.000038 seconds.
  path: Assets/Kit/Enviroment/tower defense/Models/STL format/stone_tallD.stl
  artifactKey: Guid(39743b5c2fab0cd43b047120e318c74c) Importer(2089858483,192608db42251d675da83286b1cce702)
Start importing Assets/Kit/Enviroment/tower defense/Models/STL format/stone_tallD.stl using Guid(39743b5c2fab0cd43b047120e318c74c) Importer(2089858483,192608db42251d675da83286b1cce702) (ScriptedImporter) -> (artifact id: '93ccbb42fd08284eb8b6d07ab5830636') in 0.0261122 seconds
Number of updated asset objects reloaded before import = 0Number of asset objects unloaded after import = 1

========================================================================
Received Import Request.
  Time since last request: 0.000068 seconds.
  path: Assets/Kit/Enviroment/tower defense/Models/STL format/stone_largeE.stl
  artifactKey: Guid(47cd0dc0a8ccffd409c5609fef4ccd36) Importer(2089858483,192608db42251d675da83286b1cce702)
Start importing Assets/Kit/Enviroment/tower defense/Models/STL format/stone_largeE.stl using Guid(47cd0dc0a8ccffd409c5609fef4ccd36) Importer(2089858483,192608db42251d675da83286b1cce702) (ScriptedImporter) -> (artifact id: '4424dad8a419369beae61f07a7743b00') in 0.0286917 seconds
Number of updated asset objects reloaded before import = 0Number of asset objects unloaded after import = 1

========================================================================
Received Import Request.
  Time since last request: 0.000033 seconds.
  path: Assets/Kit/Enviroment/tower defense/Models/STL format/stone_smallD.stl
  artifactKey: Guid(9ff4c680f56eb2440a82b29da2f4b7a8) Importer(2089858483,192608db42251d675da83286b1cce702)
Start importing Assets/Kit/Enviroment/tower defense/Models/STL format/stone_smallD.stl using Guid(9ff4c680f56eb2440a82b29da2f4b7a8) Importer(2089858483,192608db42251d675da83286b1cce702) (ScriptedImporter) -> (artifact id: 'd6f1325c201563328000e0497c5575f3') in 0.0292965 seconds
Number of updated asset objects reloaded before import = 0Number of asset objects unloaded after import = 1

========================================================================
Received Import Request.
  Time since last request: 0.000040 seconds.
  path: Assets/Kit/Enviroment/tower defense/Models/STL format/stone_tallG.stl
  artifactKey: Guid(19476a8940f923146baf0776f43500ef) Importer(2089858483,192608db42251d675da83286b1cce702)
Start importing Assets/Kit/Enviroment/tower defense/Models/STL format/stone_tallG.stl using Guid(19476a8940f923146baf0776f43500ef) Importer(2089858483,192608db42251d675da83286b1cce702) (ScriptedImporter) -> (artifact id: '7056d5e888e00f747d7bbae5c01d3a4d') in 0.0254412 seconds
Number of updated asset objects reloaded before import = 0Number of asset objects unloaded after import = 1

========================================================================
Received Import Request.
  Time since last request: 0.000045 seconds.
  path: Assets/Kit/Enviroment/tower defense/Models/STL format/rock_tallJ.stl
  artifactKey: Guid(7e030e7dca46ace48904c250a7b276ad) Importer(2089858483,192608db42251d675da83286b1cce702)
Start importing Assets/Kit/Enviroment/tower defense/Models/STL format/rock_tallJ.stl using Guid(7e030e7dca46ace48904c250a7b276ad) Importer(2089858483,192608db42251d675da83286b1cce702) (ScriptedImporter) -> (artifact id: '46ee109442a81f43fbc045e7c2affa21') in 0.029123 seconds
Number of updated asset objects reloaded before import = 0Number of asset objects unloaded after import = 1

========================================================================
Received Import Request.
  Time since last request: 0.000065 seconds.
  path: Assets/Kit/Enviroment/tower defense/Models/STL format/sign.stl
  artifactKey: Guid(23476aa0796296c489dd85edea9e1ca7) Importer(2089858483,192608db42251d675da83286b1cce702)
Start importing Assets/Kit/Enviroment/tower defense/Models/STL format/sign.stl using Guid(23476aa0796296c489dd85edea9e1ca7) Importer(2089858483,192608db42251d675da83286b1cce702) (ScriptedImporter) -> (artifact id: 'c972df93a33725a7b2772429a19d1e0c') in 0.0267662 seconds
Number of updated asset objects reloaded before import = 0Number of asset objects unloaded after import = 1

========================================================================
Received Import Request.
  Time since last request: 0.000083 seconds.
  path: Assets/Kit/Enviroment/tower defense/Models/STL format/rock_smallG.stl
  artifactKey: Guid(2b3eeba6b24b8974f9bd36996b1efa44) Importer(2089858483,192608db42251d675da83286b1cce702)
Start importing Assets/Kit/Enviroment/tower defense/Models/STL format/rock_smallG.stl using Guid(2b3eeba6b24b8974f9bd36996b1efa44) Importer(2089858483,192608db42251d675da83286b1cce702) (ScriptedImporter) -> (artifact id: 'ebadb7ecbecd9695e2501fbe8f65fd47') in 0.0281134 seconds
Number of updated asset objects reloaded before import = 0Number of asset objects unloaded after import = 1

========================================================================
Received Import Request.
  Time since last request: 0.000039 seconds.
  path: Assets/Kit/Enviroment/tower defense/Models/STL format/tree_default.stl
  artifactKey: Guid(ceea6fc0a0e3af74ab4175a4389151a8) Importer(2089858483,192608db42251d675da83286b1cce702)
Start importing Assets/Kit/Enviroment/tower defense/Models/STL format/tree_default.stl using Guid(ceea6fc0a0e3af74ab4175a4389151a8) Importer(2089858483,192608db42251d675da83286b1cce702) (ScriptedImporter) -> (artifact id: '1883c0b9f1b2e4da498fcb9fb11ff054') in 0.0281321 seconds
Number of updated asset objects reloaded before import = 0Number of asset objects unloaded after import = 1

========================================================================
Received Import Request.
  Time since last request: 0.000065 seconds.
  path: Assets/Kit/Enviroment/tower defense/Models/STL format/tree_blocks.stl
  artifactKey: Guid(c4f0f15e68ac31043adb5c907a3c9f91) Importer(2089858483,192608db42251d675da83286b1cce702)
Start importing Assets/Kit/Enviroment/tower defense/Models/STL format/tree_blocks.stl using Guid(c4f0f15e68ac31043adb5c907a3c9f91) Importer(2089858483,192608db42251d675da83286b1cce702) (ScriptedImporter) -> (artifact id: '346301612ef8f1723f3f2df2685bf039') in 0.0265577 seconds
Number of updated asset objects reloaded before import = 0Number of asset objects unloaded after import = 1

========================================================================
Received Import Request.
  Time since last request: 0.000053 seconds.
  path: Assets/Kit/Enviroment/tower defense/Models/STL format/tree_palmDetailedTall.stl
  artifactKey: Guid(4f476d1438341e249954c26d7002c53c) Importer(2089858483,192608db42251d675da83286b1cce702)
Start importing Assets/Kit/Enviroment/tower defense/Models/STL format/tree_palmDetailedTall.stl using Guid(4f476d1438341e249954c26d7002c53c) Importer(2089858483,192608db42251d675da83286b1cce702) (ScriptedImporter) -> (artifact id: 'c19a6f2b4e729cffd13e733667cbe36c') in 0.0296993 seconds
Number of updated asset objects reloaded before import = 0Number of asset objects unloaded after import = 1

========================================================================
Received Import Request.
  Time since last request: 0.000034 seconds.
  path: Assets/Kit/Enviroment/tower defense/Models/STL format/tree_palm.stl
  artifactKey: Guid(65ee15d7888a46e479093ffc486ee502) Importer(2089858483,192608db42251d675da83286b1cce702)
Start importing Assets/Kit/Enviroment/tower defense/Models/STL format/tree_palm.stl using Guid(65ee15d7888a46e479093ffc486ee502) Importer(2089858483,192608db42251d675da83286b1cce702) (ScriptedImporter) -> (artifact id: 'c22de1d3177ec1eb2dbccf0b3514344a') in 0.0251684 seconds
Number of updated asset objects reloaded before import = 0Number of asset objects unloaded after import = 1

========================================================================
Received Import Request.
  Time since last request: 0.000035 seconds.
  path: Assets/Kit/Enviroment/tower defense/Models/STL format/stump_round.stl
  artifactKey: Guid(644a967c0826e5a4ab76a24371e36494) Importer(2089858483,192608db42251d675da83286b1cce702)
Start importing Assets/Kit/Enviroment/tower defense/Models/STL format/stump_round.stl using Guid(644a967c0826e5a4ab76a24371e36494) Importer(2089858483,192608db42251d675da83286b1cce702) (ScriptedImporter) -> (artifact id: '18454d891478749ac614fad771dd2175') in 0.0268688 seconds
Number of updated asset objects reloaded before import = 0Number of asset objects unloaded after import = 1

========================================================================
Received Import Request.
  Time since last request: 0.000041 seconds.
  path: Assets/Kit/Enviroment/tower defense/Models/STL format/tree_palmDetailedShort.stl
  artifactKey: Guid(879d9c01580a2854c9f9af02509d23e0) Importer(2089858483,192608db42251d675da83286b1cce702)
Start importing Assets/Kit/Enviroment/tower defense/Models/STL format/tree_palmDetailedShort.stl using Guid(879d9c01580a2854c9f9af02509d23e0) Importer(2089858483,192608db42251d675da83286b1cce702) (ScriptedImporter) -> (artifact id: '9128fbda3631ba7c58713fbf67ae8c77') in 0.0308007 seconds
Number of updated asset objects reloaded before import = 0Number of asset objects unloaded after import = 1

========================================================================
Received Import Request.
  Time since last request: 0.000102 seconds.
  path: Assets/Kit/Enviroment/tower defense/Models/STL format/tree_oak.stl
  artifactKey: Guid(e2f998cbe353be3489aab00d0e026d29) Importer(2089858483,192608db42251d675da83286b1cce702)
Start importing Assets/Kit/Enviroment/tower defense/Models/STL format/tree_oak.stl using Guid(e2f998cbe353be3489aab00d0e026d29) Importer(2089858483,192608db42251d675da83286b1cce702) (ScriptedImporter) -> (artifact id: 'cd0f55cc5d68c5b95b50b6444d4be3e4') in 0.0296002 seconds
Number of updated asset objects reloaded before import = 0Number of asset objects unloaded after import = 1

========================================================================
Received Import Request.
  Time since last request: 0.000051 seconds.
  path: Assets/Kit/Enviroment/tower defense/Models/STL format/tree_pineGroundA.stl
  artifactKey: Guid(5b2e8917a4b96b74c806c2837dc0e80d) Importer(2089858483,192608db42251d675da83286b1cce702)
Start importing Assets/Kit/Enviroment/tower defense/Models/STL format/tree_pineGroundA.stl using Guid(5b2e8917a4b96b74c806c2837dc0e80d) Importer(2089858483,192608db42251d675da83286b1cce702) (ScriptedImporter) -> (artifact id: '2bab5feafb6bbfa9494121763c65ae23') in 0.0284055 seconds
Number of updated asset objects reloaded before import = 0Number of asset objects unloaded after import = 1

========================================================================
Received Import Request.
  Time since last request: 0.000035 seconds.
  path: Assets/Kit/Enviroment/tower defense/Models/STL format/tree_pineRoundB.stl
  artifactKey: Guid(e943489a009625142b534c7b23086826) Importer(2089858483,192608db42251d675da83286b1cce702)
Start importing Assets/Kit/Enviroment/tower defense/Models/STL format/tree_pineRoundB.stl using Guid(e943489a009625142b534c7b23086826) Importer(2089858483,192608db42251d675da83286b1cce702) (ScriptedImporter) -> (artifact id: 'ae6391408152c49b9cf07d7c061e9db0') in 0.028413 seconds
Number of updated asset objects reloaded before import = 0Number of asset objects unloaded after import = 1

========================================================================
Received Import Request.
  Time since last request: 0.000047 seconds.
  path: Assets/Kit/Enviroment/tower defense/Models/STL format/tree_pineSmallB.stl
  artifactKey: Guid(602d12efabcd50243a6c709c57796bbf) Importer(2089858483,192608db42251d675da83286b1cce702)
Start importing Assets/Kit/Enviroment/tower defense/Models/STL format/tree_pineSmallB.stl using Guid(602d12efabcd50243a6c709c57796bbf) Importer(2089858483,192608db42251d675da83286b1cce702) (ScriptedImporter) -> (artifact id: 'c6dc8a585789930f5b851c569c35e16a') in 0.030081 seconds
Number of updated asset objects reloaded before import = 0Number of asset objects unloaded after import = 1

========================================================================
Received Import Request.
  Time since last request: 0.000056 seconds.
  path: Assets/Kit/Enviroment/tower defense/Models/STL format/tree_pineSmallC.stl
  artifactKey: Guid(08d3dc0a5d8829346a0dd3f8f2a7a963) Importer(2089858483,192608db42251d675da83286b1cce702)
Start importing Assets/Kit/Enviroment/tower defense/Models/STL format/tree_pineSmallC.stl using Guid(08d3dc0a5d8829346a0dd3f8f2a7a963) Importer(2089858483,192608db42251d675da83286b1cce702) (ScriptedImporter) -> (artifact id: '0fe3cf55cf735031af5d93e458aef1ff') in 0.0260588 seconds
Number of updated asset objects reloaded before import = 0Number of asset objects unloaded after import = 1

========================================================================
Received Import Request.
  Time since last request: 0.000033 seconds.
  path: Assets/Kit/Enviroment/tower defense/Models/STL format/tree_tall.stl
  artifactKey: Guid(3ec68128162b71f4795adb353c1b6fbd) Importer(2089858483,192608db42251d675da83286b1cce702)
Start importing Assets/Kit/Enviroment/tower defense/Models/STL format/tree_tall.stl using Guid(3ec68128162b71f4795adb353c1b6fbd) Importer(2089858483,192608db42251d675da83286b1cce702) (ScriptedImporter) -> (artifact id: '7c98b56262ec7f9d4420129e0f4b1d81') in 0.0254243 seconds
Number of updated asset objects reloaded before import = 0Number of asset objects unloaded after import = 1

========================================================================
Received Import Request.
  Time since last request: 0.000056 seconds.
  path: Assets/Kit/Enviroment/tower defense/Models/STL format/tree_pineSmallD.stl
  artifactKey: Guid(0e93368357794a74d9c8b87333af07dd) Importer(2089858483,192608db42251d675da83286b1cce702)
Start importing Assets/Kit/Enviroment/tower defense/Models/STL format/tree_pineSmallD.stl using Guid(0e93368357794a74d9c8b87333af07dd) Importer(2089858483,192608db42251d675da83286b1cce702) (ScriptedImporter) -> (artifact id: '5ecbb44875ced9e73f71065bef15d33c') in 0.0313901 seconds
Number of updated asset objects reloaded before import = 0Number of asset objects unloaded after import = 1

========================================================================
Received Import Request.
  Time since last request: 0.000039 seconds.
  path: Assets/Kit/Enviroment/tower defense/Models/STL format/rock_largeB.stl
  artifactKey: Guid(b4414c0c23bd5ce4bb3a638b8bcf01af) Importer(2089858483,192608db42251d675da83286b1cce702)
Start importing Assets/Kit/Enviroment/tower defense/Models/STL format/rock_largeB.stl using Guid(b4414c0c23bd5ce4bb3a638b8bcf01af) Importer(2089858483,192608db42251d675da83286b1cce702) (ScriptedImporter) -> (artifact id: '0a089eb70ef99c46a9e86746d4046f62') in 0.0254872 seconds
Number of updated asset objects reloaded before import = 0Number of asset objects unloaded after import = 1

========================================================================
Received Import Request.
  Time since last request: 0.000059 seconds.
  path: Assets/Kit/Interior/Preview int/house/casa parteMedia/wall-curved.png
  artifactKey: Guid(cb0cb3c030c78a54fb3694db4cac508e) Importer(2089858483,192608db42251d675da83286b1cce702)
Start importing Assets/Kit/Interior/Preview int/house/casa parteMedia/wall-curved.png using Guid(cb0cb3c030c78a54fb3694db4cac508e) Importer(2089858483,192608db42251d675da83286b1cce702) (ScriptedImporter) -> (artifact id: 'e935942d2516622b366913c45e1f8d84') in 0.0651572 seconds
Number of updated asset objects reloaded before import = 0Number of asset objects unloaded after import = 1

========================================================================
Received Import Request.
  Time since last request: 0.000038 seconds.
  path: Assets/Kit/Interior/Preview int/house/casa parteMedia/wall-doorway-square-wide-curved.png
  artifactKey: Guid(326d4a123f2ede840a6fec369de5409e) Importer(2089858483,192608db42251d675da83286b1cce702)
Start importing Assets/Kit/Interior/Preview int/house/casa parteMedia/wall-doorway-square-wide-curved.png using Guid(326d4a123f2ede840a6fec369de5409e) Importer(2089858483,192608db42251d675da83286b1cce702) (ScriptedImporter) -> (artifact id: '0f863cdc50e827321a320709656a8420') in 0.0634674 seconds
Number of updated asset objects reloaded before import = 0Number of asset objects unloaded after import = 1

========================================================================
Received Import Request.
  Time since last request: 0.000040 seconds.
  path: Assets/Kit/Interior/Preview int/house/casa parteMedia/wall-corner-edge.png
  artifactKey: Guid(6228bf64e3a77f04ca5a1935108c3edc) Importer(2089858483,192608db42251d675da83286b1cce702)
Start importing Assets/Kit/Interior/Preview int/house/casa parteMedia/wall-corner-edge.png using Guid(6228bf64e3a77f04ca5a1935108c3edc) Importer(2089858483,192608db42251d675da83286b1cce702) (ScriptedImporter) -> (artifact id: 'fd0e51356ebe6251aab2d3ec5d2a0b50') in 0.0532917 seconds
Number of updated asset objects reloaded before import = 0Number of asset objects unloaded after import = 1

========================================================================
Received Import Request.
  Time since last request: 0.000053 seconds.
  path: Assets/Kit/Interior/Preview int/house/casa parteMedia/wall-corner-detail.png
  artifactKey: Guid(b2b3303a60e203841a7730d6f2fd99b3) Importer(2089858483,192608db42251d675da83286b1cce702)
Start importing Assets/Kit/Interior/Preview int/house/casa parteMedia/wall-corner-detail.png using Guid(b2b3303a60e203841a7730d6f2fd99b3) Importer(2089858483,192608db42251d675da83286b1cce702) (ScriptedImporter) -> (artifact id: '73d2bdfbb7fcd6e269215509eccaee1d') in 0.0689855 seconds
Number of updated asset objects reloaded before import = 0Number of asset objects unloaded after import = 1

========================================================================
Received Import Request.
  Time since last request: 0.000036 seconds.
  path: Assets/Kit/Interior/Preview int/house/casa parteMedia/wall-side.png
  artifactKey: Guid(54e4660a84389124a94f3275d0fbb684) Importer(2089858483,192608db42251d675da83286b1cce702)
Start importing Assets/Kit/Interior/Preview int/house/casa parteMedia/wall-side.png using Guid(54e4660a84389124a94f3275d0fbb684) Importer(2089858483,192608db42251d675da83286b1cce702) (ScriptedImporter) -> (artifact id: '2bea2ddfc380881ce7392c96f6faf3a9') in 0.0757191 seconds
Number of updated asset objects reloaded before import = 0Number of asset objects unloaded after import = 1

========================================================================
Received Import Request.
  Time since last request: 0.000034 seconds.
  path: Assets/Kit/Interior/Preview int/house/casa parteMedia/wall-wood-rounded.png
  artifactKey: Guid(c721d257d4707bd4f85fb0ba684e119a) Importer(2089858483,192608db42251d675da83286b1cce702)
Start importing Assets/Kit/Interior/Preview int/house/casa parteMedia/wall-wood-rounded.png using Guid(c721d257d4707bd4f85fb0ba684e119a) Importer(2089858483,192608db42251d675da83286b1cce702) (ScriptedImporter) -> (artifact id: 'f905b9ef54085d167862cb05e9a53065') in 0.0639444 seconds
Number of updated asset objects reloaded before import = 0Number of asset objects unloaded after import = 1

========================================================================
Received Import Request.
  Time since last request: 0.000056 seconds.
  path: Assets/Kit/Interior/Preview int/house/casa parteMedia/wall-window-stone.png
  artifactKey: Guid(249b6217cbf44af49bdb12627d20717d) Importer(2089858483,192608db42251d675da83286b1cce702)
Start importing Assets/Kit/Interior/Preview int/house/casa parteMedia/wall-window-stone.png using Guid(249b6217cbf44af49bdb12627d20717d) Importer(2089858483,192608db42251d675da83286b1cce702) (ScriptedImporter) -> (artifact id: 'b589f4f5e0a3777623a56bee79f74b6e') in 0.0575909 seconds
Number of updated asset objects reloaded before import = 0Number of asset objects unloaded after import = 1

========================================================================
Received Import Request.
  Time since last request: 0.000032 seconds.
  path: Assets/Kit/Interior/Preview int/house/casa parteMedia/wall-wood-curved.png
  artifactKey: Guid(e9e081daaa3ff174d91776ac5751177e) Importer(2089858483,192608db42251d675da83286b1cce702)
Start importing Assets/Kit/Interior/Preview int/house/casa parteMedia/wall-wood-curved.png using Guid(e9e081daaa3ff174d91776ac5751177e) Importer(2089858483,192608db42251d675da83286b1cce702) (ScriptedImporter) -> (artifact id: 'a475e76966a77fa75528b4855c902bb1') in 0.0524475 seconds
Number of updated asset objects reloaded before import = 0Number of asset objects unloaded after import = 1

========================================================================
Received Import Request.
  Time since last request: 0.000046 seconds.
  path: Assets/Kit/Interior/Preview int/house/casa parteMedia/wall-window-small.png
  artifactKey: Guid(f7033d1cbc36a8548ac645473cde4a99) Importer(2089858483,192608db42251d675da83286b1cce702)
Start importing Assets/Kit/Interior/Preview int/house/casa parteMedia/wall-window-small.png using Guid(f7033d1cbc36a8548ac645473cde4a99) Importer(2089858483,192608db42251d675da83286b1cce702) (ScriptedImporter) -> (artifact id: '98b84cc0149c23f0ad31312d6ac43e33') in 0.0624909 seconds
Number of updated asset objects reloaded before import = 0Number of asset objects unloaded after import = 1

========================================================================
Received Import Request.
  Time since last request: 0.000046 seconds.
  path: Assets/Kit/Interior/Preview int/house/mesa/stall-bench.png
  artifactKey: Guid(4806ceb171af2e14b91203529e2fb127) Importer(2089858483,192608db42251d675da83286b1cce702)
Start importing Assets/Kit/Interior/Preview int/house/mesa/stall-bench.png using Guid(4806ceb171af2e14b91203529e2fb127) Importer(2089858483,192608db42251d675da83286b1cce702) (ScriptedImporter) -> (artifact id: '4d10459c02473696f82fcf92f0c9e564') in 0.0588603 seconds
Number of updated asset objects reloaded before import = 0Number of asset objects unloaded after import = 1

========================================================================
Received Import Request.
  Time since last request: 0.000041 seconds.
  path: Assets/Kit/Interior/Preview int/house/planks wood/poles-horizontal.png
  artifactKey: Guid(6062876a51ac4504995a7826cba6787c) Importer(2089858483,192608db42251d675da83286b1cce702)
Start importing Assets/Kit/Interior/Preview int/house/planks wood/poles-horizontal.png using Guid(6062876a51ac4504995a7826cba6787c) Importer(2089858483,192608db42251d675da83286b1cce702) (ScriptedImporter) -> (artifact id: '1c91c2bcf053de8f6c1363ce62b802ed') in 0.0643785 seconds
Number of updated asset objects reloaded before import = 0Number of asset objects unloaded after import = 1

========================================================================
Received Import Request.
  Time since last request: 0.000036 seconds.
  path: Assets/Kit/Interior/Preview int/house/casa parteMedia/wall-wood-slope.png
  artifactKey: Guid(e43175bf61def044e86ffb5d371a8723) Importer(2089858483,192608db42251d675da83286b1cce702)
Start importing Assets/Kit/Interior/Preview int/house/casa parteMedia/wall-wood-slope.png using Guid(e43175bf61def044e86ffb5d371a8723) Importer(2089858483,192608db42251d675da83286b1cce702) (ScriptedImporter) -> (artifact id: '8d03aada9fc9e83a436ce1bec6b2a3c4') in 0.0636573 seconds
Number of updated asset objects reloaded before import = 0Number of asset objects unloaded after import = 1

========================================================================
Received Import Request.
  Time since last request: 0.000071 seconds.
  path: Assets/Kit/Interior/Preview int/house/casa parteMedia/wall-detail-diagonal.png
  artifactKey: Guid(076beec50dc653845b0aa3a23558f66e) Importer(2089858483,192608db42251d675da83286b1cce702)
Start importing Assets/Kit/Interior/Preview int/house/casa parteMedia/wall-detail-diagonal.png using Guid(076beec50dc653845b0aa3a23558f66e) Importer(2089858483,192608db42251d675da83286b1cce702) (ScriptedImporter) -> (artifact id: 'd3aec594faac9b24e8250830c15ad36d') in 0.0535361 seconds
Number of updated asset objects reloaded before import = 0Number of asset objects unloaded after import = 1

========================================================================
Received Import Request.
  Time since last request: 0.000034 seconds.
  path: Assets/Kit/Interior/Preview int/house/casa parteMedia/wall-wood-block-half.png
  artifactKey: Guid(63575b1f062a0184684386b62a074e44) Importer(2089858483,192608db42251d675da83286b1cce702)
Start importing Assets/Kit/Interior/Preview int/house/casa parteMedia/wall-wood-block-half.png using Guid(63575b1f062a0184684386b62a074e44) Importer(2089858483,192608db42251d675da83286b1cce702) (ScriptedImporter) -> (artifact id: 'c734a0538db86ceac89653decb9a60ce') in 0.0575518 seconds
Number of updated asset objects reloaded before import = 0Number of asset objects unloaded after import = 1

========================================================================
Received Import Request.
  Time since last request: 0.000036 seconds.
  path: Assets/Kit/Interior/Preview int/house/stairs/stairs-full.png
  artifactKey: Guid(aa1f9a2a7ca32814eb724cd1bc054bf0) Importer(2089858483,192608db42251d675da83286b1cce702)
Start importing Assets/Kit/Interior/Preview int/house/stairs/stairs-full.png using Guid(aa1f9a2a7ca32814eb724cd1bc054bf0) Importer(2089858483,192608db42251d675da83286b1cce702) (ScriptedImporter) -> (artifact id: 'c2f87389f37e05d57648e53ed277aafa') in 0.0608938 seconds
Number of updated asset objects reloaded before import = 0Number of asset objects unloaded after import = 1

========================================================================
Received Import Request.
  Time since last request: 0.000051 seconds.
  path: Assets/Kit/Interior/Preview int/house/stairs/stairs-wide-wood.png
  artifactKey: Guid(349df35336d452c4c88477dd0f39eb10) Importer(2089858483,192608db42251d675da83286b1cce702)
Start importing Assets/Kit/Interior/Preview int/house/stairs/stairs-wide-wood.png using Guid(349df35336d452c4c88477dd0f39eb10) Importer(2089858483,192608db42251d675da83286b1cce702) (ScriptedImporter) -> (artifact id: '80f64b4ccb3cea306c62cb1f995ef360') in 0.0547766 seconds
Number of updated asset objects reloaded before import = 0Number of asset objects unloaded after import = 1

========================================================================
Received Import Request.
  Time since last request: 0.000035 seconds.
  path: Assets/Kit/Interior/Preview int/house/stairs/stairs-wide-wood-handrail.png
  artifactKey: Guid(5674f45e3af19a44dbd4c5a53a363faf) Importer(2089858483,192608db42251d675da83286b1cce702)
Start importing Assets/Kit/Interior/Preview int/house/stairs/stairs-wide-wood-handrail.png using Guid(5674f45e3af19a44dbd4c5a53a363faf) Importer(2089858483,192608db42251d675da83286b1cce702) (ScriptedImporter) -> (artifact id: '2b78e00af9b7c03054d46eb099126987') in 0.0568686 seconds
Number of updated asset objects reloaded before import = 0Number of asset objects unloaded after import = 1

========================================================================
Received Import Request.
  Time since last request: 0.000035 seconds.
  path: Assets/Kit/Interior/Preview int/house/Chimenea/chimney-top.png
  artifactKey: Guid(84198bc6d1bcfff4d8b94c66640d7596) Importer(2089858483,192608db42251d675da83286b1cce702)
Start importing Assets/Kit/Interior/Preview int/house/Chimenea/chimney-top.png using Guid(84198bc6d1bcfff4d8b94c66640d7596) Importer(2089858483,192608db42251d675da83286b1cce702) (ScriptedImporter) -> (artifact id: '7f49c1d2101655f7c1c65e0c4e1db161') in 0.05094 seconds
Number of updated asset objects reloaded before import = 0Number of asset objects unloaded after import = 1

========================================================================
Received Import Request.
  Time since last request: 0.000068 seconds.
  path: Assets/Kit/Interior/Preview int/house/techo_verde/roof-corner-round.png
  artifactKey: Guid(01ae407d8b1b62040adf348845451897) Importer(2089858483,192608db42251d675da83286b1cce702)
Start importing Assets/Kit/Interior/Preview int/house/techo_verde/roof-corner-round.png using Guid(01ae407d8b1b62040adf348845451897) Importer(2089858483,192608db42251d675da83286b1cce702) (ScriptedImporter) -> (artifact id: '623c614eb8fcbd6e07a42516a609fd90') in 0.0611545 seconds
Number of updated asset objects reloaded before import = 0Number of asset objects unloaded after import = 1

========================================================================
Received Import Request.
  Time since last request: 0.000034 seconds.
  path: Assets/Kit/Interior/Preview int/house/techo_verde/roof-right.png
  artifactKey: Guid(78001d191f50ed04da198c96db5b2c8d) Importer(2089858483,192608db42251d675da83286b1cce702)
Start importing Assets/Kit/Interior/Preview int/house/techo_verde/roof-right.png using Guid(78001d191f50ed04da198c96db5b2c8d) Importer(2089858483,192608db42251d675da83286b1cce702) (ScriptedImporter) -> (artifact id: '5dce026ab5f8fa2c646bf76a5685b927') in 0.062402 seconds
Number of updated asset objects reloaded before import = 0Number of asset objects unloaded after import = 1

========================================================================
Received Import Request.
  Time since last request: 0.000045 seconds.
  path: Assets/Kit/Interior/Preview int/house/techo_verde/roof-corner-inner.png
  artifactKey: Guid(8723bc35d7255684781bb9e1e9259ee7) Importer(2089858483,192608db42251d675da83286b1cce702)
Start importing Assets/Kit/Interior/Preview int/house/techo_verde/roof-corner-inner.png using Guid(8723bc35d7255684781bb9e1e9259ee7) Importer(2089858483,192608db42251d675da83286b1cce702) (ScriptedImporter) -> (artifact id: 'b2857b5a4d565eddcdf58a4c7c96e450') in 0.0537713 seconds
Number of updated asset objects reloaded before import = 0Number of asset objects unloaded after import = 1

========================================================================
Received Import Request.
  Time since last request: 0.000049 seconds.
  path: Assets/Kit/Tower Defense/Models/GLB format/Textures/colormap.png
  artifactKey: Guid(a733a1d83beab8f458405fdeaf221f9b) Importer(2089858483,192608db42251d675da83286b1cce702)
Start importing Assets/Kit/Tower Defense/Models/GLB format/Textures/colormap.png using Guid(a733a1d83beab8f458405fdeaf221f9b) Importer(2089858483,192608db42251d675da83286b1cce702) (ScriptedImporter) -> (artifact id: '25aaa57116fb6fece8a8421f099dfb84') in 0.0375081 seconds
Number of updated asset objects reloaded before import = 0Number of asset objects unloaded after import = 1

========================================================================
Received Import Request.
  Time since last request: 0.000037 seconds.
  path: Assets/Kit/Interior/Preview int/house/techo_verde/roof-gable-detail.png
  artifactKey: Guid(cedc5bf6c62cd8f4aa58db4314eb5f3f) Importer(2089858483,192608db42251d675da83286b1cce702)
Start importing Assets/Kit/Interior/Preview int/house/techo_verde/roof-gable-detail.png using Guid(cedc5bf6c62cd8f4aa58db4314eb5f3f) Importer(2089858483,192608db42251d675da83286b1cce702) (ScriptedImporter) -> (artifact id: '78d8240765bca24889471c8e30e7a366') in 0.0580993 seconds
Number of updated asset objects reloaded before import = 0Number of asset objects unloaded after import = 1

========================================================================
Received Import Request.
  Time since last request: 0.000036 seconds.
  path: Assets/Kit/Enviroment/Eviroment hexa/Assets/buildings/blue/building_archeryrange_blue.fbx
  artifactKey: Guid(d9e41a36d3635ca4ea22da4690e5ae78) Importer(2089858483,192608db42251d675da83286b1cce702)
Start importing Assets/Kit/Enviroment/Eviroment hexa/Assets/buildings/blue/building_archeryrange_blue.fbx using Guid(d9e41a36d3635ca4ea22da4690e5ae78) Importer(2089858483,192608db42251d675da83286b1cce702) (ScriptedImporter) -> (artifact id: '9a0fa1bb05b475462af2b0a39a8501e2') in 0.0689133 seconds
Number of updated asset objects reloaded before import = 0Number of asset objects unloaded after import = 9

========================================================================
Received Import Request.
  Time since last request: 0.000047 seconds.
  path: Assets/Kit/Enviroment/Eviroment hexa/Assets/buildings/blue/building_tower_A_blue.fbx
  artifactKey: Guid(8e387435f583b744889b426b695c63ed) Importer(2089858483,192608db42251d675da83286b1cce702)
Start importing Assets/Kit/Enviroment/Eviroment hexa/Assets/buildings/blue/building_tower_A_blue.fbx using Guid(8e387435f583b744889b426b695c63ed) Importer(2089858483,192608db42251d675da83286b1cce702) (ScriptedImporter) -> (artifact id: 'c61a73ea5510e27247c10aff10feb3f5') in 0.0723322 seconds
Number of updated asset objects reloaded before import = 0Number of asset objects unloaded after import = 14

========================================================================
Received Import Request.
  Time since last request: 0.000037 seconds.
  path: Assets/Kit/Enviroment/Eviroment hexa/Assets/buildings/blue/building_market_blue.fbx
  artifactKey: Guid(8c4383c24af34a746aec2545c20f7c87) Importer(2089858483,192608db42251d675da83286b1cce702)
Start importing Assets/Kit/Enviroment/Eviroment hexa/Assets/buildings/blue/building_market_blue.fbx using Guid(8c4383c24af34a746aec2545c20f7c87) Importer(2089858483,192608db42251d675da83286b1cce702) (ScriptedImporter) -> (artifact id: '5973f845f809718ea853ca5ab2ffcb55') in 0.0696972 seconds
Number of updated asset objects reloaded before import = 0Number of asset objects unloaded after import = 9

========================================================================
Received Import Request.
  Time since last request: 0.000037 seconds.
  path: Assets/Kit/DungeonKit/fantasy town/Models_int/FBX format/Textures/colormap.png
  artifactKey: Guid(7a6877a337ef40749a7fba4838b3d6db) Importer(2089858483,192608db42251d675da83286b1cce702)
Start importing Assets/Kit/DungeonKit/fantasy town/Models_int/FBX format/Textures/colormap.png using Guid(7a6877a337ef40749a7fba4838b3d6db) Importer(2089858483,192608db42251d675da83286b1cce702) (ScriptedImporter) -> (artifact id: 'e9ed6abec17fc065b1de84487a3f92ef') in 0.0371987 seconds
Number of updated asset objects reloaded before import = 0Number of asset objects unloaded after import = 1

========================================================================
Received Import Request.
  Time since last request: 0.000075 seconds.
  path: Assets/Kit/Enviroment/Eviroment hexa/Assets/buildings/green/building_church_green.fbx
  artifactKey: Guid(2581eaf445810bc4e8ff5212c277ce64) Importer(2089858483,192608db42251d675da83286b1cce702)
Start importing Assets/Kit/Enviroment/Eviroment hexa/Assets/buildings/green/building_church_green.fbx using Guid(2581eaf445810bc4e8ff5212c277ce64) Importer(2089858483,192608db42251d675da83286b1cce702) (ScriptedImporter) -> (artifact id: '6e8068cc329df8108fb043c749f3fe41') in 0.0677322 seconds
Number of updated asset objects reloaded before import = 0Number of asset objects unloaded after import = 9

========================================================================
Received Import Request.
  Time since last request: 0.000038 seconds.
  path: Assets/Kit/Enviroment/Eviroment hexa/Assets/buildings/green/building_watermill_green.fbx
  artifactKey: Guid(7ace4387d71ca6640b9b9f681cdf9aeb) Importer(2089858483,192608db42251d675da83286b1cce702)
Start importing Assets/Kit/Enviroment/Eviroment hexa/Assets/buildings/green/building_watermill_green.fbx using Guid(7ace4387d71ca6640b9b9f681cdf9aeb) Importer(2089858483,192608db42251d675da83286b1cce702) (ScriptedImporter) -> (artifact id: '61bbade88b42b4fcce7eec15f0be4226') in 0.0661572 seconds
Number of updated asset objects reloaded before import = 0Number of asset objects unloaded after import = 14

========================================================================
Received Import Request.
  Time since last request: 0.000036 seconds.
  path: Assets/Kit/Enviroment/Eviroment hexa/Assets/buildings/green/building_barracks_green.fbx
  artifactKey: Guid(8d5a259ac23247f41a4a7c37b50f69a4) Importer(2089858483,192608db42251d675da83286b1cce702)
Start importing Assets/Kit/Enviroment/Eviroment hexa/Assets/buildings/green/building_barracks_green.fbx using Guid(8d5a259ac23247f41a4a7c37b50f69a4) Importer(2089858483,192608db42251d675da83286b1cce702) (ScriptedImporter) -> (artifact id: '9cd18e2f4be2312419436a1b35321426') in 0.0751919 seconds
Number of updated asset objects reloaded before import = 0Number of asset objects unloaded after import = 9

========================================================================
Received Import Request.
  Time since last request: 0.000060 seconds.
  path: Assets/Kit/Enviroment/Eviroment hexa/Assets/buildings/blue/building_lumbermill_blue.fbx
  artifactKey: Guid(7889e462f58539746b7daea87f2eaa9c) Importer(2089858483,192608db42251d675da83286b1cce702)
Start importing Assets/Kit/Enviroment/Eviroment hexa/Assets/buildings/blue/building_lumbermill_blue.fbx using Guid(7889e462f58539746b7daea87f2eaa9c) Importer(2089858483,192608db42251d675da83286b1cce702) (ScriptedImporter) -> (artifact id: '2351e288b7d0743808425c09ef911620') in 0.080988 seconds
Number of updated asset objects reloaded before import = 0Number of asset objects unloaded after import = 19

========================================================================
Received Import Request.
  Time since last request: 0.000034 seconds.
  path: Assets/Kit/Enviroment/Eviroment hexa/Assets/buildings/neutral/fence_wood_straight.fbx
  artifactKey: Guid(7d9a393b6e90e144c964af4bf66a8219) Importer(2089858483,192608db42251d675da83286b1cce702)
Start importing Assets/Kit/Enviroment/Eviroment hexa/Assets/buildings/neutral/fence_wood_straight.fbx using Guid(7d9a393b6e90e144c964af4bf66a8219) Importer(2089858483,192608db42251d675da83286b1cce702) (ScriptedImporter) -> (artifact id: 'fdd5b8b380ebf17860221da37df41744') in 0.0538004 seconds
Number of updated asset objects reloaded before import = 0Number of asset objects unloaded after import = 9

========================================================================
Received Import Request.
  Time since last request: 0.000044 seconds.
  path: Assets/Kit/Enviroment/Eviroment hexa/Assets/buildings/neutral/wall_corner_A_outside.fbx
  artifactKey: Guid(121ed5ebabccc4f4995713a9172b78e6) Importer(2089858483,192608db42251d675da83286b1cce702)
Start importing Assets/Kit/Enviroment/Eviroment hexa/Assets/buildings/neutral/wall_corner_A_outside.fbx using Guid(121ed5ebabccc4f4995713a9172b78e6) Importer(2089858483,192608db42251d675da83286b1cce702) (ScriptedImporter) -> (artifact id: '3869d7931af6f9db9463ee0127605ce7') in 0.0417246 seconds
Number of updated asset objects reloaded before import = 0Number of asset objects unloaded after import = 9

========================================================================
Received Import Request.
  Time since last request: 0.000049 seconds.
  path: Assets/Kit/Enviroment/Eviroment hexa/Assets/buildings/neutral/wall_corner_B_inside.fbx
  artifactKey: Guid(96279810a2402b1489e439e5bcff58a1) Importer(2089858483,192608db42251d675da83286b1cce702)
Start importing Assets/Kit/Enviroment/Eviroment hexa/Assets/buildings/neutral/wall_corner_B_inside.fbx using Guid(96279810a2402b1489e439e5bcff58a1) Importer(2089858483,192608db42251d675da83286b1cce702) (ScriptedImporter) -> (artifact id: 'fc3f40e6dd925db09b247ae8d059b5d6') in 0.054666 seconds
Number of updated asset objects reloaded before import = 0Number of asset objects unloaded after import = 9

========================================================================
Received Import Request.
  Time since last request: 0.000032 seconds.
  path: Assets/Kit/Interior/Preview int/house/techo_rojo/roof-high-corner-round.png
  artifactKey: Guid(209f4808262024042be52b02422bd4fe) Importer(2089858483,192608db42251d675da83286b1cce702)
Start importing Assets/Kit/Interior/Preview int/house/techo_rojo/roof-high-corner-round.png using Guid(209f4808262024042be52b02422bd4fe) Importer(2089858483,192608db42251d675da83286b1cce702) (ScriptedImporter) -> (artifact id: '0162fd9709a769570dcce74134ed8c01') in 0.0574746 seconds
Number of updated asset objects reloaded before import = 0Number of asset objects unloaded after import = 1

========================================================================
Received Import Request.
  Time since last request: 0.000036 seconds.
  path: Assets/Kit/Enviroment/Eviroment hexa/Assets/buildings/red/building_well_red.fbx
  artifactKey: Guid(b670c1c13078a8d47bb3232426ed2b8b) Importer(2089858483,192608db42251d675da83286b1cce702)
Start importing Assets/Kit/Enviroment/Eviroment hexa/Assets/buildings/red/building_well_red.fbx using Guid(b670c1c13078a8d47bb3232426ed2b8b) Importer(2089858483,192608db42251d675da83286b1cce702) (ScriptedImporter) -> (artifact id: '052349292f05e545e69a0be71ea6627f') in 0.062062 seconds
Number of updated asset objects reloaded before import = 0Number of asset objects unloaded after import = 9

========================================================================
Received Import Request.
  Time since last request: 0.000050 seconds.
  path: Assets/Kit/Enviroment/Eviroment hexa/Assets/buildings/red/building_barracks_red.fbx
  artifactKey: Guid(50f00645afbaff047a7a70222634b18a) Importer(2089858483,192608db42251d675da83286b1cce702)
Start importing Assets/Kit/Enviroment/Eviroment hexa/Assets/buildings/red/building_barracks_red.fbx using Guid(50f00645afbaff047a7a70222634b18a) Importer(2089858483,192608db42251d675da83286b1cce702) (ScriptedImporter) -> (artifact id: 'a67024b068cbd6479032590d88eb5472') in 0.0778186 seconds
Number of updated asset objects reloaded before import = 0Number of asset objects unloaded after import = 9

========================================================================
Received Import Request.
  Time since last request: 0.000036 seconds.
  path: Assets/Kit/Enviroment/Eviroment hexa/Assets/buildings/red/building_mine_red.fbx
  artifactKey: Guid(b6b03bd36375366469d8873c0dfcca3c) Importer(2089858483,192608db42251d675da83286b1cce702)
Start importing Assets/Kit/Enviroment/Eviroment hexa/Assets/buildings/red/building_mine_red.fbx using Guid(b6b03bd36375366469d8873c0dfcca3c) Importer(2089858483,192608db42251d675da83286b1cce702) (ScriptedImporter) -> (artifact id: '7464b226f7eda6ecb5ae2af5ba8ad7f9') in 0.0602667 seconds
Number of updated asset objects reloaded before import = 0Number of asset objects unloaded after import = 9

========================================================================
Received Import Request.
  Time since last request: 0.000039 seconds.
  path: Assets/Kit/Enviroment/Eviroment hexa/Assets/buildings/red/building_home_B_red.fbx
  artifactKey: Guid(a0db3231c950b934d9618d29592507d0) Importer(2089858483,192608db42251d675da83286b1cce702)
Start importing Assets/Kit/Enviroment/Eviroment hexa/Assets/buildings/red/building_home_B_red.fbx using Guid(a0db3231c950b934d9618d29592507d0) Importer(2089858483,192608db42251d675da83286b1cce702) (ScriptedImporter) -> (artifact id: 'de6bf8ad9c90b499fe7794aa09e8eae3') in 0.0754829 seconds
Number of updated asset objects reloaded before import = 0Number of asset objects unloaded after import = 9

========================================================================
Received Import Request.
  Time since last request: 0.000056 seconds.
  path: Assets/Kit/Enviroment/Eviroment hexa/Assets/buildings/yellow/building_tower_A_yellow.fbx
  artifactKey: Guid(72c90e0b297587540b8bc448f2dec63e) Importer(2089858483,192608db42251d675da83286b1cce702)
Start importing Assets/Kit/Enviroment/Eviroment hexa/Assets/buildings/yellow/building_tower_A_yellow.fbx using Guid(72c90e0b297587540b8bc448f2dec63e) Importer(2089858483,192608db42251d675da83286b1cce702) (ScriptedImporter) -> (artifact id: '558fec5316c9727a041434cd4ef441f6') in 0.0665086 seconds
Number of updated asset objects reloaded before import = 0Number of asset objects unloaded after import = 14

========================================================================
Received Import Request.
  Time since last request: 0.000035 seconds.
  path: Assets/Kit/Enviroment/Eviroment hexa/Assets/buildings/yellow/building_watermill_yellow.fbx
  artifactKey: Guid(6523280b5e42eb245bd7f66d0f386735) Importer(2089858483,192608db42251d675da83286b1cce702)
Start importing Assets/Kit/Enviroment/Eviroment hexa/Assets/buildings/yellow/building_watermill_yellow.fbx using Guid(6523280b5e42eb245bd7f66d0f386735) Importer(2089858483,192608db42251d675da83286b1cce702) (ScriptedImporter) -> (artifact id: '474a54403591188cabef277e7b8ecf81') in 0.0692366 seconds
Number of updated asset objects reloaded before import = 0Number of asset objects unloaded after import = 14

========================================================================
Received Import Request.
  Time since last request: 0.000037 seconds.
  path: Assets/Kit/Enviroment/Eviroment hexa/Assets/buildings/yellow/building_well_yellow.fbx
  artifactKey: Guid(e45b5f17bd3d0634c99ed63baf5c852f) Importer(2089858483,192608db42251d675da83286b1cce702)
Start importing Assets/Kit/Enviroment/Eviroment hexa/Assets/buildings/yellow/building_well_yellow.fbx using Guid(e45b5f17bd3d0634c99ed63baf5c852f) Importer(2089858483,192608db42251d675da83286b1cce702) (ScriptedImporter) -> (artifact id: 'ced027258b4dac6306f1e9ca0862575c') in 0.0650611 seconds
Number of updated asset objects reloaded before import = 0Number of asset objects unloaded after import = 9

========================================================================
Received Import Request.
  Time since last request: 0.000055 seconds.
  path: Assets/Kit/Enviroment/Eviroment hexa/Assets/buildings/yellow/building_tower_catapult_yellow.fbx
  artifactKey: Guid(8d736401ad45a4143a77b4e6bf69610c) Importer(2089858483,192608db42251d675da83286b1cce702)
Start importing Assets/Kit/Enviroment/Eviroment hexa/Assets/buildings/yellow/building_tower_catapult_yellow.fbx using Guid(8d736401ad45a4143a77b4e6bf69610c) Importer(2089858483,192608db42251d675da83286b1cce702) (ScriptedImporter) -> (artifact id: '194b3853c9485fca45d4de865aa2bd33') in 0.0861007 seconds
Number of updated asset objects reloaded before import = 0Number of asset objects unloaded after import = 19

========================================================================
Received Import Request.
  Time since last request: 0.000032 seconds.
  path: Assets/Kit/Enviroment/Eviroment hexa/Assets/decoration/nature/cloud_big.fbx
  artifactKey: Guid(cd4a687c9dfa21542901a0a8a2063afb) Importer(2089858483,192608db42251d675da83286b1cce702)
Start importing Assets/Kit/Enviroment/Eviroment hexa/Assets/decoration/nature/cloud_big.fbx using Guid(cd4a687c9dfa21542901a0a8a2063afb) Importer(2089858483,192608db42251d675da83286b1cce702) (ScriptedImporter) -> (artifact id: 'dc363c10eacd2653e1d3bfa62a585f3b') in 0.0652794 seconds
Number of updated asset objects reloaded before import = 0Number of asset objects unloaded after import = 9

========================================================================
Received Import Request.
  Time since last request: 0.000040 seconds.
  path: Assets/Kit/Enviroment/Eviroment hexa/Assets/decoration/nature/mountain_B_grass_trees.fbx
  artifactKey: Guid(8a5b996ade2503f46b801bdf11b82916) Importer(2089858483,192608db42251d675da83286b1cce702)
Start importing Assets/Kit/Enviroment/Eviroment hexa/Assets/decoration/nature/mountain_B_grass_trees.fbx using Guid(8a5b996ade2503f46b801bdf11b82916) Importer(2089858483,192608db42251d675da83286b1cce702) (ScriptedImporter) -> (artifact id: 'c74283b664cccbeece4b84f284c48fb7') in 0.0641991 seconds
Number of updated asset objects reloaded before import = 0Number of asset objects unloaded after import = 9

========================================================================
Received Import Request.
  Time since last request: 0.000057 seconds.
  path: Assets/Kit/Enviroment/Eviroment hexa/Assets/decoration/nature/hills_B_trees.fbx
  artifactKey: Guid(a116fe0c3e65bcc4bb85682e92c9cfc9) Importer(2089858483,192608db42251d675da83286b1cce702)
Start importing Assets/Kit/Enviroment/Eviroment hexa/Assets/decoration/nature/hills_B_trees.fbx using Guid(a116fe0c3e65bcc4bb85682e92c9cfc9) Importer(2089858483,192608db42251d675da83286b1cce702) (ScriptedImporter) -> (artifact id: '7c307b89012e5985ea190f9f8d20732e') in 0.0640257 seconds
Number of updated asset objects reloaded before import = 0Number of asset objects unloaded after import = 9

========================================================================
Received Import Request.
  Time since last request: 0.000032 seconds.
  path: Assets/Kit/Enviroment/Eviroment hexa/Assets/decoration/nature/hill_single_C.fbx
  artifactKey: Guid(ba282f10b72f67b4391aff17c70585f4) Importer(2089858483,192608db42251d675da83286b1cce702)
Start importing Assets/Kit/Enviroment/Eviroment hexa/Assets/decoration/nature/hill_single_C.fbx using Guid(ba282f10b72f67b4391aff17c70585f4) Importer(2089858483,192608db42251d675da83286b1cce702) (ScriptedImporter) -> (artifact id: 'e26729d72e49206f0b40b88272ff14dc') in 0.0592221 seconds
Number of updated asset objects reloaded before import = 0Number of asset objects unloaded after import = 9

========================================================================
Received Import Request.
  Time since last request: 0.000036 seconds.
  path: Assets/Kit/Enviroment/Eviroment hexa/Assets/decoration/nature/rock_single_A.fbx
  artifactKey: Guid(f74e6edf2fc5cbc4bb2c3021be654c90) Importer(2089858483,192608db42251d675da83286b1cce702)
Start importing Assets/Kit/Enviroment/Eviroment hexa/Assets/decoration/nature/rock_single_A.fbx using Guid(f74e6edf2fc5cbc4bb2c3021be654c90) Importer(2089858483,192608db42251d675da83286b1cce702) (ScriptedImporter) -> (artifact id: 'b7a338625d43ca0acd5cef4fc805a32f') in 0.0728131 seconds
Number of updated asset objects reloaded before import = 0Number of asset objects unloaded after import = 9

========================================================================
Received Import Request.
  Time since last request: 0.000055 seconds.
  path: Assets/Kit/Enviroment/Eviroment hexa/Assets/decoration/nature/waterlily_A.fbx
  artifactKey: Guid(f6b510cde718e5040a41b07a7e3097dc) Importer(2089858483,192608db42251d675da83286b1cce702)
Start importing Assets/Kit/Enviroment/Eviroment hexa/Assets/decoration/nature/waterlily_A.fbx using Guid(f6b510cde718e5040a41b07a7e3097dc) Importer(2089858483,192608db42251d675da83286b1cce702) (ScriptedImporter) -> (artifact id: 'ac0f10fe0f6ad7ace65255004d4a842b') in 0.0634037 seconds
Number of updated asset objects reloaded before import = 0Number of asset objects unloaded after import = 9

========================================================================
Received Import Request.
  Time since last request: 0.000041 seconds.
  path: Assets/Kit/Enviroment/Eviroment hexa/Assets/decoration/nature/rock_single_E.fbx
  artifactKey: Guid(8cf52d58d5f0982458e091f36cdc6c8b) Importer(2089858483,192608db42251d675da83286b1cce702)
Start importing Assets/Kit/Enviroment/Eviroment hexa/Assets/decoration/nature/rock_single_E.fbx using Guid(8cf52d58d5f0982458e091f36cdc6c8b) Importer(2089858483,192608db42251d675da83286b1cce702) (ScriptedImporter) -> (artifact id: '49398d0dd18a39456ebe5f2bf5d02108') in 0.0713069 seconds
Number of updated asset objects reloaded before import = 0Number of asset objects unloaded after import = 9

========================================================================
Received Import Request.
  Time since last request: 0.000053 seconds.
  path: Assets/Kit/Enviroment/Eviroment hexa/Assets/decoration/nature/tree_single_B_cut.fbx
  artifactKey: Guid(a42c7aad5279105458aadd0d6628f43d) Importer(2089858483,192608db42251d675da83286b1cce702)
Start importing Assets/Kit/Enviroment/Eviroment hexa/Assets/decoration/nature/tree_single_B_cut.fbx using Guid(a42c7aad5279105458aadd0d6628f43d) Importer(2089858483,192608db42251d675da83286b1cce702) (ScriptedImporter) -> (artifact id: '6ac1069566a753fd641f0e254be8eccb') in 0.0631391 seconds
Number of updated asset objects reloaded before import = 0Number of asset objects unloaded after import = 9

========================================================================
Received Import Request.
  Time since last request: 0.000055 seconds.
  path: Assets/Kit/Enviroment/Eviroment hexa/Assets/decoration/props/crate_B_small.fbx
  artifactKey: Guid(9d93921b84df2044a880535f657f4162) Importer(2089858483,192608db42251d675da83286b1cce702)
Start importing Assets/Kit/Enviroment/Eviroment hexa/Assets/decoration/props/crate_B_small.fbx using Guid(9d93921b84df2044a880535f657f4162) Importer(2089858483,192608db42251d675da83286b1cce702) (ScriptedImporter) -> (artifact id: 'a3dce9359344d11beb3cbd372fb04db6') in 0.0672413 seconds
Number of updated asset objects reloaded before import = 0Number of asset objects unloaded after import = 9

========================================================================
Received Import Request.
  Time since last request: 0.000039 seconds.
  path: Assets/Kit/Enviroment/Eviroment hexa/Assets/decoration/props/bucket_arrows.fbx
  artifactKey: Guid(c8c9e93c9e1f38d42999fbee32a68539) Importer(2089858483,192608db42251d675da83286b1cce702)
Start importing Assets/Kit/Enviroment/Eviroment hexa/Assets/decoration/props/bucket_arrows.fbx using Guid(c8c9e93c9e1f38d42999fbee32a68539) Importer(2089858483,192608db42251d675da83286b1cce702) (ScriptedImporter) -> (artifact id: 'e47cccd8f92c186ce59af28e7a995e54') in 0.061312 seconds
Number of updated asset objects reloaded before import = 0Number of asset objects unloaded after import = 9

========================================================================
Received Import Request.
  Time since last request: 0.000039 seconds.
  path: Assets/Kit/Enviroment/Eviroment hexa/Assets/decoration/props/crate_long_C.fbx
  artifactKey: Guid(fe45e0cae5b989a48b2d890bfdfe5c8c) Importer(2089858483,192608db42251d675da83286b1cce702)
Start importing Assets/Kit/Enviroment/Eviroment hexa/Assets/decoration/props/crate_long_C.fbx using Guid(fe45e0cae5b989a48b2d890bfdfe5c8c) Importer(2089858483,192608db42251d675da83286b1cce702) (ScriptedImporter) -> (artifact id: '623950a6a2b591528db8b5ac607ca0fb') in 0.0643771 seconds
Number of updated asset objects reloaded before import = 0Number of asset objects unloaded after import = 9

========================================================================
Received Import Request.
  Time since last request: 0.000057 seconds.
  path: Assets/Kit/Enviroment/Eviroment hexa/Assets/decoration/nature/waterplant_B.fbx
  artifactKey: Guid(3986ec438542f494dbc86941118a5b70) Importer(2089858483,192608db42251d675da83286b1cce702)
Start importing Assets/Kit/Enviroment/Eviroment hexa/Assets/decoration/nature/waterplant_B.fbx using Guid(3986ec438542f494dbc86941118a5b70) Importer(2089858483,192608db42251d675da83286b1cce702) (ScriptedImporter) -> (artifact id: '831d367b559e2b6a0bda09d34363e5c1') in 0.0661675 seconds
Number of updated asset objects reloaded before import = 0Number of asset objects unloaded after import = 9

========================================================================
Received Import Request.
  Time since last request: 0.000036 seconds.
  path: Assets/Kit/Interior/Preview int/house/casa parteMedia/wall-wood-window-glass.png
  artifactKey: Guid(6771a82d710fd1f4083e800a17d3cd44) Importer(2089858483,192608db42251d675da83286b1cce702)
Start importing Assets/Kit/Interior/Preview int/house/casa parteMedia/wall-wood-window-glass.png using Guid(6771a82d710fd1f4083e800a17d3cd44) Importer(2089858483,192608db42251d675da83286b1cce702) (ScriptedImporter) -> (artifact id: '494943398a89ecce1a7d372bb99582fb') in 0.0595162 seconds
Number of updated asset objects reloaded before import = 0Number of asset objects unloaded after import = 1

========================================================================
Received Import Request.
  Time since last request: 0.000039 seconds.
  path: Assets/Kit/Enviroment/Eviroment hexa/Assets/tiles/base/hex_grass_bottom.fbx
  artifactKey: Guid(20a2923990c3fe1498f17366acebd6e1) Importer(2089858483,192608db42251d675da83286b1cce702)
Start importing Assets/Kit/Enviroment/Eviroment hexa/Assets/tiles/base/hex_grass_bottom.fbx using Guid(20a2923990c3fe1498f17366acebd6e1) Importer(2089858483,192608db42251d675da83286b1cce702) (ScriptedImporter) -> (artifact id: 'ff5f56ff19f267418ae6535349c7fb6a') in 0.0497667 seconds
Number of updated asset objects reloaded before import = 0Number of asset objects unloaded after import = 9

========================================================================
Received Import Request.
  Time since last request: 0.000059 seconds.
  path: Assets/Kit/Enviroment/Eviroment hexa/Assets/tiles/coast/hex_coast_D.fbx
  artifactKey: Guid(44345bdfdc4d216469832a429c301772) Importer(2089858483,192608db42251d675da83286b1cce702)
Start importing Assets/Kit/Enviroment/Eviroment hexa/Assets/tiles/coast/hex_coast_D.fbx using Guid(44345bdfdc4d216469832a429c301772) Importer(2089858483,192608db42251d675da83286b1cce702) (ScriptedImporter) -> (artifact id: '2897d17d6ff589f3609b75a1e2dfcd81') in 0.0698241 seconds
Number of updated asset objects reloaded before import = 0Number of asset objects unloaded after import = 9

========================================================================
Received Import Request.
  Time since last request: 0.000034 seconds.
  path: Assets/Kit/Enviroment/Eviroment hexa/Assets/decoration/props/sack.fbx
  artifactKey: Guid(998f541044662b343923ed27e5d9b370) Importer(2089858483,192608db42251d675da83286b1cce702)
Start importing Assets/Kit/Enviroment/Eviroment hexa/Assets/decoration/props/sack.fbx using Guid(998f541044662b343923ed27e5d9b370) Importer(2089858483,192608db42251d675da83286b1cce702) (ScriptedImporter) -> (artifact id: '4e8e7bab7c5268e24a0c01825619df5d') in 0.0617221 seconds
Number of updated asset objects reloaded before import = 0Number of asset objects unloaded after import = 9

========================================================================
Received Import Request.
  Time since last request: 0.000044 seconds.
  path: Assets/Kit/Enviroment/Eviroment hexa/Assets/tiles/coast/hex_coast_A.fbx
  artifactKey: Guid(fec483ba2b0bdaa45a1d24dceb8e93ff) Importer(2089858483,192608db42251d675da83286b1cce702)
Start importing Assets/Kit/Enviroment/Eviroment hexa/Assets/tiles/coast/hex_coast_A.fbx using Guid(fec483ba2b0bdaa45a1d24dceb8e93ff) Importer(2089858483,192608db42251d675da83286b1cce702) (ScriptedImporter) -> (artifact id: '8b377f50cfe0987002887aebb24fe4e7') in 0.0726011 seconds
Number of updated asset objects reloaded before import = 0Number of asset objects unloaded after import = 9

========================================================================
Received Import Request.
  Time since last request: 0.000055 seconds.
  path: Assets/Kit/Enviroment/Eviroment hexa/Assets/tiles/roads/hex_road_A_sloped_low.fbx
  artifactKey: Guid(49a4ad8b195272b48a583fe61f3cdf7b) Importer(2089858483,192608db42251d675da83286b1cce702)
Start importing Assets/Kit/Enviroment/Eviroment hexa/Assets/tiles/roads/hex_road_A_sloped_low.fbx using Guid(49a4ad8b195272b48a583fe61f3cdf7b) Importer(2089858483,192608db42251d675da83286b1cce702) (ScriptedImporter) -> (artifact id: 'e0961ad7eae8d95e3f2c7f8f7b12825b') in 0.0650204 seconds
Number of updated asset objects reloaded before import = 0Number of asset objects unloaded after import = 9

========================================================================
Received Import Request.
  Time since last request: 0.000043 seconds.
  path: Assets/Kit/Enviroment/Eviroment hexa/Assets/tiles/rivers/hex_river_A_curvy.fbx
  artifactKey: Guid(8e6c613c63524e144aaedbb5c0ebbba3) Importer(2089858483,192608db42251d675da83286b1cce702)
Start importing Assets/Kit/Enviroment/Eviroment hexa/Assets/tiles/rivers/hex_river_A_curvy.fbx using Guid(8e6c613c63524e144aaedbb5c0ebbba3) Importer(2089858483,192608db42251d675da83286b1cce702) (ScriptedImporter) -> (artifact id: 'f909868d70817922a34d166c6bcaddab') in 0.0664927 seconds
Number of updated asset objects reloaded before import = 0Number of asset objects unloaded after import = 9

========================================================================
Received Import Request.
  Time since last request: 0.000037 seconds.
  path: Assets/Kit/Enviroment/Eviroment hexa/Assets/tiles/roads/hex_road_B.fbx
  artifactKey: Guid(b50c6ce17f8a53741829c511d921d2a1) Importer(2089858483,192608db42251d675da83286b1cce702)
Start importing Assets/Kit/Enviroment/Eviroment hexa/Assets/tiles/roads/hex_road_B.fbx using Guid(b50c6ce17f8a53741829c511d921d2a1) Importer(2089858483,192608db42251d675da83286b1cce702) (ScriptedImporter) -> (artifact id: 'd12736903185c9157ca4953f839a42b9') in 0.0700982 seconds
Number of updated asset objects reloaded before import = 0Number of asset objects unloaded after import = 9

========================================================================
Received Import Request.
  Time since last request: 0.000060 seconds.
  path: Assets/Kit/Enviroment/Eviroment hexa/Assets/tiles/rivers/hex_river_L.fbx
  artifactKey: Guid(337d783df838ddf4db55d1fce44a79bd) Importer(2089858483,192608db42251d675da83286b1cce702)
Start importing Assets/Kit/Enviroment/Eviroment hexa/Assets/tiles/rivers/hex_river_L.fbx using Guid(337d783df838ddf4db55d1fce44a79bd) Importer(2089858483,192608db42251d675da83286b1cce702) (ScriptedImporter) -> (artifact id: '4a3a778d24e32afe64f3cada90bb5381') in 0.0637801 seconds
Number of updated asset objects reloaded before import = 0Number of asset objects unloaded after import = 9

========================================================================
Received Import Request.
  Time since last request: 0.000031 seconds.
  path: Assets/Kit/Enviroment/Eviroment hexa/Assets/tiles/roads/hex_road_E.fbx
  artifactKey: Guid(b4e9033feaa306f42b252aa39e9ea11d) Importer(2089858483,192608db42251d675da83286b1cce702)
Start importing Assets/Kit/Enviroment/Eviroment hexa/Assets/tiles/roads/hex_road_E.fbx using Guid(b4e9033feaa306f42b252aa39e9ea11d) Importer(2089858483,192608db42251d675da83286b1cce702) (ScriptedImporter) -> (artifact id: '7a0b1342e6f301866f9356939691657a') in 0.0692559 seconds
Number of updated asset objects reloaded before import = 0Number of asset objects unloaded after import = 9

========================================================================
Received Import Request.
  Time since last request: 0.000043 seconds.
  path: Assets/Kit/Enviroment/Eviroment hexa/Assets/tiles/roads/hex_road_K.fbx
  artifactKey: Guid(6ca6c04bb243e264399e4004864f1273) Importer(2089858483,192608db42251d675da83286b1cce702)
Start importing Assets/Kit/Enviroment/Eviroment hexa/Assets/tiles/roads/hex_road_K.fbx using Guid(6ca6c04bb243e264399e4004864f1273) Importer(2089858483,192608db42251d675da83286b1cce702) (ScriptedImporter) -> (artifact id: '4563e87caa3e28f7f53bfe7bb73f8c1d') in 0.0673294 seconds
Number of updated asset objects reloaded before import = 0Number of asset objects unloaded after import = 9

========================================================================
Received Import Request.
  Time since last request: 0.000053 seconds.
  path: Assets/Kit/Enviroment/Eviroment hexa/Assets/tiles/rivers/waterless/hex_river_A_waterless.fbx
  artifactKey: Guid(61f8541a3c350244e8ae6fba6d8a1fc4) Importer(2089858483,192608db42251d675da83286b1cce702)
Start importing Assets/Kit/Enviroment/Eviroment hexa/Assets/tiles/rivers/waterless/hex_river_A_waterless.fbx using Guid(61f8541a3c350244e8ae6fba6d8a1fc4) Importer(2089858483,192608db42251d675da83286b1cce702) (ScriptedImporter) -> (artifact id: 'c9110592c9e0047c424617ed0d1c6449') in 0.0746285 seconds
Number of updated asset objects reloaded before import = 0Number of asset objects unloaded after import = 9

========================================================================
Received Import Request.
  Time since last request: 0.000033 seconds.
  path: Assets/Kit/Interior/Preview int/house/casa parteMedia/wall-wood-doorway-round.png
  artifactKey: Guid(e5d05ddcb7b96f042adf32136423d50c) Importer(2089858483,192608db42251d675da83286b1cce702)
Start importing Assets/Kit/Interior/Preview int/house/casa parteMedia/wall-wood-doorway-round.png using Guid(e5d05ddcb7b96f042adf32136423d50c) Importer(2089858483,192608db42251d675da83286b1cce702) (ScriptedImporter) -> (artifact id: 'd0397512f8871b507d4b082c4909b362') in 0.0659597 seconds
Number of updated asset objects reloaded before import = 0Number of asset objects unloaded after import = 1

========================================================================
Received Import Request.
  Time since last request: 0.000042 seconds.
  path: Assets/Kit/Enviroment/Eviroment hexa/Assets/tiles/rivers/waterless/hex_river_crossing_A_waterless.fbx
  artifactKey: Guid(9fecddba4ecd90a44ac0acb0b52d5d0b) Importer(2089858483,192608db42251d675da83286b1cce702)
Start importing Assets/Kit/Enviroment/Eviroment hexa/Assets/tiles/rivers/waterless/hex_river_crossing_A_waterless.fbx using Guid(9fecddba4ecd90a44ac0acb0b52d5d0b) Importer(2089858483,192608db42251d675da83286b1cce702) (ScriptedImporter) -> (artifact id: '00b4e093be07a8f6bfdfaa9d329d9ac2') in 0.0680293 seconds
Number of updated asset objects reloaded before import = 0Number of asset objects unloaded after import = 9

========================================================================
Received Import Request.
  Time since last request: 0.000055 seconds.
  path: Assets/Kit/Enviroment/Eviroment hexa/Assets/tiles/rivers/waterless/hex_river_F_waterless.fbx
  artifactKey: Guid(7c93b15c76df1cd43bf3e666e620b518) Importer(2089858483,192608db42251d675da83286b1cce702)
Start importing Assets/Kit/Enviroment/Eviroment hexa/Assets/tiles/rivers/waterless/hex_river_F_waterless.fbx using Guid(7c93b15c76df1cd43bf3e666e620b518) Importer(2089858483,192608db42251d675da83286b1cce702) (ScriptedImporter) -> (artifact id: 'dd62f007b618ee08d51cb8af60c34568') in 0.074445 seconds
Number of updated asset objects reloaded before import = 0Number of asset objects unloaded after import = 9

========================================================================
Received Import Request.
  Time since last request: 0.000036 seconds.
  path: Assets/Kit/Enviroment/Eviroment hexa/Assets/tiles/rivers/waterless/hex_river_G_waterless.fbx
  artifactKey: Guid(79fc0b354abc65043a67d81eedf7030d) Importer(2089858483,192608db42251d675da83286b1cce702)
Start importing Assets/Kit/Enviroment/Eviroment hexa/Assets/tiles/rivers/waterless/hex_river_G_waterless.fbx using Guid(79fc0b354abc65043a67d81eedf7030d) Importer(2089858483,192608db42251d675da83286b1cce702) (ScriptedImporter) -> (artifact id: 'ec5eac46ac956ffa2549a7268cc824bf') in 0.062346 seconds
Number of updated asset objects reloaded before import = 0Number of asset objects unloaded after import = 9

========================================================================
Received Import Request.
  Time since last request: 0.000040 seconds.
  path: Assets/Kit/Enviroment/Eviroment hexa/Assets/tiles/coast/waterless/hex_coast_A_waterless.fbx
  artifactKey: Guid(4da5b720061489c4392f92c4740982ae) Importer(2089858483,192608db42251d675da83286b1cce702)
Start importing Assets/Kit/Enviroment/Eviroment hexa/Assets/tiles/coast/waterless/hex_coast_A_waterless.fbx using Guid(4da5b720061489c4392f92c4740982ae) Importer(2089858483,192608db42251d675da83286b1cce702) (ScriptedImporter) -> (artifact id: '095fa59c41bccb1992b1859058f34952') in 0.0650899 seconds
Number of updated asset objects reloaded before import = 0Number of asset objects unloaded after import = 9

========================================================================
Received Import Request.
  Time since last request: 0.000046 seconds.
  path: Assets/Kit/Enviroment/tower defense/Models/STL format/tree_pineRoundA.stl
  artifactKey: Guid(42553f383eaf38a4f819eff0ee9465e5) Importer(2089858483,192608db42251d675da83286b1cce702)
Start importing Assets/Kit/Enviroment/tower defense/Models/STL format/tree_pineRoundA.stl using Guid(42553f383eaf38a4f819eff0ee9465e5) Importer(2089858483,192608db42251d675da83286b1cce702) (ScriptedImporter) -> (artifact id: 'fa7a02ce3dc6448f899c68e57b8fba63') in 0.029158 seconds
Number of updated asset objects reloaded before import = 0Number of asset objects unloaded after import = 1

========================================================================
Received Import Request.
  Time since last request: 0.000037 seconds.
  path: Assets/Kit/Interior/Preview int/house/mesa/stall-stool.png
  artifactKey: Guid(eafebe4f6d032154ebc46680e6419bbb) Importer(2089858483,192608db42251d675da83286b1cce702)
Start importing Assets/Kit/Interior/Preview int/house/mesa/stall-stool.png using Guid(eafebe4f6d032154ebc46680e6419bbb) Importer(2089858483,192608db42251d675da83286b1cce702) (ScriptedImporter) -> (artifact id: '5f70d3cbcd78e552c767ae86dd5dd3e4') in 0.0749425 seconds
Number of updated asset objects reloaded before import = 0Number of asset objects unloaded after import = 1

========================================================================
Received Import Request.
  Time since last request: 0.000039 seconds.
  path: Assets/Kit/Enviroment/Eviroment hexa/Assets/decoration/props/wheelbarrow.fbx
  artifactKey: Guid(57edbe88ea11d5940827ffe2b8bd50c5) Importer(2089858483,192608db42251d675da83286b1cce702)
Start importing Assets/Kit/Enviroment/Eviroment hexa/Assets/decoration/props/wheelbarrow.fbx using Guid(57edbe88ea11d5940827ffe2b8bd50c5) Importer(2089858483,192608db42251d675da83286b1cce702) (ScriptedImporter) -> (artifact id: '239c9fda6cca130771b64e3a8d18c93e') in 0.0765784 seconds
Number of updated asset objects reloaded before import = 0Number of asset objects unloaded after import = 9

========================================================================
Received Import Request.
  Time since last request: 0.000056 seconds.
  path: Assets/Kit/Enviroment/tower defense/Models/STL format/tree_cone_dark.stl
  artifactKey: Guid(68c24bb4f6815724ea17b83ba911d1ab) Importer(2089858483,192608db42251d675da83286b1cce702)
Start importing Assets/Kit/Enviroment/tower defense/Models/STL format/tree_cone_dark.stl using Guid(68c24bb4f6815724ea17b83ba911d1ab) Importer(2089858483,192608db42251d675da83286b1cce702) (ScriptedImporter) -> (artifact id: '0320bb3da73547e6e774cfd8b79718d5') in 0.0282134 seconds
Number of updated asset objects reloaded before import = 0Number of asset objects unloaded after import = 1

========================================================================
Received Import Request.
  Time since last request: 0.000045 seconds.
  path: Assets/Kit/Enviroment/tower defense/Models/STL format/flower_yellowB.stl
  artifactKey: Guid(eecd944576272e343868d7c65ed1d36d) Importer(2089858483,192608db42251d675da83286b1cce702)
Start importing Assets/Kit/Enviroment/tower defense/Models/STL format/flower_yellowB.stl using Guid(eecd944576272e343868d7c65ed1d36d) Importer(2089858483,192608db42251d675da83286b1cce702) (ScriptedImporter) -> (artifact id: '2a1f239750655367d8da04aeed33e1c2') in 0.0272851 seconds
Number of updated asset objects reloaded before import = 0Number of asset objects unloaded after import = 1

========================================================================
Received Import Request.
  Time since last request: 0.000035 seconds.
  path: Assets/Kit/Enviroment/tower defense/Models/GLTF format/tree_pineTallB_detailed.glb
  artifactKey: Guid(8d8091ad8922420428ca4e926bd464d0) Importer(2089858483,192608db42251d675da83286b1cce702)
Start importing Assets/Kit/Enviroment/tower defense/Models/GLTF format/tree_pineTallB_detailed.glb using Guid(8d8091ad8922420428ca4e926bd464d0) Importer(2089858483,192608db42251d675da83286b1cce702) (ScriptedImporter) -> (artifact id: '60a96bc51c882188e8d2d4c46c595a9f') in 0.028434 seconds
Number of updated asset objects reloaded before import = 0Number of asset objects unloaded after import = 1

========================================================================
Received Import Request.
  Time since last request: 0.000040 seconds.
  path: Assets/Kit/Enviroment/tower defense/Models/GLTF format/rock_tallA.glb
  artifactKey: Guid(9addbaa12c517674eaee8595a43f421b) Importer(2089858483,192608db42251d675da83286b1cce702)
Start importing Assets/Kit/Enviroment/tower defense/Models/GLTF format/rock_tallA.glb using Guid(9addbaa12c517674eaee8595a43f421b) Importer(2089858483,192608db42251d675da83286b1cce702) (ScriptedImporter) -> (artifact id: '19d9f9ae64667b2f464f82b8c692e54e') in 0.0297186 seconds
Number of updated asset objects reloaded before import = 0Number of asset objects unloaded after import = 1

========================================================================
Received Import Request.
  Time since last request: 0.000051 seconds.
  path: Assets/Kit/Enviroment/tower defense/Models/OBJ format/cliff_stepsCornerInner_stone.mtl
  artifactKey: Guid(83ae7a8e7ee42df4c979dab3e55572da) Importer(2089858483,192608db42251d675da83286b1cce702)
Start importing Assets/Kit/Enviroment/tower defense/Models/OBJ format/cliff_stepsCornerInner_stone.mtl using Guid(83ae7a8e7ee42df4c979dab3e55572da) Importer(2089858483,192608db42251d675da83286b1cce702) (ScriptedImporter) -> (artifact id: 'e7974ea05a043be3e2a0e3c1541c3442') in 0.0274135 seconds
Number of updated asset objects reloaded before import = 0Number of asset objects unloaded after import = 1

========================================================================
Received Import Request.
  Time since last request: 0.000034 seconds.
  path: Assets/Kit/Enviroment/tower defense/Models/OBJ format/stone_tallE.obj
  artifactKey: Guid(d0494dd893fd1c4429f4ba7a810010e4) Importer(2089858483,192608db42251d675da83286b1cce702)
Start importing Assets/Kit/Enviroment/tower defense/Models/OBJ format/stone_tallE.obj using Guid(d0494dd893fd1c4429f4ba7a810010e4) Importer(2089858483,192608db42251d675da83286b1cce702) (ScriptedImporter) -> (artifact id: 'eede300c6e1901419104a42aff525dc0') in 0.070685 seconds
Number of updated asset objects reloaded before import = 0Number of asset objects unloaded after import = 11

========================================================================
Received Import Request.
  Time since last request: 0.000033 seconds.
  path: Assets/Kit/Enviroment/tower defense/Models/OBJ format/crops_bambooStageA.mtl
  artifactKey: Guid(c8cd16c0d9ad6f74091fd8646028c84f) Importer(2089858483,192608db42251d675da83286b1cce702)
Start importing Assets/Kit/Enviroment/tower defense/Models/OBJ format/crops_bambooStageA.mtl using Guid(c8cd16c0d9ad6f74091fd8646028c84f) Importer(2089858483,192608db42251d675da83286b1cce702) (ScriptedImporter) -> (artifact id: 'd5b87dbfa6c20505f6ee45c198956c8a') in 0.0273292 seconds
Number of updated asset objects reloaded before import = 0Number of asset objects unloaded after import = 1

========================================================================
Received Import Request.
  Time since last request: 0.000060 seconds.
  path: Assets/Kit/Enviroment/tower defense/Models/GLTF format/rock_tallI.glb
  artifactKey: Guid(e8a8e58f32602914f99de63eb58c9f12) Importer(2089858483,192608db42251d675da83286b1cce702)
Start importing Assets/Kit/Enviroment/tower defense/Models/GLTF format/rock_tallI.glb using Guid(e8a8e58f32602914f99de63eb58c9f12) Importer(2089858483,192608db42251d675da83286b1cce702) (ScriptedImporter) -> (artifact id: '2db4485f198fd91369465ba629c2edf3') in 0.0290045 seconds
Number of updated asset objects reloaded before import = 0Number of asset objects unloaded after import = 1

========================================================================
Received Import Request.
  Time since last request: 0.000036 seconds.
  path: Assets/Kit/Enviroment/tower defense/Models/GLTF format/rock_largeB.glb
  artifactKey: Guid(f395f5004cd0c904b80ae53556e972cb) Importer(2089858483,192608db42251d675da83286b1cce702)
Start importing Assets/Kit/Enviroment/tower defense/Models/GLTF format/rock_largeB.glb using Guid(f395f5004cd0c904b80ae53556e972cb) Importer(2089858483,192608db42251d675da83286b1cce702) (ScriptedImporter) -> (artifact id: 'a75a450129a7de208ee06e2b81422509') in 0.0216641 seconds
Number of updated asset objects reloaded before import = 0Number of asset objects unloaded after import = 1

========================================================================
Received Import Request.
  Time since last request: 0.000037 seconds.
  path: Assets/Kit/Enviroment/tower defense/Models/OBJ format/stone_tallG.mtl
  artifactKey: Guid(7907eac9ece962942ac70a5c6bebf073) Importer(2089858483,192608db42251d675da83286b1cce702)
Start importing Assets/Kit/Enviroment/tower defense/Models/OBJ format/stone_tallG.mtl using Guid(7907eac9ece962942ac70a5c6bebf073) Importer(2089858483,192608db42251d675da83286b1cce702) (ScriptedImporter) -> (artifact id: 'd8f5daf552f59468e04aa600b360f085') in 0.0242036 seconds
Number of updated asset objects reloaded before import = 0Number of asset objects unloaded after import = 1

========================================================================
Received Import Request.
  Time since last request: 0.000041 seconds.
  path: Assets/Kit/Enviroment/tower defense/Models/FBX format/rock_smallB.fbx
  artifactKey: Guid(24840279e01330c46b1e090194af5934) Importer(2089858483,192608db42251d675da83286b1cce702)
Start importing Assets/Kit/Enviroment/tower defense/Models/FBX format/rock_smallB.fbx using Guid(24840279e01330c46b1e090194af5934) Importer(2089858483,192608db42251d675da83286b1cce702) (ScriptedImporter) -> (artifact id: 'dcf9f4a32aa83c54fe3a5f669f9c2bdd') in 0.0645568 seconds
Number of updated asset objects reloaded before import = 0Number of asset objects unloaded after import = 9

========================================================================
Received Import Request.
  Time since last request: 0.000058 seconds.
  path: Assets/Kit/Enviroment/tower defense/Models/OBJ format/crop_pumpkin.mtl
  artifactKey: Guid(7b1dfed73aae0d34cba3e39ddf8f8cd5) Importer(2089858483,192608db42251d675da83286b1cce702)
Start importing Assets/Kit/Enviroment/tower defense/Models/OBJ format/crop_pumpkin.mtl using Guid(7b1dfed73aae0d34cba3e39ddf8f8cd5) Importer(2089858483,192608db42251d675da83286b1cce702) (ScriptedImporter) -> (artifact id: '2f6b84a11bb4641130430f69ae4f342f') in 0.027229 seconds
Number of updated asset objects reloaded before import = 0Number of asset objects unloaded after import = 1

========================================================================
Received Import Request.
  Time since last request: 0.000038 seconds.
  path: Assets/Kit/DungeonKit/KayKit_DungeonRemastered_1.1_FREE/Assets/obj/trunk_medium_B.mtl
  artifactKey: Guid(ad1b48b702c0f71498283ef7901e1ff0) Importer(2089858483,192608db42251d675da83286b1cce702)
Start importing Assets/Kit/DungeonKit/KayKit_DungeonRemastered_1.1_FREE/Assets/obj/trunk_medium_B.mtl using Guid(ad1b48b702c0f71498283ef7901e1ff0) Importer(2089858483,192608db42251d675da83286b1cce702) (ScriptedImporter) -> (artifact id: 'beefe60f6a0dcf54eba9f66f30da2b1a') in 0.0309496 seconds
Number of updated asset objects reloaded before import = 0Number of asset objects unloaded after import = 1

========================================================================
Received Import Request.
  Time since last request: 0.000038 seconds.
  path: Assets/Kit/DungeonKit/KayKit_DungeonRemastered_1.1_FREE/Assets/obj/chest_gold_lid.obj
  artifactKey: Guid(2d20b98f0b45e31459b2b381db1cf6dc) Importer(2089858483,192608db42251d675da83286b1cce702)
Start importing Assets/Kit/DungeonKit/KayKit_DungeonRemastered_1.1_FREE/Assets/obj/chest_gold_lid.obj using Guid(2d20b98f0b45e31459b2b381db1cf6dc) Importer(2089858483,192608db42251d675da83286b1cce702) (ScriptedImporter) -> (artifact id: '0bd99d9dc29dab6f13ab2aa16c324588') in 0.0733842 seconds
Number of updated asset objects reloaded before import = 0Number of asset objects unloaded after import = 11

========================================================================
Received Import Request.
  Time since last request: 0.000047 seconds.
  path: Assets/Kit/DungeonKit/KayKit_DungeonRemastered_1.1_FREE/Assets/obj/trunk_small_B.mtl
  artifactKey: Guid(82b6afd25f3b2fa4a99ad5bee20a23e9) Importer(2089858483,192608db42251d675da83286b1cce702)
Start importing Assets/Kit/DungeonKit/KayKit_DungeonRemastered_1.1_FREE/Assets/obj/trunk_small_B.mtl using Guid(82b6afd25f3b2fa4a99ad5bee20a23e9) Importer(2089858483,192608db42251d675da83286b1cce702) (ScriptedImporter) -> (artifact id: '314cb3a9ed99722fd5c1f09b0dc7f87c') in 0.0315785 seconds
Number of updated asset objects reloaded before import = 0Number of asset objects unloaded after import = 1

========================================================================
Received Import Request.
  Time since last request: 0.000059 seconds.
  path: Assets/Kit/DungeonKit/KayKit_DungeonRemastered_1.1_FREE/Assets/obj/floor_tile_big_grate_open.obj
  artifactKey: Guid(fc7200ad755ee0544aca52d570437681) Importer(2089858483,192608db42251d675da83286b1cce702)
Start importing Assets/Kit/DungeonKit/KayKit_DungeonRemastered_1.1_FREE/Assets/obj/floor_tile_big_grate_open.obj using Guid(fc7200ad755ee0544aca52d570437681) Importer(2089858483,192608db42251d675da83286b1cce702) (ScriptedImporter) -> (artifact id: '20f455d81fef73691f5c7794c5737a81') in 0.063857 seconds
Number of updated asset objects reloaded before import = 0Number of asset objects unloaded after import = 11

========================================================================
Received Import Request.
  Time since last request: 0.000036 seconds.
  path: Assets/Kit/DungeonKit/KayKit_DungeonRemastered_1.1_FREE/Assets/obj/stairs_wall_left.obj
  artifactKey: Guid(06d16db58ffa2cc43bd3629d32aa00ec) Importer(2089858483,192608db42251d675da83286b1cce702)
Start importing Assets/Kit/DungeonKit/KayKit_DungeonRemastered_1.1_FREE/Assets/obj/stairs_wall_left.obj using Guid(06d16db58ffa2cc43bd3629d32aa00ec) Importer(2089858483,192608db42251d675da83286b1cce702) (ScriptedImporter) -> (artifact id: 'a8e4064731a16e82ffeb7c6efa17b674') in 0.0671863 seconds
Number of updated asset objects reloaded before import = 0Number of asset objects unloaded after import = 11

========================================================================
Received Import Request.
  Time since last request: 0.000043 seconds.
  path: Assets/Kit/Enviroment/tower defense/Models/FBX format/cliff_blockCave_stone.fbx
  artifactKey: Guid(88a27639b22788e4b9b7060875a2a379) Importer(2089858483,192608db42251d675da83286b1cce702)
Start importing Assets/Kit/Enviroment/tower defense/Models/FBX format/cliff_blockCave_stone.fbx using Guid(88a27639b22788e4b9b7060875a2a379) Importer(2089858483,192608db42251d675da83286b1cce702) (ScriptedImporter) -> (artifact id: 'f2f6bbcac4cee3ac4c68e3e08b25fa19') in 0.069959 seconds
Number of updated asset objects reloaded before import = 0Number of asset objects unloaded after import = 9

========================================================================
Received Import Request.
  Time since last request: 0.000058 seconds.
  path: Assets/Kit/Interior/Preview int/house/balcon/balcony-wall-fence.png
  artifactKey: Guid(012494f9bcfef9d43b342ea69c47d12e) Importer(2089858483,192608db42251d675da83286b1cce702)
Start importing Assets/Kit/Interior/Preview int/house/balcon/balcony-wall-fence.png using Guid(012494f9bcfef9d43b342ea69c47d12e) Importer(2089858483,192608db42251d675da83286b1cce702) (ScriptedImporter) -> (artifact id: '099a99ded7dd60d933f2d78873ba734a') in 0.0624841 seconds
Number of updated asset objects reloaded before import = 0Number of asset objects unloaded after import = 1

========================================================================
Received Import Request.
  Time since last request: 0.000038 seconds.
  path: Assets/Kit/DungeonKit/KayKit_DungeonRemastered_1.1_FREE/Assets/obj/floor_tile_small_decorated.obj
  artifactKey: Guid(62b70dca4f239f7418ae6297942ee942) Importer(2089858483,192608db42251d675da83286b1cce702)
Start importing Assets/Kit/DungeonKit/KayKit_DungeonRemastered_1.1_FREE/Assets/obj/floor_tile_small_decorated.obj using Guid(62b70dca4f239f7418ae6297942ee942) Importer(2089858483,192608db42251d675da83286b1cce702) (ScriptedImporter) -> (artifact id: 'e610deab2143b32436f0ed1608b1e70d') in 0.066102 seconds
Number of updated asset objects reloaded before import = 0Number of asset objects unloaded after import = 11

========================================================================
Received Import Request.
  Time since last request: 0.000049 seconds.
  path: Assets/Kit/DungeonKit/KayKit_DungeonRemastered_1.1_FREE/Assets/obj/table_medium.obj
  artifactKey: Guid(180fb4986d509ac45a01addd4859d523) Importer(2089858483,192608db42251d675da83286b1cce702)
Start importing Assets/Kit/DungeonKit/KayKit_DungeonRemastered_1.1_FREE/Assets/obj/table_medium.obj using Guid(180fb4986d509ac45a01addd4859d523) Importer(2089858483,192608db42251d675da83286b1cce702) (ScriptedImporter) -> (artifact id: 'f84e4a248479714931ba33eaa418d90a') in 0.0638072 seconds
Number of updated asset objects reloaded before import = 0Number of asset objects unloaded after import = 11

========================================================================
Received Import Request.
  Time since last request: 0.000050 seconds.
  path: Assets/Kit/DungeonKit/KayKit_DungeonRemastered_1.1_FREE/Assets/obj/stairs_modular_center.mtl
  artifactKey: Guid(947df1fb7cbdb034ab41082989f5298b) Importer(2089858483,192608db42251d675da83286b1cce702)
Start importing Assets/Kit/DungeonKit/KayKit_DungeonRemastered_1.1_FREE/Assets/obj/stairs_modular_center.mtl using Guid(947df1fb7cbdb034ab41082989f5298b) Importer(2089858483,192608db42251d675da83286b1cce702) (ScriptedImporter) -> (artifact id: 'd6b5fd0c19b62da40c3134151971364c') in 0.0255555 seconds
Number of updated asset objects reloaded before import = 0Number of asset objects unloaded after import = 1

========================================================================
Received Import Request.
  Time since last request: 0.000033 seconds.
  path: Assets/Kit/DungeonKit/KayKit_DungeonRemastered_1.1_FREE/Assets/obj/table_medium_broken.obj
  artifactKey: Guid(ccf3a14043a97a047839a473ef9447e2) Importer(2089858483,192608db42251d675da83286b1cce702)
Start importing Assets/Kit/DungeonKit/KayKit_DungeonRemastered_1.1_FREE/Assets/obj/table_medium_broken.obj using Guid(ccf3a14043a97a047839a473ef9447e2) Importer(2089858483,192608db42251d675da83286b1cce702) (ScriptedImporter) -> (artifact id: '96e4f883473137d12f23e9524cf8694f') in 0.0701924 seconds
Number of updated asset objects reloaded before import = 0Number of asset objects unloaded after import = 11

========================================================================
Received Import Request.
  Time since last request: 0.000058 seconds.
  path: Assets/Kit/Enviroment/tower defense/Models/GLTF format/stone_tallE.glb
  artifactKey: Guid(faaa86f418afe514f99f88cd84e765a0) Importer(2089858483,192608db42251d675da83286b1cce702)
Start importing Assets/Kit/Enviroment/tower defense/Models/GLTF format/stone_tallE.glb using Guid(faaa86f418afe514f99f88cd84e765a0) Importer(2089858483,192608db42251d675da83286b1cce702) (ScriptedImporter) -> (artifact id: '6f12d62ad096699c41d0bbb0e026a31e') in 0.0264146 seconds
Number of updated asset objects reloaded before import = 0Number of asset objects unloaded after import = 1

========================================================================
Received Import Request.
  Time since last request: 0.000074 seconds.
  path: Assets/Kit/Enviroment/tower defense/Models/DAE format/tree_detailed_dark.dae
  artifactKey: Guid(ca8a50d13ee2d1a4eaafc362b461df40) Importer(2089858483,192608db42251d675da83286b1cce702)
Start importing Assets/Kit/Enviroment/tower defense/Models/DAE format/tree_detailed_dark.dae using Guid(ca8a50d13ee2d1a4eaafc362b461df40) Importer(2089858483,192608db42251d675da83286b1cce702) (ScriptedImporter) -> (artifact id: '488037470e3c07132d0d532486ac0a4c') in 0.0692683 seconds
Number of updated asset objects reloaded before import = 0Number of asset objects unloaded after import = 10

========================================================================
Received Import Request.
  Time since last request: 0.000039 seconds.
  path: Assets/Kit/Enviroment/tower defense/Models/DAE format/stone_smallE.dae
  artifactKey: Guid(622182fac4b58de40bb5e074dacadffb) Importer(2089858483,192608db42251d675da83286b1cce702)
Start importing Assets/Kit/Enviroment/tower defense/Models/DAE format/stone_smallE.dae using Guid(622182fac4b58de40bb5e074dacadffb) Importer(2089858483,192608db42251d675da83286b1cce702) (ScriptedImporter) -> (artifact id: '0ec074ea3628677614e4b63f76d95dd2') in 0.0665583 seconds
Number of updated asset objects reloaded before import = 0Number of asset objects unloaded after import = 8

========================================================================
Received Import Request.
  Time since last request: 0.000049 seconds.
  path: Assets/Kit/Enviroment/tower defense/Models/FBX format/cliff_blockSlopeWalls_rock.fbx
  artifactKey: Guid(214fd4fcaa0fb6b48b27bb9fd49f3919) Importer(2089858483,192608db42251d675da83286b1cce702)
Start importing Assets/Kit/Enviroment/tower defense/Models/FBX format/cliff_blockSlopeWalls_rock.fbx using Guid(214fd4fcaa0fb6b48b27bb9fd49f3919) Importer(2089858483,192608db42251d675da83286b1cce702) (ScriptedImporter) -> (artifact id: 'aaecac648eab2343f6f766b1c7dfc398') in 0.0667733 seconds
Number of updated asset objects reloaded before import = 0Number of asset objects unloaded after import = 9

========================================================================
Received Import Request.
  Time since last request: 0.000053 seconds.
  path: Assets/Kit/DungeonKit/KayKit_DungeonRemastered_1.1_FREE/Assets/obj/candle_lit.mtl
  artifactKey: Guid(9fe6f5f5dde63a94b97195400528d4b3) Importer(2089858483,192608db42251d675da83286b1cce702)
Start importing Assets/Kit/DungeonKit/KayKit_DungeonRemastered_1.1_FREE/Assets/obj/candle_lit.mtl using Guid(9fe6f5f5dde63a94b97195400528d4b3) Importer(2089858483,192608db42251d675da83286b1cce702) (ScriptedImporter) -> (artifact id: 'd75a4802176b708dd63ef7759fb4b71c') in 0.0324468 seconds
Number of updated asset objects reloaded before import = 0Number of asset objects unloaded after import = 1

========================================================================
Received Import Request.
  Time since last request: 0.000053 seconds.
  path: Assets/Kit/Enviroment/tower defense/Models/OBJ format/crops_cornStageC.mtl
  artifactKey: Guid(0c8d9eae2d256264789594f1836fa8f9) Importer(2089858483,192608db42251d675da83286b1cce702)
Start importing Assets/Kit/Enviroment/tower defense/Models/OBJ format/crops_cornStageC.mtl using Guid(0c8d9eae2d256264789594f1836fa8f9) Importer(2089858483,192608db42251d675da83286b1cce702) (ScriptedImporter) -> (artifact id: 'c25c658ebd5cd6794f0534f13e4812e0') in 0.0303552 seconds
Number of updated asset objects reloaded before import = 0Number of asset objects unloaded after import = 1

========================================================================
Received Import Request.
  Time since last request: 0.000037 seconds.
  path: Assets/Kit/Enviroment/tower defense/Models/FBX format/ground_riverSplit.fbx
  artifactKey: Guid(2e0d0cee6eee78144835cd7c6ee163da) Importer(2089858483,192608db42251d675da83286b1cce702)
Start importing Assets/Kit/Enviroment/tower defense/Models/FBX format/ground_riverSplit.fbx using Guid(2e0d0cee6eee78144835cd7c6ee163da) Importer(2089858483,192608db42251d675da83286b1cce702) (ScriptedImporter) -> (artifact id: '9a3e4d2b7c875d1a27623d7b1dd982eb') in 0.0765617 seconds
Number of updated asset objects reloaded before import = 0Number of asset objects unloaded after import = 11

========================================================================
Received Import Request.
  Time since last request: 0.000041 seconds.
  path: Assets/Kit/Enviroment/tower defense/Models/FBX format/flower_purpleC.fbx
  artifactKey: Guid(94721d2c8eadca74589f2488383773cb) Importer(2089858483,192608db42251d675da83286b1cce702)
Start importing Assets/Kit/Enviroment/tower defense/Models/FBX format/flower_purpleC.fbx using Guid(94721d2c8eadca74589f2488383773cb) Importer(2089858483,192608db42251d675da83286b1cce702) (ScriptedImporter) -> (artifact id: '66c61ffec8f9384429d31c4cded8544b') in 0.0737477 seconds
Number of updated asset objects reloaded before import = 0Number of asset objects unloaded after import = 10

========================================================================
Received Import Request.
  Time since last request: 0.000047 seconds.
  path: Assets/Kit/Enviroment/tower defense/Models/GLTF format/cliff_corner_rock.glb
  artifactKey: Guid(59bb45f1407b0f94ba0ab370cae20739) Importer(2089858483,192608db42251d675da83286b1cce702)
Start importing Assets/Kit/Enviroment/tower defense/Models/GLTF format/cliff_corner_rock.glb using Guid(59bb45f1407b0f94ba0ab370cae20739) Importer(2089858483,192608db42251d675da83286b1cce702) (ScriptedImporter) -> (artifact id: 'e1c6cf14c1cb1152640e7da950fd93d0') in 0.0232852 seconds
Number of updated asset objects reloaded before import = 0Number of asset objects unloaded after import = 1

========================================================================
Received Import Request.
  Time since last request: 0.000054 seconds.
  path: Assets/Kit/Enviroment/tower defense/Models/FBX format/stump_square.fbx
  artifactKey: Guid(b38309217c96989479b65b73ebe6ff9b) Importer(2089858483,192608db42251d675da83286b1cce702)
Start importing Assets/Kit/Enviroment/tower defense/Models/FBX format/stump_square.fbx using Guid(b38309217c96989479b65b73ebe6ff9b) Importer(2089858483,192608db42251d675da83286b1cce702) (ScriptedImporter) -> (artifact id: 'c42fd602f9f23dcf2132e23311559b9a') in 0.06167 seconds
Number of updated asset objects reloaded before import = 0Number of asset objects unloaded after import = 9

========================================================================
Received Import Request.
  Time since last request: 0.000034 seconds.
  path: Assets/Kit/Enviroment/tower defense/Models/FBX format/campfire_planks.fbx
  artifactKey: Guid(b3826790ff5db03498b5153e0e315df2) Importer(2089858483,192608db42251d675da83286b1cce702)
Start importing Assets/Kit/Enviroment/tower defense/Models/FBX format/campfire_planks.fbx using Guid(b3826790ff5db03498b5153e0e315df2) Importer(2089858483,192608db42251d675da83286b1cce702) (ScriptedImporter) -> (artifact id: '933a414f17046ad91afdf16c72623a65') in 0.0702086 seconds
Number of updated asset objects reloaded before import = 0Number of asset objects unloaded after import = 8

========================================================================
Received Import Request.
  Time since last request: 0.000051 seconds.
  path: Assets/Kit/Enviroment/tower defense/Models/DAE format/path_stone.dae
  artifactKey: Guid(404b2ed749aa8544680f6e4137aef9fd) Importer(2089858483,192608db42251d675da83286b1cce702)
Start importing Assets/Kit/Enviroment/tower defense/Models/DAE format/path_stone.dae using Guid(404b2ed749aa8544680f6e4137aef9fd) Importer(2089858483,192608db42251d675da83286b1cce702) (ScriptedImporter) -> (artifact id: '843ee06806159c227e0491b66f1843ae') in 0.0664682 seconds
Number of updated asset objects reloaded before import = 0Number of asset objects unloaded after import = 10

========================================================================
Received Import Request.
  Time since last request: 0.000055 seconds.
  path: Assets/Kit/Enviroment/tower defense/Models/GLTF format/cliff_half_stone.glb
  artifactKey: Guid(1eee8b33009d30741bfbfb90d84c79df) Importer(2089858483,192608db42251d675da83286b1cce702)
Start importing Assets/Kit/Enviroment/tower defense/Models/GLTF format/cliff_half_stone.glb using Guid(1eee8b33009d30741bfbfb90d84c79df) Importer(2089858483,192608db42251d675da83286b1cce702) (ScriptedImporter) -> (artifact id: '00a1ff3fbc407f32f850f4a02eb9c06c') in 0.031859 seconds
Number of updated asset objects reloaded before import = 0Number of asset objects unloaded after import = 1

========================================================================
Received Import Request.
  Time since last request: 82.513773 seconds.
  path: Assets/TextMesh Pro/Examples & Extras/Resources/Fonts & Materials/Roboto-Bold SDF.asset
  artifactKey: Guid(5302535af1044152a457ed104f1f4b91) Importer(2089858483,192608db42251d675da83286b1cce702)
Start importing Assets/TextMesh Pro/Examples & Extras/Resources/Fonts & Materials/Roboto-Bold SDF.asset using Guid(5302535af1044152a457ed104f1f4b91) Importer(2089858483,192608db42251d675da83286b1cce702) (ScriptedImporter) -> (artifact id: 'dceebb8ad1ff68d25c7642cb124a54fd') in 0.0542102 seconds
Number of updated asset objects reloaded before import = 0Number of asset objects unloaded after import = 5

========================================================================
Received Import Request.
  Time since last request: 0.000031 seconds.
  path: Assets/TextMesh Pro/Examples & Extras/Resources/Fonts & Materials/Anton SDF.asset
  artifactKey: Guid(8a89fa14b10d46a99122fd4f73fca9a2) Importer(2089858483,192608db42251d675da83286b1cce702)
Start importing Assets/TextMesh Pro/Examples & Extras/Resources/Fonts & Materials/Anton SDF.asset using Guid(8a89fa14b10d46a99122fd4f73fca9a2) Importer(2089858483,192608db42251d675da83286b1cce702) (ScriptedImporter) -> (artifact id: '9ee35578efbcbe309371e4ebf2e9dad6') in 0.0452672 seconds
Number of updated asset objects reloaded before import = 0Number of asset objects unloaded after import = 5

========================================================================
Received Import Request.
  Time since last request: 0.000044 seconds.
  path: Assets/TextMesh Pro/Examples & Extras/Resources/Fonts & Materials/Oswald Bold SDF.asset
  artifactKey: Guid(0161d805a3764c089bef00bfe00793f5) Importer(2089858483,192608db42251d675da83286b1cce702)
Start importing Assets/TextMesh Pro/Examples & Extras/Resources/Fonts & Materials/Oswald Bold SDF.asset using Guid(0161d805a3764c089bef00bfe00793f5) Importer(2089858483,192608db42251d675da83286b1cce702) (ScriptedImporter) -> (artifact id: '1683ae48921530895a7fdd7d44e4e5d9') in 0.0441626 seconds
Number of updated asset objects reloaded before import = 0Number of asset objects unloaded after import = 5

