Using pre-set license
Built from '6000.0/staging' branch; Version is '6000.0.24f1 (11fa355cd605) revision 1178165'; Using compiler version '193933523'; Build Type 'Release'
OS: 'Windows 11  (10.0.26200) 64bit Core' Language: 'es' Physical Memory: 15917 MB
BatchMode: 1, IsHumanControllingUs: 0, StartBugReporterOnCrash: 0, Is64bit: 1, IsPro: 1

COMMAND LINE ARGUMENTS:
C:\Program Files\Unity 6000.0.24f1\Editor\Unity.exe
-adb2
-batchMode
-noUpm
-name
AssetImportWorker4
-projectPath
C:/Users/Diego/Desktop/Diego/Github/CreadorDeObjetos/My Creator Game
-logFile
Logs/AssetImportWorker4.log
-srvPort
52999
-job-worker-count
10
-background-job-worker-count
8
-asset-garbage-collectors
1
Successfully changed project path to: C:/Users/Diego/Desktop/Diego/Github/CreadorDeObjetos/My Creator Game
C:/Users/Diego/Desktop/Diego/Github/CreadorDeObjetos/My Creator Game
[UnityMemory] Configuration Parameters - Can be set up in boot.config
    "memorysetup-bucket-allocator-granularity=16"
    "memorysetup-bucket-allocator-bucket-count=8"
    "memorysetup-bucket-allocator-block-size=33554432"
    "memorysetup-bucket-allocator-block-count=8"
    "memorysetup-main-allocator-block-size=16777216"
    "memorysetup-thread-allocator-block-size=16777216"
    "memorysetup-gfx-main-allocator-block-size=16777216"
    "memorysetup-gfx-thread-allocator-block-size=16777216"
    "memorysetup-cache-allocator-block-size=4194304"
    "memorysetup-typetree-allocator-block-size=2097152"
    "memorysetup-profiler-bucket-allocator-granularity=16"
    "memorysetup-profiler-bucket-allocator-bucket-count=8"
    "memorysetup-profiler-bucket-allocator-block-size=33554432"
    "memorysetup-profiler-bucket-allocator-block-count=8"
    "memorysetup-profiler-allocator-block-size=16777216"
    "memorysetup-profiler-editor-allocator-block-size=1048576"
    "memorysetup-temp-allocator-size-main=16777216"
    "memorysetup-job-temp-allocator-block-size=2097152"
    "memorysetup-job-temp-allocator-block-size-background=1048576"
    "memorysetup-job-temp-allocator-reduction-small-platforms=262144"
    "memorysetup-allocator-temp-initial-block-size-main=262144"
    "memorysetup-allocator-temp-initial-block-size-worker=262144"
    "memorysetup-temp-allocator-size-background-worker=32768"
    "memorysetup-temp-allocator-size-job-worker=262144"
    "memorysetup-temp-allocator-size-preload-manager=33554432"
    "memorysetup-temp-allocator-size-nav-mesh-worker=65536"
    "memorysetup-temp-allocator-size-audio-worker=65536"
    "memorysetup-temp-allocator-size-cloud-worker=32768"
    "memorysetup-temp-allocator-size-gi-baking-worker=262144"
    "memorysetup-temp-allocator-size-gi-baking-worker=262144"
    "memorysetup-temp-allocator-size-gi-baking-worker=262144"
    "memorysetup-temp-allocator-size-gi-baking-worker=262144"
    "memorysetup-temp-allocator-size-gi-baking-worker=262144"
    "memorysetup-temp-allocator-size-gfx=262144"
Player connection [10072]  Target information:

Player connection [10072]  * "[IP] 10.172.16.185 [Port] 0 [Flags] 2 [Guid] 2793331733 [EditorId] 2793331733 [Version] 1048832 [Id] WindowsEditor(7,Asus-Zenbook-14) [Debug] 1 [PackageName] WindowsEditor [ProjectName] Editor" 

Player connection [10072] Host joined multi-casting on [225.0.0.222:54997]...
Player connection [10072] Host joined alternative multi-casting on [225.0.0.222:34997]...
JobSystem: Creating JobQueue using job-worker-count value 10
[Physics::Module] Initialized fallback backend.
[Physics::Module] Id: 0xdecafbad
Library Redirect Path: Library/
[Physics::Module] Selected backend.
[Physics::Module] Name: PhysX
[Physics::Module] Id: 0xf2b8ea05
[Physics::Module] SDK Version: 4.1.2
[Physics::Module] Integration Version: 1.0.0
[Physics::Module] Threading Mode: Multi-Threaded
Refreshing native plugins compatible for Editor in 376.14 ms, found 3 plugins.
Preloading 0 native plugins for Editor in 0.00 ms.
Initialize engine version: 6000.0.24f1 (11fa355cd605)
[Subsystems] Discovering subsystems at path C:/Program Files/Unity 6000.0.24f1/Editor/Data/Resources/UnitySubsystems
[Subsystems] Discovering subsystems at path C:/Users/Diego/Desktop/Diego/Github/CreadorDeObjetos/My Creator Game/Assets
GfxDevice: creating device client; kGfxThreadingModeNonThreaded
Direct3D:
    Version:  Direct3D 11.0 [level 11.1]
    Renderer: Intel(R) Arc(TM) Graphics (ID=0x7d55)
    Vendor:   Intel
    VRAM:     9073 MB
    Driver:   32.0.101.6314
Initialize mono
Mono path[0] = 'C:/Program Files/Unity 6000.0.24f1/Editor/Data/Managed'
Mono path[1] = 'C:/Program Files/Unity 6000.0.24f1/Editor/Data/MonoBleedingEdge/lib/mono/unityjit-win32'
Mono config path = 'C:/Program Files/Unity 6000.0.24f1/Editor/Data/MonoBleedingEdge/etc'
Using monoOptions --debugger-agent=transport=dt_socket,embedding=1,server=y,suspend=n,address=127.0.0.1:56024
Begin MonoManager ReloadAssembly
Registering precompiled unity dll's ...
Register platform support module: C:/Program Files/Unity 6000.0.24f1/Editor/Data/PlaybackEngines/WindowsStandaloneSupport/UnityEditor.WindowsStandalone.Extensions.dll
Registered in 0.281730 seconds.
- Loaded All Assemblies, in 19.783 seconds
Native extension for WindowsStandalone target not found
Mono: successfully reloaded assembly
- Finished resetting the current domain, in  0.790 seconds
Domain Reload Profiling: 20568ms
	BeginReloadAssembly (18185ms)
		ExecutionOrderSort (0ms)
		DisableScriptedObjects (0ms)
		BackupInstance (0ms)
		ReleaseScriptingObjects (0ms)
		CreateAndSetChildDomain (1ms)
	RebuildCommonClasses (464ms)
	RebuildNativeTypeToScriptingClass (20ms)
	initialDomainReloadingComplete (369ms)
	LoadAllAssembliesAndSetupDomain (739ms)
		LoadAssemblies (18179ms)
		RebuildTransferFunctionScriptingTraits (0ms)
		AnalyzeDomain (733ms)
			TypeCache.Refresh (730ms)
				TypeCache.ScanAssembly (701ms)
			BuildScriptInfoCaches (0ms)
			ResolveRequiredComponents (1ms)
	FinalizeReload (791ms)
		ReleaseScriptCaches (0ms)
		RebuildScriptCaches (0ms)
		SetupLoadedEditorAssemblies (688ms)
			LogAssemblyErrors (0ms)
			InitializePlatformSupportModulesInManaged (48ms)
			SetLoadedEditorAssemblies (9ms)
			BeforeProcessingInitializeOnLoad (14ms)
			ProcessInitializeOnLoadAttributes (448ms)
			ProcessInitializeOnLoadMethodAttributes (165ms)
			AfterProcessingInitializeOnLoad (5ms)
			EditorAssembliesLoaded (0ms)
		ExecutionOrderSort2 (0ms)
		AwakeInstancesAfterBackupRestoration (0ms)
========================================================================
Worker process is ready to serve import requests
Import Worker Mode flag is 0x00
Begin MonoManager ReloadAssembly
- Loaded All Assemblies, in 20.257 seconds
Refreshing native plugins compatible for Editor in 2.32 ms, found 3 plugins.
Native extension for WindowsStandalone target not found
Missing types referenced from component UniversalRenderPipelineGlobalSettings on game object UniversalRenderPipelineGlobalSettings:
	UnityEngine.Rendering.Universal.UniversalRenderPipelineEditorAssets, Unity.RenderPipelines.Universal.Runtime (1 object)
Mono: successfully reloaded assembly
- Finished resetting the current domain, in  2.741 seconds
Domain Reload Profiling: 22983ms
	BeginReloadAssembly (3953ms)
		ExecutionOrderSort (0ms)
		DisableScriptedObjects (12ms)
		BackupInstance (0ms)
		ReleaseScriptingObjects (0ms)
		CreateAndSetChildDomain (54ms)
	RebuildCommonClasses (72ms)
	RebuildNativeTypeToScriptingClass (26ms)
	initialDomainReloadingComplete (86ms)
	LoadAllAssembliesAndSetupDomain (16105ms)
		LoadAssemblies (15377ms)
		RebuildTransferFunctionScriptingTraits (0ms)
		AnalyzeDomain (919ms)
			TypeCache.Refresh (771ms)
				TypeCache.ScanAssembly (751ms)
			BuildScriptInfoCaches (127ms)
			ResolveRequiredComponents (16ms)
	FinalizeReload (2742ms)
		ReleaseScriptCaches (0ms)
		RebuildScriptCaches (0ms)
		SetupLoadedEditorAssemblies (1390ms)
			LogAssemblyErrors (0ms)
			InitializePlatformSupportModulesInManaged (4ms)
			SetLoadedEditorAssemblies (8ms)
			BeforeProcessingInitializeOnLoad (146ms)
			ProcessInitializeOnLoadAttributes (995ms)
			ProcessInitializeOnLoadMethodAttributes (217ms)
			AfterProcessingInitializeOnLoad (19ms)
			EditorAssembliesLoaded (0ms)
		ExecutionOrderSort2 (0ms)
		AwakeInstancesAfterBackupRestoration (12ms)
Launched and connected shader compiler UnityShaderCompiler.exe after 0.02 seconds
Refreshing native plugins compatible for Editor in 3.61 ms, found 3 plugins.
Preloading 0 native plugins for Editor in 0.00 ms.
Unloading 213 Unused Serialized files (Serialized files now loaded: 0)
Unloading 6089 unused Assets / (4.3 MB). Loaded Objects now: 6875.
Memory consumption went from 208.2 MB to 203.9 MB.
Total: 17.750600 ms (FindLiveObjects: 1.417600 ms CreateObjectMapping: 0.981200 ms MarkObjects: 10.677400 ms  DeleteObjects: 4.671800 ms)

========================================================================
Received Import Request.
  Time since last request: 372947.801376 seconds.
  path: Assets/Kit/Enviroment/tower defense/Isometric/rock_largeE_NW.png
  artifactKey: Guid(5b88538ea35adf04197450365dca8b60) Importer(2089858483,192608db42251d675da83286b1cce702)
Start importing Assets/Kit/Enviroment/tower defense/Isometric/rock_largeE_NW.png using Guid(5b88538ea35adf04197450365dca8b60) Importer(2089858483,192608db42251d675da83286b1cce702) (ScriptedImporter) -> (artifact id: '1a859bd79e757c0cb3099c45c0360cb4') in 0.3755069 seconds
Number of updated asset objects reloaded before import = 0Number of asset objects unloaded after import = 1

========================================================================
Received Import Request.
  Time since last request: 0.000057 seconds.
  path: Assets/Kit/Enviroment/tower defense/Isometric/rock_largeA_SW.png
  artifactKey: Guid(027d2195744286b439d5082e68316537) Importer(2089858483,192608db42251d675da83286b1cce702)
Start importing Assets/Kit/Enviroment/tower defense/Isometric/rock_largeA_SW.png using Guid(027d2195744286b439d5082e68316537) Importer(2089858483,192608db42251d675da83286b1cce702) (ScriptedImporter) -> (artifact id: 'f61b30ff283d58287dbf2bd56f1e2f9c') in 0.0593412 seconds
Number of updated asset objects reloaded before import = 0Number of asset objects unloaded after import = 1

========================================================================
Received Import Request.
  Time since last request: 0.000045 seconds.
  path: Assets/Kit/Enviroment/tower defense/Isometric/rock_smallA_NE.png
  artifactKey: Guid(abdee67b8c8f87f4e99e7c902cd71621) Importer(2089858483,192608db42251d675da83286b1cce702)
Start importing Assets/Kit/Enviroment/tower defense/Isometric/rock_smallA_NE.png using Guid(abdee67b8c8f87f4e99e7c902cd71621) Importer(2089858483,192608db42251d675da83286b1cce702) (ScriptedImporter) -> (artifact id: 'd324c2640b481fea14a9ef322bb8705c') in 0.074925 seconds
Number of updated asset objects reloaded before import = 0Number of asset objects unloaded after import = 1

========================================================================
Received Import Request.
  Time since last request: 0.000028 seconds.
  path: Assets/Kit/Enviroment/tower defense/Isometric/plant_flatTall_SW.png
  artifactKey: Guid(1e782b3fe2bc58747a8e6b207144989d) Importer(2089858483,192608db42251d675da83286b1cce702)
Start importing Assets/Kit/Enviroment/tower defense/Isometric/plant_flatTall_SW.png using Guid(1e782b3fe2bc58747a8e6b207144989d) Importer(2089858483,192608db42251d675da83286b1cce702) (ScriptedImporter) -> (artifact id: '42050fa38311f39157b644e74100d04b') in 0.0606585 seconds
Number of updated asset objects reloaded before import = 0Number of asset objects unloaded after import = 1

========================================================================
Received Import Request.
  Time since last request: 0.000033 seconds.
  path: Assets/Kit/Enviroment/tower defense/Isometric/platform_stone_NW.png
  artifactKey: Guid(b878a73692736a4458391d60ed625ccb) Importer(2089858483,192608db42251d675da83286b1cce702)
Start importing Assets/Kit/Enviroment/tower defense/Isometric/platform_stone_NW.png using Guid(b878a73692736a4458391d60ed625ccb) Importer(2089858483,192608db42251d675da83286b1cce702) (ScriptedImporter) -> (artifact id: '90b8b340e83c0d970c28e72d24f5f77b') in 0.0612628 seconds
Number of updated asset objects reloaded before import = 0Number of asset objects unloaded after import = 1

========================================================================
Received Import Request.
  Time since last request: 0.000040 seconds.
  path: Assets/Kit/Enviroment/tower defense/Isometric/pot_large_SW.png
  artifactKey: Guid(e0fc466b6d28b8e4280ea729dec1a3cf) Importer(2089858483,192608db42251d675da83286b1cce702)
Start importing Assets/Kit/Enviroment/tower defense/Isometric/pot_large_SW.png using Guid(e0fc466b6d28b8e4280ea729dec1a3cf) Importer(2089858483,192608db42251d675da83286b1cce702) (ScriptedImporter) -> (artifact id: '8960cb5955de964673c10719dcbab16e') in 0.0583934 seconds
Number of updated asset objects reloaded before import = 0Number of asset objects unloaded after import = 1

========================================================================
Received Import Request.
  Time since last request: 0.000028 seconds.
  path: Assets/Kit/Enviroment/tower defense/Isometric/ground_riverSplit_NW.png
  artifactKey: Guid(dbdc9ad05e2efe945b127169d32fdc96) Importer(2089858483,192608db42251d675da83286b1cce702)
Start importing Assets/Kit/Enviroment/tower defense/Isometric/ground_riverSplit_NW.png using Guid(dbdc9ad05e2efe945b127169d32fdc96) Importer(2089858483,192608db42251d675da83286b1cce702) (ScriptedImporter) -> (artifact id: '2ae707bf62174194aba4ec9c3f837b41') in 0.059721 seconds
Number of updated asset objects reloaded before import = 0Number of asset objects unloaded after import = 1

========================================================================
Received Import Request.
  Time since last request: 0.000046 seconds.
  path: Assets/Kit/Enviroment/tower defense/Isometric/crops_dirtDoubleRowCorner_SW.png
  artifactKey: Guid(1edfa42960c531f48bf3ea019c9ec363) Importer(2089858483,192608db42251d675da83286b1cce702)
Start importing Assets/Kit/Enviroment/tower defense/Isometric/crops_dirtDoubleRowCorner_SW.png using Guid(1edfa42960c531f48bf3ea019c9ec363) Importer(2089858483,192608db42251d675da83286b1cce702) (ScriptedImporter) -> (artifact id: '2236772b13d9f271eea0d18399b29016') in 0.0592389 seconds
Number of updated asset objects reloaded before import = 0Number of asset objects unloaded after import = 1

========================================================================
Received Import Request.
  Time since last request: 0.000060 seconds.
  path: Assets/Kit/Enviroment/tower defense/Isometric/cliff_stepsCorner_rock_SW.png
  artifactKey: Guid(f1a2bd677e6906741b96edb75da7a3b5) Importer(2089858483,192608db42251d675da83286b1cce702)
Start importing Assets/Kit/Enviroment/tower defense/Isometric/cliff_stepsCorner_rock_SW.png using Guid(f1a2bd677e6906741b96edb75da7a3b5) Importer(2089858483,192608db42251d675da83286b1cce702) (ScriptedImporter) -> (artifact id: '286644fd4da3ceaacc0f8980ca5c6d85') in 0.0640032 seconds
Number of updated asset objects reloaded before import = 0Number of asset objects unloaded after import = 1

========================================================================
Received Import Request.
  Time since last request: 0.000028 seconds.
  path: Assets/TextMesh Pro/Shaders/TMP_SDF-Mobile Masking.shader
  artifactKey: Guid(bc1ede39bf3643ee8e493720e4259791) Importer(2089858483,192608db42251d675da83286b1cce702)
Start importing Assets/TextMesh Pro/Shaders/TMP_SDF-Mobile Masking.shader using Guid(bc1ede39bf3643ee8e493720e4259791) Importer(2089858483,192608db42251d675da83286b1cce702) (ScriptedImporter) -> (artifact id: 'a7d715604fc392e2d5276b0b4b45454d') in 0.0371868 seconds
Number of updated asset objects reloaded before import = 0Number of asset objects unloaded after import = 1

========================================================================
Received Import Request.
  Time since last request: 0.000036 seconds.
  path: Assets/TextMesh Pro/Examples & Extras/Scripts/TextMeshProFloatingText.cs
  artifactKey: Guid(a4d4c76e63944cba8c7d00f56334b98c) Importer(2089858483,192608db42251d675da83286b1cce702)
Start importing Assets/TextMesh Pro/Examples & Extras/Scripts/TextMeshProFloatingText.cs using Guid(a4d4c76e63944cba8c7d00f56334b98c) Importer(2089858483,192608db42251d675da83286b1cce702) (ScriptedImporter) -> (artifact id: '42500147891259840e38037f8978f4db') in 0.0360537 seconds
Number of updated asset objects reloaded before import = 0Number of asset objects unloaded after import = 0

========================================================================
Received Import Request.
  Time since last request: 0.000052 seconds.
  path: Assets/Kit/Tower Defense/Previews/tile-tree-double.png
  artifactKey: Guid(083762910450e07409e4ceae61ce20da) Importer(2089858483,192608db42251d675da83286b1cce702)
Start importing Assets/Kit/Tower Defense/Previews/tile-tree-double.png using Guid(083762910450e07409e4ceae61ce20da) Importer(2089858483,192608db42251d675da83286b1cce702) (ScriptedImporter) -> (artifact id: 'b5010340eac810cc836dcf8dbe948ef8') in 0.0569368 seconds
Number of updated asset objects reloaded before import = 0Number of asset objects unloaded after import = 1

========================================================================
Received Import Request.
  Time since last request: 0.000030 seconds.
  path: Assets/Kit/Enviroment/tower defense/Isometric/cliff_steps_stone_SE.png
  artifactKey: Guid(fadc97733b326f14f9b551653dcdcb95) Importer(2089858483,192608db42251d675da83286b1cce702)
Start importing Assets/Kit/Enviroment/tower defense/Isometric/cliff_steps_stone_SE.png using Guid(fadc97733b326f14f9b551653dcdcb95) Importer(2089858483,192608db42251d675da83286b1cce702) (ScriptedImporter) -> (artifact id: '73bb7660f06d93328d6f91597f03e1ac') in 0.0686096 seconds
Number of updated asset objects reloaded before import = 0Number of asset objects unloaded after import = 1

========================================================================
Received Import Request.
  Time since last request: 0.000043 seconds.
  path: Assets/Kit/Enviroment/tower defense/Isometric/cliff_cornerInnerTop_rock_SE.png
  artifactKey: Guid(ada64939c0dd0d14a85221ca15b9dc3f) Importer(2089858483,192608db42251d675da83286b1cce702)
Start importing Assets/Kit/Enviroment/tower defense/Isometric/cliff_cornerInnerTop_rock_SE.png using Guid(ada64939c0dd0d14a85221ca15b9dc3f) Importer(2089858483,192608db42251d675da83286b1cce702) (ScriptedImporter) -> (artifact id: '9b3e7b971ac3b1715094439550df14a6') in 0.0563785 seconds
Number of updated asset objects reloaded before import = 0Number of asset objects unloaded after import = 1

========================================================================
Received Import Request.
  Time since last request: 0.000044 seconds.
  path: Assets/Kit/Enviroment/tower defense/Isometric/rock_tallI_NE.png
  artifactKey: Guid(39995711766491b44b55df956366e21d) Importer(2089858483,192608db42251d675da83286b1cce702)
Start importing Assets/Kit/Enviroment/tower defense/Isometric/rock_tallI_NE.png using Guid(39995711766491b44b55df956366e21d) Importer(2089858483,192608db42251d675da83286b1cce702) (ScriptedImporter) -> (artifact id: 'eed4f23f479380301ef2b5e82c3da59c') in 0.0586402 seconds
Number of updated asset objects reloaded before import = 0Number of asset objects unloaded after import = 1

========================================================================
Received Import Request.
  Time since last request: 0.000027 seconds.
  path: Assets/Kit/Enviroment/tower defense/Isometric/rock_smallFlatC_SW.png
  artifactKey: Guid(a35b1ac1fba17b5498115a194cb8a067) Importer(2089858483,192608db42251d675da83286b1cce702)
Start importing Assets/Kit/Enviroment/tower defense/Isometric/rock_smallFlatC_SW.png using Guid(a35b1ac1fba17b5498115a194cb8a067) Importer(2089858483,192608db42251d675da83286b1cce702) (ScriptedImporter) -> (artifact id: 'b519a4f9fd0eae6a31e9b79ec1d616e0') in 0.0671018 seconds
Number of updated asset objects reloaded before import = 0Number of asset objects unloaded after import = 1

========================================================================
Received Import Request.
  Time since last request: 0.000028 seconds.
  path: Assets/Kit/Enviroment/tower defense/Isometric/rock_tallG_SE.png
  artifactKey: Guid(6f7d245dcbadb2d41b69da4d6e2c7085) Importer(2089858483,192608db42251d675da83286b1cce702)
Start importing Assets/Kit/Enviroment/tower defense/Isometric/rock_tallG_SE.png using Guid(6f7d245dcbadb2d41b69da4d6e2c7085) Importer(2089858483,192608db42251d675da83286b1cce702) (ScriptedImporter) -> (artifact id: '8e82e57da0a26f631a128c90a515e48b') in 0.0643034 seconds
Number of updated asset objects reloaded before import = 0Number of asset objects unloaded after import = 1

========================================================================
Received Import Request.
  Time since last request: 0.000042 seconds.
  path: Assets/Kit/Enviroment/tower defense/Isometric/rock_smallH_SW.png
  artifactKey: Guid(bfa64a0948689974ead41de63d663a49) Importer(2089858483,192608db42251d675da83286b1cce702)
Start importing Assets/Kit/Enviroment/tower defense/Isometric/rock_smallH_SW.png using Guid(bfa64a0948689974ead41de63d663a49) Importer(2089858483,192608db42251d675da83286b1cce702) (ScriptedImporter) -> (artifact id: '22e700989e0bcde1e3951a315c3bdb9b') in 0.0570795 seconds
Number of updated asset objects reloaded before import = 0Number of asset objects unloaded after import = 1

========================================================================
Received Import Request.
  Time since last request: 0.000026 seconds.
  path: Assets/Kit/Enviroment/tower defense/Isometric/rock_smallD_SE.png
  artifactKey: Guid(1396af753ac29524c9b4732479ddd0d8) Importer(2089858483,192608db42251d675da83286b1cce702)
Start importing Assets/Kit/Enviroment/tower defense/Isometric/rock_smallD_SE.png using Guid(1396af753ac29524c9b4732479ddd0d8) Importer(2089858483,192608db42251d675da83286b1cce702) (ScriptedImporter) -> (artifact id: 'a5d59941ac5ea68f3dd8238633026922') in 0.0603336 seconds
Number of updated asset objects reloaded before import = 0Number of asset objects unloaded after import = 1

========================================================================
Received Import Request.
  Time since last request: 0.000041 seconds.
  path: Assets/Kit/Enviroment/tower defense/Isometric/rock_tallH_SW.png
  artifactKey: Guid(b1bc3f97f784f494dbb68429c58ebb84) Importer(2089858483,192608db42251d675da83286b1cce702)
Start importing Assets/Kit/Enviroment/tower defense/Isometric/rock_tallH_SW.png using Guid(b1bc3f97f784f494dbb68429c58ebb84) Importer(2089858483,192608db42251d675da83286b1cce702) (ScriptedImporter) -> (artifact id: '552dba874787764baec4cfb15a352b07') in 0.0682946 seconds
Number of updated asset objects reloaded before import = 0Number of asset objects unloaded after import = 1

========================================================================
Received Import Request.
  Time since last request: 0.000040 seconds.
  path: Assets/Kit/Enviroment/tower defense/Isometric/rock_smallE_SW.png
  artifactKey: Guid(973e0db96393ed645829e0f6a33cb218) Importer(2089858483,192608db42251d675da83286b1cce702)
Start importing Assets/Kit/Enviroment/tower defense/Isometric/rock_smallE_SW.png using Guid(973e0db96393ed645829e0f6a33cb218) Importer(2089858483,192608db42251d675da83286b1cce702) (ScriptedImporter) -> (artifact id: 'dc417127e93cc5e18f9a15bbc9eb5804') in 0.0527152 seconds
Number of updated asset objects reloaded before import = 0Number of asset objects unloaded after import = 1

========================================================================
Received Import Request.
  Time since last request: 0.000037 seconds.
  path: Assets/Kit/Enviroment/tower defense/Isometric/rock_tallA_SW.png
  artifactKey: Guid(ae0cf1bc59b03bf4ab10064a7b259da7) Importer(2089858483,192608db42251d675da83286b1cce702)
Start importing Assets/Kit/Enviroment/tower defense/Isometric/rock_tallA_SW.png using Guid(ae0cf1bc59b03bf4ab10064a7b259da7) Importer(2089858483,192608db42251d675da83286b1cce702) (ScriptedImporter) -> (artifact id: '1431187c8056fd865a90e0d89c8a1568') in 0.0573741 seconds
Number of updated asset objects reloaded before import = 0Number of asset objects unloaded after import = 1

========================================================================
Received Import Request.
  Time since last request: 0.000039 seconds.
  path: Assets/Kit/Enviroment/tower defense/Isometric/rock_smallFlatB_SW.png
  artifactKey: Guid(f7be87f8e6a1f564999178cfb2f815f8) Importer(2089858483,192608db42251d675da83286b1cce702)
Start importing Assets/Kit/Enviroment/tower defense/Isometric/rock_smallFlatB_SW.png using Guid(f7be87f8e6a1f564999178cfb2f815f8) Importer(2089858483,192608db42251d675da83286b1cce702) (ScriptedImporter) -> (artifact id: '3c62b68ae6448078066724108ab9235d') in 0.0640996 seconds
Number of updated asset objects reloaded before import = 0Number of asset objects unloaded after import = 1

========================================================================
Received Import Request.
  Time since last request: 0.000047 seconds.
  path: Assets/Kit/Enviroment/tower defense/Isometric/sign_NE.png
  artifactKey: Guid(b85bba06a51b7fb4582d6bcc403f57cc) Importer(2089858483,192608db42251d675da83286b1cce702)
Start importing Assets/Kit/Enviroment/tower defense/Isometric/sign_NE.png using Guid(b85bba06a51b7fb4582d6bcc403f57cc) Importer(2089858483,192608db42251d675da83286b1cce702) (ScriptedImporter) -> (artifact id: 'a4abad58b20e47dbfaa4bba91ec34f9e') in 0.0552244 seconds
Number of updated asset objects reloaded before import = 0Number of asset objects unloaded after import = 1

========================================================================
Received Import Request.
  Time since last request: 0.000030 seconds.
  path: Assets/Kit/Enviroment/tower defense/Isometric/rock_tallB_SW.png
  artifactKey: Guid(7f8e78d793d28d147ab4a94ffb64d29b) Importer(2089858483,192608db42251d675da83286b1cce702)
Start importing Assets/Kit/Enviroment/tower defense/Isometric/rock_tallB_SW.png using Guid(7f8e78d793d28d147ab4a94ffb64d29b) Importer(2089858483,192608db42251d675da83286b1cce702) (ScriptedImporter) -> (artifact id: '4382c6063b349ddc83c4a9f0c2f4a85d') in 0.0654856 seconds
Number of updated asset objects reloaded before import = 0Number of asset objects unloaded after import = 1

========================================================================
Received Import Request.
  Time since last request: 0.000033 seconds.
  path: Assets/Kit/Enviroment/tower defense/Isometric/rock_smallFlatA_SW.png
  artifactKey: Guid(8d50b5b826dc5cc46b9c588283a96a5a) Importer(2089858483,192608db42251d675da83286b1cce702)
Start importing Assets/Kit/Enviroment/tower defense/Isometric/rock_smallFlatA_SW.png using Guid(8d50b5b826dc5cc46b9c588283a96a5a) Importer(2089858483,192608db42251d675da83286b1cce702) (ScriptedImporter) -> (artifact id: '7f7abcda827c9f38b4ea01100db36e4c') in 0.0547629 seconds
Number of updated asset objects reloaded before import = 0Number of asset objects unloaded after import = 1

========================================================================
Received Import Request.
  Time since last request: 0.000039 seconds.
  path: Assets/Kit/Enviroment/tower defense/Isometric/rock_smallD_SW.png
  artifactKey: Guid(d92556f2c2cc6ad46ac1e55e52df7345) Importer(2089858483,192608db42251d675da83286b1cce702)
Start importing Assets/Kit/Enviroment/tower defense/Isometric/rock_smallD_SW.png using Guid(d92556f2c2cc6ad46ac1e55e52df7345) Importer(2089858483,192608db42251d675da83286b1cce702) (ScriptedImporter) -> (artifact id: '9cff13de8f1e6ce17c5e33f6925d8759') in 0.0627587 seconds
Number of updated asset objects reloaded before import = 0Number of asset objects unloaded after import = 1

========================================================================
Received Import Request.
  Time since last request: 0.000064 seconds.
  path: Assets/Kit/Enviroment/tower defense/Isometric/rock_tallF_NW.png
  artifactKey: Guid(3b0a229de75d13642b590813f084e13e) Importer(2089858483,192608db42251d675da83286b1cce702)
Start importing Assets/Kit/Enviroment/tower defense/Isometric/rock_tallF_NW.png using Guid(3b0a229de75d13642b590813f084e13e) Importer(2089858483,192608db42251d675da83286b1cce702) (ScriptedImporter) -> (artifact id: 'b16ea44be8d8717959f97d4bc4616f92') in 0.058504 seconds
Number of updated asset objects reloaded before import = 0Number of asset objects unloaded after import = 1

========================================================================
Received Import Request.
  Time since last request: 0.000046 seconds.
  path: Assets/Kit/Enviroment/tower defense/Isometric/rock_tallE_NW.png
  artifactKey: Guid(7942b4df5c91d10458fed407d8e60095) Importer(2089858483,192608db42251d675da83286b1cce702)
Start importing Assets/Kit/Enviroment/tower defense/Isometric/rock_tallE_NW.png using Guid(7942b4df5c91d10458fed407d8e60095) Importer(2089858483,192608db42251d675da83286b1cce702) (ScriptedImporter) -> (artifact id: '14b685e90b0e052d4447fa3af84e6412') in 0.0589864 seconds
Number of updated asset objects reloaded before import = 0Number of asset objects unloaded after import = 1

========================================================================
Received Import Request.
  Time since last request: 0.000051 seconds.
  path: Assets/Kit/Enviroment/tower defense/Isometric/rock_smallG_NE.png
  artifactKey: Guid(951200ec77413f442aae01a4e2b9d0c5) Importer(2089858483,192608db42251d675da83286b1cce702)
Start importing Assets/Kit/Enviroment/tower defense/Isometric/rock_smallG_NE.png using Guid(951200ec77413f442aae01a4e2b9d0c5) Importer(2089858483,192608db42251d675da83286b1cce702) (ScriptedImporter) -> (artifact id: '008655308404e09bd03f99c09559e600') in 0.0658332 seconds
Number of updated asset objects reloaded before import = 0Number of asset objects unloaded after import = 1

========================================================================
Received Import Request.
  Time since last request: 0.000025 seconds.
  path: Assets/Kit/Enviroment/tower defense/Isometric/rock_tallJ_SE.png
  artifactKey: Guid(26ed45d2d09b2bf4bb649e00bea061b0) Importer(2089858483,192608db42251d675da83286b1cce702)
Start importing Assets/Kit/Enviroment/tower defense/Isometric/rock_tallJ_SE.png using Guid(26ed45d2d09b2bf4bb649e00bea061b0) Importer(2089858483,192608db42251d675da83286b1cce702) (ScriptedImporter) -> (artifact id: 'be363dc7b6befabc138e8c34b73225c0') in 0.0574223 seconds
Number of updated asset objects reloaded before import = 0Number of asset objects unloaded after import = 1

========================================================================
Received Import Request.
  Time since last request: 0.000038 seconds.
  path: Assets/Kit/Enviroment/tower defense/Isometric/rock_smallTopB_NW.png
  artifactKey: Guid(d591bdb106ea2384ea0bd5ebe6005420) Importer(2089858483,192608db42251d675da83286b1cce702)
Start importing Assets/Kit/Enviroment/tower defense/Isometric/rock_smallTopB_NW.png using Guid(d591bdb106ea2384ea0bd5ebe6005420) Importer(2089858483,192608db42251d675da83286b1cce702) (ScriptedImporter) -> (artifact id: '9e4a2938d9f0d633a1672c42eae2915e') in 0.0551203 seconds
Number of updated asset objects reloaded before import = 0Number of asset objects unloaded after import = 1

========================================================================
Received Import Request.
  Time since last request: 0.000035 seconds.
  path: Assets/Kit/Enviroment/tower defense/Isometric/rock_tallH_NW.png
  artifactKey: Guid(6dac8da3e3be50e4197926315c499325) Importer(2089858483,192608db42251d675da83286b1cce702)
Start importing Assets/Kit/Enviroment/tower defense/Isometric/rock_tallH_NW.png using Guid(6dac8da3e3be50e4197926315c499325) Importer(2089858483,192608db42251d675da83286b1cce702) (ScriptedImporter) -> (artifact id: '711036039ed916f99be07f14f53d2957') in 0.058367 seconds
Number of updated asset objects reloaded before import = 0Number of asset objects unloaded after import = 1

========================================================================
Received Import Request.
  Time since last request: 0.465046 seconds.
  path: Assets/Kit/Enviroment/tower defense/Isometric/statue_columnDamaged_SE.png
  artifactKey: Guid(f9d53d8fd8a68404fbcf5eb61e970dd7) Importer(2089858483,192608db42251d675da83286b1cce702)
Start importing Assets/Kit/Enviroment/tower defense/Isometric/statue_columnDamaged_SE.png using Guid(f9d53d8fd8a68404fbcf5eb61e970dd7) Importer(2089858483,192608db42251d675da83286b1cce702) (ScriptedImporter) -> (artifact id: 'efc6beb16a99a77b6dec31b9017e826e') in 0.039438 seconds
Number of updated asset objects reloaded before import = 0Number of asset objects unloaded after import = 1

========================================================================
Received Import Request.
  Time since last request: 0.000032 seconds.
  path: Assets/Kit/Enviroment/tower defense/Isometric/stone_smallH_SW.png
  artifactKey: Guid(2c42252774295284e9f2804d446c0e56) Importer(2089858483,192608db42251d675da83286b1cce702)
Start importing Assets/Kit/Enviroment/tower defense/Isometric/stone_smallH_SW.png using Guid(2c42252774295284e9f2804d446c0e56) Importer(2089858483,192608db42251d675da83286b1cce702) (ScriptedImporter) -> (artifact id: '58fb4819409d550afc0f2d411f8a4c1d') in 0.0539609 seconds
Number of updated asset objects reloaded before import = 0Number of asset objects unloaded after import = 1

========================================================================
Received Import Request.
  Time since last request: 0.000034 seconds.
  path: Assets/Kit/Enviroment/tower defense/Isometric/stone_smallI_NW.png
  artifactKey: Guid(695bf6d1902718f4c8676739fd48fc7c) Importer(2089858483,192608db42251d675da83286b1cce702)
Start importing Assets/Kit/Enviroment/tower defense/Isometric/stone_smallI_NW.png using Guid(695bf6d1902718f4c8676739fd48fc7c) Importer(2089858483,192608db42251d675da83286b1cce702) (ScriptedImporter) -> (artifact id: '8f41c4f24f254070b57086324219c2be') in 0.0522962 seconds
Number of updated asset objects reloaded before import = 0Number of asset objects unloaded after import = 1

========================================================================
Received Import Request.
  Time since last request: 0.000023 seconds.
  path: Assets/Kit/Enviroment/tower defense/Isometric/stone_smallFlatB_NE.png
  artifactKey: Guid(e0008a4b51b36e5459681c59c5c1b0a2) Importer(2089858483,192608db42251d675da83286b1cce702)
Start importing Assets/Kit/Enviroment/tower defense/Isometric/stone_smallFlatB_NE.png using Guid(e0008a4b51b36e5459681c59c5c1b0a2) Importer(2089858483,192608db42251d675da83286b1cce702) (ScriptedImporter) -> (artifact id: '8f194b17467c049f5a01a0ead587df4f') in 0.0548612 seconds
Number of updated asset objects reloaded before import = 0Number of asset objects unloaded after import = 1

========================================================================
Received Import Request.
  Time since last request: 0.000038 seconds.
  path: Assets/Kit/Enviroment/tower defense/Isometric/stone_smallFlatA_NE.png
  artifactKey: Guid(671940c6572f85442a4dfeec62e0cf4f) Importer(2089858483,192608db42251d675da83286b1cce702)
Start importing Assets/Kit/Enviroment/tower defense/Isometric/stone_smallFlatA_NE.png using Guid(671940c6572f85442a4dfeec62e0cf4f) Importer(2089858483,192608db42251d675da83286b1cce702) (ScriptedImporter) -> (artifact id: '4efa450679e033dd673d9aba35be1ada') in 0.0712968 seconds
Number of updated asset objects reloaded before import = 0Number of asset objects unloaded after import = 1

========================================================================
Received Import Request.
  Time since last request: 0.000038 seconds.
  path: Assets/Kit/Enviroment/tower defense/Isometric/stone_smallB_SE.png
  artifactKey: Guid(582ca8dbec409e943962c26604873878) Importer(2089858483,192608db42251d675da83286b1cce702)
Start importing Assets/Kit/Enviroment/tower defense/Isometric/stone_smallB_SE.png using Guid(582ca8dbec409e943962c26604873878) Importer(2089858483,192608db42251d675da83286b1cce702) (ScriptedImporter) -> (artifact id: '08f7eb3387f4ba895d89e02461eb8bd8') in 0.0570218 seconds
Number of updated asset objects reloaded before import = 0Number of asset objects unloaded after import = 1

========================================================================
Received Import Request.
  Time since last request: 0.000027 seconds.
  path: Assets/Kit/Enviroment/tower defense/Isometric/stone_smallG_NW.png
  artifactKey: Guid(2b532516ea02cb84895e940a1136b28e) Importer(2089858483,192608db42251d675da83286b1cce702)
Start importing Assets/Kit/Enviroment/tower defense/Isometric/stone_smallG_NW.png using Guid(2b532516ea02cb84895e940a1136b28e) Importer(2089858483,192608db42251d675da83286b1cce702) (ScriptedImporter) -> (artifact id: 'e78d328520fc9ac840c101db2bda63f2') in 0.0479958 seconds
Number of updated asset objects reloaded before import = 0Number of asset objects unloaded after import = 1

========================================================================
Received Import Request.
  Time since last request: 0.000026 seconds.
  path: Assets/Kit/Enviroment/tower defense/Isometric/stone_largeE_SE.png
  artifactKey: Guid(ed5424f1dec88b644b66344b1df0e708) Importer(2089858483,192608db42251d675da83286b1cce702)
Start importing Assets/Kit/Enviroment/tower defense/Isometric/stone_largeE_SE.png using Guid(ed5424f1dec88b644b66344b1df0e708) Importer(2089858483,192608db42251d675da83286b1cce702) (ScriptedImporter) -> (artifact id: '656388e5415af22377aeef579661ee84') in 0.0582439 seconds
Number of updated asset objects reloaded before import = 0Number of asset objects unloaded after import = 1

========================================================================
Received Import Request.
  Time since last request: 0.000068 seconds.
  path: Assets/Kit/Enviroment/tower defense/Isometric/stone_smallB_NE.png
  artifactKey: Guid(af2010e4133725544bb3ece098247c8c) Importer(2089858483,192608db42251d675da83286b1cce702)
Start importing Assets/Kit/Enviroment/tower defense/Isometric/stone_smallB_NE.png using Guid(af2010e4133725544bb3ece098247c8c) Importer(2089858483,192608db42251d675da83286b1cce702) (ScriptedImporter) -> (artifact id: 'd74b49270fcc2f52b74d4527b16a46de') in 0.0556308 seconds
Number of updated asset objects reloaded before import = 0Number of asset objects unloaded after import = 1

========================================================================
Received Import Request.
  Time since last request: 0.000023 seconds.
  path: Assets/Kit/Enviroment/tower defense/Isometric/stone_largeB_SW.png
  artifactKey: Guid(150739bec443efc4b89f1687a39c31ac) Importer(2089858483,192608db42251d675da83286b1cce702)
Start importing Assets/Kit/Enviroment/tower defense/Isometric/stone_largeB_SW.png using Guid(150739bec443efc4b89f1687a39c31ac) Importer(2089858483,192608db42251d675da83286b1cce702) (ScriptedImporter) -> (artifact id: 'f43e6a25c3447144f12d2d626c0172e6') in 0.0676268 seconds
Number of updated asset objects reloaded before import = 0Number of asset objects unloaded after import = 1

========================================================================
Received Import Request.
  Time since last request: 0.000029 seconds.
  path: Assets/Kit/Enviroment/tower defense/Isometric/stone_largeD_SW.png
  artifactKey: Guid(75a8d21abd252b34a83707180428d3c5) Importer(2089858483,192608db42251d675da83286b1cce702)
Start importing Assets/Kit/Enviroment/tower defense/Isometric/stone_largeD_SW.png using Guid(75a8d21abd252b34a83707180428d3c5) Importer(2089858483,192608db42251d675da83286b1cce702) (ScriptedImporter) -> (artifact id: '1c2f573c5b2007ddfc1ef3bc409da28b') in 0.0855498 seconds
Number of updated asset objects reloaded before import = 0Number of asset objects unloaded after import = 1

========================================================================
Received Import Request.
  Time since last request: 0.000050 seconds.
  path: Assets/Kit/Enviroment/tower defense/Isometric/stone_largeD_SE.png
  artifactKey: Guid(cdcecdb506427cb4d9305c8ab08a98b5) Importer(2089858483,192608db42251d675da83286b1cce702)
Start importing Assets/Kit/Enviroment/tower defense/Isometric/stone_largeD_SE.png using Guid(cdcecdb506427cb4d9305c8ab08a98b5) Importer(2089858483,192608db42251d675da83286b1cce702) (ScriptedImporter) -> (artifact id: '2cb0d4fcaf5527c2cc328fd94d49936d') in 0.0497057 seconds
Number of updated asset objects reloaded before import = 0Number of asset objects unloaded after import = 1

========================================================================
Received Import Request.
  Time since last request: 0.000025 seconds.
  path: Assets/Kit/Enviroment/tower defense/Isometric/stone_largeA_NW.png
  artifactKey: Guid(7b0c7e1ea20c4924894f932f53555d08) Importer(2089858483,192608db42251d675da83286b1cce702)
Start importing Assets/Kit/Enviroment/tower defense/Isometric/stone_largeA_NW.png using Guid(7b0c7e1ea20c4924894f932f53555d08) Importer(2089858483,192608db42251d675da83286b1cce702) (ScriptedImporter) -> (artifact id: '4a335ed6aa0abf11abdb6c56df2aa90e') in 0.0516665 seconds
Number of updated asset objects reloaded before import = 0Number of asset objects unloaded after import = 1

========================================================================
Received Import Request.
  Time since last request: 0.000036 seconds.
  path: Assets/Kit/Enviroment/tower defense/Isometric/statue_head_SW.png
  artifactKey: Guid(dab09cf23ef4bb54f830c6031f80c191) Importer(2089858483,192608db42251d675da83286b1cce702)
Start importing Assets/Kit/Enviroment/tower defense/Isometric/statue_head_SW.png using Guid(dab09cf23ef4bb54f830c6031f80c191) Importer(2089858483,192608db42251d675da83286b1cce702) (ScriptedImporter) -> (artifact id: '2a7ef26fd6412dbef998bcf773b1341d') in 0.0748654 seconds
Number of updated asset objects reloaded before import = 0Number of asset objects unloaded after import = 1

========================================================================
Received Import Request.
  Time since last request: 0.000035 seconds.
  path: Assets/Kit/Enviroment/tower defense/Isometric/stone_smallA_NW.png
  artifactKey: Guid(fd3d51a662eb9fa439de283b48351567) Importer(2089858483,192608db42251d675da83286b1cce702)
Start importing Assets/Kit/Enviroment/tower defense/Isometric/stone_smallA_NW.png using Guid(fd3d51a662eb9fa439de283b48351567) Importer(2089858483,192608db42251d675da83286b1cce702) (ScriptedImporter) -> (artifact id: '6bbfc9d82acb9eaa1436986fcf82949b') in 0.0593355 seconds
Number of updated asset objects reloaded before import = 0Number of asset objects unloaded after import = 1

========================================================================
Received Import Request.
  Time since last request: 0.000024 seconds.
  path: Assets/Kit/Enviroment/tower defense/Isometric/stone_smallFlatC_SW.png
  artifactKey: Guid(7e67191a7fcc2e74cb54352b3ff91123) Importer(2089858483,192608db42251d675da83286b1cce702)
Start importing Assets/Kit/Enviroment/tower defense/Isometric/stone_smallFlatC_SW.png using Guid(7e67191a7fcc2e74cb54352b3ff91123) Importer(2089858483,192608db42251d675da83286b1cce702) (ScriptedImporter) -> (artifact id: 'e5be02750440cb7aa970abf3e60da007') in 0.0557797 seconds
Number of updated asset objects reloaded before import = 0Number of asset objects unloaded after import = 1

========================================================================
Received Import Request.
  Time since last request: 0.000028 seconds.
  path: Assets/Kit/Enviroment/tower defense/Isometric/stone_largeB_NE.png
  artifactKey: Guid(03773663ead6cbb4f9e288f32b172aa1) Importer(2089858483,192608db42251d675da83286b1cce702)
Start importing Assets/Kit/Enviroment/tower defense/Isometric/stone_largeB_NE.png using Guid(03773663ead6cbb4f9e288f32b172aa1) Importer(2089858483,192608db42251d675da83286b1cce702) (ScriptedImporter) -> (artifact id: '7c122617de46b8c116c222788e2d7a75') in 0.0522697 seconds
Number of updated asset objects reloaded before import = 0Number of asset objects unloaded after import = 1

========================================================================
Received Import Request.
  Time since last request: 0.000039 seconds.
  path: Assets/Kit/Enviroment/tower defense/Isometric/stone_smallTopA_NW.png
  artifactKey: Guid(37ec0a259bdb2bd45a84476ab5e96000) Importer(2089858483,192608db42251d675da83286b1cce702)
Start importing Assets/Kit/Enviroment/tower defense/Isometric/stone_smallTopA_NW.png using Guid(37ec0a259bdb2bd45a84476ab5e96000) Importer(2089858483,192608db42251d675da83286b1cce702) (ScriptedImporter) -> (artifact id: '624ba34afa8a869fa9d51379db295819') in 0.0654001 seconds
Number of updated asset objects reloaded before import = 0Number of asset objects unloaded after import = 1

========================================================================
Received Import Request.
  Time since last request: 0.000046 seconds.
  path: Assets/Kit/Enviroment/tower defense/Isometric/statue_ring_SE.png
  artifactKey: Guid(34ed725d491deb441abe9f1aa3eab569) Importer(2089858483,192608db42251d675da83286b1cce702)
Start importing Assets/Kit/Enviroment/tower defense/Isometric/statue_ring_SE.png using Guid(34ed725d491deb441abe9f1aa3eab569) Importer(2089858483,192608db42251d675da83286b1cce702) (ScriptedImporter) -> (artifact id: 'b084e43fd5938598eef4a2c040786c73') in 0.0763634 seconds
Number of updated asset objects reloaded before import = 0Number of asset objects unloaded after import = 1

========================================================================
Received Import Request.
  Time since last request: 0.000034 seconds.
  path: Assets/Kit/Enviroment/tower defense/Isometric/stone_smallH_NW.png
  artifactKey: Guid(9b1a95692984c354383f1f0532dabede) Importer(2089858483,192608db42251d675da83286b1cce702)
Start importing Assets/Kit/Enviroment/tower defense/Isometric/stone_smallH_NW.png using Guid(9b1a95692984c354383f1f0532dabede) Importer(2089858483,192608db42251d675da83286b1cce702) (ScriptedImporter) -> (artifact id: 'a1e1cf73732f5e087b76ea8642364e3a') in 0.0539938 seconds
Number of updated asset objects reloaded before import = 0Number of asset objects unloaded after import = 1

========================================================================
Received Import Request.
  Time since last request: 0.501297 seconds.
  path: Assets/Kit/Enviroment/tower defense/Isometric/stone_tallA_SE.png
  artifactKey: Guid(47861c7b127941843830109dfd0487b4) Importer(2089858483,192608db42251d675da83286b1cce702)
Start importing Assets/Kit/Enviroment/tower defense/Isometric/stone_tallA_SE.png using Guid(47861c7b127941843830109dfd0487b4) Importer(2089858483,192608db42251d675da83286b1cce702) (ScriptedImporter) -> (artifact id: 'a8c044b63c8d58e0132fdf29938fedf7') in 0.0453317 seconds
Number of updated asset objects reloaded before import = 0Number of asset objects unloaded after import = 1

========================================================================
Received Import Request.
  Time since last request: 0.000018 seconds.
  path: Assets/Kit/Enviroment/tower defense/Isometric/tree_cone_NW.png
  artifactKey: Guid(089970e417ebb584eaff3923cf2cf251) Importer(2089858483,192608db42251d675da83286b1cce702)
Start importing Assets/Kit/Enviroment/tower defense/Isometric/tree_cone_NW.png using Guid(089970e417ebb584eaff3923cf2cf251) Importer(2089858483,192608db42251d675da83286b1cce702) (ScriptedImporter) -> (artifact id: '0018b7f17e8c2032cbed027c039c8bd0') in 0.0447768 seconds
Number of updated asset objects reloaded before import = 0Number of asset objects unloaded after import = 1

========================================================================
Received Import Request.
  Time since last request: 0.000027 seconds.
  path: Assets/Kit/Enviroment/tower defense/Isometric/stone_tallF_NE.png
  artifactKey: Guid(efaf42f89a1fbc9459c8aff3e5473167) Importer(2089858483,192608db42251d675da83286b1cce702)
Start importing Assets/Kit/Enviroment/tower defense/Isometric/stone_tallF_NE.png using Guid(efaf42f89a1fbc9459c8aff3e5473167) Importer(2089858483,192608db42251d675da83286b1cce702) (ScriptedImporter) -> (artifact id: '5d5772d30b1559bfb68949f79fc69a78') in 0.0597821 seconds
Number of updated asset objects reloaded before import = 0Number of asset objects unloaded after import = 1

========================================================================
Received Import Request.
  Time since last request: 0.000045 seconds.
  path: Assets/Kit/Enviroment/tower defense/Isometric/tree_oak_dark_SW.png
  artifactKey: Guid(069cac707ba98e04184d844efe8e18ba) Importer(2089858483,192608db42251d675da83286b1cce702)
Start importing Assets/Kit/Enviroment/tower defense/Isometric/tree_oak_dark_SW.png using Guid(069cac707ba98e04184d844efe8e18ba) Importer(2089858483,192608db42251d675da83286b1cce702) (ScriptedImporter) -> (artifact id: 'c152fac678824b002064ff413f9abdeb') in 0.049012 seconds
Number of updated asset objects reloaded before import = 0Number of asset objects unloaded after import = 1

========================================================================
Received Import Request.
  Time since last request: 0.000024 seconds.
  path: Assets/Kit/Enviroment/tower defense/Isometric/tree_default_fall_NW.png
  artifactKey: Guid(34dcd36e65b84604db94c3f8cc5c75ba) Importer(2089858483,192608db42251d675da83286b1cce702)
Start importing Assets/Kit/Enviroment/tower defense/Isometric/tree_default_fall_NW.png using Guid(34dcd36e65b84604db94c3f8cc5c75ba) Importer(2089858483,192608db42251d675da83286b1cce702) (ScriptedImporter) -> (artifact id: '89692480dd7b184b358f2664f6ed4132') in 0.0600834 seconds
Number of updated asset objects reloaded before import = 0Number of asset objects unloaded after import = 1

========================================================================
Received Import Request.
  Time since last request: 0.000028 seconds.
  path: Assets/Kit/Enviroment/tower defense/Isometric/tree_default_fall_NE.png
  artifactKey: Guid(8df484c14f22a954f95107a595197abd) Importer(2089858483,192608db42251d675da83286b1cce702)
Start importing Assets/Kit/Enviroment/tower defense/Isometric/tree_default_fall_NE.png using Guid(8df484c14f22a954f95107a595197abd) Importer(2089858483,192608db42251d675da83286b1cce702) (ScriptedImporter) -> (artifact id: '0e65fcfe5f7a2edda844149ff8f8cd52') in 0.0649709 seconds
Number of updated asset objects reloaded before import = 0Number of asset objects unloaded after import = 1

========================================================================
Received Import Request.
  Time since last request: 0.000047 seconds.
  path: Assets/Kit/Enviroment/tower defense/Isometric/tree_cone_dark_NE.png
  artifactKey: Guid(d12eb76480e2c2a41b669642a40db378) Importer(2089858483,192608db42251d675da83286b1cce702)
Start importing Assets/Kit/Enviroment/tower defense/Isometric/tree_cone_dark_NE.png using Guid(d12eb76480e2c2a41b669642a40db378) Importer(2089858483,192608db42251d675da83286b1cce702) (ScriptedImporter) -> (artifact id: 'd1880533931a1dac3498a33b7bf16201') in 0.0597333 seconds
Number of updated asset objects reloaded before import = 0Number of asset objects unloaded after import = 1

========================================================================
Received Import Request.
  Time since last request: 0.000029 seconds.
  path: Assets/Kit/Enviroment/tower defense/Isometric/stone_tallE_SE.png
  artifactKey: Guid(3f141a8cd29949344b5ed0e62543cd19) Importer(2089858483,192608db42251d675da83286b1cce702)
Start importing Assets/Kit/Enviroment/tower defense/Isometric/stone_tallE_SE.png using Guid(3f141a8cd29949344b5ed0e62543cd19) Importer(2089858483,192608db42251d675da83286b1cce702) (ScriptedImporter) -> (artifact id: '72b4b77b69d3688a9ec904e42adc5013') in 0.0489467 seconds
Number of updated asset objects reloaded before import = 0Number of asset objects unloaded after import = 1

========================================================================
Received Import Request.
  Time since last request: 0.000029 seconds.
  path: Assets/Kit/Enviroment/tower defense/Isometric/tree_cone_fall_SE.png
  artifactKey: Guid(a2e7941c7dd603343938623b97cd7b05) Importer(2089858483,192608db42251d675da83286b1cce702)
Start importing Assets/Kit/Enviroment/tower defense/Isometric/tree_cone_fall_SE.png using Guid(a2e7941c7dd603343938623b97cd7b05) Importer(2089858483,192608db42251d675da83286b1cce702) (ScriptedImporter) -> (artifact id: '2b14e5d87edcf19a24acce5a8b56e1cf') in 0.0934856 seconds
Number of updated asset objects reloaded before import = 0Number of asset objects unloaded after import = 1

========================================================================
Received Import Request.
  Time since last request: 0.000048 seconds.
  path: Assets/Kit/Enviroment/tower defense/Isometric/stone_tallD_SE.png
  artifactKey: Guid(4070fec38ce1d184fafc8bd64b9bfc97) Importer(2089858483,192608db42251d675da83286b1cce702)
Start importing Assets/Kit/Enviroment/tower defense/Isometric/stone_tallD_SE.png using Guid(4070fec38ce1d184fafc8bd64b9bfc97) Importer(2089858483,192608db42251d675da83286b1cce702) (ScriptedImporter) -> (artifact id: '9b761d10931c564a78688bcf4270e247') in 0.0574749 seconds
Number of updated asset objects reloaded before import = 0Number of asset objects unloaded after import = 1

========================================================================
Received Import Request.
  Time since last request: 0.000029 seconds.
  path: Assets/Kit/Enviroment/tower defense/Isometric/stump_square_NE.png
  artifactKey: Guid(a8d296cb42795c741a4768f54c0a937c) Importer(2089858483,192608db42251d675da83286b1cce702)
Start importing Assets/Kit/Enviroment/tower defense/Isometric/stump_square_NE.png using Guid(a8d296cb42795c741a4768f54c0a937c) Importer(2089858483,192608db42251d675da83286b1cce702) (ScriptedImporter) -> (artifact id: 'b2c1b0abc7000b5078c50dae67a7b36e') in 0.0526511 seconds
Number of updated asset objects reloaded before import = 0Number of asset objects unloaded after import = 1

========================================================================
Received Import Request.
  Time since last request: 0.000034 seconds.
  path: Assets/Kit/Enviroment/tower defense/Isometric/stump_oldTall_NW.png
  artifactKey: Guid(2bd5528a8fb11984382d7fdda1454744) Importer(2089858483,192608db42251d675da83286b1cce702)
Start importing Assets/Kit/Enviroment/tower defense/Isometric/stump_oldTall_NW.png using Guid(2bd5528a8fb11984382d7fdda1454744) Importer(2089858483,192608db42251d675da83286b1cce702) (ScriptedImporter) -> (artifact id: '4669ec85e53c2033a0fbad7da4819325') in 0.0729694 seconds
Number of updated asset objects reloaded before import = 0Number of asset objects unloaded after import = 1

========================================================================
Received Import Request.
  Time since last request: 0.000051 seconds.
  path: Assets/Kit/Enviroment/tower defense/Isometric/stone_tallD_NE.png
  artifactKey: Guid(e4df0b52e3fb3a5459deb444dbce9069) Importer(2089858483,192608db42251d675da83286b1cce702)
Start importing Assets/Kit/Enviroment/tower defense/Isometric/stone_tallD_NE.png using Guid(e4df0b52e3fb3a5459deb444dbce9069) Importer(2089858483,192608db42251d675da83286b1cce702) (ScriptedImporter) -> (artifact id: '103fd0077ac9ca1f389c9026ef8939b5') in 0.0560672 seconds
Number of updated asset objects reloaded before import = 0Number of asset objects unloaded after import = 1

========================================================================
Received Import Request.
  Time since last request: 0.000024 seconds.
  path: Assets/Kit/Enviroment/tower defense/Isometric/tree_default_SW.png
  artifactKey: Guid(5fdd1c6fb6511b34f931ac61d053e643) Importer(2089858483,192608db42251d675da83286b1cce702)
Start importing Assets/Kit/Enviroment/tower defense/Isometric/tree_default_SW.png using Guid(5fdd1c6fb6511b34f931ac61d053e643) Importer(2089858483,192608db42251d675da83286b1cce702) (ScriptedImporter) -> (artifact id: '3e5b365c2ba32a6f3b45a073890a92b3') in 0.0562422 seconds
Number of updated asset objects reloaded before import = 0Number of asset objects unloaded after import = 1

========================================================================
Received Import Request.
  Time since last request: 0.000027 seconds.
  path: Assets/Kit/Enviroment/tower defense/Isometric/tree_fat_NW.png
  artifactKey: Guid(65a606e7f02a6ce4ab001aa7ebe172e2) Importer(2089858483,192608db42251d675da83286b1cce702)
Start importing Assets/Kit/Enviroment/tower defense/Isometric/tree_fat_NW.png using Guid(65a606e7f02a6ce4ab001aa7ebe172e2) Importer(2089858483,192608db42251d675da83286b1cce702) (ScriptedImporter) -> (artifact id: 'b58e63140a1b5f923062c9f0992056b8') in 0.0628255 seconds
Number of updated asset objects reloaded before import = 0Number of asset objects unloaded after import = 1

========================================================================
Received Import Request.
  Time since last request: 0.000050 seconds.
  path: Assets/Kit/Enviroment/tower defense/Isometric/tent_detailedOpen_SW.png
  artifactKey: Guid(89b9ff7fd35265d448284318662f34e1) Importer(2089858483,192608db42251d675da83286b1cce702)
Start importing Assets/Kit/Enviroment/tower defense/Isometric/tent_detailedOpen_SW.png using Guid(89b9ff7fd35265d448284318662f34e1) Importer(2089858483,192608db42251d675da83286b1cce702) (ScriptedImporter) -> (artifact id: '4d0d28da92c2f127ef75ae20e3492caa') in 0.0731182 seconds
Number of updated asset objects reloaded before import = 0Number of asset objects unloaded after import = 1

========================================================================
Received Import Request.
  Time since last request: 0.000029 seconds.
  path: Assets/Kit/Enviroment/tower defense/Isometric/tree_fat_darkh_NW.png
  artifactKey: Guid(cd99fe7af5c55b2429cecac459c4911d) Importer(2089858483,192608db42251d675da83286b1cce702)
Start importing Assets/Kit/Enviroment/tower defense/Isometric/tree_fat_darkh_NW.png using Guid(cd99fe7af5c55b2429cecac459c4911d) Importer(2089858483,192608db42251d675da83286b1cce702) (ScriptedImporter) -> (artifact id: '5a6d6fad1fbbbc15f22a924d1d69aef7') in 0.0599011 seconds
Number of updated asset objects reloaded before import = 0Number of asset objects unloaded after import = 1

========================================================================
Received Import Request.
  Time since last request: 0.000025 seconds.
  path: Assets/Kit/Enviroment/tower defense/Isometric/tree_blocks_SW.png
  artifactKey: Guid(5e4f9c4e117d0fe499fe704be7971b72) Importer(2089858483,192608db42251d675da83286b1cce702)
Start importing Assets/Kit/Enviroment/tower defense/Isometric/tree_blocks_SW.png using Guid(5e4f9c4e117d0fe499fe704be7971b72) Importer(2089858483,192608db42251d675da83286b1cce702) (ScriptedImporter) -> (artifact id: 'a76623917e75734424c66954132cfd33') in 0.0600025 seconds
Number of updated asset objects reloaded before import = 0Number of asset objects unloaded after import = 1

========================================================================
Received Import Request.
  Time since last request: 0.000086 seconds.
  path: Assets/Kit/Enviroment/tower defense/Isometric/tree_default_SE.png
  artifactKey: Guid(fb2f317d34d28eb4d8c9da054708134f) Importer(2089858483,192608db42251d675da83286b1cce702)
Start importing Assets/Kit/Enviroment/tower defense/Isometric/tree_default_SE.png using Guid(fb2f317d34d28eb4d8c9da054708134f) Importer(2089858483,192608db42251d675da83286b1cce702) (ScriptedImporter) -> (artifact id: '3b202f2913db4ae4ec9b452923da1936') in 0.0722628 seconds
Number of updated asset objects reloaded before import = 0Number of asset objects unloaded after import = 1

========================================================================
Received Import Request.
  Time since last request: 0.000026 seconds.
  path: Assets/Kit/Enviroment/tower defense/Isometric/tree_detailed_fall_NE.png
  artifactKey: Guid(3d3d2ff359997304bb3a5c7d0b48af0d) Importer(2089858483,192608db42251d675da83286b1cce702)
Start importing Assets/Kit/Enviroment/tower defense/Isometric/tree_detailed_fall_NE.png using Guid(3d3d2ff359997304bb3a5c7d0b48af0d) Importer(2089858483,192608db42251d675da83286b1cce702) (ScriptedImporter) -> (artifact id: '6e8d9fe0c6746b0bccdd27c4aac3aa9f') in 0.0703632 seconds
Number of updated asset objects reloaded before import = 0Number of asset objects unloaded after import = 1

========================================================================
Received Import Request.
  Time since last request: 0.000033 seconds.
  path: Assets/Kit/Enviroment/tower defense/Isometric/tree_blocks_fall_NE.png
  artifactKey: Guid(470f29557944ec045b4af532bafcc3b4) Importer(2089858483,192608db42251d675da83286b1cce702)
Start importing Assets/Kit/Enviroment/tower defense/Isometric/tree_blocks_fall_NE.png using Guid(470f29557944ec045b4af532bafcc3b4) Importer(2089858483,192608db42251d675da83286b1cce702) (ScriptedImporter) -> (artifact id: 'bc2e860172dc6abe784205047759e6d3') in 0.0757015 seconds
Number of updated asset objects reloaded before import = 0Number of asset objects unloaded after import = 1

========================================================================
Received Import Request.
  Time since last request: 0.000044 seconds.
  path: Assets/Kit/Enviroment/tower defense/Isometric/tent_smallOpen_NW.png
  artifactKey: Guid(888b1c2a129e1264b8fad45bb6f869cc) Importer(2089858483,192608db42251d675da83286b1cce702)
Start importing Assets/Kit/Enviroment/tower defense/Isometric/tent_smallOpen_NW.png using Guid(888b1c2a129e1264b8fad45bb6f869cc) Importer(2089858483,192608db42251d675da83286b1cce702) (ScriptedImporter) -> (artifact id: 'fdc067c18692757958b8440571690beb') in 0.057416 seconds
Number of updated asset objects reloaded before import = 0Number of asset objects unloaded after import = 1

========================================================================
Received Import Request.
  Time since last request: 0.000033 seconds.
  path: Assets/Kit/Enviroment/tower defense/Isometric/tree_blocks_fall_SE.png
  artifactKey: Guid(5d854b2b882ced4489e64f1cc8a015f2) Importer(2089858483,192608db42251d675da83286b1cce702)
Start importing Assets/Kit/Enviroment/tower defense/Isometric/tree_blocks_fall_SE.png using Guid(5d854b2b882ced4489e64f1cc8a015f2) Importer(2089858483,192608db42251d675da83286b1cce702) (ScriptedImporter) -> (artifact id: 'ca98a2892de4bf06fc0393d00e83334a') in 0.0674622 seconds
Number of updated asset objects reloaded before import = 0Number of asset objects unloaded after import = 1

========================================================================
Received Import Request.
  Time since last request: 0.000062 seconds.
  path: Assets/Kit/Enviroment/tower defense/Isometric/tree_default_dark_SW.png
  artifactKey: Guid(1ae88af31ff042546b1851fe4dfb9332) Importer(2089858483,192608db42251d675da83286b1cce702)
Start importing Assets/Kit/Enviroment/tower defense/Isometric/tree_default_dark_SW.png using Guid(1ae88af31ff042546b1851fe4dfb9332) Importer(2089858483,192608db42251d675da83286b1cce702) (ScriptedImporter) -> (artifact id: 'b681231bf389edc2890a3b62437af72c') in 0.073499 seconds
Number of updated asset objects reloaded before import = 0Number of asset objects unloaded after import = 1

========================================================================
Received Import Request.
  Time since last request: 0.000046 seconds.
  path: Assets/Kit/Enviroment/tower defense/Isometric/stone_tallF_NW.png
  artifactKey: Guid(3de3af04a43f30641b8cb6027d4746b3) Importer(2089858483,192608db42251d675da83286b1cce702)
Start importing Assets/Kit/Enviroment/tower defense/Isometric/stone_tallF_NW.png using Guid(3de3af04a43f30641b8cb6027d4746b3) Importer(2089858483,192608db42251d675da83286b1cce702) (ScriptedImporter) -> (artifact id: '64da2b282311498819def5b946704d9a') in 0.0628392 seconds
Number of updated asset objects reloaded before import = 0Number of asset objects unloaded after import = 1

========================================================================
Received Import Request.
  Time since last request: 0.000029 seconds.
  path: Assets/Kit/Enviroment/tower defense/Isometric/tree_pineTallB_NW.png
  artifactKey: Guid(c8d7dde5401a95f418a5687ae6b547e5) Importer(2089858483,192608db42251d675da83286b1cce702)
Start importing Assets/Kit/Enviroment/tower defense/Isometric/tree_pineTallB_NW.png using Guid(c8d7dde5401a95f418a5687ae6b547e5) Importer(2089858483,192608db42251d675da83286b1cce702) (ScriptedImporter) -> (artifact id: '1d8f46dee3ce13cc51e9815ab2719d3f') in 0.0618158 seconds
Number of updated asset objects reloaded before import = 0Number of asset objects unloaded after import = 1

========================================================================
Received Import Request.
  Time since last request: 0.000035 seconds.
  path: Assets/Kit/Enviroment/tower defense/Isometric/tree_palmDetailedTall_SW.png
  artifactKey: Guid(6e34d99638d92ae4891a6815f99c7e2c) Importer(2089858483,192608db42251d675da83286b1cce702)
Start importing Assets/Kit/Enviroment/tower defense/Isometric/tree_palmDetailedTall_SW.png using Guid(6e34d99638d92ae4891a6815f99c7e2c) Importer(2089858483,192608db42251d675da83286b1cce702) (ScriptedImporter) -> (artifact id: '2799570bb2a301bab30b9e3cca6a779f') in 0.0610902 seconds
Number of updated asset objects reloaded before import = 0Number of asset objects unloaded after import = 1

========================================================================
Received Import Request.
  Time since last request: 0.000046 seconds.
  path: Assets/Kit/Enviroment/tower defense/Isometric/tree_pineSmallC_SW.png
  artifactKey: Guid(2548316c6d3103945bd98e8d328ee056) Importer(2089858483,192608db42251d675da83286b1cce702)
Start importing Assets/Kit/Enviroment/tower defense/Isometric/tree_pineSmallC_SW.png using Guid(2548316c6d3103945bd98e8d328ee056) Importer(2089858483,192608db42251d675da83286b1cce702) (ScriptedImporter) -> (artifact id: '2cc6d56d7ca5d09681dd6baba41ce7a3') in 0.0566706 seconds
Number of updated asset objects reloaded before import = 0Number of asset objects unloaded after import = 1

========================================================================
Received Import Request.
  Time since last request: 0.000028 seconds.
  path: Assets/Kit/Enviroment/tower defense/Isometric/tree_pineSmallC_SE.png
  artifactKey: Guid(10cd0ebcb93cf5245afaa01ddfd48bfe) Importer(2089858483,192608db42251d675da83286b1cce702)
Start importing Assets/Kit/Enviroment/tower defense/Isometric/tree_pineSmallC_SE.png using Guid(10cd0ebcb93cf5245afaa01ddfd48bfe) Importer(2089858483,192608db42251d675da83286b1cce702) (ScriptedImporter) -> (artifact id: '0582c5c5470ce0733cbaa41982729b38') in 0.0901492 seconds
Number of updated asset objects reloaded before import = 0Number of asset objects unloaded after import = 1

========================================================================
Received Import Request.
  Time since last request: 0.000035 seconds.
  path: Assets/Kit/Enviroment/tower defense/Isometric/tree_pineGroundB_NE.png
  artifactKey: Guid(6ffe23816f13cca4cafd0da71dc94a0c) Importer(2089858483,192608db42251d675da83286b1cce702)
Start importing Assets/Kit/Enviroment/tower defense/Isometric/tree_pineGroundB_NE.png using Guid(6ffe23816f13cca4cafd0da71dc94a0c) Importer(2089858483,192608db42251d675da83286b1cce702) (ScriptedImporter) -> (artifact id: 'f9aa67f3532f4aea799ae27af6c36872') in 0.0585119 seconds
Number of updated asset objects reloaded before import = 0Number of asset objects unloaded after import = 1

========================================================================
Received Import Request.
  Time since last request: 0.000047 seconds.
  path: Assets/Kit/Enviroment/tower defense/Isometric/tree_pineTallA_SE.png
  artifactKey: Guid(df89ef60d59e6144196005181b2daf6a) Importer(2089858483,192608db42251d675da83286b1cce702)
Start importing Assets/Kit/Enviroment/tower defense/Isometric/tree_pineTallA_SE.png using Guid(df89ef60d59e6144196005181b2daf6a) Importer(2089858483,192608db42251d675da83286b1cce702) (ScriptedImporter) -> (artifact id: '6a5951f87dd2e53e9f925436c1363214') in 0.0546329 seconds
Number of updated asset objects reloaded before import = 0Number of asset objects unloaded after import = 1

========================================================================
Received Import Request.
  Time since last request: 0.000029 seconds.
  path: Assets/Kit/Enviroment/tower defense/Isometric/tree_oak_NE.png
  artifactKey: Guid(04dd0a055dd99934487315aa60b394b7) Importer(2089858483,192608db42251d675da83286b1cce702)
Start importing Assets/Kit/Enviroment/tower defense/Isometric/tree_oak_NE.png using Guid(04dd0a055dd99934487315aa60b394b7) Importer(2089858483,192608db42251d675da83286b1cce702) (ScriptedImporter) -> (artifact id: '33233f2b32f9540ef22ecfc39f0449d6') in 0.0747837 seconds
Number of updated asset objects reloaded before import = 0Number of asset objects unloaded after import = 1

========================================================================
Received Import Request.
  Time since last request: 0.000030 seconds.
  path: Assets/Kit/Enviroment/tower defense/Isometric/tree_palmBend_SW.png
  artifactKey: Guid(cb872fc6ea596d74a987cd0479742605) Importer(2089858483,192608db42251d675da83286b1cce702)
Start importing Assets/Kit/Enviroment/tower defense/Isometric/tree_palmBend_SW.png using Guid(cb872fc6ea596d74a987cd0479742605) Importer(2089858483,192608db42251d675da83286b1cce702) (ScriptedImporter) -> (artifact id: '93843cc2d3de24cbc43c0ea61bc799fc') in 0.0607902 seconds
Number of updated asset objects reloaded before import = 0Number of asset objects unloaded after import = 1

========================================================================
Received Import Request.
  Time since last request: 0.000051 seconds.
  path: Assets/Kit/Enviroment/tower defense/Isometric/tree_plateau_dark_NW.png
  artifactKey: Guid(006ca823a88019648b5de9596cbeebfa) Importer(2089858483,192608db42251d675da83286b1cce702)
Start importing Assets/Kit/Enviroment/tower defense/Isometric/tree_plateau_dark_NW.png using Guid(006ca823a88019648b5de9596cbeebfa) Importer(2089858483,192608db42251d675da83286b1cce702) (ScriptedImporter) -> (artifact id: 'ce33fcf0335c4f5ef2f62183cbb626ba') in 0.0520433 seconds
Number of updated asset objects reloaded before import = 0Number of asset objects unloaded after import = 1

========================================================================
Received Import Request.
  Time since last request: 0.000046 seconds.
  path: Assets/Kit/Enviroment/tower defense/Isometric/tree_pineTallB_NE.png
  artifactKey: Guid(539e92313a42cd54db16f873134045f7) Importer(2089858483,192608db42251d675da83286b1cce702)
Start importing Assets/Kit/Enviroment/tower defense/Isometric/tree_pineTallB_NE.png using Guid(539e92313a42cd54db16f873134045f7) Importer(2089858483,192608db42251d675da83286b1cce702) (ScriptedImporter) -> (artifact id: 'bfd308d93a506ba88008cdf9223ab1d5') in 0.0640753 seconds
Number of updated asset objects reloaded before import = 0Number of asset objects unloaded after import = 1

========================================================================
Received Import Request.
  Time since last request: 0.000028 seconds.
  path: Assets/Kit/Enviroment/tower defense/Isometric/stump_old_NE.png
  artifactKey: Guid(be313218ba03e5f4582cb69a2bfd8682) Importer(2089858483,192608db42251d675da83286b1cce702)
Start importing Assets/Kit/Enviroment/tower defense/Isometric/stump_old_NE.png using Guid(be313218ba03e5f4582cb69a2bfd8682) Importer(2089858483,192608db42251d675da83286b1cce702) (ScriptedImporter) -> (artifact id: '0934f8c878c69cc4f513af824a9bac1a') in 0.0579507 seconds
Number of updated asset objects reloaded before import = 0Number of asset objects unloaded after import = 1

========================================================================
Received Import Request.
  Time since last request: 0.000037 seconds.
  path: Assets/Kit/Enviroment/tower defense/Isometric/stump_old_NW.png
  artifactKey: Guid(1406fe33802ac6b4fb749c19c257b76b) Importer(2089858483,192608db42251d675da83286b1cce702)
Start importing Assets/Kit/Enviroment/tower defense/Isometric/stump_old_NW.png using Guid(1406fe33802ac6b4fb749c19c257b76b) Importer(2089858483,192608db42251d675da83286b1cce702) (ScriptedImporter) -> (artifact id: '18651d022f32f36878208ddf5ae8f27d') in 0.0556896 seconds
Number of updated asset objects reloaded before import = 0Number of asset objects unloaded after import = 1

========================================================================
Received Import Request.
  Time since last request: 0.000023 seconds.
  path: Assets/Kit/Enviroment/tower defense/Isometric/tree_pineTallD_detailed_NW.png
  artifactKey: Guid(926a0af7170ddaf4b88cdb814f282c34) Importer(2089858483,192608db42251d675da83286b1cce702)
Start importing Assets/Kit/Enviroment/tower defense/Isometric/tree_pineTallD_detailed_NW.png using Guid(926a0af7170ddaf4b88cdb814f282c34) Importer(2089858483,192608db42251d675da83286b1cce702) (ScriptedImporter) -> (artifact id: '30b5f98e000b8ea544f9f13ea7fe279c') in 0.0766227 seconds
Number of updated asset objects reloaded before import = 0Number of asset objects unloaded after import = 1

========================================================================
Received Import Request.
  Time since last request: 0.000059 seconds.
  path: Assets/Kit/Enviroment/tower defense/Isometric/tree_detailed_SW.png
  artifactKey: Guid(bc4d4a64e436a5c48b7f8e3b3c3fdb0f) Importer(2089858483,192608db42251d675da83286b1cce702)
Start importing Assets/Kit/Enviroment/tower defense/Isometric/tree_detailed_SW.png using Guid(bc4d4a64e436a5c48b7f8e3b3c3fdb0f) Importer(2089858483,192608db42251d675da83286b1cce702) (ScriptedImporter) -> (artifact id: '22aa945479cf7a3acd83f79c57b1e7f0') in 0.0614808 seconds
Number of updated asset objects reloaded before import = 0Number of asset objects unloaded after import = 1

========================================================================
Received Import Request.
  Time since last request: 0.000041 seconds.
  path: Assets/Kit/Enviroment/tower defense/Isometric/tree_palmDetailedTall_SE.png
  artifactKey: Guid(409d6e7fa3bcce74b879b8e23e85e85a) Importer(2089858483,192608db42251d675da83286b1cce702)
Start importing Assets/Kit/Enviroment/tower defense/Isometric/tree_palmDetailedTall_SE.png using Guid(409d6e7fa3bcce74b879b8e23e85e85a) Importer(2089858483,192608db42251d675da83286b1cce702) (ScriptedImporter) -> (artifact id: 'cedc353721e7cfe1b778ef53b6cbd477') in 0.0688451 seconds
Number of updated asset objects reloaded before import = 0Number of asset objects unloaded after import = 1

========================================================================
Received Import Request.
  Time since last request: 0.000025 seconds.
  path: Assets/Kit/Enviroment/tower defense/Isometric/tree_pineRoundE_SE.png
  artifactKey: Guid(dd91634ef48df13418bf3fe976cd9e5c) Importer(2089858483,192608db42251d675da83286b1cce702)
Start importing Assets/Kit/Enviroment/tower defense/Isometric/tree_pineRoundE_SE.png using Guid(dd91634ef48df13418bf3fe976cd9e5c) Importer(2089858483,192608db42251d675da83286b1cce702) (ScriptedImporter) -> (artifact id: '2a1ecab50d9a5df00a68bd7b4b088dfd') in 0.0700926 seconds
Number of updated asset objects reloaded before import = 0Number of asset objects unloaded after import = 1

========================================================================
Received Import Request.
  Time since last request: 0.000031 seconds.
  path: Assets/Kit/Enviroment/tower defense/Isometric/tree_pineTallB_SW.png
  artifactKey: Guid(08e8904e75d9d0749a28a266e4060d66) Importer(2089858483,192608db42251d675da83286b1cce702)
Start importing Assets/Kit/Enviroment/tower defense/Isometric/tree_pineTallB_SW.png using Guid(08e8904e75d9d0749a28a266e4060d66) Importer(2089858483,192608db42251d675da83286b1cce702) (ScriptedImporter) -> (artifact id: 'a0d8326a757d9239efd7401560bf8a53') in 0.0530164 seconds
Number of updated asset objects reloaded before import = 0Number of asset objects unloaded after import = 1

========================================================================
Received Import Request.
  Time since last request: 0.000041 seconds.
  path: Assets/Kit/Enviroment/tower defense/Isometric/tree_pineGroundA_SE.png
  artifactKey: Guid(e2ce8a04492353448918d17b09384342) Importer(2089858483,192608db42251d675da83286b1cce702)
Start importing Assets/Kit/Enviroment/tower defense/Isometric/tree_pineGroundA_SE.png using Guid(e2ce8a04492353448918d17b09384342) Importer(2089858483,192608db42251d675da83286b1cce702) (ScriptedImporter) -> (artifact id: 'be2104091d1b5d9774120eef5e182425') in 0.0623063 seconds
Number of updated asset objects reloaded before import = 0Number of asset objects unloaded after import = 1

========================================================================
Received Import Request.
  Time since last request: 0.000049 seconds.
  path: Assets/Kit/Enviroment/tower defense/Isometric/tree_pineSmallB_NE.png
  artifactKey: Guid(bde4b8166a7cb324c97d0278c4ef8062) Importer(2089858483,192608db42251d675da83286b1cce702)
Start importing Assets/Kit/Enviroment/tower defense/Isometric/tree_pineSmallB_NE.png using Guid(bde4b8166a7cb324c97d0278c4ef8062) Importer(2089858483,192608db42251d675da83286b1cce702) (ScriptedImporter) -> (artifact id: '1331d64f2534164106c6e74244c6b58d') in 0.0524845 seconds
Number of updated asset objects reloaded before import = 0Number of asset objects unloaded after import = 1

========================================================================
Received Import Request.
  Time since last request: 0.000024 seconds.
  path: Assets/Kit/Enviroment/tower defense/Isometric/tree_pineSmallA_NW.png
  artifactKey: Guid(95a1ecfbfa28fc2439928abeb3349b45) Importer(2089858483,192608db42251d675da83286b1cce702)
Start importing Assets/Kit/Enviroment/tower defense/Isometric/tree_pineSmallA_NW.png using Guid(95a1ecfbfa28fc2439928abeb3349b45) Importer(2089858483,192608db42251d675da83286b1cce702) (ScriptedImporter) -> (artifact id: 'b33328fd4edb029b6663b9443adb69d1') in 0.071923 seconds
Number of updated asset objects reloaded before import = 0Number of asset objects unloaded after import = 1

========================================================================
Received Import Request.
  Time since last request: 0.000039 seconds.
  path: Assets/Kit/Enviroment/tower defense/Isometric/tree_pineTallD_detailed_SW.png
  artifactKey: Guid(69ab10ea4eb2989419b9c239c2ab3ac5) Importer(2089858483,192608db42251d675da83286b1cce702)
Start importing Assets/Kit/Enviroment/tower defense/Isometric/tree_pineTallD_detailed_SW.png using Guid(69ab10ea4eb2989419b9c239c2ab3ac5) Importer(2089858483,192608db42251d675da83286b1cce702) (ScriptedImporter) -> (artifact id: '7bcebc957a29cae13d37cf18acb15abf') in 0.0530452 seconds
Number of updated asset objects reloaded before import = 0Number of asset objects unloaded after import = 1

========================================================================
Received Import Request.
  Time since last request: 0.000029 seconds.
  path: Assets/Kit/Enviroment/tower defense/Isometric/tree_pineTallA_SW.png
  artifactKey: Guid(98316b2213c900648ba9151e4a8262ac) Importer(2089858483,192608db42251d675da83286b1cce702)
Start importing Assets/Kit/Enviroment/tower defense/Isometric/tree_pineTallA_SW.png using Guid(98316b2213c900648ba9151e4a8262ac) Importer(2089858483,192608db42251d675da83286b1cce702) (ScriptedImporter) -> (artifact id: '0395aa65116aa6b924faa796884e7d6c') in 0.0572276 seconds
Number of updated asset objects reloaded before import = 0Number of asset objects unloaded after import = 1

========================================================================
Received Import Request.
  Time since last request: 0.000035 seconds.
  path: Assets/Kit/Enviroment/tower defense/Isometric/tree_pineSmallA_SE.png
  artifactKey: Guid(94018d5a5b6f2904aa4cf49a077bb12a) Importer(2089858483,192608db42251d675da83286b1cce702)
Start importing Assets/Kit/Enviroment/tower defense/Isometric/tree_pineSmallA_SE.png using Guid(94018d5a5b6f2904aa4cf49a077bb12a) Importer(2089858483,192608db42251d675da83286b1cce702) (ScriptedImporter) -> (artifact id: 'f2a07a796b8185ac5f624512b8319aa9') in 0.0888186 seconds
Number of updated asset objects reloaded before import = 0Number of asset objects unloaded after import = 1

========================================================================
Received Import Request.
  Time since last request: 0.000044 seconds.
  path: Assets/Kit/Enviroment/tower defense/Side/bridge_wood.png
  artifactKey: Guid(ce32c64f677d5c6458448daced28f765) Importer(2089858483,192608db42251d675da83286b1cce702)
Start importing Assets/Kit/Enviroment/tower defense/Side/bridge_wood.png using Guid(ce32c64f677d5c6458448daced28f765) Importer(2089858483,192608db42251d675da83286b1cce702) (ScriptedImporter) -> (artifact id: '8f3a3ef4f87a78cd7463130927b83263') in 0.057506 seconds
Number of updated asset objects reloaded before import = 0Number of asset objects unloaded after import = 1

========================================================================
Received Import Request.
  Time since last request: 0.000039 seconds.
  path: Assets/Kit/Enviroment/tower defense/Side/cliff_cornerLarge_stone.png
  artifactKey: Guid(1730f9043eb985d48b5fa227ffac2bf7) Importer(2089858483,192608db42251d675da83286b1cce702)
Start importing Assets/Kit/Enviroment/tower defense/Side/cliff_cornerLarge_stone.png using Guid(1730f9043eb985d48b5fa227ffac2bf7) Importer(2089858483,192608db42251d675da83286b1cce702) (ScriptedImporter) -> (artifact id: '0512cc9095d48ced066d7b82da64f548') in 0.0683118 seconds
Number of updated asset objects reloaded before import = 0Number of asset objects unloaded after import = 1

========================================================================
Received Import Request.
  Time since last request: 0.000038 seconds.
  path: Assets/Kit/Enviroment/tower defense/Isometric/tree_tall_fall_SW.png
  artifactKey: Guid(efbce90c3a81d8b4a9ec0477caaef52d) Importer(2089858483,192608db42251d675da83286b1cce702)
Start importing Assets/Kit/Enviroment/tower defense/Isometric/tree_tall_fall_SW.png using Guid(efbce90c3a81d8b4a9ec0477caaef52d) Importer(2089858483,192608db42251d675da83286b1cce702) (ScriptedImporter) -> (artifact id: 'b89cb84a8710d08a483120c75c2b10f2') in 0.0786745 seconds
Number of updated asset objects reloaded before import = 0Number of asset objects unloaded after import = 1

========================================================================
Received Import Request.
  Time since last request: 0.000046 seconds.
  path: Assets/Kit/Enviroment/tower defense/Isometric/tree_tall_fall_NE.png
  artifactKey: Guid(ab9135e639a500e46857f48c70f563ae) Importer(2089858483,192608db42251d675da83286b1cce702)
Start importing Assets/Kit/Enviroment/tower defense/Isometric/tree_tall_fall_NE.png using Guid(ab9135e639a500e46857f48c70f563ae) Importer(2089858483,192608db42251d675da83286b1cce702) (ScriptedImporter) -> (artifact id: '2aba4c77fa31dbcdaf8e49dc908fb366') in 0.0646029 seconds
Number of updated asset objects reloaded before import = 0Number of asset objects unloaded after import = 1

========================================================================
Received Import Request.
  Time since last request: 0.000028 seconds.
  path: Assets/Kit/Enviroment/tower defense/Isometric/tree_thin_fall_NE.png
  artifactKey: Guid(a5ea1699bbf201f4d92990192dd029a7) Importer(2089858483,192608db42251d675da83286b1cce702)
Start importing Assets/Kit/Enviroment/tower defense/Isometric/tree_thin_fall_NE.png using Guid(a5ea1699bbf201f4d92990192dd029a7) Importer(2089858483,192608db42251d675da83286b1cce702) (ScriptedImporter) -> (artifact id: 'e36b79221471223632628ec669b3b108') in 0.0500776 seconds
Number of updated asset objects reloaded before import = 0Number of asset objects unloaded after import = 1

========================================================================
Received Import Request.
  Time since last request: 0.000045 seconds.
  path: Assets/Kit/Enviroment/tower defense/Isometric/tree_simple_dark_SE.png
  artifactKey: Guid(46dd1eb1e7d53804a888afcd4833e183) Importer(2089858483,192608db42251d675da83286b1cce702)
Start importing Assets/Kit/Enviroment/tower defense/Isometric/tree_simple_dark_SE.png using Guid(46dd1eb1e7d53804a888afcd4833e183) Importer(2089858483,192608db42251d675da83286b1cce702) (ScriptedImporter) -> (artifact id: '8b494502eec602724c56a165a4fcde82') in 0.0534814 seconds
Number of updated asset objects reloaded before import = 0Number of asset objects unloaded after import = 1

========================================================================
Received Import Request.
  Time since last request: 0.000046 seconds.
  path: Assets/Kit/Enviroment/tower defense/Isometric/tree_plateau_NE.png
  artifactKey: Guid(a8d85324e2354fc438a964f84fe08281) Importer(2089858483,192608db42251d675da83286b1cce702)
Start importing Assets/Kit/Enviroment/tower defense/Isometric/tree_plateau_NE.png using Guid(a8d85324e2354fc438a964f84fe08281) Importer(2089858483,192608db42251d675da83286b1cce702) (ScriptedImporter) -> (artifact id: '50231c2d4a21c73bd2cae59105151e0c') in 0.0731559 seconds
Number of updated asset objects reloaded before import = 0Number of asset objects unloaded after import = 1

========================================================================
Received Import Request.
  Time since last request: 0.000031 seconds.
  path: Assets/Kit/Enviroment/tower defense/Isometric/tree_simple_fall_NW.png
  artifactKey: Guid(92038d5848addf443a1b27bb06539dbc) Importer(2089858483,192608db42251d675da83286b1cce702)
Start importing Assets/Kit/Enviroment/tower defense/Isometric/tree_simple_fall_NW.png using Guid(92038d5848addf443a1b27bb06539dbc) Importer(2089858483,192608db42251d675da83286b1cce702) (ScriptedImporter) -> (artifact id: '59718c184939d8ac53fa3b6d9e02d0ae') in 0.0566738 seconds
Number of updated asset objects reloaded before import = 0Number of asset objects unloaded after import = 1

========================================================================
Received Import Request.
  Time since last request: 0.000034 seconds.
  path: Assets/Kit/Enviroment/tower defense/Side/cliff_corner_rock.png
  artifactKey: Guid(6efe11e046c7a044fa55b2fff7c4c0a8) Importer(2089858483,192608db42251d675da83286b1cce702)
Start importing Assets/Kit/Enviroment/tower defense/Side/cliff_corner_rock.png using Guid(6efe11e046c7a044fa55b2fff7c4c0a8) Importer(2089858483,192608db42251d675da83286b1cce702) (ScriptedImporter) -> (artifact id: '98e34dd47d2546bbab36248f3c8830fe') in 0.063957 seconds
Number of updated asset objects reloaded before import = 0Number of asset objects unloaded after import = 1

========================================================================
Received Import Request.
  Time since last request: 0.000048 seconds.
  path: Assets/Kit/Enviroment/tower defense/Isometric/tree_thin_NW.png
  artifactKey: Guid(a8effa328866cc34f9bf8f99a8e500c0) Importer(2089858483,192608db42251d675da83286b1cce702)
Start importing Assets/Kit/Enviroment/tower defense/Isometric/tree_thin_NW.png using Guid(a8effa328866cc34f9bf8f99a8e500c0) Importer(2089858483,192608db42251d675da83286b1cce702) (ScriptedImporter) -> (artifact id: '604c10c48b06ded7ef65e83828b40ba5') in 0.0558249 seconds
Number of updated asset objects reloaded before import = 0Number of asset objects unloaded after import = 1

========================================================================
Received Import Request.
  Time since last request: 0.000028 seconds.
  path: Assets/Kit/Enviroment/tower defense/Isometric/tree_small_fall_NW.png
  artifactKey: Guid(c5928943d9c917042a213f15ab30e154) Importer(2089858483,192608db42251d675da83286b1cce702)
Start importing Assets/Kit/Enviroment/tower defense/Isometric/tree_small_fall_NW.png using Guid(c5928943d9c917042a213f15ab30e154) Importer(2089858483,192608db42251d675da83286b1cce702) (ScriptedImporter) -> (artifact id: 'af2eddd5039355ddcc06dcbafb340651') in 0.0588878 seconds
Number of updated asset objects reloaded before import = 0Number of asset objects unloaded after import = 1

========================================================================
Received Import Request.
  Time since last request: 0.000033 seconds.
  path: Assets/Kit/Enviroment/tower defense/Side/cliff_blockQuarter_rock.png
  artifactKey: Guid(9a1a95da1d51fc84babd2539531b819b) Importer(2089858483,192608db42251d675da83286b1cce702)
Start importing Assets/Kit/Enviroment/tower defense/Side/cliff_blockQuarter_rock.png using Guid(9a1a95da1d51fc84babd2539531b819b) Importer(2089858483,192608db42251d675da83286b1cce702) (ScriptedImporter) -> (artifact id: '911d8f3a3bfde4891688b35207397638') in 0.0571942 seconds
Number of updated asset objects reloaded before import = 0Number of asset objects unloaded after import = 1

========================================================================
Received Import Request.
  Time since last request: 0.000040 seconds.
  path: Assets/Kit/Enviroment/tower defense/Isometric/tree_small_dark_SW.png
  artifactKey: Guid(25eda159e3e9870448b0c8863822089b) Importer(2089858483,192608db42251d675da83286b1cce702)
Start importing Assets/Kit/Enviroment/tower defense/Isometric/tree_small_dark_SW.png using Guid(25eda159e3e9870448b0c8863822089b) Importer(2089858483,192608db42251d675da83286b1cce702) (ScriptedImporter) -> (artifact id: '84a97a02be5bf1eab1f191c4735be7b7') in 0.0605774 seconds
Number of updated asset objects reloaded before import = 0Number of asset objects unloaded after import = 1

========================================================================
Received Import Request.
  Time since last request: 0.000022 seconds.
  path: Assets/Kit/Enviroment/tower defense/Isometric/tree_plateau_SW.png
  artifactKey: Guid(e04204b711489ad47a58cff997892261) Importer(2089858483,192608db42251d675da83286b1cce702)
Start importing Assets/Kit/Enviroment/tower defense/Isometric/tree_plateau_SW.png using Guid(e04204b711489ad47a58cff997892261) Importer(2089858483,192608db42251d675da83286b1cce702) (ScriptedImporter) -> (artifact id: '50aa55e3701cd7a04b87889f30c29450') in 0.0616449 seconds
Number of updated asset objects reloaded before import = 0Number of asset objects unloaded after import = 1

========================================================================
Received Import Request.
  Time since last request: 0.000028 seconds.
  path: Assets/Kit/Enviroment/tower defense/Side/campfire_stones.png
  artifactKey: Guid(020de876f55a17a49a188e6b9919dfe7) Importer(2089858483,192608db42251d675da83286b1cce702)
Start importing Assets/Kit/Enviroment/tower defense/Side/campfire_stones.png using Guid(020de876f55a17a49a188e6b9919dfe7) Importer(2089858483,192608db42251d675da83286b1cce702) (ScriptedImporter) -> (artifact id: '9f4aabe1a18412b028a3a8e04f158960') in 0.0550827 seconds
Number of updated asset objects reloaded before import = 0Number of asset objects unloaded after import = 1

========================================================================
Received Import Request.
  Time since last request: 0.000033 seconds.
  path: Assets/Kit/Enviroment/tower defense/Isometric/tree_small_fall_NE.png
  artifactKey: Guid(f9bed9cf8f6b75141bf4057686caad50) Importer(2089858483,192608db42251d675da83286b1cce702)
Start importing Assets/Kit/Enviroment/tower defense/Isometric/tree_small_fall_NE.png using Guid(f9bed9cf8f6b75141bf4057686caad50) Importer(2089858483,192608db42251d675da83286b1cce702) (ScriptedImporter) -> (artifact id: '3846e87e42feae9a06c1247e66ef1442') in 0.0492991 seconds
Number of updated asset objects reloaded before import = 0Number of asset objects unloaded after import = 1

========================================================================
Received Import Request.
  Time since last request: 0.000030 seconds.
  path: Assets/Kit/Enviroment/tower defense/Side/bridge_side_woodRound.png
  artifactKey: Guid(44c550577f6c1b9448332b6e894d591f) Importer(2089858483,192608db42251d675da83286b1cce702)
Start importing Assets/Kit/Enviroment/tower defense/Side/bridge_side_woodRound.png using Guid(44c550577f6c1b9448332b6e894d591f) Importer(2089858483,192608db42251d675da83286b1cce702) (ScriptedImporter) -> (artifact id: '527b0957ab3bdd88d580d5ae3cfc3edf') in 0.0569737 seconds
Number of updated asset objects reloaded before import = 0Number of asset objects unloaded after import = 1

========================================================================
Received Import Request.
  Time since last request: 0.000061 seconds.
  path: Assets/Kit/Enviroment/tower defense/Isometric/tree_simple_fall_NE.png
  artifactKey: Guid(184aba7174f3f2f4d9db9f76992b9e8e) Importer(2089858483,192608db42251d675da83286b1cce702)
Start importing Assets/Kit/Enviroment/tower defense/Isometric/tree_simple_fall_NE.png using Guid(184aba7174f3f2f4d9db9f76992b9e8e) Importer(2089858483,192608db42251d675da83286b1cce702) (ScriptedImporter) -> (artifact id: '96027efab538a87ea4d68f4520440d01') in 0.0619722 seconds
Number of updated asset objects reloaded before import = 0Number of asset objects unloaded after import = 1

========================================================================
Received Import Request.
  Time since last request: 0.000041 seconds.
  path: Assets/Kit/Enviroment/tower defense/Isometric/tree_oak_SW.png
  artifactKey: Guid(0c62d21c97b098645a49ab4557f7d420) Importer(2089858483,192608db42251d675da83286b1cce702)
Start importing Assets/Kit/Enviroment/tower defense/Isometric/tree_oak_SW.png using Guid(0c62d21c97b098645a49ab4557f7d420) Importer(2089858483,192608db42251d675da83286b1cce702) (ScriptedImporter) -> (artifact id: 'fcc3dbdbb3460c38489569bd9c263831') in 0.0527256 seconds
Number of updated asset objects reloaded before import = 0Number of asset objects unloaded after import = 1

========================================================================
Received Import Request.
  Time since last request: 0.000046 seconds.
  path: Assets/Kit/Enviroment/tower defense/Side/bridge_center_woodRound.png
  artifactKey: Guid(428e3700fdfae6843840a219b4553851) Importer(2089858483,192608db42251d675da83286b1cce702)
Start importing Assets/Kit/Enviroment/tower defense/Side/bridge_center_woodRound.png using Guid(428e3700fdfae6843840a219b4553851) Importer(2089858483,192608db42251d675da83286b1cce702) (ScriptedImporter) -> (artifact id: '22133fdf432f5fb7a875501d15371eeb') in 0.0631163 seconds
Number of updated asset objects reloaded before import = 0Number of asset objects unloaded after import = 1

========================================================================
Received Import Request.
  Time since last request: 0.000038 seconds.
  path: Assets/Kit/Enviroment/tower defense/Isometric/tree_palmTall_SE.png
  artifactKey: Guid(cf0aa8445cf1095458c6782231f95934) Importer(2089858483,192608db42251d675da83286b1cce702)
Start importing Assets/Kit/Enviroment/tower defense/Isometric/tree_palmTall_SE.png using Guid(cf0aa8445cf1095458c6782231f95934) Importer(2089858483,192608db42251d675da83286b1cce702) (ScriptedImporter) -> (artifact id: '72f83b08193fb269f317832c6cf9daeb') in 0.0567099 seconds
Number of updated asset objects reloaded before import = 0Number of asset objects unloaded after import = 1

========================================================================
Received Import Request.
  Time since last request: 0.000043 seconds.
  path: Assets/Kit/Enviroment/tower defense/Side/campfire_bricks.png
  artifactKey: Guid(e1dac935122c5394ba1b2debfdbcbd6b) Importer(2089858483,192608db42251d675da83286b1cce702)
Start importing Assets/Kit/Enviroment/tower defense/Side/campfire_bricks.png using Guid(e1dac935122c5394ba1b2debfdbcbd6b) Importer(2089858483,192608db42251d675da83286b1cce702) (ScriptedImporter) -> (artifact id: '4f559309c0f3eae4159a5c212786d461') in 0.0830801 seconds
Number of updated asset objects reloaded before import = 0Number of asset objects unloaded after import = 1

========================================================================
Received Import Request.
  Time since last request: 0.000024 seconds.
  path: Assets/Kit/Enviroment/tower defense/Isometric/tree_pineSmallD_SE.png
  artifactKey: Guid(511fb86605adc334da7c761f8340d3ed) Importer(2089858483,192608db42251d675da83286b1cce702)
Start importing Assets/Kit/Enviroment/tower defense/Isometric/tree_pineSmallD_SE.png using Guid(511fb86605adc334da7c761f8340d3ed) Importer(2089858483,192608db42251d675da83286b1cce702) (ScriptedImporter) -> (artifact id: '5b32d13ef05c3b019cb919d64ce5f6c0') in 0.0617044 seconds
Number of updated asset objects reloaded before import = 0Number of asset objects unloaded after import = 1

========================================================================
Received Import Request.
  Time since last request: 0.000030 seconds.
  path: Assets/Kit/Enviroment/tower defense/Side/lily_small.png
  artifactKey: Guid(9fc71f0891f7f8a4b9dff3c0503bdb1a) Importer(2089858483,192608db42251d675da83286b1cce702)
Start importing Assets/Kit/Enviroment/tower defense/Side/lily_small.png using Guid(9fc71f0891f7f8a4b9dff3c0503bdb1a) Importer(2089858483,192608db42251d675da83286b1cce702) (ScriptedImporter) -> (artifact id: 'e8d501274615d47aec41956ed1a4b152') in 0.056271 seconds
Number of updated asset objects reloaded before import = 0Number of asset objects unloaded after import = 1

========================================================================
Received Import Request.
  Time since last request: 0.000050 seconds.
  path: Assets/Kit/Enviroment/tower defense/Side/cliff_waterfallTop_stone.png
  artifactKey: Guid(b4837a4e957b7fa4bab03629f8ad1a64) Importer(2089858483,192608db42251d675da83286b1cce702)
Start importing Assets/Kit/Enviroment/tower defense/Side/cliff_waterfallTop_stone.png using Guid(b4837a4e957b7fa4bab03629f8ad1a64) Importer(2089858483,192608db42251d675da83286b1cce702) (ScriptedImporter) -> (artifact id: 'c071f421b6c1de899628a906ec8583e7') in 0.076685 seconds
Number of updated asset objects reloaded before import = 0Number of asset objects unloaded after import = 1

========================================================================
Received Import Request.
  Time since last request: 0.000028 seconds.
  path: Assets/Kit/Enviroment/tower defense/Side/crop_melon.png
  artifactKey: Guid(976e3517ba1c9914b94dc8f2b995fa9f) Importer(2089858483,192608db42251d675da83286b1cce702)
Start importing Assets/Kit/Enviroment/tower defense/Side/crop_melon.png using Guid(976e3517ba1c9914b94dc8f2b995fa9f) Importer(2089858483,192608db42251d675da83286b1cce702) (ScriptedImporter) -> (artifact id: '696d0950d76ef26cf20de88c26a2ef85') in 0.0622672 seconds
Number of updated asset objects reloaded before import = 0Number of asset objects unloaded after import = 1

========================================================================
Received Import Request.
  Time since last request: 0.000031 seconds.
  path: Assets/Kit/Enviroment/tower defense/Side/hanging_moss.png
  artifactKey: Guid(6b6d064f317a34f498b32187e91a0648) Importer(2089858483,192608db42251d675da83286b1cce702)
Start importing Assets/Kit/Enviroment/tower defense/Side/hanging_moss.png using Guid(6b6d064f317a34f498b32187e91a0648) Importer(2089858483,192608db42251d675da83286b1cce702) (ScriptedImporter) -> (artifact id: '2b0371d26402680d39b94d00eee4c394') in 0.0490337 seconds
Number of updated asset objects reloaded before import = 0Number of asset objects unloaded after import = 1

========================================================================
Received Import Request.
  Time since last request: 0.000042 seconds.
  path: Assets/Kit/Enviroment/tower defense/Side/path_woodCorner.png
  artifactKey: Guid(444b9cf19ea53e247b32dabb6916df7b) Importer(2089858483,192608db42251d675da83286b1cce702)
Start importing Assets/Kit/Enviroment/tower defense/Side/path_woodCorner.png using Guid(444b9cf19ea53e247b32dabb6916df7b) Importer(2089858483,192608db42251d675da83286b1cce702) (ScriptedImporter) -> (artifact id: 'fc8ecac6f7688ad7b232294d8f148e1d') in 0.0799462 seconds
Number of updated asset objects reloaded before import = 0Number of asset objects unloaded after import = 1

========================================================================
Received Import Request.
  Time since last request: 0.002057 seconds.
  path: Assets/Kit/Enviroment/tower defense/Side/ground_riverBendBank.png
  artifactKey: Guid(7ba0b00b94d8f25418f368ca6e273cce) Importer(2089858483,192608db42251d675da83286b1cce702)
Start importing Assets/Kit/Enviroment/tower defense/Side/ground_riverBendBank.png using Guid(7ba0b00b94d8f25418f368ca6e273cce) Importer(2089858483,192608db42251d675da83286b1cce702) (ScriptedImporter) -> (artifact id: 'be01f734155e7a85bd9cc0cdb5c85ef3') in 0.0777487 seconds
Number of updated asset objects reloaded before import = 0Number of asset objects unloaded after import = 1

========================================================================
Received Import Request.
  Time since last request: 0.000034 seconds.
  path: Assets/Kit/Enviroment/tower defense/Side/path_stoneCorner.png
  artifactKey: Guid(9b567a1a46dba3d43882de2c22ce0ae7) Importer(2089858483,192608db42251d675da83286b1cce702)
Start importing Assets/Kit/Enviroment/tower defense/Side/path_stoneCorner.png using Guid(9b567a1a46dba3d43882de2c22ce0ae7) Importer(2089858483,192608db42251d675da83286b1cce702) (ScriptedImporter) -> (artifact id: '48fadff4647a58f2390b83a40aca484e') in 0.0566752 seconds
Number of updated asset objects reloaded before import = 0Number of asset objects unloaded after import = 1

========================================================================
Received Import Request.
  Time since last request: 0.000055 seconds.
  path: Assets/Kit/Enviroment/tower defense/Side/ground_pathEndClosed.png
  artifactKey: Guid(1d72f8b24b1afff44848fecff964671e) Importer(2089858483,192608db42251d675da83286b1cce702)
Start importing Assets/Kit/Enviroment/tower defense/Side/ground_pathEndClosed.png using Guid(1d72f8b24b1afff44848fecff964671e) Importer(2089858483,192608db42251d675da83286b1cce702) (ScriptedImporter) -> (artifact id: '637b17b9d8c07463e589b3341c3cc6d0') in 0.0643174 seconds
Number of updated asset objects reloaded before import = 0Number of asset objects unloaded after import = 1

========================================================================
Received Import Request.
  Time since last request: 0.000026 seconds.
  path: Assets/Kit/Enviroment/tower defense/Side/crops_leafsStageB.png
  artifactKey: Guid(c76c44a7a78a2364ab395246e4f44f96) Importer(2089858483,192608db42251d675da83286b1cce702)
Start importing Assets/Kit/Enviroment/tower defense/Side/crops_leafsStageB.png using Guid(c76c44a7a78a2364ab395246e4f44f96) Importer(2089858483,192608db42251d675da83286b1cce702) (ScriptedImporter) -> (artifact id: '522919524a099c44a1e4a8ee7db98be3') in 0.0599699 seconds
Number of updated asset objects reloaded before import = 0Number of asset objects unloaded after import = 1

========================================================================
Received Import Request.
  Time since last request: 0.000039 seconds.
  path: Assets/Kit/Enviroment/tower defense/Side/fence_bendCenter.png
  artifactKey: Guid(a9f2a0d549d92164d92657b1a0b273e0) Importer(2089858483,192608db42251d675da83286b1cce702)
Start importing Assets/Kit/Enviroment/tower defense/Side/fence_bendCenter.png using Guid(a9f2a0d549d92164d92657b1a0b273e0) Importer(2089858483,192608db42251d675da83286b1cce702) (ScriptedImporter) -> (artifact id: '545c150a8ec9528959eba4eab354784b') in 0.0662798 seconds
Number of updated asset objects reloaded before import = 0Number of asset objects unloaded after import = 1

========================================================================
Received Import Request.
  Time since last request: 0.000047 seconds.
  path: Assets/Kit/Enviroment/tower defense/Side/cliff_stepsCornerInner_stone.png
  artifactKey: Guid(8456b503290893e43bfd40c55e3bda51) Importer(2089858483,192608db42251d675da83286b1cce702)
Start importing Assets/Kit/Enviroment/tower defense/Side/cliff_stepsCornerInner_stone.png using Guid(8456b503290893e43bfd40c55e3bda51) Importer(2089858483,192608db42251d675da83286b1cce702) (ScriptedImporter) -> (artifact id: 'b0b0c515bbc2a7881c3d946df414125d') in 0.0601025 seconds
Number of updated asset objects reloaded before import = 0Number of asset objects unloaded after import = 1

========================================================================
Received Import Request.
  Time since last request: 0.000027 seconds.
  path: Assets/Kit/Enviroment/tower defense/Side/fence_planks.png
  artifactKey: Guid(8a6336bbdd87ab340be94d937c047a05) Importer(2089858483,192608db42251d675da83286b1cce702)
Start importing Assets/Kit/Enviroment/tower defense/Side/fence_planks.png using Guid(8a6336bbdd87ab340be94d937c047a05) Importer(2089858483,192608db42251d675da83286b1cce702) (ScriptedImporter) -> (artifact id: '2db821cee856031288bd90aea85e4172') in 0.0523679 seconds
Number of updated asset objects reloaded before import = 0Number of asset objects unloaded after import = 1

========================================================================
Received Import Request.
  Time since last request: 0.000078 seconds.
  path: Assets/Kit/Enviroment/tower defense/Side/log_large.png
  artifactKey: Guid(51f95aabe6a2b6e4382562bdb6765689) Importer(2089858483,192608db42251d675da83286b1cce702)
Start importing Assets/Kit/Enviroment/tower defense/Side/log_large.png using Guid(51f95aabe6a2b6e4382562bdb6765689) Importer(2089858483,192608db42251d675da83286b1cce702) (ScriptedImporter) -> (artifact id: 'ae919ad8e615e58abb109428e49a09bc') in 0.0610427 seconds
Number of updated asset objects reloaded before import = 0Number of asset objects unloaded after import = 1

========================================================================
Received Import Request.
  Time since last request: 0.000049 seconds.
  path: Assets/Kit/Enviroment/tower defense/Side/plant_bushLargeTriangle.png
  artifactKey: Guid(0ca2556044402754a9e21d346cd383e4) Importer(2089858483,192608db42251d675da83286b1cce702)
Start importing Assets/Kit/Enviroment/tower defense/Side/plant_bushLargeTriangle.png using Guid(0ca2556044402754a9e21d346cd383e4) Importer(2089858483,192608db42251d675da83286b1cce702) (ScriptedImporter) -> (artifact id: 'e4f71c362bedf2f2aae3c215db977bcc') in 0.0817671 seconds
Number of updated asset objects reloaded before import = 0Number of asset objects unloaded after import = 1

========================================================================
Received Import Request.
  Time since last request: 0.000036 seconds.
  path: Assets/Kit/Enviroment/tower defense/Side/ground_pathBendBank.png
  artifactKey: Guid(7a9b6b84faa396e4c8657961ed6d2074) Importer(2089858483,192608db42251d675da83286b1cce702)
Start importing Assets/Kit/Enviroment/tower defense/Side/ground_pathBendBank.png using Guid(7a9b6b84faa396e4c8657961ed6d2074) Importer(2089858483,192608db42251d675da83286b1cce702) (ScriptedImporter) -> (artifact id: '56eb795f30e3c1675f99640a325fc387') in 0.0548337 seconds
Number of updated asset objects reloaded before import = 0Number of asset objects unloaded after import = 1

========================================================================
Received Import Request.
  Time since last request: 0.000031 seconds.
  path: Assets/Kit/Enviroment/tower defense/Side/grass_large.png
  artifactKey: Guid(d4eca35a44ca3694ca1b571a11b6d6cd) Importer(2089858483,192608db42251d675da83286b1cce702)
Start importing Assets/Kit/Enviroment/tower defense/Side/grass_large.png using Guid(d4eca35a44ca3694ca1b571a11b6d6cd) Importer(2089858483,192608db42251d675da83286b1cce702) (ScriptedImporter) -> (artifact id: 'f6b7dd809534329dd32a339ef3e89a34') in 0.0533292 seconds
Number of updated asset objects reloaded before import = 0Number of asset objects unloaded after import = 1

========================================================================
Received Import Request.
  Time since last request: 0.000045 seconds.
  path: Assets/Kit/Enviroment/tower defense/Side/crops_cornStageB.png
  artifactKey: Guid(5742036f6e0dd02419bb7ea0c6478166) Importer(2089858483,192608db42251d675da83286b1cce702)
Start importing Assets/Kit/Enviroment/tower defense/Side/crops_cornStageB.png using Guid(5742036f6e0dd02419bb7ea0c6478166) Importer(2089858483,192608db42251d675da83286b1cce702) (ScriptedImporter) -> (artifact id: '07c7f3a3aad9df72a40782b2f4ae8bb9') in 0.0575756 seconds
Number of updated asset objects reloaded before import = 0Number of asset objects unloaded after import = 1

========================================================================
Received Import Request.
  Time since last request: 0.000032 seconds.
  path: Assets/Kit/Enviroment/tower defense/Side/fence_simpleCenter.png
  artifactKey: Guid(65b98c7b0a5733849bc5db2d7d1a72d8) Importer(2089858483,192608db42251d675da83286b1cce702)
Start importing Assets/Kit/Enviroment/tower defense/Side/fence_simpleCenter.png using Guid(65b98c7b0a5733849bc5db2d7d1a72d8) Importer(2089858483,192608db42251d675da83286b1cce702) (ScriptedImporter) -> (artifact id: 'e79c58bf8c97f4a2552afa6cd5cb63c1') in 0.0460247 seconds
Number of updated asset objects reloaded before import = 0Number of asset objects unloaded after import = 1

========================================================================
Received Import Request.
  Time since last request: 0.000041 seconds.
  path: Assets/Kit/Enviroment/tower defense/Side/crops_dirtSingle.png
  artifactKey: Guid(f1d38d5b7f1245a4fb26534229b4979f) Importer(2089858483,192608db42251d675da83286b1cce702)
Start importing Assets/Kit/Enviroment/tower defense/Side/crops_dirtSingle.png using Guid(f1d38d5b7f1245a4fb26534229b4979f) Importer(2089858483,192608db42251d675da83286b1cce702) (ScriptedImporter) -> (artifact id: '5df2432ec561caf3e3b1ea8a384876c5') in 0.0492965 seconds
Number of updated asset objects reloaded before import = 0Number of asset objects unloaded after import = 1

========================================================================
Received Import Request.
  Time since last request: 0.000043 seconds.
  path: Assets/Kit/Enviroment/tower defense/Side/ground_pathCorner.png
  artifactKey: Guid(2ef70a16bea51e34cb7e019146e82370) Importer(2089858483,192608db42251d675da83286b1cce702)
Start importing Assets/Kit/Enviroment/tower defense/Side/ground_pathCorner.png using Guid(2ef70a16bea51e34cb7e019146e82370) Importer(2089858483,192608db42251d675da83286b1cce702) (ScriptedImporter) -> (artifact id: '3f2eddc6e86955be8c21fa545aeb7574') in 0.0555088 seconds
Number of updated asset objects reloaded before import = 0Number of asset objects unloaded after import = 1

========================================================================
Received Import Request.
  Time since last request: 0.000028 seconds.
  path: Assets/Kit/Enviroment/tower defense/Side/cliff_steps_stone.png
  artifactKey: Guid(c365b2b01a2b03440a78894f68d2117a) Importer(2089858483,192608db42251d675da83286b1cce702)
Start importing Assets/Kit/Enviroment/tower defense/Side/cliff_steps_stone.png using Guid(c365b2b01a2b03440a78894f68d2117a) Importer(2089858483,192608db42251d675da83286b1cce702) (ScriptedImporter) -> (artifact id: '702f567da4ff68ae47c7a1be964077e5') in 0.0549825 seconds
Number of updated asset objects reloaded before import = 0Number of asset objects unloaded after import = 1

========================================================================
Received Import Request.
  Time since last request: 0.000036 seconds.
  path: Assets/Kit/Enviroment/tower defense/Side/fence_gate.png
  artifactKey: Guid(63f440fe7d2c81646bad4b67feed733c) Importer(2089858483,192608db42251d675da83286b1cce702)
Start importing Assets/Kit/Enviroment/tower defense/Side/fence_gate.png using Guid(63f440fe7d2c81646bad4b67feed733c) Importer(2089858483,192608db42251d675da83286b1cce702) (ScriptedImporter) -> (artifact id: '556addc2bcb509376a5ba0c9f5f15807') in 0.0544225 seconds
Number of updated asset objects reloaded before import = 0Number of asset objects unloaded after import = 1

========================================================================
Received Import Request.
  Time since last request: 0.000046 seconds.
  path: Assets/Kit/Enviroment/tower defense/Isometric/stone_tallJ_SW.png
  artifactKey: Guid(11db7c0e143e6b5489f48262acc3136b) Importer(2089858483,192608db42251d675da83286b1cce702)
Start importing Assets/Kit/Enviroment/tower defense/Isometric/stone_tallJ_SW.png using Guid(11db7c0e143e6b5489f48262acc3136b) Importer(2089858483,192608db42251d675da83286b1cce702) (ScriptedImporter) -> (artifact id: 'f818dc74861a63e75fd2e7af29f81f56') in 0.0623865 seconds
Number of updated asset objects reloaded before import = 0Number of asset objects unloaded after import = 1

========================================================================
Received Import Request.
  Time since last request: 0.000031 seconds.
  path: Assets/Kit/Enviroment/tower defense/Isometric/stone_tallI_SE.png
  artifactKey: Guid(77927a09ae4e86541b5fd93c2806268a) Importer(2089858483,192608db42251d675da83286b1cce702)
Start importing Assets/Kit/Enviroment/tower defense/Isometric/stone_tallI_SE.png using Guid(77927a09ae4e86541b5fd93c2806268a) Importer(2089858483,192608db42251d675da83286b1cce702) (ScriptedImporter) -> (artifact id: '503cbc3a5ba6ed9c7494058f04dbe09f') in 0.0621758 seconds
Number of updated asset objects reloaded before import = 0Number of asset objects unloaded after import = 1

========================================================================
Received Import Request.
  Time since last request: 0.000048 seconds.
  path: Assets/Kit/Enviroment/tower defense/Side/rock_smallFlatB.png
  artifactKey: Guid(7499b5f8944639e46b4245864436de73) Importer(2089858483,192608db42251d675da83286b1cce702)
Start importing Assets/Kit/Enviroment/tower defense/Side/rock_smallFlatB.png using Guid(7499b5f8944639e46b4245864436de73) Importer(2089858483,192608db42251d675da83286b1cce702) (ScriptedImporter) -> (artifact id: '35ffa0a6b667bc7b7cf3a4dfb54b19f9') in 0.0527153 seconds
Number of updated asset objects reloaded before import = 0Number of asset objects unloaded after import = 1

========================================================================
Received Import Request.
  Time since last request: 0.000052 seconds.
  path: Assets/Kit/Enviroment/tower defense/Side/path_stoneEnd.png
  artifactKey: Guid(74488128dd6ca124ea21d33e3a0bcc38) Importer(2089858483,192608db42251d675da83286b1cce702)
Start importing Assets/Kit/Enviroment/tower defense/Side/path_stoneEnd.png using Guid(74488128dd6ca124ea21d33e3a0bcc38) Importer(2089858483,192608db42251d675da83286b1cce702) (ScriptedImporter) -> (artifact id: 'f0d6539b07d055172df6d0cf973e3de2') in 0.0589792 seconds
Number of updated asset objects reloaded before import = 0Number of asset objects unloaded after import = 1

========================================================================
Received Import Request.
  Time since last request: 0.000027 seconds.
  path: Assets/Kit/Enviroment/tower defense/Side/statue_obelisk.png
  artifactKey: Guid(4199a5c995c41bd41b4b43c3dab622c1) Importer(2089858483,192608db42251d675da83286b1cce702)
Start importing Assets/Kit/Enviroment/tower defense/Side/statue_obelisk.png using Guid(4199a5c995c41bd41b4b43c3dab622c1) Importer(2089858483,192608db42251d675da83286b1cce702) (ScriptedImporter) -> (artifact id: '3b9be08544f9986faa98a68a1a1d6bab') in 0.0661853 seconds
Number of updated asset objects reloaded before import = 0Number of asset objects unloaded after import = 1

========================================================================
Received Import Request.
  Time since last request: 0.000052 seconds.
  path: Assets/Kit/Enviroment/tower defense/Side/tree_palm.png
  artifactKey: Guid(58b60d6d2d275064c8408c3bc0522dfb) Importer(2089858483,192608db42251d675da83286b1cce702)
Start importing Assets/Kit/Enviroment/tower defense/Side/tree_palm.png using Guid(58b60d6d2d275064c8408c3bc0522dfb) Importer(2089858483,192608db42251d675da83286b1cce702) (ScriptedImporter) -> (artifact id: '9b3216387d0f5fdd5d3c42e1374a5392') in 0.0596605 seconds
Number of updated asset objects reloaded before import = 0Number of asset objects unloaded after import = 1

========================================================================
Received Import Request.
  Time since last request: 0.000049 seconds.
  path: Assets/Kit/Enviroment/tower defense/Side/tree_blocks_fall.png
  artifactKey: Guid(17d01c96da12d9846913fee4c54946c9) Importer(2089858483,192608db42251d675da83286b1cce702)
Start importing Assets/Kit/Enviroment/tower defense/Side/tree_blocks_fall.png using Guid(17d01c96da12d9846913fee4c54946c9) Importer(2089858483,192608db42251d675da83286b1cce702) (ScriptedImporter) -> (artifact id: '5e9c46ebcfbaada3e9f85e169c57eb62') in 0.0595327 seconds
Number of updated asset objects reloaded before import = 0Number of asset objects unloaded after import = 1

========================================================================
Received Import Request.
  Time since last request: 0.000043 seconds.
  path: Assets/Kit/Enviroment/tower defense/Side/tree_detailed_fall.png
  artifactKey: Guid(73a6edee44c83c347900af10c888c552) Importer(2089858483,192608db42251d675da83286b1cce702)
Start importing Assets/Kit/Enviroment/tower defense/Side/tree_detailed_fall.png using Guid(73a6edee44c83c347900af10c888c552) Importer(2089858483,192608db42251d675da83286b1cce702) (ScriptedImporter) -> (artifact id: '2596a3012d99b87ecf82ca58cb1e885e') in 0.0582036 seconds
Number of updated asset objects reloaded before import = 0Number of asset objects unloaded after import = 1

========================================================================
Received Import Request.
  Time since last request: 0.000036 seconds.
  path: Assets/Kit/Enviroment/tower defense/Side/tree_palmTall.png
  artifactKey: Guid(be3bf677574102b4cabc1fffa7071763) Importer(2089858483,192608db42251d675da83286b1cce702)
Start importing Assets/Kit/Enviroment/tower defense/Side/tree_palmTall.png using Guid(be3bf677574102b4cabc1fffa7071763) Importer(2089858483,192608db42251d675da83286b1cce702) (ScriptedImporter) -> (artifact id: 'b20c8d40140ff3c51ce5532d542e2a44') in 0.0617431 seconds
Number of updated asset objects reloaded before import = 0Number of asset objects unloaded after import = 1

========================================================================
Received Import Request.
  Time since last request: 0.000052 seconds.
  path: Assets/Kit/Enviroment/tower defense/Side/tent_detailedOpen.png
  artifactKey: Guid(d42532415c6210e489366ffe319cb702) Importer(2089858483,192608db42251d675da83286b1cce702)
Start importing Assets/Kit/Enviroment/tower defense/Side/tent_detailedOpen.png using Guid(d42532415c6210e489366ffe319cb702) Importer(2089858483,192608db42251d675da83286b1cce702) (ScriptedImporter) -> (artifact id: '4dd2e77df7c2e7a56863c4c904eae6e5') in 0.0694465 seconds
Number of updated asset objects reloaded before import = 0Number of asset objects unloaded after import = 1

========================================================================
Received Import Request.
  Time since last request: 0.000034 seconds.
  path: Assets/Kit/Enviroment/tower defense/Side/stone_largeD.png
  artifactKey: Guid(cf6005e655f4f47489d1e2f53407b239) Importer(2089858483,192608db42251d675da83286b1cce702)
Start importing Assets/Kit/Enviroment/tower defense/Side/stone_largeD.png using Guid(cf6005e655f4f47489d1e2f53407b239) Importer(2089858483,192608db42251d675da83286b1cce702) (ScriptedImporter) -> (artifact id: '29672eef0ed5bcb8906f86dbd7d2dc74') in 0.0566981 seconds
Number of updated asset objects reloaded before import = 0Number of asset objects unloaded after import = 1

========================================================================
Received Import Request.
  Time since last request: 0.000043 seconds.
  path: Assets/Kit/Enviroment/tower defense/Side/tree_oak_dark.png
  artifactKey: Guid(41e3098002852654f8f047fbd3279f0c) Importer(2089858483,192608db42251d675da83286b1cce702)
Start importing Assets/Kit/Enviroment/tower defense/Side/tree_oak_dark.png using Guid(41e3098002852654f8f047fbd3279f0c) Importer(2089858483,192608db42251d675da83286b1cce702) (ScriptedImporter) -> (artifact id: '84b9351b16dae5b9d40fa04a127db529') in 0.0556092 seconds
Number of updated asset objects reloaded before import = 0Number of asset objects unloaded after import = 1

========================================================================
Received Import Request.
  Time since last request: 0.000045 seconds.
  path: Assets/Kit/Enviroment/tower defense/Side/stone_smallFlatB.png
  artifactKey: Guid(cbf296d9adb41334cbabbecf14081ad3) Importer(2089858483,192608db42251d675da83286b1cce702)
Start importing Assets/Kit/Enviroment/tower defense/Side/stone_smallFlatB.png using Guid(cbf296d9adb41334cbabbecf14081ad3) Importer(2089858483,192608db42251d675da83286b1cce702) (ScriptedImporter) -> (artifact id: '17be28d4316351f022277756cd868dc2') in 0.0534993 seconds
Number of updated asset objects reloaded before import = 0Number of asset objects unloaded after import = 1

========================================================================
Received Import Request.
  Time since last request: 0.000025 seconds.
  path: Assets/Kit/Enviroment/tower defense/Side/sign.png
  artifactKey: Guid(ffbccf98fa0345748bcb4a7fa400c7d0) Importer(2089858483,192608db42251d675da83286b1cce702)
Start importing Assets/Kit/Enviroment/tower defense/Side/sign.png using Guid(ffbccf98fa0345748bcb4a7fa400c7d0) Importer(2089858483,192608db42251d675da83286b1cce702) (ScriptedImporter) -> (artifact id: '618fcfd867d676edc518ee9ee7a6a75c') in 0.0658566 seconds
Number of updated asset objects reloaded before import = 0Number of asset objects unloaded after import = 1

========================================================================
Received Import Request.
  Time since last request: 0.000030 seconds.
  path: Assets/Kit/Enviroment/tower defense/Side/tree_pineRoundC.png
  artifactKey: Guid(d42e30d2276d74040b5f715ff35bd076) Importer(2089858483,192608db42251d675da83286b1cce702)
Start importing Assets/Kit/Enviroment/tower defense/Side/tree_pineRoundC.png using Guid(d42e30d2276d74040b5f715ff35bd076) Importer(2089858483,192608db42251d675da83286b1cce702) (ScriptedImporter) -> (artifact id: '8ff91ef3482ae168f2700d8e5829c8a1') in 0.0571221 seconds
Number of updated asset objects reloaded before import = 0Number of asset objects unloaded after import = 1

========================================================================
Received Import Request.
  Time since last request: 0.000046 seconds.
  path: Assets/Kit/Enviroment/tower defense/Side/rock_largeC.png
  artifactKey: Guid(0a7b36a1558fa1844bd5b01685bc39e2) Importer(2089858483,192608db42251d675da83286b1cce702)
Start importing Assets/Kit/Enviroment/tower defense/Side/rock_largeC.png using Guid(0a7b36a1558fa1844bd5b01685bc39e2) Importer(2089858483,192608db42251d675da83286b1cce702) (ScriptedImporter) -> (artifact id: '1467868271d8e95160498c43d61856d9') in 0.0573895 seconds
Number of updated asset objects reloaded before import = 0Number of asset objects unloaded after import = 1

========================================================================
Received Import Request.
  Time since last request: 0.000024 seconds.
  path: Assets/Kit/Enviroment/tower defense/Side/stone_tallD.png
  artifactKey: Guid(86ebd6f725f00404ab138f710d9279d7) Importer(2089858483,192608db42251d675da83286b1cce702)
Start importing Assets/Kit/Enviroment/tower defense/Side/stone_tallD.png using Guid(86ebd6f725f00404ab138f710d9279d7) Importer(2089858483,192608db42251d675da83286b1cce702) (ScriptedImporter) -> (artifact id: '92615db0745e5e6d8d064c0744646545') in 0.0594654 seconds
Number of updated asset objects reloaded before import = 0Number of asset objects unloaded after import = 1

========================================================================
Received Import Request.
  Time since last request: 0.000032 seconds.
  path: Assets/Kit/Enviroment/tower defense/Side/tree_palmDetailedShort.png
  artifactKey: Guid(425651a5e8243a64796208601ea1bd28) Importer(2089858483,192608db42251d675da83286b1cce702)
Start importing Assets/Kit/Enviroment/tower defense/Side/tree_palmDetailedShort.png using Guid(425651a5e8243a64796208601ea1bd28) Importer(2089858483,192608db42251d675da83286b1cce702) (ScriptedImporter) -> (artifact id: 'e35e146495afe8562cd5d71a42dc959c') in 0.062754 seconds
Number of updated asset objects reloaded before import = 0Number of asset objects unloaded after import = 1

========================================================================
Received Import Request.
  Time since last request: 0.000048 seconds.
  path: Assets/Kit/Enviroment/tower defense/Side/tree_pineRoundD.png
  artifactKey: Guid(fea6d77799f85fb4984f237641229cfc) Importer(2089858483,192608db42251d675da83286b1cce702)
Start importing Assets/Kit/Enviroment/tower defense/Side/tree_pineRoundD.png using Guid(fea6d77799f85fb4984f237641229cfc) Importer(2089858483,192608db42251d675da83286b1cce702) (ScriptedImporter) -> (artifact id: 'c1cbdcb35cfda24165228c494fe6f7d9') in 0.0583489 seconds
Number of updated asset objects reloaded before import = 0Number of asset objects unloaded after import = 1

========================================================================
Received Import Request.
  Time since last request: 0.000027 seconds.
  path: Assets/Kit/Enviroment/tower defense/Side/stone_tallA.png
  artifactKey: Guid(5f3868a1c5160004c81c5c44dca5165d) Importer(2089858483,192608db42251d675da83286b1cce702)
Start importing Assets/Kit/Enviroment/tower defense/Side/stone_tallA.png using Guid(5f3868a1c5160004c81c5c44dca5165d) Importer(2089858483,192608db42251d675da83286b1cce702) (ScriptedImporter) -> (artifact id: '0cd59f1b537cfbb7c96ebc8cf45f905d') in 0.0589128 seconds
Number of updated asset objects reloaded before import = 0Number of asset objects unloaded after import = 1

========================================================================
Received Import Request.
  Time since last request: 0.000033 seconds.
  path: Assets/Kit/Enviroment/tower defense/Side/tree_pineGroundA.png
  artifactKey: Guid(22a80cc59ca553d458dee691082b1820) Importer(2089858483,192608db42251d675da83286b1cce702)
Start importing Assets/Kit/Enviroment/tower defense/Side/tree_pineGroundA.png using Guid(22a80cc59ca553d458dee691082b1820) Importer(2089858483,192608db42251d675da83286b1cce702) (ScriptedImporter) -> (artifact id: 'daf08f7ff1977579aeefc044f084f4ea') in 0.058477 seconds
Number of updated asset objects reloaded before import = 0Number of asset objects unloaded after import = 1

========================================================================
Received Import Request.
  Time since last request: 0.000053 seconds.
  path: Assets/Kit/Enviroment/tower defense/Side/stump_squareDetailed.png
  artifactKey: Guid(0e09855b428de854abf9c2925830388a) Importer(2089858483,192608db42251d675da83286b1cce702)
Start importing Assets/Kit/Enviroment/tower defense/Side/stump_squareDetailed.png using Guid(0e09855b428de854abf9c2925830388a) Importer(2089858483,192608db42251d675da83286b1cce702) (ScriptedImporter) -> (artifact id: '79f58c263fb50d67d612de922a0e8e90') in 0.0594478 seconds
Number of updated asset objects reloaded before import = 0Number of asset objects unloaded after import = 1

========================================================================
Received Import Request.
  Time since last request: 0.000028 seconds.
  path: Assets/Kit/Enviroment/tower defense/Side/rock_largeE.png
  artifactKey: Guid(cf3674342a896284688b2e4d5e8cab36) Importer(2089858483,192608db42251d675da83286b1cce702)
Start importing Assets/Kit/Enviroment/tower defense/Side/rock_largeE.png using Guid(cf3674342a896284688b2e4d5e8cab36) Importer(2089858483,192608db42251d675da83286b1cce702) (ScriptedImporter) -> (artifact id: '2d260ec514b54836bbd971150c390460') in 0.0848111 seconds
Number of updated asset objects reloaded before import = 0Number of asset objects unloaded after import = 1

========================================================================
Received Import Request.
  Time since last request: 0.000036 seconds.
  path: Assets/Kit/Enviroment/tower defense/Side/rock_smallC.png
  artifactKey: Guid(f2b580577fe03bd4c82c19ed4d9d739a) Importer(2089858483,192608db42251d675da83286b1cce702)
Start importing Assets/Kit/Enviroment/tower defense/Side/rock_smallC.png using Guid(f2b580577fe03bd4c82c19ed4d9d739a) Importer(2089858483,192608db42251d675da83286b1cce702) (ScriptedImporter) -> (artifact id: '4292e2b8c635c2582062613138b54162') in 0.0629571 seconds
Number of updated asset objects reloaded before import = 0Number of asset objects unloaded after import = 1

========================================================================
Received Import Request.
  Time since last request: 0.000047 seconds.
  path: Assets/Kit/Enviroment/tower defense/Side/stone_smallB.png
  artifactKey: Guid(9868637dfebe4af41ba34e640a8e14f7) Importer(2089858483,192608db42251d675da83286b1cce702)
Start importing Assets/Kit/Enviroment/tower defense/Side/stone_smallB.png using Guid(9868637dfebe4af41ba34e640a8e14f7) Importer(2089858483,192608db42251d675da83286b1cce702) (ScriptedImporter) -> (artifact id: '09c77668316434a3673e3eef90b204e1') in 0.0662249 seconds
Number of updated asset objects reloaded before import = 0Number of asset objects unloaded after import = 1

========================================================================
Received Import Request.
  Time since last request: 0.000029 seconds.
  path: Assets/Kit/Enviroment/tower defense/Side/flower_yellowC.png
  artifactKey: Guid(4f98425454139514bb2a481b5c3acacc) Importer(2089858483,192608db42251d675da83286b1cce702)
Start importing Assets/Kit/Enviroment/tower defense/Side/flower_yellowC.png using Guid(4f98425454139514bb2a481b5c3acacc) Importer(2089858483,192608db42251d675da83286b1cce702) (ScriptedImporter) -> (artifact id: 'f75597da10b04eb402a933fe79211896') in 0.0574471 seconds
Number of updated asset objects reloaded before import = 0Number of asset objects unloaded after import = 1

========================================================================
Received Import Request.
  Time since last request: 0.000031 seconds.
  path: Assets/Kit/Exterior/Preview ext/fountain/fountain-corner.png
  artifactKey: Guid(78003603ca8981644b564ce1fd1f4a9a) Importer(2089858483,192608db42251d675da83286b1cce702)
Start importing Assets/Kit/Exterior/Preview ext/fountain/fountain-corner.png using Guid(78003603ca8981644b564ce1fd1f4a9a) Importer(2089858483,192608db42251d675da83286b1cce702) (ScriptedImporter) -> (artifact id: '63b112d49122b6ecdc598021030cc520') in 0.0639536 seconds
Number of updated asset objects reloaded before import = 0Number of asset objects unloaded after import = 1

========================================================================
Received Import Request.
  Time since last request: 0.000046 seconds.
  path: Assets/Kit/Exterior/Preview ext/stone/debris.png
  artifactKey: Guid(180b0bb298430ea4a98fb0086cc06dd1) Importer(2089858483,192608db42251d675da83286b1cce702)
Start importing Assets/Kit/Exterior/Preview ext/stone/debris.png using Guid(180b0bb298430ea4a98fb0086cc06dd1) Importer(2089858483,192608db42251d675da83286b1cce702) (ScriptedImporter) -> (artifact id: '526a41ef905f7787b502c4def2ee7417') in 0.0592169 seconds
Number of updated asset objects reloaded before import = 0Number of asset objects unloaded after import = 1

========================================================================
Received Import Request.
  Time since last request: 0.000030 seconds.
  path: Assets/Kit/Exterior/Preview ext/fountain/fountain-curved.png
  artifactKey: Guid(5175d0bbb6a886a42b654e3096978f4a) Importer(2089858483,192608db42251d675da83286b1cce702)
Start importing Assets/Kit/Exterior/Preview ext/fountain/fountain-curved.png using Guid(5175d0bbb6a886a42b654e3096978f4a) Importer(2089858483,192608db42251d675da83286b1cce702) (ScriptedImporter) -> (artifact id: '6bfe1afecbb18cdd85f68701a8294f4d') in 0.0573769 seconds
Number of updated asset objects reloaded before import = 0Number of asset objects unloaded after import = 1

========================================================================
Received Import Request.
  Time since last request: 0.000030 seconds.
  path: Assets/Kit/Exterior/Preview ext/stone/rock-wide.png
  artifactKey: Guid(c727d823f7fe1ce4cbec55983c89d18b) Importer(2089858483,192608db42251d675da83286b1cce702)
Start importing Assets/Kit/Exterior/Preview ext/stone/rock-wide.png using Guid(c727d823f7fe1ce4cbec55983c89d18b) Importer(2089858483,192608db42251d675da83286b1cce702) (ScriptedImporter) -> (artifact id: 'a889186e97725315599bb019f8b7587c') in 0.0575736 seconds
Number of updated asset objects reloaded before import = 0Number of asset objects unloaded after import = 1

========================================================================
Received Import Request.
  Time since last request: 0.000051 seconds.
  path: Assets/Kit/Exterior/Preview ext/banco/bench-damaged.png
  artifactKey: Guid(2456e26610eee754fb98db34f31fdb35) Importer(2089858483,192608db42251d675da83286b1cce702)
Start importing Assets/Kit/Exterior/Preview ext/banco/bench-damaged.png using Guid(2456e26610eee754fb98db34f31fdb35) Importer(2089858483,192608db42251d675da83286b1cce702) (ScriptedImporter) -> (artifact id: '041a847e1d03781a5eea7ce206f1a195') in 0.0655681 seconds
Number of updated asset objects reloaded before import = 0Number of asset objects unloaded after import = 1

========================================================================
Received Import Request.
  Time since last request: 0.000033 seconds.
  path: Assets/Kit/Exterior/Preview ext/wall/fence-curved.png
  artifactKey: Guid(c5eb7958bc709cc4eb8188170b5bf2ae) Importer(2089858483,192608db42251d675da83286b1cce702)
Start importing Assets/Kit/Exterior/Preview ext/wall/fence-curved.png using Guid(c5eb7958bc709cc4eb8188170b5bf2ae) Importer(2089858483,192608db42251d675da83286b1cce702) (ScriptedImporter) -> (artifact id: '7e88d46c46d7dca9e7006c6adb787aca') in 0.0592904 seconds
Number of updated asset objects reloaded before import = 0Number of asset objects unloaded after import = 1

========================================================================
Received Import Request.
  Time since last request: 0.000036 seconds.
  path: Assets/Kit/Exterior/Preview ext/trees/tree-crooked.png
  artifactKey: Guid(d46fa5abc691bb443b13eb217d01c306) Importer(2089858483,192608db42251d675da83286b1cce702)
Start importing Assets/Kit/Exterior/Preview ext/trees/tree-crooked.png using Guid(d46fa5abc691bb443b13eb217d01c306) Importer(2089858483,192608db42251d675da83286b1cce702) (ScriptedImporter) -> (artifact id: '941c9a9ffc23b327f9d36eb2472da340') in 0.0575767 seconds
Number of updated asset objects reloaded before import = 0Number of asset objects unloaded after import = 1

========================================================================
Received Import Request.
  Time since last request: 0.000053 seconds.
  path: Assets/Kit/Exterior/Rig ext/banco/bench-damaged.fbx
  artifactKey: Guid(46669aad38b8f7c41a1227411dfe1052) Importer(2089858483,192608db42251d675da83286b1cce702)
Start importing Assets/Kit/Exterior/Rig ext/banco/bench-damaged.fbx using Guid(46669aad38b8f7c41a1227411dfe1052) Importer(2089858483,192608db42251d675da83286b1cce702) (ScriptedImporter) -> (artifact id: 'a6b65e296b125504b3c6233f9455299f') in 0.1743824 seconds
Number of updated asset objects reloaded before import = 0Number of asset objects unloaded after import = 9

========================================================================
Received Import Request.
  Time since last request: 0.000035 seconds.
  path: Assets/Kit/Exterior/Preview ext/wall/stone-wall-curve.png
  artifactKey: Guid(7d9bfc5c66c5a6c4e8b3352d73e80537) Importer(2089858483,192608db42251d675da83286b1cce702)
Start importing Assets/Kit/Exterior/Preview ext/wall/stone-wall-curve.png using Guid(7d9bfc5c66c5a6c4e8b3352d73e80537) Importer(2089858483,192608db42251d675da83286b1cce702) (ScriptedImporter) -> (artifact id: '887c471ba7e8d9135dcbb5362e1af169') in 0.0650094 seconds
Number of updated asset objects reloaded before import = 0Number of asset objects unloaded after import = 1

========================================================================
Received Import Request.
  Time since last request: 0.000058 seconds.
  path: Assets/Kit/Exterior/Preview ext/stone/rocks-tall.png
  artifactKey: Guid(46f76e57796b39e42a9c975fdcd3a5e1) Importer(2089858483,192608db42251d675da83286b1cce702)
Start importing Assets/Kit/Exterior/Preview ext/stone/rocks-tall.png using Guid(46f76e57796b39e42a9c975fdcd3a5e1) Importer(2089858483,192608db42251d675da83286b1cce702) (ScriptedImporter) -> (artifact id: '37c4707ee1e471229bca0aeed29f3d98') in 0.0609542 seconds
Number of updated asset objects reloaded before import = 0Number of asset objects unloaded after import = 1

========================================================================
Received Import Request.
  Time since last request: 0.000032 seconds.
  path: Assets/Kit/Exterior/Preview ext/wall/brick-wall-curve-small.png
  artifactKey: Guid(30ea48f21e79a404eb0973514182d03e) Importer(2089858483,192608db42251d675da83286b1cce702)
Start importing Assets/Kit/Exterior/Preview ext/wall/brick-wall-curve-small.png using Guid(30ea48f21e79a404eb0973514182d03e) Importer(2089858483,192608db42251d675da83286b1cce702) (ScriptedImporter) -> (artifact id: 'da40d062a3fb04e8ab10dec517d77dfc') in 0.0628707 seconds
Number of updated asset objects reloaded before import = 0Number of asset objects unloaded after import = 1

========================================================================
Received Import Request.
  Time since last request: 0.000036 seconds.
  path: Assets/Kit/Exterior/Rig ext/crypt/crypt-large-door.fbx
  artifactKey: Guid(4ea3b0d7be8a50d4d83fd99257831883) Importer(2089858483,192608db42251d675da83286b1cce702)
Start importing Assets/Kit/Exterior/Rig ext/crypt/crypt-large-door.fbx using Guid(4ea3b0d7be8a50d4d83fd99257831883) Importer(2089858483,192608db42251d675da83286b1cce702) (ScriptedImporter) -> (artifact id: 'fdf2bf0c5d6d9c62853de27d970e974e') in 0.1006524 seconds
Number of updated asset objects reloaded before import = 0Number of asset objects unloaded after import = 14

========================================================================
Received Import Request.
  Time since last request: 0.000058 seconds.
  path: Assets/Kit/Enviroment/tower defense/Side/tree_simple_dark.png
  artifactKey: Guid(2c8834b84d0f8ab4aa6c8b012f71fa29) Importer(2089858483,192608db42251d675da83286b1cce702)
Start importing Assets/Kit/Enviroment/tower defense/Side/tree_simple_dark.png using Guid(2c8834b84d0f8ab4aa6c8b012f71fa29) Importer(2089858483,192608db42251d675da83286b1cce702) (ScriptedImporter) -> (artifact id: 'fccd1ebea1454acf8127da757853f6fa') in 0.0591652 seconds
Number of updated asset objects reloaded before import = 0Number of asset objects unloaded after import = 1

========================================================================
Received Import Request.
  Time since last request: 0.000038 seconds.
  path: Assets/Kit/Exterior/Preview ext/character/character-skeleton.png
  artifactKey: Guid(758844509d651234896f2b498c89d4c5) Importer(2089858483,192608db42251d675da83286b1cce702)
Start importing Assets/Kit/Exterior/Preview ext/character/character-skeleton.png using Guid(758844509d651234896f2b498c89d4c5) Importer(2089858483,192608db42251d675da83286b1cce702) (ScriptedImporter) -> (artifact id: '1e9a0ed091b46a467ebc3ca0b61c48cb') in 0.0702839 seconds
Number of updated asset objects reloaded before import = 0Number of asset objects unloaded after import = 1

========================================================================
Received Import Request.
  Time since last request: 0.000040 seconds.
  path: Assets/Kit/Enviroment/tower defense/Side/tree_plateau_dark.png
  artifactKey: Guid(8c7baf568f51801488750126665f2283) Importer(2089858483,192608db42251d675da83286b1cce702)
Start importing Assets/Kit/Enviroment/tower defense/Side/tree_plateau_dark.png using Guid(8c7baf568f51801488750126665f2283) Importer(2089858483,192608db42251d675da83286b1cce702) (ScriptedImporter) -> (artifact id: 'ee6e88deb5ae9548f478cc97e1d56dd2') in 0.0699148 seconds
Number of updated asset objects reloaded before import = 0Number of asset objects unloaded after import = 1

========================================================================
Received Import Request.
  Time since last request: 0.000053 seconds.
  path: Assets/Kit/Exterior/Preview ext/fountain/fountain-corner-inner-square.png
  artifactKey: Guid(da51cf541e218094c93ededf6140b8c1) Importer(2089858483,192608db42251d675da83286b1cce702)
Start importing Assets/Kit/Exterior/Preview ext/fountain/fountain-corner-inner-square.png using Guid(da51cf541e218094c93ededf6140b8c1) Importer(2089858483,192608db42251d675da83286b1cce702) (ScriptedImporter) -> (artifact id: 'f51379c763096e0b3a7d3ec1d9887846') in 0.065903 seconds
Number of updated asset objects reloaded before import = 0Number of asset objects unloaded after import = 1

========================================================================
Received Import Request.
  Time since last request: 0.000059 seconds.
  path: Assets/Kit/Exterior/Rig ext/farola/lightpost-all.fbx
  artifactKey: Guid(27745ab72781ca44dad2d382f6ef6779) Importer(2089858483,192608db42251d675da83286b1cce702)
Start importing Assets/Kit/Exterior/Rig ext/farola/lightpost-all.fbx using Guid(27745ab72781ca44dad2d382f6ef6779) Importer(2089858483,192608db42251d675da83286b1cce702) (ScriptedImporter) -> (artifact id: 'd11679760b5736a2167518a3db6084e5') in 0.0773647 seconds
Number of updated asset objects reloaded before import = 0Number of asset objects unloaded after import = 9

========================================================================
Received Import Request.
  Time since last request: 0.000036 seconds.
  path: Assets/Kit/Exterior/Rig ext/crypt/crypt-small.fbx
  artifactKey: Guid(25f51c8f21ac1134a871efc5e20ba2e6) Importer(2089858483,192608db42251d675da83286b1cce702)
Start importing Assets/Kit/Exterior/Rig ext/crypt/crypt-small.fbx using Guid(25f51c8f21ac1134a871efc5e20ba2e6) Importer(2089858483,192608db42251d675da83286b1cce702) (ScriptedImporter) -> (artifact id: '9e28f535a5f66043e5d0501e16594e00') in 0.0689744 seconds
Number of updated asset objects reloaded before import = 0Number of asset objects unloaded after import = 9

========================================================================
Received Import Request.
  Time since last request: 0.000039 seconds.
  path: Assets/Kit/Exterior/Rig ext/cart/cart-high.fbx
  artifactKey: Guid(2df3c280fa0fe1c48b9da4294a5b2643) Importer(2089858483,192608db42251d675da83286b1cce702)
Start importing Assets/Kit/Exterior/Rig ext/cart/cart-high.fbx using Guid(2df3c280fa0fe1c48b9da4294a5b2643) Importer(2089858483,192608db42251d675da83286b1cce702) (ScriptedImporter) -> (artifact id: '377468a117edf7d9d65788dd7106191b') in 0.080865 seconds
Number of updated asset objects reloaded before import = 0Number of asset objects unloaded after import = 19

========================================================================
Received Import Request.
  Time since last request: 0.000031 seconds.
  path: Assets/Kit/Enviroment/tower defense/Side/tree_pineTallB_detailed.png
  artifactKey: Guid(70ab7cf67f453fd43834ffe549dde4a1) Importer(2089858483,192608db42251d675da83286b1cce702)
Start importing Assets/Kit/Enviroment/tower defense/Side/tree_pineTallB_detailed.png using Guid(70ab7cf67f453fd43834ffe549dde4a1) Importer(2089858483,192608db42251d675da83286b1cce702) (ScriptedImporter) -> (artifact id: 'e5b3204ef69b8b28f50cbbb4a862edfd') in 0.0592444 seconds
Number of updated asset objects reloaded before import = 0Number of asset objects unloaded after import = 1

========================================================================
Received Import Request.
  Time since last request: 0.000033 seconds.
  path: Assets/Kit/Enviroment/tower defense/Side/tree_simple_fall.png
  artifactKey: Guid(dfbefc0f6c599fd4a9e4fdc82a7b7295) Importer(2089858483,192608db42251d675da83286b1cce702)
Start importing Assets/Kit/Enviroment/tower defense/Side/tree_simple_fall.png using Guid(dfbefc0f6c599fd4a9e4fdc82a7b7295) Importer(2089858483,192608db42251d675da83286b1cce702) (ScriptedImporter) -> (artifact id: 'f7d835f6d4cfe54d78f2efe6e1e01d03') in 0.060621 seconds
Number of updated asset objects reloaded before import = 0Number of asset objects unloaded after import = 1

========================================================================
Received Import Request.
  Time since last request: 0.000052 seconds.
  path: Assets/Kit/Exterior/Preview ext/trees/pine-fall-crooked.png
  artifactKey: Guid(937565926b2c3474798c744c363e905e) Importer(2089858483,192608db42251d675da83286b1cce702)
Start importing Assets/Kit/Exterior/Preview ext/trees/pine-fall-crooked.png using Guid(937565926b2c3474798c744c363e905e) Importer(2089858483,192608db42251d675da83286b1cce702) (ScriptedImporter) -> (artifact id: '7dd43a4741f21c868683f97e5208a5e5') in 0.0629019 seconds
Number of updated asset objects reloaded before import = 0Number of asset objects unloaded after import = 1

========================================================================
Received Import Request.
  Time since last request: 0.000032 seconds.
  path: Assets/Kit/Tower Defense/Models/FBX format/snow-tile-straight-slope-large.fbx
  artifactKey: Guid(2beca4d165b862846ad163020efac40a) Importer(2089858483,192608db42251d675da83286b1cce702)
Start importing Assets/Kit/Tower Defense/Models/FBX format/snow-tile-straight-slope-large.fbx using Guid(2beca4d165b862846ad163020efac40a) Importer(2089858483,192608db42251d675da83286b1cce702) (ScriptedImporter) -> (artifact id: '8a4456d968cd59900efc3948205a36bb') in 0.0663087 seconds
Number of updated asset objects reloaded before import = 0Number of asset objects unloaded after import = 9

========================================================================
Received Import Request.
  Time since last request: 0.000035 seconds.
  path: Assets/Kit/Tower Defense/Models/FBX format/snow-detail-crystal-large.fbx
  artifactKey: Guid(98e57104397e79c40bd401d89fb5211e) Importer(2089858483,192608db42251d675da83286b1cce702)
Start importing Assets/Kit/Tower Defense/Models/FBX format/snow-detail-crystal-large.fbx using Guid(98e57104397e79c40bd401d89fb5211e) Importer(2089858483,192608db42251d675da83286b1cce702) (ScriptedImporter) -> (artifact id: 'c5fe8c6321b5692350ab3012eecfae5e') in 0.0865595 seconds
Number of updated asset objects reloaded before import = 0Number of asset objects unloaded after import = 9

========================================================================
Received Import Request.
  Time since last request: 0.000071 seconds.
  path: Assets/Kit/Exterior/Rig ext/wall/iron-fence-border-curve.fbx
  artifactKey: Guid(1f681ef5437e37c41bf756906e8aa05a) Importer(2089858483,192608db42251d675da83286b1cce702)
Start importing Assets/Kit/Exterior/Rig ext/wall/iron-fence-border-curve.fbx using Guid(1f681ef5437e37c41bf756906e8aa05a) Importer(2089858483,192608db42251d675da83286b1cce702) (ScriptedImporter) -> (artifact id: 'aec94490abe65da4ed21c5a2e68b9373') in 0.0661299 seconds
Number of updated asset objects reloaded before import = 0Number of asset objects unloaded after import = 9

========================================================================
Received Import Request.
  Time since last request: 0.000030 seconds.
  path: Assets/Kit/Exterior/Rig ext/trees/pine.fbx
  artifactKey: Guid(82717b963fc13204b9e226abefdb1cfe) Importer(2089858483,192608db42251d675da83286b1cce702)
Start importing Assets/Kit/Exterior/Rig ext/trees/pine.fbx using Guid(82717b963fc13204b9e226abefdb1cfe) Importer(2089858483,192608db42251d675da83286b1cce702) (ScriptedImporter) -> (artifact id: 'e64c556219aa88f22dcffbe56a2cf52b') in 0.0729344 seconds
Number of updated asset objects reloaded before import = 0Number of asset objects unloaded after import = 9

========================================================================
Received Import Request.
  Time since last request: 0.000032 seconds.
  path: Assets/Kit/Exterior/Rig ext/stone/road.fbx
  artifactKey: Guid(57c30b7b0baad734ebd5124e4c1466dc) Importer(2089858483,192608db42251d675da83286b1cce702)
Start importing Assets/Kit/Exterior/Rig ext/stone/road.fbx using Guid(57c30b7b0baad734ebd5124e4c1466dc) Importer(2089858483,192608db42251d675da83286b1cce702) (ScriptedImporter) -> (artifact id: '0f86101c3e2e8e22dca77d4a4616f569') in 0.0602813 seconds
Number of updated asset objects reloaded before import = 0Number of asset objects unloaded after import = 9

========================================================================
Received Import Request.
  Time since last request: 0.000051 seconds.
  path: Assets/Kit/Tower Defense/Models/FBX format/snow-tile-straight.fbx
  artifactKey: Guid(bb452a279ab4d9643a707514d89077df) Importer(2089858483,192608db42251d675da83286b1cce702)
Start importing Assets/Kit/Tower Defense/Models/FBX format/snow-tile-straight.fbx using Guid(bb452a279ab4d9643a707514d89077df) Importer(2089858483,192608db42251d675da83286b1cce702) (ScriptedImporter) -> (artifact id: 'aac6353d31fea0fc0933a338ac3d4a8a') in 0.0715009 seconds
Number of updated asset objects reloaded before import = 0Number of asset objects unloaded after import = 9

========================================================================
Received Import Request.
  Time since last request: 0.000030 seconds.
  path: Assets/Kit/Exterior/Rig ext/wall/iron-fence-bar.fbx
  artifactKey: Guid(1aaf745490145ee4bbe5670eef0692cf) Importer(2089858483,192608db42251d675da83286b1cce702)
Start importing Assets/Kit/Exterior/Rig ext/wall/iron-fence-bar.fbx using Guid(1aaf745490145ee4bbe5670eef0692cf) Importer(2089858483,192608db42251d675da83286b1cce702) (ScriptedImporter) -> (artifact id: 'cd0b649d1b2b9643d76a03ade53d9d76') in 0.0660382 seconds
Number of updated asset objects reloaded before import = 0Number of asset objects unloaded after import = 9

========================================================================
Received Import Request.
  Time since last request: 0.000033 seconds.
  path: Assets/Kit/Enviroment/Eviroment hexa/KayKit_Medieval_Hexagon_Pack_1.0_FREE
  artifactKey: Guid(5abcda4e27c53b248ba860cdf23e165a) Importer(815301076,1909f56bfc062723c751e8b465ee728b)
Start importing Assets/Kit/Enviroment/Eviroment hexa/KayKit_Medieval_Hexagon_Pack_1.0_FREE using Guid(5abcda4e27c53b248ba860cdf23e165a) Importer(815301076,1909f56bfc062723c751e8b465ee728b) (PreviewImporter) -> (artifact id: '1652d15e1e94e4ee43aaf833592e0963') in 0.0011486 seconds
Number of updated asset objects reloaded before import = 0Number of asset objects unloaded after import = 0

========================================================================
Received Import Request.
  Time since last request: 0.000054 seconds.
  path: Assets/Kit/Tower Defense/Models/FBX format/snow-tile-corner-outer.fbx
  artifactKey: Guid(6e1c1c0d0f050c948814e6c757599582) Importer(2089858483,192608db42251d675da83286b1cce702)
Start importing Assets/Kit/Tower Defense/Models/FBX format/snow-tile-corner-outer.fbx using Guid(6e1c1c0d0f050c948814e6c757599582) Importer(2089858483,192608db42251d675da83286b1cce702) (ScriptedImporter) -> (artifact id: '97569b97b5b0185982740a91858c9dff') in 0.0743614 seconds
Number of updated asset objects reloaded before import = 0Number of asset objects unloaded after import = 9

========================================================================
Received Import Request.
  Time since last request: 0.000035 seconds.
  path: Assets/Kit/Tower Defense/Models/FBX format/enemy-ufo-b.fbx
  artifactKey: Guid(ddb86d47e86e2e141b5930d3bc93f833) Importer(2089858483,192608db42251d675da83286b1cce702)
Start importing Assets/Kit/Tower Defense/Models/FBX format/enemy-ufo-b.fbx using Guid(ddb86d47e86e2e141b5930d3bc93f833) Importer(2089858483,192608db42251d675da83286b1cce702) (ScriptedImporter) -> (artifact id: '3bc957ef3795383568e812167b73471b') in 0.0682257 seconds
Number of updated asset objects reloaded before import = 0Number of asset objects unloaded after import = 9

========================================================================
Received Import Request.
  Time since last request: 0.000035 seconds.
  path: Assets/Kit/Tower Defense/Models/FBX format/snow-tile-spawn.fbx
  artifactKey: Guid(c4cf6603d9c3ac34093e6902cdf41df6) Importer(2089858483,192608db42251d675da83286b1cce702)
Start importing Assets/Kit/Tower Defense/Models/FBX format/snow-tile-spawn.fbx using Guid(c4cf6603d9c3ac34093e6902cdf41df6) Importer(2089858483,192608db42251d675da83286b1cce702) (ScriptedImporter) -> (artifact id: 'a19832bc8beaceb1f39f153be68acc08') in 0.0727144 seconds
Number of updated asset objects reloaded before import = 0Number of asset objects unloaded after import = 9

========================================================================
Received Import Request.
  Time since last request: 0.000056 seconds.
  path: Assets/Kit/Tower Defense/Models/FBX format/snow-tile-spawn-end-round.fbx
  artifactKey: Guid(cc31ef0f6395b18458fc44ea12819d04) Importer(2089858483,192608db42251d675da83286b1cce702)
Start importing Assets/Kit/Tower Defense/Models/FBX format/snow-tile-spawn-end-round.fbx using Guid(cc31ef0f6395b18458fc44ea12819d04) Importer(2089858483,192608db42251d675da83286b1cce702) (ScriptedImporter) -> (artifact id: '0721322af09fb39a42a2969f63d15817') in 0.0592927 seconds
Number of updated asset objects reloaded before import = 0Number of asset objects unloaded after import = 9

========================================================================
Received Import Request.
  Time since last request: 0.000031 seconds.
  path: Assets/Kit/Tower Defense/Models/FBX format/selection-b.fbx
  artifactKey: Guid(7dcb93a603f466b4a90d50189d8446a1) Importer(2089858483,192608db42251d675da83286b1cce702)
Start importing Assets/Kit/Tower Defense/Models/FBX format/selection-b.fbx using Guid(7dcb93a603f466b4a90d50189d8446a1) Importer(2089858483,192608db42251d675da83286b1cce702) (ScriptedImporter) -> (artifact id: '9447fed538d59d4b256d3f67f9b83cb3') in 0.0724268 seconds
Number of updated asset objects reloaded before import = 0Number of asset objects unloaded after import = 9

========================================================================
Received Import Request.
  Time since last request: 0.000056 seconds.
  path: Assets/Kit/Interior/Rig int/detallitos/detail-plate.fbx
  artifactKey: Guid(6d4931f21df16e64c9113c4e1be02e2a) Importer(2089858483,192608db42251d675da83286b1cce702)
Start importing Assets/Kit/Interior/Rig int/detallitos/detail-plate.fbx using Guid(6d4931f21df16e64c9113c4e1be02e2a) Importer(2089858483,192608db42251d675da83286b1cce702) (ScriptedImporter) -> (artifact id: 'c2fa13a351474b6e26cd3a2d509dc98f') in 0.0682727 seconds
Number of updated asset objects reloaded before import = 0Number of asset objects unloaded after import = 9

========================================================================
Received Import Request.
  Time since last request: 0.000045 seconds.
  path: Assets/Kit/Exterior/Rig ext/trees/pine-fall.fbx
  artifactKey: Guid(6aaae8244673c16489ce9bab03a7c3e8) Importer(2089858483,192608db42251d675da83286b1cce702)
Start importing Assets/Kit/Exterior/Rig ext/trees/pine-fall.fbx using Guid(6aaae8244673c16489ce9bab03a7c3e8) Importer(2089858483,192608db42251d675da83286b1cce702) (ScriptedImporter) -> (artifact id: '16ed0e6fbb3137db3af9c1ad69307a06') in 0.0738627 seconds
Number of updated asset objects reloaded before import = 0Number of asset objects unloaded after import = 9

========================================================================
Received Import Request.
  Time since last request: 0.000025 seconds.
  path: Assets/Kit/Tower Defense/Models/FBX format/snow-detail-rocks.fbx
  artifactKey: Guid(ca7ab4faa90bf7a4aaa8d087a9558d0f) Importer(2089858483,192608db42251d675da83286b1cce702)
Start importing Assets/Kit/Tower Defense/Models/FBX format/snow-detail-rocks.fbx using Guid(ca7ab4faa90bf7a4aaa8d087a9558d0f) Importer(2089858483,192608db42251d675da83286b1cce702) (ScriptedImporter) -> (artifact id: '9e8f122373a139cc4fde009d5feb792a') in 0.0673664 seconds
Number of updated asset objects reloaded before import = 0Number of asset objects unloaded after import = 9

========================================================================
Received Import Request.
  Time since last request: 0.000043 seconds.
  path: Assets/Kit/Exterior/Rig ext/wall/iron-fence-curve.fbx
  artifactKey: Guid(0ea4569611097a543b0751d0e774dee9) Importer(2089858483,192608db42251d675da83286b1cce702)
Start importing Assets/Kit/Exterior/Rig ext/wall/iron-fence-curve.fbx using Guid(0ea4569611097a543b0751d0e774dee9) Importer(2089858483,192608db42251d675da83286b1cce702) (ScriptedImporter) -> (artifact id: '0c6af620957de211cec1bf98817a0fa1') in 0.0629226 seconds
Number of updated asset objects reloaded before import = 0Number of asset objects unloaded after import = 9

========================================================================
Received Import Request.
  Time since last request: 0.000059 seconds.
  path: Assets/Kit/Exterior/Rig ext/wall/iron-fence-border-column.fbx
  artifactKey: Guid(3bd8d928fbebbb44bb4603deabba926c) Importer(2089858483,192608db42251d675da83286b1cce702)
Start importing Assets/Kit/Exterior/Rig ext/wall/iron-fence-border-column.fbx using Guid(3bd8d928fbebbb44bb4603deabba926c) Importer(2089858483,192608db42251d675da83286b1cce702) (ScriptedImporter) -> (artifact id: 'f005b7648d4211fe27d47ae20acc7455') in 0.0729115 seconds
Number of updated asset objects reloaded before import = 0Number of asset objects unloaded after import = 9

========================================================================
Received Import Request.
  Time since last request: 0.000031 seconds.
  path: Assets/Kit/Exterior/Preview ext/stone/road.png
  artifactKey: Guid(542dfed6bb8318044986caf04801e117) Importer(2089858483,192608db42251d675da83286b1cce702)
Start importing Assets/Kit/Exterior/Preview ext/stone/road.png using Guid(542dfed6bb8318044986caf04801e117) Importer(2089858483,192608db42251d675da83286b1cce702) (ScriptedImporter) -> (artifact id: 'ef84169c84fcdc15f5f8089124d18e07') in 0.0658228 seconds
Number of updated asset objects reloaded before import = 0Number of asset objects unloaded after import = 1

========================================================================
Received Import Request.
  Time since last request: 0.000034 seconds.
  path: Assets/Kit/Tower Defense/Models/FBX format/snow-tile-wide-transition.fbx
  artifactKey: Guid(2ba606539214b894291d365a22fb1a8f) Importer(2089858483,192608db42251d675da83286b1cce702)
Start importing Assets/Kit/Tower Defense/Models/FBX format/snow-tile-wide-transition.fbx using Guid(2ba606539214b894291d365a22fb1a8f) Importer(2089858483,192608db42251d675da83286b1cce702) (ScriptedImporter) -> (artifact id: '992009f40bde220fe59699aeb9412531') in 0.0755546 seconds
Number of updated asset objects reloaded before import = 0Number of asset objects unloaded after import = 9

========================================================================
Received Import Request.
  Time since last request: 0.000057 seconds.
  path: Assets/Kit/Exterior/Preview ext/wall/hedge-large-curved.png
  artifactKey: Guid(c32b244dfdedbec4ebd5b4a2aa5998b2) Importer(2089858483,192608db42251d675da83286b1cce702)
Start importing Assets/Kit/Exterior/Preview ext/wall/hedge-large-curved.png using Guid(c32b244dfdedbec4ebd5b4a2aa5998b2) Importer(2089858483,192608db42251d675da83286b1cce702) (ScriptedImporter) -> (artifact id: '8ff2888be622d997c8a5fc14e2338a1d') in 0.0626451 seconds
Number of updated asset objects reloaded before import = 0Number of asset objects unloaded after import = 1

========================================================================
Received Import Request.
  Time since last request: 0.000030 seconds.
  path: Assets/Kit/Exterior/Preview ext/crypt/crypt-large-roof.png
  artifactKey: Guid(a3fcab02ad6c45c4b95b9f88edff033e) Importer(2089858483,192608db42251d675da83286b1cce702)
Start importing Assets/Kit/Exterior/Preview ext/crypt/crypt-large-roof.png using Guid(a3fcab02ad6c45c4b95b9f88edff033e) Importer(2089858483,192608db42251d675da83286b1cce702) (ScriptedImporter) -> (artifact id: 'c9c2e3a553edc3ee9ce43335c148e9d7') in 0.0589852 seconds
Number of updated asset objects reloaded before import = 0Number of asset objects unloaded after import = 1

========================================================================
Received Import Request.
  Time since last request: 0.000035 seconds.
  path: Assets/Kit/Exterior/Rig ext/wall/iron-fence-damaged.fbx
  artifactKey: Guid(620a7c28275e36f4cb33869b4fe28bc8) Importer(2089858483,192608db42251d675da83286b1cce702)
Start importing Assets/Kit/Exterior/Rig ext/wall/iron-fence-damaged.fbx using Guid(620a7c28275e36f4cb33869b4fe28bc8) Importer(2089858483,192608db42251d675da83286b1cce702) (ScriptedImporter) -> (artifact id: '0a5937a9f9fd7ea55dcea80bd979e347') in 0.0654959 seconds
Number of updated asset objects reloaded before import = 0Number of asset objects unloaded after import = 9

========================================================================
Received Import Request.
  Time since last request: 0.000055 seconds.
  path: Assets/Kit/Enviroment/tower defense/Side/rock_largeB.png
  artifactKey: Guid(6559d48dd4efd5f4c9bacc7ede661d66) Importer(2089858483,192608db42251d675da83286b1cce702)
Start importing Assets/Kit/Enviroment/tower defense/Side/rock_largeB.png using Guid(6559d48dd4efd5f4c9bacc7ede661d66) Importer(2089858483,192608db42251d675da83286b1cce702) (ScriptedImporter) -> (artifact id: '4512658d1fdceda77490cd109bcd94f9') in 0.0684919 seconds
Number of updated asset objects reloaded before import = 0Number of asset objects unloaded after import = 1

========================================================================
Received Import Request.
  Time since last request: 0.000031 seconds.
  path: Assets/Kit/Tower Defense/Models/FBX format/tile-corner-square.fbx
  artifactKey: Guid(8888b8ae7adbbe34a93cbaab08fa82fd) Importer(2089858483,192608db42251d675da83286b1cce702)
Start importing Assets/Kit/Tower Defense/Models/FBX format/tile-corner-square.fbx using Guid(8888b8ae7adbbe34a93cbaab08fa82fd) Importer(2089858483,192608db42251d675da83286b1cce702) (ScriptedImporter) -> (artifact id: 'd4bfa278936e1ed554e96b6b0f536554') in 0.0612542 seconds
Number of updated asset objects reloaded before import = 0Number of asset objects unloaded after import = 9

========================================================================
Received Import Request.
  Time since last request: 0.000035 seconds.
  path: Assets/Kit/Tower Defense/Models/GLB format/detail-rocks-large.glb
  artifactKey: Guid(3a00656180bbe474bb533366e8b7d6b2) Importer(2089858483,192608db42251d675da83286b1cce702)
Start importing Assets/Kit/Tower Defense/Models/GLB format/detail-rocks-large.glb using Guid(3a00656180bbe474bb533366e8b7d6b2) Importer(2089858483,192608db42251d675da83286b1cce702) (ScriptedImporter) -> (artifact id: 'fb049ef34b2bcead59166ca1ee8c4b55') in 0.0295147 seconds
Number of updated asset objects reloaded before import = 0Number of asset objects unloaded after import = 1

========================================================================
Received Import Request.
  Time since last request: 0.000048 seconds.
  path: Assets/Kit/Tower Defense/Models/FBX format/wood-structure.fbx
  artifactKey: Guid(72f6a9e0f56d9c6488188016de322a7a) Importer(2089858483,192608db42251d675da83286b1cce702)
Start importing Assets/Kit/Tower Defense/Models/FBX format/wood-structure.fbx using Guid(72f6a9e0f56d9c6488188016de322a7a) Importer(2089858483,192608db42251d675da83286b1cce702) (ScriptedImporter) -> (artifact id: '1da8b7deaac2e5515bdc3e4491a79ab9') in 0.0719652 seconds
Number of updated asset objects reloaded before import = 0Number of asset objects unloaded after import = 9

========================================================================
Received Import Request.
  Time since last request: 0.000033 seconds.
  path: Assets/Kit/Tower Defense/Models/FBX format/weapon-catapult.fbx
  artifactKey: Guid(6a5e2382f73c3cf43baa2d38d00d6b43) Importer(2089858483,192608db42251d675da83286b1cce702)
Start importing Assets/Kit/Tower Defense/Models/FBX format/weapon-catapult.fbx using Guid(6a5e2382f73c3cf43baa2d38d00d6b43) Importer(2089858483,192608db42251d675da83286b1cce702) (ScriptedImporter) -> (artifact id: '9a605e01c4d5e333dc5acbf10c6f3c01') in 0.0645984 seconds
Number of updated asset objects reloaded before import = 0Number of asset objects unloaded after import = 14

========================================================================
Received Import Request.
  Time since last request: 0.000034 seconds.
  path: Assets/Kit/Tower Defense/Models/FBX format/tower-round-top-a.fbx
  artifactKey: Guid(a1c66f65422aba94d91c199a84eaacb6) Importer(2089858483,192608db42251d675da83286b1cce702)
Start importing Assets/Kit/Tower Defense/Models/FBX format/tower-round-top-a.fbx using Guid(a1c66f65422aba94d91c199a84eaacb6) Importer(2089858483,192608db42251d675da83286b1cce702) (ScriptedImporter) -> (artifact id: '9f58b7ed0121fd0cb8ce605998842bc9') in 0.0780005 seconds
Number of updated asset objects reloaded before import = 0Number of asset objects unloaded after import = 9

========================================================================
Received Import Request.
  Time since last request: 0.000052 seconds.
  path: Assets/Kit/Tower Defense/Models/FBX format/tile-rock.fbx
  artifactKey: Guid(89d5770613943cf4c9717309976335d1) Importer(2089858483,192608db42251d675da83286b1cce702)
Start importing Assets/Kit/Tower Defense/Models/FBX format/tile-rock.fbx using Guid(89d5770613943cf4c9717309976335d1) Importer(2089858483,192608db42251d675da83286b1cce702) (ScriptedImporter) -> (artifact id: 'bc2cde0658571afaf86882098a58f73a') in 0.0727754 seconds
Number of updated asset objects reloaded before import = 0Number of asset objects unloaded after import = 9

========================================================================
Received Import Request.
  Time since last request: 0.000053 seconds.
  path: Assets/Kit/Tower Defense/Models/FBX format/weapon-ammo-arrow.fbx
  artifactKey: Guid(c4d2cb8dbe5d8cc4091de2f94d30025e) Importer(2089858483,192608db42251d675da83286b1cce702)
Start importing Assets/Kit/Tower Defense/Models/FBX format/weapon-ammo-arrow.fbx using Guid(c4d2cb8dbe5d8cc4091de2f94d30025e) Importer(2089858483,192608db42251d675da83286b1cce702) (ScriptedImporter) -> (artifact id: 'aeb588d466c237aeb33b33a7bc684a60') in 0.0644727 seconds
Number of updated asset objects reloaded before import = 0Number of asset objects unloaded after import = 9

========================================================================
Received Import Request.
  Time since last request: 0.000035 seconds.
  path: Assets/Kit/Tower Defense/Models/FBX format/tower-round-middle-a.fbx
  artifactKey: Guid(07f5604f566d57c42a464ec0fe28d033) Importer(2089858483,192608db42251d675da83286b1cce702)
Start importing Assets/Kit/Tower Defense/Models/FBX format/tower-round-middle-a.fbx using Guid(07f5604f566d57c42a464ec0fe28d033) Importer(2089858483,192608db42251d675da83286b1cce702) (ScriptedImporter) -> (artifact id: 'ec3e6ba235a91e6784d2858a1e381521') in 0.0743699 seconds
Number of updated asset objects reloaded before import = 0Number of asset objects unloaded after import = 9

========================================================================
Received Import Request.
  Time since last request: 0.000045 seconds.
  path: Assets/Kit/Tower Defense/Models/FBX format/tower-round-middle-c.fbx
  artifactKey: Guid(90df05bf7734897438992c33a3fe5c68) Importer(2089858483,192608db42251d675da83286b1cce702)
Start importing Assets/Kit/Tower Defense/Models/FBX format/tower-round-middle-c.fbx using Guid(90df05bf7734897438992c33a3fe5c68) Importer(2089858483,192608db42251d675da83286b1cce702) (ScriptedImporter) -> (artifact id: '81f226b33f56fde360a924055f08de6b') in 0.0687417 seconds
Number of updated asset objects reloaded before import = 0Number of asset objects unloaded after import = 9

========================================================================
Received Import Request.
  Time since last request: 0.000031 seconds.
  path: Assets/Kit/Tower Defense/Models/FBX format/tile-straight.fbx
  artifactKey: Guid(0fa0fd74169d76a4f9aa8a9475cec880) Importer(2089858483,192608db42251d675da83286b1cce702)
Start importing Assets/Kit/Tower Defense/Models/FBX format/tile-straight.fbx using Guid(0fa0fd74169d76a4f9aa8a9475cec880) Importer(2089858483,192608db42251d675da83286b1cce702) (ScriptedImporter) -> (artifact id: '022d5de51a71217941991dc40b20d480') in 0.0696181 seconds
Number of updated asset objects reloaded before import = 0Number of asset objects unloaded after import = 9

========================================================================
Received Import Request.
  Time since last request: 0.000041 seconds.
  path: Assets/Kit/Tower Defense/Models/FBX format/tile-wide-straight.fbx
  artifactKey: Guid(fd0f3dc6e8cc3174c81bdd7bc1350181) Importer(2089858483,192608db42251d675da83286b1cce702)
Start importing Assets/Kit/Tower Defense/Models/FBX format/tile-wide-straight.fbx using Guid(fd0f3dc6e8cc3174c81bdd7bc1350181) Importer(2089858483,192608db42251d675da83286b1cce702) (ScriptedImporter) -> (artifact id: 'b0568985c84c2bf9404fe254607c98b6') in 0.0695382 seconds
Number of updated asset objects reloaded before import = 0Number of asset objects unloaded after import = 9

========================================================================
Received Import Request.
  Time since last request: 0.000041 seconds.
  path: Assets/Kit/Tower Defense/Models/GLB format/enemy-ufo-beam.glb
  artifactKey: Guid(c42cf935ddec63848a84b6514527e0e3) Importer(2089858483,192608db42251d675da83286b1cce702)
Start importing Assets/Kit/Tower Defense/Models/GLB format/enemy-ufo-beam.glb using Guid(c42cf935ddec63848a84b6514527e0e3) Importer(2089858483,192608db42251d675da83286b1cce702) (ScriptedImporter) -> (artifact id: '3494160f4add084ff0ff283fe1cbb246') in 0.0308797 seconds
Number of updated asset objects reloaded before import = 0Number of asset objects unloaded after import = 1

========================================================================
Received Import Request.
  Time since last request: 0.000029 seconds.
  path: Assets/Kit/Tower Defense/Models/FBX format/tile-tree-quad.fbx
  artifactKey: Guid(8fdbea3bc9e414e4ca829317cc3a552f) Importer(2089858483,192608db42251d675da83286b1cce702)
Start importing Assets/Kit/Tower Defense/Models/FBX format/tile-tree-quad.fbx using Guid(8fdbea3bc9e414e4ca829317cc3a552f) Importer(2089858483,192608db42251d675da83286b1cce702) (ScriptedImporter) -> (artifact id: '39f096745fdfa7fc6fa90dcadc1bf364') in 0.0610538 seconds
Number of updated asset objects reloaded before import = 0Number of asset objects unloaded after import = 9

========================================================================
Received Import Request.
  Time since last request: 0.000035 seconds.
  path: Assets/Kit/Tower Defense/Models/FBX format/spawn-round.fbx
  artifactKey: Guid(35020418abf4a634a9ebc387a6b0755b) Importer(2089858483,192608db42251d675da83286b1cce702)
Start importing Assets/Kit/Tower Defense/Models/FBX format/spawn-round.fbx using Guid(35020418abf4a634a9ebc387a6b0755b) Importer(2089858483,192608db42251d675da83286b1cce702) (ScriptedImporter) -> (artifact id: 'b3be7fd07d5ed8933d6ff8378720246c') in 0.0646528 seconds
Number of updated asset objects reloaded before import = 0Number of asset objects unloaded after import = 9

========================================================================
Received Import Request.
  Time since last request: 0.000051 seconds.
  path: Assets/Kit/Tower Defense/Models/FBX format/tile-river-corner.fbx
  artifactKey: Guid(460778b24b33c4a48abc93b6fedf5410) Importer(2089858483,192608db42251d675da83286b1cce702)
Start importing Assets/Kit/Tower Defense/Models/FBX format/tile-river-corner.fbx using Guid(460778b24b33c4a48abc93b6fedf5410) Importer(2089858483,192608db42251d675da83286b1cce702) (ScriptedImporter) -> (artifact id: 'dd09ab5e39e5e5f22de7047326fcca00') in 0.0707645 seconds
Number of updated asset objects reloaded before import = 0Number of asset objects unloaded after import = 9

========================================================================
Received Import Request.
  Time since last request: 0.000037 seconds.
  path: Assets/Kit/Tower Defense/Models/FBX format/tile-hill.fbx
  artifactKey: Guid(f8d92c4ae54ddb945a68ce70cc24fc64) Importer(2089858483,192608db42251d675da83286b1cce702)
Start importing Assets/Kit/Tower Defense/Models/FBX format/tile-hill.fbx using Guid(f8d92c4ae54ddb945a68ce70cc24fc64) Importer(2089858483,192608db42251d675da83286b1cce702) (ScriptedImporter) -> (artifact id: '115aa28726f1b0f4eff24651e83cf4cd') in 0.0646983 seconds
Number of updated asset objects reloaded before import = 0Number of asset objects unloaded after import = 9

========================================================================
Received Import Request.
  Time since last request: 0.000037 seconds.
  path: Assets/Kit/Tower Defense/Models/FBX format/tile-wide-split.fbx
  artifactKey: Guid(7081e6626c38a4c4082a1c7deac2a497) Importer(2089858483,192608db42251d675da83286b1cce702)
Start importing Assets/Kit/Tower Defense/Models/FBX format/tile-wide-split.fbx using Guid(7081e6626c38a4c4082a1c7deac2a497) Importer(2089858483,192608db42251d675da83286b1cce702) (ScriptedImporter) -> (artifact id: '57c9db2e9fb03201dee3993583485c30') in 0.0791455 seconds
Number of updated asset objects reloaded before import = 0Number of asset objects unloaded after import = 9

========================================================================
Received Import Request.
  Time since last request: 0.000066 seconds.
  path: Assets/Kit/Tower Defense/Models/FBX format/tile-dirt.fbx
  artifactKey: Guid(ff275525e81cb984b8113de2d38d6a6b) Importer(2089858483,192608db42251d675da83286b1cce702)
Start importing Assets/Kit/Tower Defense/Models/FBX format/tile-dirt.fbx using Guid(ff275525e81cb984b8113de2d38d6a6b) Importer(2089858483,192608db42251d675da83286b1cce702) (ScriptedImporter) -> (artifact id: '4725896e1af310310e0268a2c1fd312c') in 0.0634749 seconds
Number of updated asset objects reloaded before import = 0Number of asset objects unloaded after import = 9

========================================================================
Received Import Request.
  Time since last request: 0.000031 seconds.
  path: Assets/Kit/Tower Defense/Models/FBX format/tile-end-round.fbx
  artifactKey: Guid(669309354c6032c47855e531aae4adfa) Importer(2089858483,192608db42251d675da83286b1cce702)
Start importing Assets/Kit/Tower Defense/Models/FBX format/tile-end-round.fbx using Guid(669309354c6032c47855e531aae4adfa) Importer(2089858483,192608db42251d675da83286b1cce702) (ScriptedImporter) -> (artifact id: '4c255eb06d570550b5dbc8b7555c71c3') in 0.0736482 seconds
Number of updated asset objects reloaded before import = 0Number of asset objects unloaded after import = 9

========================================================================
Received Import Request.
  Time since last request: 0.000031 seconds.
  path: Assets/Kit/Tower Defense/Models/FBX format/tower-square-top-c.fbx
  artifactKey: Guid(bee5e81aa4399dd4eb6773f10dd42e97) Importer(2089858483,192608db42251d675da83286b1cce702)
Start importing Assets/Kit/Tower Defense/Models/FBX format/tower-square-top-c.fbx using Guid(bee5e81aa4399dd4eb6773f10dd42e97) Importer(2089858483,192608db42251d675da83286b1cce702) (ScriptedImporter) -> (artifact id: 'f8a72498759bb692adb8161d6f2fb2b2') in 0.068111 seconds
Number of updated asset objects reloaded before import = 0Number of asset objects unloaded after import = 9

========================================================================
Received Import Request.
  Time since last request: 0.000059 seconds.
  path: Assets/Kit/Tower Defense/Models/GLB format/enemy-ufo-c.glb
  artifactKey: Guid(a4f614d29e6fc904799a4fc2a5ce0c68) Importer(2089858483,192608db42251d675da83286b1cce702)
Start importing Assets/Kit/Tower Defense/Models/GLB format/enemy-ufo-c.glb using Guid(a4f614d29e6fc904799a4fc2a5ce0c68) Importer(2089858483,192608db42251d675da83286b1cce702) (ScriptedImporter) -> (artifact id: '46c0ddd6913c2e50c5fe74616dce32b5') in 0.0345953 seconds
Number of updated asset objects reloaded before import = 0Number of asset objects unloaded after import = 1

========================================================================
Received Import Request.
  Time since last request: 0.000029 seconds.
  path: Assets/Kit/Tower Defense/Models/FBX format/weapon-ammo-cannonball.fbx
  artifactKey: Guid(e248014d3ca6b2441958a29f74a6dfe8) Importer(2089858483,192608db42251d675da83286b1cce702)
Start importing Assets/Kit/Tower Defense/Models/FBX format/weapon-ammo-cannonball.fbx using Guid(e248014d3ca6b2441958a29f74a6dfe8) Importer(2089858483,192608db42251d675da83286b1cce702) (ScriptedImporter) -> (artifact id: 'ff75cb16be8fe02bb5984dc5bac2a96d') in 0.0720451 seconds
Number of updated asset objects reloaded before import = 0Number of asset objects unloaded after import = 9

========================================================================
Received Import Request.
  Time since last request: 0.000033 seconds.
  path: Assets/Kit/Tower Defense/Models/FBX format/snow-tile-tree.fbx
  artifactKey: Guid(2d73e0e6f49074e41919f7de5b32b1ef) Importer(2089858483,192608db42251d675da83286b1cce702)
Start importing Assets/Kit/Tower Defense/Models/FBX format/snow-tile-tree.fbx using Guid(2d73e0e6f49074e41919f7de5b32b1ef) Importer(2089858483,192608db42251d675da83286b1cce702) (ScriptedImporter) -> (artifact id: '906faa7ae480659e9e56f3c83a9c0878') in 0.0710563 seconds
Number of updated asset objects reloaded before import = 0Number of asset objects unloaded after import = 9

========================================================================
Received Import Request.
  Time since last request: 0.000043 seconds.
  path: Assets/Kit/Tower Defense/Models/GLB format/spawn-square.glb
  artifactKey: Guid(227f3d8600d34ac40880ddc3b6a7b361) Importer(2089858483,192608db42251d675da83286b1cce702)
Start importing Assets/Kit/Tower Defense/Models/GLB format/spawn-square.glb using Guid(227f3d8600d34ac40880ddc3b6a7b361) Importer(2089858483,192608db42251d675da83286b1cce702) (ScriptedImporter) -> (artifact id: '0a17d400ddfc5ebb9a596b957bb40164') in 0.02872 seconds
Number of updated asset objects reloaded before import = 0Number of asset objects unloaded after import = 1

========================================================================
Received Import Request.
  Time since last request: 0.000029 seconds.
  path: Assets/Kit/Tower Defense/Models/GLB format/snow-tile-river-straight.glb
  artifactKey: Guid(3d984555ba3508b49bbced9b957a28df) Importer(2089858483,192608db42251d675da83286b1cce702)
Start importing Assets/Kit/Tower Defense/Models/GLB format/snow-tile-river-straight.glb using Guid(3d984555ba3508b49bbced9b957a28df) Importer(2089858483,192608db42251d675da83286b1cce702) (ScriptedImporter) -> (artifact id: 'f52685151c3cfbe4179167856ce9a6c5') in 0.0286532 seconds
Number of updated asset objects reloaded before import = 0Number of asset objects unloaded after import = 1

========================================================================
Received Import Request.
  Time since last request: 0.000050 seconds.
  path: Assets/Kit/Tower Defense/Models/GLB format/tile-tree-double.glb
  artifactKey: Guid(0438b2439e491594ba7f010f83b62815) Importer(2089858483,192608db42251d675da83286b1cce702)
Start importing Assets/Kit/Tower Defense/Models/GLB format/tile-tree-double.glb using Guid(0438b2439e491594ba7f010f83b62815) Importer(2089858483,192608db42251d675da83286b1cce702) (ScriptedImporter) -> (artifact id: '59451837d86c3b7eea3cba1d5f4d3b2c') in 0.0298751 seconds
Number of updated asset objects reloaded before import = 0Number of asset objects unloaded after import = 1

========================================================================
Received Import Request.
  Time since last request: 0.000100 seconds.
  path: Assets/Kit/Tower Defense/Models/GLB format/snow-tile-end-round.glb
  artifactKey: Guid(3c4217abfff3b574088adeeee9773a0f) Importer(2089858483,192608db42251d675da83286b1cce702)
Start importing Assets/Kit/Tower Defense/Models/GLB format/snow-tile-end-round.glb using Guid(3c4217abfff3b574088adeeee9773a0f) Importer(2089858483,192608db42251d675da83286b1cce702) (ScriptedImporter) -> (artifact id: 'ed83dddbd35c5ebb4ab84a05299869f1') in 0.0317848 seconds
Number of updated asset objects reloaded before import = 0Number of asset objects unloaded after import = 1

========================================================================
Received Import Request.
  Time since last request: 0.000049 seconds.
  path: Assets/Kit/Tower Defense/Models/GLB format/tower-round-top-c.glb
  artifactKey: Guid(0598467f7528d3b4798eab09b9c97362) Importer(2089858483,192608db42251d675da83286b1cce702)
Start importing Assets/Kit/Tower Defense/Models/GLB format/tower-round-top-c.glb using Guid(0598467f7528d3b4798eab09b9c97362) Importer(2089858483,192608db42251d675da83286b1cce702) (ScriptedImporter) -> (artifact id: 'ad275dc0ff2441d7689e664b34485aa9') in 0.0310714 seconds
Number of updated asset objects reloaded before import = 0Number of asset objects unloaded after import = 1

========================================================================
Received Import Request.
  Time since last request: 0.000032 seconds.
  path: Assets/Kit/Tower Defense/Models/GLB format/snow-tile.glb
  artifactKey: Guid(603056e24001a6749ab3d2e54896edaa) Importer(2089858483,192608db42251d675da83286b1cce702)
Start importing Assets/Kit/Tower Defense/Models/GLB format/snow-tile.glb using Guid(603056e24001a6749ab3d2e54896edaa) Importer(2089858483,192608db42251d675da83286b1cce702) (ScriptedImporter) -> (artifact id: '50dd256bd68d39b25be55606998b7b46') in 0.0332646 seconds
Number of updated asset objects reloaded before import = 0Number of asset objects unloaded after import = 1

========================================================================
Received Import Request.
  Time since last request: 0.000031 seconds.
  path: Assets/Kit/Tower Defense/Models/GLB format/snow-tile-crossing.glb
  artifactKey: Guid(913b30d627a85bb4695641064ca5b11b) Importer(2089858483,192608db42251d675da83286b1cce702)
Start importing Assets/Kit/Tower Defense/Models/GLB format/snow-tile-crossing.glb using Guid(913b30d627a85bb4695641064ca5b11b) Importer(2089858483,192608db42251d675da83286b1cce702) (ScriptedImporter) -> (artifact id: 'bd485ca7c4ae51617bfa69a663f43e68') in 0.0279571 seconds
Number of updated asset objects reloaded before import = 0Number of asset objects unloaded after import = 1

========================================================================
Received Import Request.
  Time since last request: 0.000038 seconds.
  path: Assets/Kit/Tower Defense/Models/GLB format/tower-square-build-a.glb
  artifactKey: Guid(ab838ef7e110b264f84cfcf4a353819e) Importer(2089858483,192608db42251d675da83286b1cce702)
Start importing Assets/Kit/Tower Defense/Models/GLB format/tower-square-build-a.glb using Guid(ab838ef7e110b264f84cfcf4a353819e) Importer(2089858483,192608db42251d675da83286b1cce702) (ScriptedImporter) -> (artifact id: '27a09faaaabfe37ecc014a6a3da90d4c') in 0.0288541 seconds
Number of updated asset objects reloaded before import = 0Number of asset objects unloaded after import = 1

========================================================================
Received Import Request.
  Time since last request: 0.000051 seconds.
  path: Assets/Kit/Tower Defense/Models/GLB format/tile-river-straight.glb
  artifactKey: Guid(40c5253ac7bf0e345ac64c561b1f3b86) Importer(2089858483,192608db42251d675da83286b1cce702)
Start importing Assets/Kit/Tower Defense/Models/GLB format/tile-river-straight.glb using Guid(40c5253ac7bf0e345ac64c561b1f3b86) Importer(2089858483,192608db42251d675da83286b1cce702) (ScriptedImporter) -> (artifact id: '8bb932d747826a3e8fd43ea5fab3b9a3') in 0.0268685 seconds
Number of updated asset objects reloaded before import = 0Number of asset objects unloaded after import = 1

========================================================================
Received Import Request.
  Time since last request: 0.000037 seconds.
  path: Assets/Kit/Tower Defense/Models/GLB format/snow-tile-slope.glb
  artifactKey: Guid(922384564e1cee44b82bf8399cddfeeb) Importer(2089858483,192608db42251d675da83286b1cce702)
Start importing Assets/Kit/Tower Defense/Models/GLB format/snow-tile-slope.glb using Guid(922384564e1cee44b82bf8399cddfeeb) Importer(2089858483,192608db42251d675da83286b1cce702) (ScriptedImporter) -> (artifact id: '8ef98b0574f53d8f8044e289a7b5566d') in 0.0265991 seconds
Number of updated asset objects reloaded before import = 0Number of asset objects unloaded after import = 1

========================================================================
Received Import Request.
  Time since last request: 0.000029 seconds.
  path: Assets/Kit/Tower Defense/Models/GLB format/snow-tile-straight.glb
  artifactKey: Guid(c9b6013dc731b494d8606cb540590974) Importer(2089858483,192608db42251d675da83286b1cce702)
Start importing Assets/Kit/Tower Defense/Models/GLB format/snow-tile-straight.glb using Guid(c9b6013dc731b494d8606cb540590974) Importer(2089858483,192608db42251d675da83286b1cce702) (ScriptedImporter) -> (artifact id: '7b6744c9474b9c59a09804e7e3d23724') in 0.0307976 seconds
Number of updated asset objects reloaded before import = 0Number of asset objects unloaded after import = 1

========================================================================
Received Import Request.
  Time since last request: 0.000067 seconds.
  path: Assets/Kit/Tower Defense/Models/GLB format/tile-crystal.glb
  artifactKey: Guid(16ad8e83aca2eaa4daf67dcf938b096f) Importer(2089858483,192608db42251d675da83286b1cce702)
Start importing Assets/Kit/Tower Defense/Models/GLB format/tile-crystal.glb using Guid(16ad8e83aca2eaa4daf67dcf938b096f) Importer(2089858483,192608db42251d675da83286b1cce702) (ScriptedImporter) -> (artifact id: '446963f096384fe668559a692680eeaa') in 0.0316331 seconds
Number of updated asset objects reloaded before import = 0Number of asset objects unloaded after import = 1

========================================================================
Received Import Request.
  Time since last request: 0.000048 seconds.
  path: Assets/Kit/Tower Defense/Models/GLB format/snow-tile-dirt.glb
  artifactKey: Guid(c55e78abfabf26f4cbb7780edb8f7fe8) Importer(2089858483,192608db42251d675da83286b1cce702)
Start importing Assets/Kit/Tower Defense/Models/GLB format/snow-tile-dirt.glb using Guid(c55e78abfabf26f4cbb7780edb8f7fe8) Importer(2089858483,192608db42251d675da83286b1cce702) (ScriptedImporter) -> (artifact id: 'a779da73661c9a88f667c51b97d30191') in 0.0282801 seconds
Number of updated asset objects reloaded before import = 0Number of asset objects unloaded after import = 1

========================================================================
Received Import Request.
  Time since last request: 0.000029 seconds.
  path: Assets/Kit/Tower Defense/Models/GLB format/snow-wood-structure-part.glb
  artifactKey: Guid(42170d7d1697c6d4b9d4d224a6a229ea) Importer(2089858483,192608db42251d675da83286b1cce702)
Start importing Assets/Kit/Tower Defense/Models/GLB format/snow-wood-structure-part.glb using Guid(42170d7d1697c6d4b9d4d224a6a229ea) Importer(2089858483,192608db42251d675da83286b1cce702) (ScriptedImporter) -> (artifact id: '92258993fd10e76765c9a76a46f93a4a') in 0.0304913 seconds
Number of updated asset objects reloaded before import = 0Number of asset objects unloaded after import = 1

========================================================================
Received Import Request.
  Time since last request: 0.000024 seconds.
  path: Assets/Kit/Tower Defense/Models/GLB format/tile-tree.glb
  artifactKey: Guid(a8ea8043e13fce5489a7a311639b4fed) Importer(2089858483,192608db42251d675da83286b1cce702)
Start importing Assets/Kit/Tower Defense/Models/GLB format/tile-tree.glb using Guid(a8ea8043e13fce5489a7a311639b4fed) Importer(2089858483,192608db42251d675da83286b1cce702) (ScriptedImporter) -> (artifact id: 'cf842e598b725809a626ca143e0d2885') in 0.0275533 seconds
Number of updated asset objects reloaded before import = 0Number of asset objects unloaded after import = 1

========================================================================
Received Import Request.
  Time since last request: 0.000037 seconds.
  path: Assets/Kit/Tower Defense/Models/GLB format/tile-river-corner.glb
  artifactKey: Guid(96bbf98f4f7b02b41adc27b97f3ff63c) Importer(2089858483,192608db42251d675da83286b1cce702)
Start importing Assets/Kit/Tower Defense/Models/GLB format/tile-river-corner.glb using Guid(96bbf98f4f7b02b41adc27b97f3ff63c) Importer(2089858483,192608db42251d675da83286b1cce702) (ScriptedImporter) -> (artifact id: 'dcb6f6207fbc4ca85bd42613f84e255d') in 0.0290349 seconds
Number of updated asset objects reloaded before import = 0Number of asset objects unloaded after import = 1

========================================================================
Received Import Request.
  Time since last request: 0.000045 seconds.
  path: Assets/Kit/Tower Defense/Models/GLB format/tower-round-bottom-b.glb
  artifactKey: Guid(1499075c84c566b488f78e336c0d2280) Importer(2089858483,192608db42251d675da83286b1cce702)
Start importing Assets/Kit/Tower Defense/Models/GLB format/tower-round-bottom-b.glb using Guid(1499075c84c566b488f78e336c0d2280) Importer(2089858483,192608db42251d675da83286b1cce702) (ScriptedImporter) -> (artifact id: 'c159239689a22baf863e6b2db99071d8') in 0.0313848 seconds
Number of updated asset objects reloaded before import = 0Number of asset objects unloaded after import = 1

========================================================================
Received Import Request.
  Time since last request: 0.000027 seconds.
  path: Assets/Kit/Tower Defense/Models/GLB format/snow-tile-straight-slope-large.glb
  artifactKey: Guid(06df17ee7acc57040a862d61d1e852d5) Importer(2089858483,192608db42251d675da83286b1cce702)
Start importing Assets/Kit/Tower Defense/Models/GLB format/snow-tile-straight-slope-large.glb using Guid(06df17ee7acc57040a862d61d1e852d5) Importer(2089858483,192608db42251d675da83286b1cce702) (ScriptedImporter) -> (artifact id: 'da08090311ca754175cedd472bc7eecd') in 0.0269045 seconds
Number of updated asset objects reloaded before import = 0Number of asset objects unloaded after import = 1

========================================================================
Received Import Request.
  Time since last request: 0.000031 seconds.
  path: Assets/Kit/Tower Defense/Models/GLB format/tile-corner-inner.glb
  artifactKey: Guid(ff9c8a66033d2224588ed56331f59570) Importer(2089858483,192608db42251d675da83286b1cce702)
Start importing Assets/Kit/Tower Defense/Models/GLB format/tile-corner-inner.glb using Guid(ff9c8a66033d2224588ed56331f59570) Importer(2089858483,192608db42251d675da83286b1cce702) (ScriptedImporter) -> (artifact id: 'd65a256901b985655af277f94e21f9bf') in 0.0265509 seconds
Number of updated asset objects reloaded before import = 0Number of asset objects unloaded after import = 1

========================================================================
Received Import Request.
  Time since last request: 0.000034 seconds.
  path: Assets/Kit/Tower Defense/Models/GLB format/snow-detail-tree-large.glb
  artifactKey: Guid(75fd94565677d1a429a52c71b0ad686a) Importer(2089858483,192608db42251d675da83286b1cce702)
Start importing Assets/Kit/Tower Defense/Models/GLB format/snow-detail-tree-large.glb using Guid(75fd94565677d1a429a52c71b0ad686a) Importer(2089858483,192608db42251d675da83286b1cce702) (ScriptedImporter) -> (artifact id: '78616ef03360e053883ac0f8eca401a0') in 0.0262442 seconds
Number of updated asset objects reloaded before import = 0Number of asset objects unloaded after import = 1

========================================================================
Received Import Request.
  Time since last request: 0.000048 seconds.
  path: Assets/Kit/Tower Defense/Models/GLB format/tile-straight-slope-large.glb
  artifactKey: Guid(1a8ac9605d61a4e40b210e760881c04b) Importer(2089858483,192608db42251d675da83286b1cce702)
Start importing Assets/Kit/Tower Defense/Models/GLB format/tile-straight-slope-large.glb using Guid(1a8ac9605d61a4e40b210e760881c04b) Importer(2089858483,192608db42251d675da83286b1cce702) (ScriptedImporter) -> (artifact id: '9ac9447b2be9efc2cef953b96cc535b7') in 0.0274195 seconds
Number of updated asset objects reloaded before import = 0Number of asset objects unloaded after import = 1

========================================================================
Received Import Request.
  Time since last request: 0.000027 seconds.
  path: Assets/Kit/Tower Defense/Models/GLB format/snow-tile-rock.glb
  artifactKey: Guid(5f2eac8daaf42964889c869a06589a68) Importer(2089858483,192608db42251d675da83286b1cce702)
Start importing Assets/Kit/Tower Defense/Models/GLB format/snow-tile-rock.glb using Guid(5f2eac8daaf42964889c869a06589a68) Importer(2089858483,192608db42251d675da83286b1cce702) (ScriptedImporter) -> (artifact id: '5d1d627519f557d5ea30d57fd4901ea4') in 0.0274862 seconds
Number of updated asset objects reloaded before import = 0Number of asset objects unloaded after import = 1

========================================================================
Received Import Request.
  Time since last request: 0.000037 seconds.
  path: Assets/Kit/Tower Defense/Models/GLB format/tower-round-roof-b.glb
  artifactKey: Guid(9c9d6665f6bf93642a0715dfe6f93318) Importer(2089858483,192608db42251d675da83286b1cce702)
Start importing Assets/Kit/Tower Defense/Models/GLB format/tower-round-roof-b.glb using Guid(9c9d6665f6bf93642a0715dfe6f93318) Importer(2089858483,192608db42251d675da83286b1cce702) (ScriptedImporter) -> (artifact id: 'c2f7e41040da4410756e24a797b83038') in 0.0267766 seconds
Number of updated asset objects reloaded before import = 0Number of asset objects unloaded after import = 1

========================================================================
Received Import Request.
  Time since last request: 0.000036 seconds.
  path: Assets/Kit/Tower Defense/Models/GLB format/tower-round-bottom-c.glb
  artifactKey: Guid(26641977be3292f4396588f4ebc804c1) Importer(2089858483,192608db42251d675da83286b1cce702)
Start importing Assets/Kit/Tower Defense/Models/GLB format/tower-round-bottom-c.glb using Guid(26641977be3292f4396588f4ebc804c1) Importer(2089858483,192608db42251d675da83286b1cce702) (ScriptedImporter) -> (artifact id: '8285a96dec3df22c03ff6b7570bfe8e1') in 0.0271608 seconds
Number of updated asset objects reloaded before import = 0Number of asset objects unloaded after import = 1

========================================================================
Received Import Request.
  Time since last request: 0.000055 seconds.
  path: Assets/Kit/Interior/Preview int/detallitos/candle-multiple.png
  artifactKey: Guid(2e7d1a59310bef24c99bfea705f908dc) Importer(2089858483,192608db42251d675da83286b1cce702)
Start importing Assets/Kit/Interior/Preview int/detallitos/candle-multiple.png using Guid(2e7d1a59310bef24c99bfea705f908dc) Importer(2089858483,192608db42251d675da83286b1cce702) (ScriptedImporter) -> (artifact id: 'abf5eba783fd7c3a0dcd96f0d5b6e451') in 0.0628048 seconds
Number of updated asset objects reloaded before import = 0Number of asset objects unloaded after import = 1

========================================================================
Received Import Request.
  Time since last request: 0.000027 seconds.
  path: Assets/Kit/Enviroment/tower defense/Side/flower_purpleB.png
  artifactKey: Guid(fab3ae96f996c0e4d8b2787f03003672) Importer(2089858483,192608db42251d675da83286b1cce702)
Start importing Assets/Kit/Enviroment/tower defense/Side/flower_purpleB.png using Guid(fab3ae96f996c0e4d8b2787f03003672) Importer(2089858483,192608db42251d675da83286b1cce702) (ScriptedImporter) -> (artifact id: '055d6c088843a71ecf4f8fbc75bcf496') in 0.0608479 seconds
Number of updated asset objects reloaded before import = 0Number of asset objects unloaded after import = 1

========================================================================
Received Import Request.
  Time since last request: 0.000031 seconds.
  path: Assets/Kit/Enviroment/tower defense/Isometric/tree_pineRoundA_SW.png
  artifactKey: Guid(b998774c1de5a2c44bcb70a328e47951) Importer(2089858483,192608db42251d675da83286b1cce702)
Start importing Assets/Kit/Enviroment/tower defense/Isometric/tree_pineRoundA_SW.png using Guid(b998774c1de5a2c44bcb70a328e47951) Importer(2089858483,192608db42251d675da83286b1cce702) (ScriptedImporter) -> (artifact id: '4912e8a77c5685cbef4d53aab0fa5891') in 0.0627562 seconds
Number of updated asset objects reloaded before import = 0Number of asset objects unloaded after import = 1

========================================================================
Received Import Request.
  Time since last request: 0.000049 seconds.
  path: Assets/Kit/Enviroment/tower defense/Side/rock_smallD.png
  artifactKey: Guid(26d85afbaea00044a8660f218afd99ee) Importer(2089858483,192608db42251d675da83286b1cce702)
Start importing Assets/Kit/Enviroment/tower defense/Side/rock_smallD.png using Guid(26d85afbaea00044a8660f218afd99ee) Importer(2089858483,192608db42251d675da83286b1cce702) (ScriptedImporter) -> (artifact id: '3894b7e8f82223f9148ec4ca73b61aa7') in 0.0583566 seconds
Number of updated asset objects reloaded before import = 0Number of asset objects unloaded after import = 1

========================================================================
Received Import Request.
  Time since last request: 0.000030 seconds.
  path: Assets/Kit/Enviroment/tower defense/Isometric/tree_pineRoundD_SW.png
  artifactKey: Guid(62a57192d0f0bac4dab53b4ff462c198) Importer(2089858483,192608db42251d675da83286b1cce702)
Start importing Assets/Kit/Enviroment/tower defense/Isometric/tree_pineRoundD_SW.png using Guid(62a57192d0f0bac4dab53b4ff462c198) Importer(2089858483,192608db42251d675da83286b1cce702) (ScriptedImporter) -> (artifact id: '3c311b15f4e74a6ba89b0a5f374291b5') in 0.0622431 seconds
Number of updated asset objects reloaded before import = 0Number of asset objects unloaded after import = 1

========================================================================
Received Import Request.
  Time since last request: 0.000030 seconds.
  path: Assets/Kit/Tower Defense/Models/OBJ format/detail-tree-large.obj
  artifactKey: Guid(3740251160391c84391102e4a0fe9cf5) Importer(2089858483,192608db42251d675da83286b1cce702)
Start importing Assets/Kit/Tower Defense/Models/OBJ format/detail-tree-large.obj using Guid(3740251160391c84391102e4a0fe9cf5) Importer(2089858483,192608db42251d675da83286b1cce702) (ScriptedImporter) -> (artifact id: '58f98a2436dba5e263818acdc6614253') in 0.0731874 seconds
Number of updated asset objects reloaded before import = 0Number of asset objects unloaded after import = 11

========================================================================
Received Import Request.
  Time since last request: 0.000048 seconds.
  path: Assets/Kit/Tower Defense/Models/OBJ format/snow-tile-end-round.obj
  artifactKey: Guid(2cd78c06e630c5646aa6f11a574872bc) Importer(2089858483,192608db42251d675da83286b1cce702)
Start importing Assets/Kit/Tower Defense/Models/OBJ format/snow-tile-end-round.obj using Guid(2cd78c06e630c5646aa6f11a574872bc) Importer(2089858483,192608db42251d675da83286b1cce702) (ScriptedImporter) -> (artifact id: 'f518a2c76dd2464e90f4f132ab5a856c') in 0.0647672 seconds
Number of updated asset objects reloaded before import = 0Number of asset objects unloaded after import = 11

========================================================================
Received Import Request.
  Time since last request: 0.000025 seconds.
  path: Assets/Kit/Tower Defense/Models/OBJ format/selection-b.mtl
  artifactKey: Guid(ba314b23c4a7fab49a9c66fdda5b2cb9) Importer(2089858483,192608db42251d675da83286b1cce702)
Start importing Assets/Kit/Tower Defense/Models/OBJ format/selection-b.mtl using Guid(ba314b23c4a7fab49a9c66fdda5b2cb9) Importer(2089858483,192608db42251d675da83286b1cce702) (ScriptedImporter) -> (artifact id: 'c52e6897a73c879f9b61b321bdcfde33') in 0.0264052 seconds
Number of updated asset objects reloaded before import = 0Number of asset objects unloaded after import = 1

========================================================================
Received Import Request.
  Time since last request: 0.000036 seconds.
  path: Assets/Kit/Tower Defense/Models/OBJ format/snow-detail-dirt.mtl
  artifactKey: Guid(0dfea09ceb17cd044bd59bd88910225e) Importer(2089858483,192608db42251d675da83286b1cce702)
Start importing Assets/Kit/Tower Defense/Models/OBJ format/snow-detail-dirt.mtl using Guid(0dfea09ceb17cd044bd59bd88910225e) Importer(2089858483,192608db42251d675da83286b1cce702) (ScriptedImporter) -> (artifact id: 'df161ebb2f107e2a6a87196cfde63f72') in 0.0285184 seconds
Number of updated asset objects reloaded before import = 0Number of asset objects unloaded after import = 1

========================================================================
Received Import Request.
  Time since last request: 0.000052 seconds.
  path: Assets/Kit/Tower Defense/Models/OBJ format/snow-tile-corner-large.mtl
  artifactKey: Guid(5936f431f81356c4da0260c23418b927) Importer(2089858483,192608db42251d675da83286b1cce702)
Start importing Assets/Kit/Tower Defense/Models/OBJ format/snow-tile-corner-large.mtl using Guid(5936f431f81356c4da0260c23418b927) Importer(2089858483,192608db42251d675da83286b1cce702) (ScriptedImporter) -> (artifact id: 'f3b05786504a8dbb763ca225eee9cc8f') in 0.0264313 seconds
Number of updated asset objects reloaded before import = 0Number of asset objects unloaded after import = 1

========================================================================
Received Import Request.
  Time since last request: 0.000051 seconds.
  path: Assets/Kit/Tower Defense/Models/OBJ format/snow-tile-corner-outer.obj
  artifactKey: Guid(a326f36b0447fce4391dc428958f5029) Importer(2089858483,192608db42251d675da83286b1cce702)
Start importing Assets/Kit/Tower Defense/Models/OBJ format/snow-tile-corner-outer.obj using Guid(a326f36b0447fce4391dc428958f5029) Importer(2089858483,192608db42251d675da83286b1cce702) (ScriptedImporter) -> (artifact id: '424de0ab375fe8b5a90a29dd90fa7b6f') in 0.0717598 seconds
Number of updated asset objects reloaded before import = 0Number of asset objects unloaded after import = 11

========================================================================
Received Import Request.
  Time since last request: 0.000034 seconds.
  path: Assets/Kit/Tower Defense/Models/OBJ format/snow-tile-tree.obj
  artifactKey: Guid(9358ded1456d577419a3e678f0019468) Importer(2089858483,192608db42251d675da83286b1cce702)
Start importing Assets/Kit/Tower Defense/Models/OBJ format/snow-tile-tree.obj using Guid(9358ded1456d577419a3e678f0019468) Importer(2089858483,192608db42251d675da83286b1cce702) (ScriptedImporter) -> (artifact id: 'd5d53fe295a1d4d8f4b425214459aa4e') in 0.0642876 seconds
Number of updated asset objects reloaded before import = 0Number of asset objects unloaded after import = 11

========================================================================
Received Import Request.
  Time since last request: 0.000044 seconds.
  path: Assets/Kit/Tower Defense/Models/OBJ format/snow-tile-hill.obj
  artifactKey: Guid(3b0d4fb7b323dfb45a62fa2a5d76fb61) Importer(2089858483,192608db42251d675da83286b1cce702)
Start importing Assets/Kit/Tower Defense/Models/OBJ format/snow-tile-hill.obj using Guid(3b0d4fb7b323dfb45a62fa2a5d76fb61) Importer(2089858483,192608db42251d675da83286b1cce702) (ScriptedImporter) -> (artifact id: '5bcd7747f398740038e445a4b7f5f5c3') in 0.0744877 seconds
Number of updated asset objects reloaded before import = 0Number of asset objects unloaded after import = 11

========================================================================
Received Import Request.
  Time since last request: 0.000034 seconds.
  path: Assets/Kit/Tower Defense/Models/OBJ format/enemy-ufo-a-weapon.mtl
  artifactKey: Guid(fc38d098257a7ce4d9db4d5cb14511ec) Importer(2089858483,192608db42251d675da83286b1cce702)
Start importing Assets/Kit/Tower Defense/Models/OBJ format/enemy-ufo-a-weapon.mtl using Guid(fc38d098257a7ce4d9db4d5cb14511ec) Importer(2089858483,192608db42251d675da83286b1cce702) (ScriptedImporter) -> (artifact id: '762f107cf3ec415fff36f3ce7635141b') in 0.0319839 seconds
Number of updated asset objects reloaded before import = 0Number of asset objects unloaded after import = 1

========================================================================
Received Import Request.
  Time since last request: 0.000036 seconds.
  path: Assets/Kit/Tower Defense/Models/OBJ format/snow-detail-crystal.obj
  artifactKey: Guid(4d8fd8c73eed92e48a901c7d7f0369b6) Importer(2089858483,192608db42251d675da83286b1cce702)
Start importing Assets/Kit/Tower Defense/Models/OBJ format/snow-detail-crystal.obj using Guid(4d8fd8c73eed92e48a901c7d7f0369b6) Importer(2089858483,192608db42251d675da83286b1cce702) (ScriptedImporter) -> (artifact id: '27d5385c3b31726771f02b2ddce49b4b') in 0.076586 seconds
Number of updated asset objects reloaded before import = 0Number of asset objects unloaded after import = 11

========================================================================
Received Import Request.
  Time since last request: 0.000043 seconds.
  path: Assets/Kit/Tower Defense/Models/GLB format/weapon-cannon.glb
  artifactKey: Guid(053fa94e271d2bd47a53d1c5fe79fc57) Importer(2089858483,192608db42251d675da83286b1cce702)
Start importing Assets/Kit/Tower Defense/Models/GLB format/weapon-cannon.glb using Guid(053fa94e271d2bd47a53d1c5fe79fc57) Importer(2089858483,192608db42251d675da83286b1cce702) (ScriptedImporter) -> (artifact id: '7fbf813ee244b0a3b18f18391d545696') in 0.0215914 seconds
Number of updated asset objects reloaded before import = 0Number of asset objects unloaded after import = 1

========================================================================
Received Import Request.
  Time since last request: 0.000031 seconds.
  path: Assets/Kit/Tower Defense/Models/OBJ format/enemy-ufo-beam-burst.mtl
  artifactKey: Guid(4c69e4d2c5d4a9e4ba95b7dbc6e0060e) Importer(2089858483,192608db42251d675da83286b1cce702)
Start importing Assets/Kit/Tower Defense/Models/OBJ format/enemy-ufo-beam-burst.mtl using Guid(4c69e4d2c5d4a9e4ba95b7dbc6e0060e) Importer(2089858483,192608db42251d675da83286b1cce702) (ScriptedImporter) -> (artifact id: '21a58579829e97cf7fec74d97fad6c02') in 0.0273285 seconds
Number of updated asset objects reloaded before import = 0Number of asset objects unloaded after import = 1

========================================================================
Received Import Request.
  Time since last request: 0.000029 seconds.
  path: Assets/Kit/Tower Defense/Models/OBJ format/snow-detail-rocks-large.obj
  artifactKey: Guid(0031e08b34a282046812b41c119be2b2) Importer(2089858483,192608db42251d675da83286b1cce702)
Start importing Assets/Kit/Tower Defense/Models/OBJ format/snow-detail-rocks-large.obj using Guid(0031e08b34a282046812b41c119be2b2) Importer(2089858483,192608db42251d675da83286b1cce702) (ScriptedImporter) -> (artifact id: 'a04f00dddc1e6d4fe5d2683237388584') in 0.0628005 seconds
Number of updated asset objects reloaded before import = 0Number of asset objects unloaded after import = 11

========================================================================
Received Import Request.
  Time since last request: 0.000040 seconds.
  path: Assets/Kit/Tower Defense/Models/OBJ format/snow-detail-dirt-large.mtl
  artifactKey: Guid(69d149e336c0b36478918f651da6de47) Importer(2089858483,192608db42251d675da83286b1cce702)
Start importing Assets/Kit/Tower Defense/Models/OBJ format/snow-detail-dirt-large.mtl using Guid(69d149e336c0b36478918f651da6de47) Importer(2089858483,192608db42251d675da83286b1cce702) (ScriptedImporter) -> (artifact id: '2aa72b418744d1a7de67fe7cbb212fdc') in 0.0304883 seconds
Number of updated asset objects reloaded before import = 0Number of asset objects unloaded after import = 1

========================================================================
Received Import Request.
  Time since last request: 0.000052 seconds.
  path: Assets/Kit/Tower Defense/Models/GLB format/tower-square-roof-a.glb
  artifactKey: Guid(6604d4b7547e6114db7b3c46a3f42df0) Importer(2089858483,192608db42251d675da83286b1cce702)
Start importing Assets/Kit/Tower Defense/Models/GLB format/tower-square-roof-a.glb using Guid(6604d4b7547e6114db7b3c46a3f42df0) Importer(2089858483,192608db42251d675da83286b1cce702) (ScriptedImporter) -> (artifact id: '5e0feadfa7174226f80b3f2ae122cd97') in 0.0312746 seconds
Number of updated asset objects reloaded before import = 0Number of asset objects unloaded after import = 1

========================================================================
Received Import Request.
  Time since last request: 0.000028 seconds.
  path: Assets/Kit/Tower Defense/Models/OBJ format/snow-tile-river-transition.obj
  artifactKey: Guid(4d67adfa5596d7c40808c7954fee0680) Importer(2089858483,192608db42251d675da83286b1cce702)
Start importing Assets/Kit/Tower Defense/Models/OBJ format/snow-tile-river-transition.obj using Guid(4d67adfa5596d7c40808c7954fee0680) Importer(2089858483,192608db42251d675da83286b1cce702) (ScriptedImporter) -> (artifact id: 'e1348413b36415cda9cd255da85387b0') in 0.0609616 seconds
Number of updated asset objects reloaded before import = 0Number of asset objects unloaded after import = 11

========================================================================
Received Import Request.
  Time since last request: 0.000034 seconds.
  path: Assets/Kit/Tower Defense/Models/OBJ format/snow-tile-crystal.obj
  artifactKey: Guid(04dff8ea38ec2034f916db83c546d0ac) Importer(2089858483,192608db42251d675da83286b1cce702)
Start importing Assets/Kit/Tower Defense/Models/OBJ format/snow-tile-crystal.obj using Guid(04dff8ea38ec2034f916db83c546d0ac) Importer(2089858483,192608db42251d675da83286b1cce702) (ScriptedImporter) -> (artifact id: '5af0a00e3fc4fa284596232a0faa5dd8') in 0.0661916 seconds
Number of updated asset objects reloaded before import = 0Number of asset objects unloaded after import = 11

========================================================================
Received Import Request.
  Time since last request: 0.000046 seconds.
  path: Assets/Kit/Tower Defense/Models/OBJ format/snow-tile-tree-quad.mtl
  artifactKey: Guid(7a53d567026b2fa418d503973bb7e719) Importer(2089858483,192608db42251d675da83286b1cce702)
Start importing Assets/Kit/Tower Defense/Models/OBJ format/snow-tile-tree-quad.mtl using Guid(7a53d567026b2fa418d503973bb7e719) Importer(2089858483,192608db42251d675da83286b1cce702) (ScriptedImporter) -> (artifact id: '6cba54161b0d3fbc3108494d53c7e145') in 0.0265515 seconds
Number of updated asset objects reloaded before import = 0Number of asset objects unloaded after import = 1

========================================================================
Received Import Request.
  Time since last request: 0.000027 seconds.
  path: Assets/Kit/Tower Defense/Models/GLB format/tower-square-middle-c.glb
  artifactKey: Guid(1d2cab8611c5d844eaf72e17a504a7a9) Importer(2089858483,192608db42251d675da83286b1cce702)
Start importing Assets/Kit/Tower Defense/Models/GLB format/tower-square-middle-c.glb using Guid(1d2cab8611c5d844eaf72e17a504a7a9) Importer(2089858483,192608db42251d675da83286b1cce702) (ScriptedImporter) -> (artifact id: 'dfafcf8cb632f4c26c1821821dbcc3ce') in 0.028313 seconds
Number of updated asset objects reloaded before import = 0Number of asset objects unloaded after import = 1

========================================================================
Received Import Request.
  Time since last request: 0.000031 seconds.
  path: Assets/Kit/Tower Defense/Models/OBJ format/snow-detail-crystal-large.obj
  artifactKey: Guid(bfab8c4a98e5b3d44afc94e68993ca3b) Importer(2089858483,192608db42251d675da83286b1cce702)
Start importing Assets/Kit/Tower Defense/Models/OBJ format/snow-detail-crystal-large.obj using Guid(bfab8c4a98e5b3d44afc94e68993ca3b) Importer(2089858483,192608db42251d675da83286b1cce702) (ScriptedImporter) -> (artifact id: '71cda0d6e0477215cf95144010300dcb') in 0.0612386 seconds
Number of updated asset objects reloaded before import = 0Number of asset objects unloaded after import = 11

========================================================================
Received Import Request.
  Time since last request: 0.000032 seconds.
  path: Assets/Kit/Tower Defense/Models/OBJ format/detail-crystal.mtl
  artifactKey: Guid(786d765e03d6497409a94e27c3c2142e) Importer(2089858483,192608db42251d675da83286b1cce702)
Start importing Assets/Kit/Tower Defense/Models/OBJ format/detail-crystal.mtl using Guid(786d765e03d6497409a94e27c3c2142e) Importer(2089858483,192608db42251d675da83286b1cce702) (ScriptedImporter) -> (artifact id: '1d74cf1e92e2a035ddbf71363a77cdf2') in 0.027095 seconds
Number of updated asset objects reloaded before import = 0Number of asset objects unloaded after import = 1

========================================================================
Received Import Request.
  Time since last request: 0.000044 seconds.
  path: Assets/Kit/Tower Defense/Models/OBJ format/enemy-ufo-b-weapon.mtl
  artifactKey: Guid(00d0332de114d4548af869df7f829ec1) Importer(2089858483,192608db42251d675da83286b1cce702)
Start importing Assets/Kit/Tower Defense/Models/OBJ format/enemy-ufo-b-weapon.mtl using Guid(00d0332de114d4548af869df7f829ec1) Importer(2089858483,192608db42251d675da83286b1cce702) (ScriptedImporter) -> (artifact id: 'af765f84bef4f3d5409888b12d0fab92') in 0.0253375 seconds
Number of updated asset objects reloaded before import = 0Number of asset objects unloaded after import = 1

========================================================================
Received Import Request.
  Time since last request: 0.000031 seconds.
  path: Assets/Kit/Tower Defense/Models/OBJ format/snow-tile-tree.mtl
  artifactKey: Guid(0269c7b6e7ce25a45876a7b694543760) Importer(2089858483,192608db42251d675da83286b1cce702)
Start importing Assets/Kit/Tower Defense/Models/OBJ format/snow-tile-tree.mtl using Guid(0269c7b6e7ce25a45876a7b694543760) Importer(2089858483,192608db42251d675da83286b1cce702) (ScriptedImporter) -> (artifact id: '3e3f0dfff4da4ca5532ad96b58dbb1c7') in 0.0268124 seconds
Number of updated asset objects reloaded before import = 0Number of asset objects unloaded after import = 1

========================================================================
Received Import Request.
  Time since last request: 0.000038 seconds.
  path: Assets/Kit/Tower Defense/Models/OBJ format/snow-detail-dirt-large.obj
  artifactKey: Guid(5c9c800b1b1f35947957b46e892358fb) Importer(2089858483,192608db42251d675da83286b1cce702)
Start importing Assets/Kit/Tower Defense/Models/OBJ format/snow-detail-dirt-large.obj using Guid(5c9c800b1b1f35947957b46e892358fb) Importer(2089858483,192608db42251d675da83286b1cce702) (ScriptedImporter) -> (artifact id: '146e7ea0fcccd3b3a06c23dd14688fc7') in 0.0715462 seconds
Number of updated asset objects reloaded before import = 0Number of asset objects unloaded after import = 11

========================================================================
Received Import Request.
  Time since last request: 0.000033 seconds.
  path: Assets/Kit/Tower Defense/Models/OBJ format/selection-a.obj
  artifactKey: Guid(bf542225435a5454b9543e12d77f9799) Importer(2089858483,192608db42251d675da83286b1cce702)
Start importing Assets/Kit/Tower Defense/Models/OBJ format/selection-a.obj using Guid(bf542225435a5454b9543e12d77f9799) Importer(2089858483,192608db42251d675da83286b1cce702) (ScriptedImporter) -> (artifact id: 'badf924def240464f89d6b59c4e397dc') in 0.0577106 seconds
Number of updated asset objects reloaded before import = 0Number of asset objects unloaded after import = 11

========================================================================
Received Import Request.
  Time since last request: 0.000045 seconds.
  path: Assets/Kit/Tower Defense/Models/OBJ format/snow-tile-crystal.mtl
  artifactKey: Guid(e7d780f5b38652b4399c0805e9a56e51) Importer(2089858483,192608db42251d675da83286b1cce702)
Start importing Assets/Kit/Tower Defense/Models/OBJ format/snow-tile-crystal.mtl using Guid(e7d780f5b38652b4399c0805e9a56e51) Importer(2089858483,192608db42251d675da83286b1cce702) (ScriptedImporter) -> (artifact id: '4dffec4d2f2247cdb7e15f03d25694ce') in 0.0259604 seconds
Number of updated asset objects reloaded before import = 0Number of asset objects unloaded after import = 1

========================================================================
Received Import Request.
  Time since last request: 0.000027 seconds.
  path: Assets/Kit/Tower Defense/Models/OBJ format/enemy-ufo-a-weapon.obj
  artifactKey: Guid(98bf170747914bb449b77d90b8f39f05) Importer(2089858483,192608db42251d675da83286b1cce702)
Start importing Assets/Kit/Tower Defense/Models/OBJ format/enemy-ufo-a-weapon.obj using Guid(98bf170747914bb449b77d90b8f39f05) Importer(2089858483,192608db42251d675da83286b1cce702) (ScriptedImporter) -> (artifact id: 'ea16919f7e9b34cfaea1b28e09ca3249') in 0.0679867 seconds
Number of updated asset objects reloaded before import = 0Number of asset objects unloaded after import = 16

========================================================================
Received Import Request.
  Time since last request: 0.000047 seconds.
  path: Assets/Kit/Tower Defense/Models/GLB format/weapon-ammo-bullet.glb
  artifactKey: Guid(da1cd2479efcd8146aa8e58c518509c3) Importer(2089858483,192608db42251d675da83286b1cce702)
Start importing Assets/Kit/Tower Defense/Models/GLB format/weapon-ammo-bullet.glb using Guid(da1cd2479efcd8146aa8e58c518509c3) Importer(2089858483,192608db42251d675da83286b1cce702) (ScriptedImporter) -> (artifact id: '0fd92d91dc3311fabf5e8f07a45c3c52') in 0.0292509 seconds
Number of updated asset objects reloaded before import = 0Number of asset objects unloaded after import = 1

========================================================================
Received Import Request.
  Time since last request: 0.000045 seconds.
  path: Assets/Kit/Enviroment/tower defense/Side/tree_cone.png
  artifactKey: Guid(0125c7a9887ab114ca076d8190ad74df) Importer(2089858483,192608db42251d675da83286b1cce702)
Start importing Assets/Kit/Enviroment/tower defense/Side/tree_cone.png using Guid(0125c7a9887ab114ca076d8190ad74df) Importer(2089858483,192608db42251d675da83286b1cce702) (ScriptedImporter) -> (artifact id: '895f36956472a1666050681e77b51dde') in 0.0560653 seconds
Number of updated asset objects reloaded before import = 0Number of asset objects unloaded after import = 1

========================================================================
Received Import Request.
  Time since last request: 0.000027 seconds.
  path: Assets/Kit/Tower Defense/Models/OBJ format/tower-round-roof-b.mtl
  artifactKey: Guid(8a9abf79a24e8da4c8ac4fc32946ceb1) Importer(2089858483,192608db42251d675da83286b1cce702)
Start importing Assets/Kit/Tower Defense/Models/OBJ format/tower-round-roof-b.mtl using Guid(8a9abf79a24e8da4c8ac4fc32946ceb1) Importer(2089858483,192608db42251d675da83286b1cce702) (ScriptedImporter) -> (artifact id: '227e4d9bbac807fa0d108e7c77cd1617') in 0.0271488 seconds
Number of updated asset objects reloaded before import = 0Number of asset objects unloaded after import = 1

========================================================================
Received Import Request.
  Time since last request: 0.000027 seconds.
  path: Assets/Kit/Tower Defense/Models/OBJ format/tile-rock.mtl
  artifactKey: Guid(52bb0aa23eb73c44aabb5b8a69b4235b) Importer(2089858483,192608db42251d675da83286b1cce702)
Start importing Assets/Kit/Tower Defense/Models/OBJ format/tile-rock.mtl using Guid(52bb0aa23eb73c44aabb5b8a69b4235b) Importer(2089858483,192608db42251d675da83286b1cce702) (ScriptedImporter) -> (artifact id: '27b166998cff14abcd6914c3084841a7') in 0.0247334 seconds
Number of updated asset objects reloaded before import = 0Number of asset objects unloaded after import = 1

========================================================================
Received Import Request.
  Time since last request: 0.000037 seconds.
  path: Assets/Kit/Tower Defense/Models/OBJ format/tower-round-bottom-b.mtl
  artifactKey: Guid(2ab43a60db031874f866a41c9ae23806) Importer(2089858483,192608db42251d675da83286b1cce702)
Start importing Assets/Kit/Tower Defense/Models/OBJ format/tower-round-bottom-b.mtl using Guid(2ab43a60db031874f866a41c9ae23806) Importer(2089858483,192608db42251d675da83286b1cce702) (ScriptedImporter) -> (artifact id: '93e5af31c09c1567d11a050ef9e19439') in 0.0280237 seconds
Number of updated asset objects reloaded before import = 0Number of asset objects unloaded after import = 1

========================================================================
Received Import Request.
  Time since last request: 0.000046 seconds.
  path: Assets/Kit/Tower Defense/Models/OBJ format/tile-bump.mtl
  artifactKey: Guid(cb906b499b5279545a8ab860688d41d0) Importer(2089858483,192608db42251d675da83286b1cce702)
Start importing Assets/Kit/Tower Defense/Models/OBJ format/tile-bump.mtl using Guid(cb906b499b5279545a8ab860688d41d0) Importer(2089858483,192608db42251d675da83286b1cce702) (ScriptedImporter) -> (artifact id: '0ba4d288e190fe800cd19c677d88a4f0') in 0.0251422 seconds
Number of updated asset objects reloaded before import = 0Number of asset objects unloaded after import = 1

========================================================================
Received Import Request.
  Time since last request: 0.000031 seconds.
  path: Assets/Kit/Tower Defense/Models/OBJ format/tile-crystal.obj
  artifactKey: Guid(fc8ca661bd32fea49bb2ac022342d4ed) Importer(2089858483,192608db42251d675da83286b1cce702)
Start importing Assets/Kit/Tower Defense/Models/OBJ format/tile-crystal.obj using Guid(fc8ca661bd32fea49bb2ac022342d4ed) Importer(2089858483,192608db42251d675da83286b1cce702) (ScriptedImporter) -> (artifact id: 'ffd5c022b45ff3bd8aad9c36d2630269') in 0.075607 seconds
Number of updated asset objects reloaded before import = 0Number of asset objects unloaded after import = 11

========================================================================
Received Import Request.
  Time since last request: 0.000030 seconds.
  path: Assets/Kit/Tower Defense/Models/OBJ format/tile-river-transition.mtl
  artifactKey: Guid(5caf3fbef6dfa68418b5b60db1873af2) Importer(2089858483,192608db42251d675da83286b1cce702)
Start importing Assets/Kit/Tower Defense/Models/OBJ format/tile-river-transition.mtl using Guid(5caf3fbef6dfa68418b5b60db1873af2) Importer(2089858483,192608db42251d675da83286b1cce702) (ScriptedImporter) -> (artifact id: 'aaf2c3e43ebf61875c8daacfcf4bc997') in 0.0263487 seconds
Number of updated asset objects reloaded before import = 0Number of asset objects unloaded after import = 1

========================================================================
Received Import Request.
  Time since last request: 0.000064 seconds.
  path: Assets/Kit/Tower Defense/Models/OBJ format/tile-spawn.obj
  artifactKey: Guid(82e48b5ef5d93884893c12909082ca72) Importer(2089858483,192608db42251d675da83286b1cce702)
Start importing Assets/Kit/Tower Defense/Models/OBJ format/tile-spawn.obj using Guid(82e48b5ef5d93884893c12909082ca72) Importer(2089858483,192608db42251d675da83286b1cce702) (ScriptedImporter) -> (artifact id: '880b5ec846dda88dc1fbbfcfb1f44b66') in 0.0598924 seconds
Number of updated asset objects reloaded before import = 0Number of asset objects unloaded after import = 11

========================================================================
Received Import Request.
  Time since last request: 0.000027 seconds.
  path: Assets/Kit/Tower Defense/Models/OBJ format/tower-round-top-b.obj
  artifactKey: Guid(7551cafbd13e4414da432457adad9721) Importer(2089858483,192608db42251d675da83286b1cce702)
Start importing Assets/Kit/Tower Defense/Models/OBJ format/tower-round-top-b.obj using Guid(7551cafbd13e4414da432457adad9721) Importer(2089858483,192608db42251d675da83286b1cce702) (ScriptedImporter) -> (artifact id: 'c5f018addbc9ecdf877baa4fe84a1699') in 0.0684546 seconds
Number of updated asset objects reloaded before import = 0Number of asset objects unloaded after import = 11

========================================================================
Received Import Request.
  Time since last request: 0.000034 seconds.
  path: Assets/Kit/Tower Defense/Models/OBJ format/tile-river-waterfall.obj
  artifactKey: Guid(cb5e38883271d5640b336e469592a88d) Importer(2089858483,192608db42251d675da83286b1cce702)
Start importing Assets/Kit/Tower Defense/Models/OBJ format/tile-river-waterfall.obj using Guid(cb5e38883271d5640b336e469592a88d) Importer(2089858483,192608db42251d675da83286b1cce702) (ScriptedImporter) -> (artifact id: '922d7e83e3f6cc7524dae49233a86a5e') in 0.0736648 seconds
Number of updated asset objects reloaded before import = 0Number of asset objects unloaded after import = 11

========================================================================
Received Import Request.
  Time since last request: 0.000056 seconds.
  path: Assets/Kit/Tower Defense/Models/OBJ format/tile-crystal.mtl
  artifactKey: Guid(5a1fb928b357dce449d14b4ed1382a03) Importer(2089858483,192608db42251d675da83286b1cce702)
Start importing Assets/Kit/Tower Defense/Models/OBJ format/tile-crystal.mtl using Guid(5a1fb928b357dce449d14b4ed1382a03) Importer(2089858483,192608db42251d675da83286b1cce702) (ScriptedImporter) -> (artifact id: 'eac74f237e4bf9e4ddc54824d326c51b') in 0.0279237 seconds
Number of updated asset objects reloaded before import = 0Number of asset objects unloaded after import = 1

========================================================================
Received Import Request.
  Time since last request: 0.000029 seconds.
  path: Assets/Kit/Tower Defense/Models/OBJ format/tile-bump.obj
  artifactKey: Guid(93d0ac878c063b441b6b5d40f01a4887) Importer(2089858483,192608db42251d675da83286b1cce702)
Start importing Assets/Kit/Tower Defense/Models/OBJ format/tile-bump.obj using Guid(93d0ac878c063b441b6b5d40f01a4887) Importer(2089858483,192608db42251d675da83286b1cce702) (ScriptedImporter) -> (artifact id: '18f9f119812a48b0cf2ad99b2c5af0f0') in 0.0706787 seconds
Number of updated asset objects reloaded before import = 0Number of asset objects unloaded after import = 11

========================================================================
Received Import Request.
  Time since last request: 0.000036 seconds.
  path: Assets/Kit/Tower Defense/Models/OBJ format/tile-corner-round.mtl
  artifactKey: Guid(8d434103c51ecf948bce95cddf775d34) Importer(2089858483,192608db42251d675da83286b1cce702)
Start importing Assets/Kit/Tower Defense/Models/OBJ format/tile-corner-round.mtl using Guid(8d434103c51ecf948bce95cddf775d34) Importer(2089858483,192608db42251d675da83286b1cce702) (ScriptedImporter) -> (artifact id: 'e7f1d2b838dfa9796de47a426ddd4eab') in 0.0277174 seconds
Number of updated asset objects reloaded before import = 0Number of asset objects unloaded after import = 1

========================================================================
Received Import Request.
  Time since last request: 0.000051 seconds.
  path: Assets/Kit/Tower Defense/Models/OBJ format/tile-corner-outer.mtl
  artifactKey: Guid(fdadb54669c98284588ff3ff6dbd68fb) Importer(2089858483,192608db42251d675da83286b1cce702)
Start importing Assets/Kit/Tower Defense/Models/OBJ format/tile-corner-outer.mtl using Guid(fdadb54669c98284588ff3ff6dbd68fb) Importer(2089858483,192608db42251d675da83286b1cce702) (ScriptedImporter) -> (artifact id: 'f4050b9ffa76e4b7fec1468c1c7f432e') in 0.0295975 seconds
Number of updated asset objects reloaded before import = 0Number of asset objects unloaded after import = 1

========================================================================
Received Import Request.
  Time since last request: 0.000036 seconds.
  path: Assets/Kit/Tower Defense/Models/OBJ format/tower-round-build-f.obj
  artifactKey: Guid(43e81edc5a964b34ab4c30f5ee6ce45a) Importer(2089858483,192608db42251d675da83286b1cce702)
Start importing Assets/Kit/Tower Defense/Models/OBJ format/tower-round-build-f.obj using Guid(43e81edc5a964b34ab4c30f5ee6ce45a) Importer(2089858483,192608db42251d675da83286b1cce702) (ScriptedImporter) -> (artifact id: 'de89a1e2cfe5fa9dc81172be142951a5') in 0.0730269 seconds
Number of updated asset objects reloaded before import = 0Number of asset objects unloaded after import = 11

========================================================================
Received Import Request.
  Time since last request: 0.000034 seconds.
  path: Assets/Kit/Tower Defense/Models/OBJ format/tile-tree-double.obj
  artifactKey: Guid(b7ed1877d54388045bc291abf90395bb) Importer(2089858483,192608db42251d675da83286b1cce702)
Start importing Assets/Kit/Tower Defense/Models/OBJ format/tile-tree-double.obj using Guid(b7ed1877d54388045bc291abf90395bb) Importer(2089858483,192608db42251d675da83286b1cce702) (ScriptedImporter) -> (artifact id: '47909ac1ad6dbdb7dc726092b071d621') in 0.0783446 seconds
Number of updated asset objects reloaded before import = 0Number of asset objects unloaded after import = 11

========================================================================
Received Import Request.
  Time since last request: 0.000051 seconds.
  path: Assets/Kit/Tower Defense/Models/OBJ format/tower-round-bottom-b.obj
  artifactKey: Guid(7f77aa17c8f8ecf4db7ce8d25e51500e) Importer(2089858483,192608db42251d675da83286b1cce702)
Start importing Assets/Kit/Tower Defense/Models/OBJ format/tower-round-bottom-b.obj using Guid(7f77aa17c8f8ecf4db7ce8d25e51500e) Importer(2089858483,192608db42251d675da83286b1cce702) (ScriptedImporter) -> (artifact id: '42010edec4bb3fd9deb3691c58635500') in 0.0702028 seconds
Number of updated asset objects reloaded before import = 0Number of asset objects unloaded after import = 11

========================================================================
Received Import Request.
  Time since last request: 0.000031 seconds.
  path: Assets/Kit/Tower Defense/Models/OBJ format/tile-corner-inner.mtl
  artifactKey: Guid(7bda9b0d9e026d441a06f1bc84cd6464) Importer(2089858483,192608db42251d675da83286b1cce702)
Start importing Assets/Kit/Tower Defense/Models/OBJ format/tile-corner-inner.mtl using Guid(7bda9b0d9e026d441a06f1bc84cd6464) Importer(2089858483,192608db42251d675da83286b1cce702) (ScriptedImporter) -> (artifact id: '13c8a9faed77dcaa23562dd2f294d9ea') in 0.0284789 seconds
Number of updated asset objects reloaded before import = 0Number of asset objects unloaded after import = 1

========================================================================
Received Import Request.
  Time since last request: 0.000031 seconds.
  path: Assets/Kit/Tower Defense/Models/OBJ format/tower-round-top-a.obj
  artifactKey: Guid(5150d3c3e85f9e44da8738ee89478354) Importer(2089858483,192608db42251d675da83286b1cce702)
Start importing Assets/Kit/Tower Defense/Models/OBJ format/tower-round-top-a.obj using Guid(5150d3c3e85f9e44da8738ee89478354) Importer(2089858483,192608db42251d675da83286b1cce702) (ScriptedImporter) -> (artifact id: 'df199aed6fd2591bddb7fa6739ad33d4') in 0.0717761 seconds
Number of updated asset objects reloaded before import = 0Number of asset objects unloaded after import = 11

========================================================================
Received Import Request.
  Time since last request: 0.000051 seconds.
  path: Assets/Kit/Tower Defense/Models/OBJ format/tower-round-base.mtl
  artifactKey: Guid(3c9be414fcf8b0d47a9ab2546d4bb1c3) Importer(2089858483,192608db42251d675da83286b1cce702)
Start importing Assets/Kit/Tower Defense/Models/OBJ format/tower-round-base.mtl using Guid(3c9be414fcf8b0d47a9ab2546d4bb1c3) Importer(2089858483,192608db42251d675da83286b1cce702) (ScriptedImporter) -> (artifact id: '4ad5e0114e40de2e0f12c589b92eaa1d') in 0.0315915 seconds
Number of updated asset objects reloaded before import = 0Number of asset objects unloaded after import = 1

========================================================================
Received Import Request.
  Time since last request: 0.000029 seconds.
  path: Assets/Kit/Tower Defense/Models/OBJ format/snow-tile-wide-corner.mtl
  artifactKey: Guid(4fb1eb6fc7a61a34e99756d56a1ff841) Importer(2089858483,192608db42251d675da83286b1cce702)
Start importing Assets/Kit/Tower Defense/Models/OBJ format/snow-tile-wide-corner.mtl using Guid(4fb1eb6fc7a61a34e99756d56a1ff841) Importer(2089858483,192608db42251d675da83286b1cce702) (ScriptedImporter) -> (artifact id: 'be273117addd362e13c272c27887e39b') in 0.0263504 seconds
Number of updated asset objects reloaded before import = 0Number of asset objects unloaded after import = 1

========================================================================
Received Import Request.
  Time since last request: 0.000031 seconds.
  path: Assets/Kit/Tower Defense/Models/OBJ format/tile-river-straight.obj
  artifactKey: Guid(3bb37b40ddad1224da8c32ca4f082001) Importer(2089858483,192608db42251d675da83286b1cce702)
Start importing Assets/Kit/Tower Defense/Models/OBJ format/tile-river-straight.obj using Guid(3bb37b40ddad1224da8c32ca4f082001) Importer(2089858483,192608db42251d675da83286b1cce702) (ScriptedImporter) -> (artifact id: '3bb8d5b7f39b7d8a5963d96be12f5673') in 0.0614979 seconds
Number of updated asset objects reloaded before import = 0Number of asset objects unloaded after import = 11

========================================================================
Received Import Request.
  Time since last request: 0.000031 seconds.
  path: Assets/Kit/Tower Defense/Models/OBJ format/tile-river-slope.mtl
  artifactKey: Guid(1fd432ed5c6fd9949810eeefb8f89099) Importer(2089858483,192608db42251d675da83286b1cce702)
Start importing Assets/Kit/Tower Defense/Models/OBJ format/tile-river-slope.mtl using Guid(1fd432ed5c6fd9949810eeefb8f89099) Importer(2089858483,192608db42251d675da83286b1cce702) (ScriptedImporter) -> (artifact id: 'a35f435dd18ec0bb06949704971b53d9') in 0.0298513 seconds
Number of updated asset objects reloaded before import = 0Number of asset objects unloaded after import = 1

========================================================================
Received Import Request.
  Time since last request: 0.000046 seconds.
  path: Assets/Kit/Tower Defense/Models/OBJ format/snow-wood-structure-high-part.obj
  artifactKey: Guid(3bb0fb1aa4ef95041b5fb461d214e3e2) Importer(2089858483,192608db42251d675da83286b1cce702)
Start importing Assets/Kit/Tower Defense/Models/OBJ format/snow-wood-structure-high-part.obj using Guid(3bb0fb1aa4ef95041b5fb461d214e3e2) Importer(2089858483,192608db42251d675da83286b1cce702) (ScriptedImporter) -> (artifact id: '9172cd2d34e1cbd85e47fef186839ac1') in 0.0758595 seconds
Number of updated asset objects reloaded before import = 0Number of asset objects unloaded after import = 11

========================================================================
Received Import Request.
  Time since last request: 0.000035 seconds.
  path: Assets/Kit/Tower Defense/Models/OBJ format/tower-round-build-f.mtl
  artifactKey: Guid(7c32ccaf5ec905f48bc5db494dc21863) Importer(2089858483,192608db42251d675da83286b1cce702)
Start importing Assets/Kit/Tower Defense/Models/OBJ format/tower-round-build-f.mtl using Guid(7c32ccaf5ec905f48bc5db494dc21863) Importer(2089858483,192608db42251d675da83286b1cce702) (ScriptedImporter) -> (artifact id: '70fdca6e6506c983e90d63bb5c3f3da7') in 0.0287732 seconds
Number of updated asset objects reloaded before import = 0Number of asset objects unloaded after import = 1

========================================================================
Received Import Request.
  Time since last request: 0.000033 seconds.
  path: Assets/Kit/Tower Defense/Models/OBJ format/tile-wide-corner.mtl
  artifactKey: Guid(3b2cc0b97c88f39428e0b21105b450c9) Importer(2089858483,192608db42251d675da83286b1cce702)
Start importing Assets/Kit/Tower Defense/Models/OBJ format/tile-wide-corner.mtl using Guid(3b2cc0b97c88f39428e0b21105b450c9) Importer(2089858483,192608db42251d675da83286b1cce702) (ScriptedImporter) -> (artifact id: '7de9203624a43dcc33b3ddbd23492ccd') in 0.0284165 seconds
Number of updated asset objects reloaded before import = 0Number of asset objects unloaded after import = 1

========================================================================
Received Import Request.
  Time since last request: 0.000048 seconds.
  path: Assets/Kit/Tower Defense/Models/OBJ format/tile-spawn-end-round.obj
  artifactKey: Guid(79d2f88502d163341b61072f614e3850) Importer(2089858483,192608db42251d675da83286b1cce702)
Start importing Assets/Kit/Tower Defense/Models/OBJ format/tile-spawn-end-round.obj using Guid(79d2f88502d163341b61072f614e3850) Importer(2089858483,192608db42251d675da83286b1cce702) (ScriptedImporter) -> (artifact id: '6112973353386bd5d663dab0cd5fb007') in 0.0648875 seconds
Number of updated asset objects reloaded before import = 0Number of asset objects unloaded after import = 11

========================================================================
Received Import Request.
  Time since last request: 0.000028 seconds.
  path: Assets/Kit/Tower Defense/Models/OBJ format/weapon-catapult.obj
  artifactKey: Guid(743ab464a363afb40bc3580af7184998) Importer(2089858483,192608db42251d675da83286b1cce702)
Start importing Assets/Kit/Tower Defense/Models/OBJ format/weapon-catapult.obj using Guid(743ab464a363afb40bc3580af7184998) Importer(2089858483,192608db42251d675da83286b1cce702) (ScriptedImporter) -> (artifact id: 'bf3635f34c3e6890ca21bf52b6e82953') in 0.079346 seconds
Number of updated asset objects reloaded before import = 0Number of asset objects unloaded after import = 16

========================================================================
Received Import Request.
  Time since last request: 0.000036 seconds.
  path: Assets/Kit/Character/enemies/assets/fbx/Skeleton_Shield_Small_A.fbx
  artifactKey: Guid(90897bbf39eed1d4cbf9ba294fd7e40d) Importer(2089858483,192608db42251d675da83286b1cce702)
Start importing Assets/Kit/Character/enemies/assets/fbx/Skeleton_Shield_Small_A.fbx using Guid(90897bbf39eed1d4cbf9ba294fd7e40d) Importer(2089858483,192608db42251d675da83286b1cce702) (ScriptedImporter) -> (artifact id: 'ee80865128cbc0f75e2f7f960022f38a') in 0.0705727 seconds
Number of updated asset objects reloaded before import = 0Number of asset objects unloaded after import = 9

========================================================================
Received Import Request.
  Time since last request: 0.000071 seconds.
  path: Assets/Kit/Tower Defense/Models/OBJ format/weapon-ballista.mtl
  artifactKey: Guid(83a636b92341f0c4ebb321b05be0a795) Importer(2089858483,192608db42251d675da83286b1cce702)
Start importing Assets/Kit/Tower Defense/Models/OBJ format/weapon-ballista.mtl using Guid(83a636b92341f0c4ebb321b05be0a795) Importer(2089858483,192608db42251d675da83286b1cce702) (ScriptedImporter) -> (artifact id: '7b3a21e50de98613e9984cd356195621') in 0.0274254 seconds
Number of updated asset objects reloaded before import = 0Number of asset objects unloaded after import = 1

========================================================================
Received Import Request.
  Time since last request: 0.000026 seconds.
  path: Assets/Kit/Tower Defense/Models/OBJ format/tower-square-roof-c.obj
  artifactKey: Guid(8e7a21c95d74cb54ba09e1a8c11330f0) Importer(2089858483,192608db42251d675da83286b1cce702)
Start importing Assets/Kit/Tower Defense/Models/OBJ format/tower-square-roof-c.obj using Guid(8e7a21c95d74cb54ba09e1a8c11330f0) Importer(2089858483,192608db42251d675da83286b1cce702) (ScriptedImporter) -> (artifact id: 'f52d8c22c5d0f5b99e23f4654889c976') in 0.0742997 seconds
Number of updated asset objects reloaded before import = 0Number of asset objects unloaded after import = 11

========================================================================
Received Import Request.
  Time since last request: 0.000031 seconds.
  path: Assets/Kit/Tower Defense/Models/OBJ format/weapon-ammo-bullet.mtl
  artifactKey: Guid(83f98ab93b733c14c8702d1ec437d6d1) Importer(2089858483,192608db42251d675da83286b1cce702)
Start importing Assets/Kit/Tower Defense/Models/OBJ format/weapon-ammo-bullet.mtl using Guid(83f98ab93b733c14c8702d1ec437d6d1) Importer(2089858483,192608db42251d675da83286b1cce702) (ScriptedImporter) -> (artifact id: 'a887234f40e2f86213d33985b7ea76a2') in 0.0326897 seconds
Number of updated asset objects reloaded before import = 0Number of asset objects unloaded after import = 1

========================================================================
Received Import Request.
  Time since last request: 0.000051 seconds.
  path: Assets/TextMesh Pro/Examples & Extras/Resources/Fonts & Materials/Electronic Highway Sign SDF.asset
  artifactKey: Guid(dc36b3fdc14f47ebb36fd484a67e268a) Importer(2089858483,192608db42251d675da83286b1cce702)
Start importing Assets/TextMesh Pro/Examples & Extras/Resources/Fonts & Materials/Electronic Highway Sign SDF.asset using Guid(dc36b3fdc14f47ebb36fd484a67e268a) Importer(2089858483,192608db42251d675da83286b1cce702) (ScriptedImporter) -> (artifact id: 'b01e6cec86b0c481c6749d7ecfe2aeee') in 0.1351652 seconds
Number of updated asset objects reloaded before import = 0Number of asset objects unloaded after import = 5

========================================================================
Received Import Request.
  Time since last request: 0.000044 seconds.
  path: Assets/TextMesh Pro/Examples & Extras/Resources/Fonts & Materials/Anton SDF - Drop Shadow.mat
  artifactKey: Guid(749b9069dc4742c5bfa5c74644049926) Importer(2089858483,192608db42251d675da83286b1cce702)
Start importing Assets/TextMesh Pro/Examples & Extras/Resources/Fonts & Materials/Anton SDF - Drop Shadow.mat using Guid(749b9069dc4742c5bfa5c74644049926) Importer(2089858483,192608db42251d675da83286b1cce702) (ScriptedImporter) -> (artifact id: '1322c4e0535e968f584e7769d311f2ff') in 0.102567 seconds
Number of updated asset objects reloaded before import = 0Number of asset objects unloaded after import = 2

========================================================================
Received Import Request.
  Time since last request: 0.000045 seconds.
  path: Assets/Kit/Character/enemies/assets/gltf/Skeleton_Arrow_Broken_Half.bin
  artifactKey: Guid(1a463e9bb0cc9e94799b3f340f8489ad) Importer(2089858483,192608db42251d675da83286b1cce702)
Start importing Assets/Kit/Character/enemies/assets/gltf/Skeleton_Arrow_Broken_Half.bin using Guid(1a463e9bb0cc9e94799b3f340f8489ad) Importer(2089858483,192608db42251d675da83286b1cce702) (ScriptedImporter) -> (artifact id: '667b4acc56256e247e9e8f3527e70f7b') in 0.0313687 seconds
Number of updated asset objects reloaded before import = 0Number of asset objects unloaded after import = 1

========================================================================
Received Import Request.
  Time since last request: 0.000050 seconds.
  path: Assets/Kit/Tower Defense/Models/OBJ format/weapon-turret.obj
  artifactKey: Guid(7922f1182934e61489336f4b95269b51) Importer(2089858483,192608db42251d675da83286b1cce702)
Start importing Assets/Kit/Tower Defense/Models/OBJ format/weapon-turret.obj using Guid(7922f1182934e61489336f4b95269b51) Importer(2089858483,192608db42251d675da83286b1cce702) (ScriptedImporter) -> (artifact id: '527045e8dcfa29657396b69e3ae860d3') in 0.0701143 seconds
Number of updated asset objects reloaded before import = 0Number of asset objects unloaded after import = 16

========================================================================
Received Import Request.
  Time since last request: 0.000031 seconds.
  path: Assets/Kit/Tower Defense/Models/OBJ format/tower-square-build-d.obj
  artifactKey: Guid(0839d9dd097275348b5a799c00cc35ff) Importer(2089858483,192608db42251d675da83286b1cce702)
Start importing Assets/Kit/Tower Defense/Models/OBJ format/tower-square-build-d.obj using Guid(0839d9dd097275348b5a799c00cc35ff) Importer(2089858483,192608db42251d675da83286b1cce702) (ScriptedImporter) -> (artifact id: '5db43f64b55c9ed99b0a713a208d9846') in 0.0774372 seconds
Number of updated asset objects reloaded before import = 0Number of asset objects unloaded after import = 11

========================================================================
Received Import Request.
  Time since last request: 0.000038 seconds.
  path: Assets/Kit/Tower Defense/Models/OBJ format/tower-square-top-b.mtl
  artifactKey: Guid(0080753dc17297545954706e0b6df81c) Importer(2089858483,192608db42251d675da83286b1cce702)
Start importing Assets/Kit/Tower Defense/Models/OBJ format/tower-square-top-b.mtl using Guid(0080753dc17297545954706e0b6df81c) Importer(2089858483,192608db42251d675da83286b1cce702) (ScriptedImporter) -> (artifact id: 'da20ae1ae8540dbb1fa715913c43d109') in 0.0327255 seconds
Number of updated asset objects reloaded before import = 0Number of asset objects unloaded after import = 1

========================================================================
Received Import Request.
  Time since last request: 0.000055 seconds.
  path: Assets/Kit/Character/enemies/assets/fbx/Skeleton_Blade.fbx
  artifactKey: Guid(39155730fcf1aaf4cbede9aed1537cbd) Importer(2089858483,192608db42251d675da83286b1cce702)
Start importing Assets/Kit/Character/enemies/assets/fbx/Skeleton_Blade.fbx using Guid(39155730fcf1aaf4cbede9aed1537cbd) Importer(2089858483,192608db42251d675da83286b1cce702) (ScriptedImporter) -> (artifact id: 'ac5fbb279395daec201fe325176b0167') in 0.1109542 seconds
Number of updated asset objects reloaded before import = 0Number of asset objects unloaded after import = 9

========================================================================
Received Import Request.
  Time since last request: 0.000031 seconds.
  path: Assets/TextMesh Pro/Examples & Extras/Resources/Color Gradient Presets/Yellow to Orange - Vertical.asset
  artifactKey: Guid(69a525efa7e6472eab268f6ea605f06e) Importer(2089858483,192608db42251d675da83286b1cce702)
Start importing Assets/TextMesh Pro/Examples & Extras/Resources/Color Gradient Presets/Yellow to Orange - Vertical.asset using Guid(69a525efa7e6472eab268f6ea605f06e) Importer(2089858483,192608db42251d675da83286b1cce702) (ScriptedImporter) -> (artifact id: 'd2957ea1316fedfac8f42f936787b636') in 0.0613738 seconds
Number of updated asset objects reloaded before import = 0Number of asset objects unloaded after import = 1

========================================================================
Received Import Request.
  Time since last request: 0.000042 seconds.
  path: Assets/Kit/Tower Defense/Models/OBJ format/tower-square-top-c.obj
  artifactKey: Guid(07aa45457ba651e4487284240a2f883f) Importer(2089858483,192608db42251d675da83286b1cce702)
Start importing Assets/Kit/Tower Defense/Models/OBJ format/tower-square-top-c.obj using Guid(07aa45457ba651e4487284240a2f883f) Importer(2089858483,192608db42251d675da83286b1cce702) (ScriptedImporter) -> (artifact id: '68f1139c4e0619ec66fffcc5a12ae941') in 0.0673647 seconds
Number of updated asset objects reloaded before import = 0Number of asset objects unloaded after import = 11

========================================================================
Received Import Request.
  Time since last request: 0.000052 seconds.
  path: Assets/TextMesh Pro/Examples & Extras/Scenes/28 - HDRP Shader Example/Sky and Fog Volume Profile.asset
  artifactKey: Guid(83ba2e375bed45f48bce43e5a5f7c88a) Importer(2089858483,192608db42251d675da83286b1cce702)
Start importing Assets/TextMesh Pro/Examples & Extras/Scenes/28 - HDRP Shader Example/Sky and Fog Volume Profile.asset using Guid(83ba2e375bed45f48bce43e5a5f7c88a) Importer(2089858483,192608db42251d675da83286b1cce702) (ScriptedImporter) -> (artifact id: 'c5012cf32a85bcf1229356fe41298d4f') in 0.0688629 seconds
Number of updated asset objects reloaded before import = 0Number of asset objects unloaded after import = 2

========================================================================
Received Import Request.
  Time since last request: 0.000030 seconds.
  path: Assets/Kit/Tower Defense/Models/OBJ format/tower-square-middle-a.mtl
  artifactKey: Guid(c18431e2764ab0f40905b9fc95111a61) Importer(2089858483,192608db42251d675da83286b1cce702)
Start importing Assets/Kit/Tower Defense/Models/OBJ format/tower-square-middle-a.mtl using Guid(c18431e2764ab0f40905b9fc95111a61) Importer(2089858483,192608db42251d675da83286b1cce702) (ScriptedImporter) -> (artifact id: 'a32299a89d902427136ebc2ebe089f08') in 0.0334844 seconds
Number of updated asset objects reloaded before import = 0Number of asset objects unloaded after import = 1

========================================================================
Received Import Request.
  Time since last request: 0.000032 seconds.
  path: Assets/Kit/Tower Defense/Models/OBJ format/weapon-catapult.mtl
  artifactKey: Guid(767f753abe74a794492e43454d68c508) Importer(2089858483,192608db42251d675da83286b1cce702)
Start importing Assets/Kit/Tower Defense/Models/OBJ format/weapon-catapult.mtl using Guid(767f753abe74a794492e43454d68c508) Importer(2089858483,192608db42251d675da83286b1cce702) (ScriptedImporter) -> (artifact id: '959fbe2d422c8d9412f77e0cc1ddfd50') in 0.0259685 seconds
Number of updated asset objects reloaded before import = 0Number of asset objects unloaded after import = 1

========================================================================
Received Import Request.
  Time since last request: 0.000041 seconds.
  path: Assets/Kit/Tower Defense/Models/Textures/variation-a.png
  artifactKey: Guid(379c21b520d52e04eac1c01e6c62e2c7) Importer(2089858483,192608db42251d675da83286b1cce702)
Start importing Assets/Kit/Tower Defense/Models/Textures/variation-a.png using Guid(379c21b520d52e04eac1c01e6c62e2c7) Importer(2089858483,192608db42251d675da83286b1cce702) (ScriptedImporter) -> (artifact id: '335cceb1370618f42856fea5d4c71a0d') in 0.0631632 seconds
Number of updated asset objects reloaded before import = 0Number of asset objects unloaded after import = 1

========================================================================
Received Import Request.
  Time since last request: 0.000037 seconds.
  path: Assets/Kit/Character/enemies/assets/gltf/Skeleton_Arrow.gltf
  artifactKey: Guid(2e7194e716e80084da3d12b5e0f22082) Importer(2089858483,192608db42251d675da83286b1cce702)
Start importing Assets/Kit/Character/enemies/assets/gltf/Skeleton_Arrow.gltf using Guid(2e7194e716e80084da3d12b5e0f22082) Importer(2089858483,192608db42251d675da83286b1cce702) (ScriptedImporter) -> (artifact id: '859134b550dbb06707049735fc6189c6') in 0.0299403 seconds
Number of updated asset objects reloaded before import = 0Number of asset objects unloaded after import = 1

========================================================================
Received Import Request.
  Time since last request: 0.000038 seconds.
  path: Assets/Kit/Tower Defense/Models/OBJ format/weapon-cannon.mtl
  artifactKey: Guid(6ca7a82c2f00db840bb98bfef884b0f1) Importer(2089858483,192608db42251d675da83286b1cce702)
Start importing Assets/Kit/Tower Defense/Models/OBJ format/weapon-cannon.mtl using Guid(6ca7a82c2f00db840bb98bfef884b0f1) Importer(2089858483,192608db42251d675da83286b1cce702) (ScriptedImporter) -> (artifact id: '37f524aa3d69eb163c4a1d9f5abea359') in 0.0326062 seconds
Number of updated asset objects reloaded before import = 0Number of asset objects unloaded after import = 1

========================================================================
Received Import Request.
  Time since last request: 0.000051 seconds.
  path: Assets/TextMesh Pro/Examples & Extras/Resources/Fonts & Materials/Bangers SDF Logo.mat
  artifactKey: Guid(f4e195ac1e204eff960149d1cb34e18c) Importer(2089858483,192608db42251d675da83286b1cce702)
Start importing Assets/TextMesh Pro/Examples & Extras/Resources/Fonts & Materials/Bangers SDF Logo.mat using Guid(f4e195ac1e204eff960149d1cb34e18c) Importer(2089858483,192608db42251d675da83286b1cce702) (ScriptedImporter) -> (artifact id: 'c07b60f0c47695e1856b09c086734404') in 0.0687139 seconds
Number of updated asset objects reloaded before import = 0Number of asset objects unloaded after import = 4

========================================================================
Received Import Request.
  Time since last request: 0.000030 seconds.
  path: Assets/Kit/Tower Defense/Models/OBJ format/tower-square-top-a.obj
  artifactKey: Guid(8fd5a03cc9d53724998ee90db5467f71) Importer(2089858483,192608db42251d675da83286b1cce702)
Start importing Assets/Kit/Tower Defense/Models/OBJ format/tower-square-top-a.obj using Guid(8fd5a03cc9d53724998ee90db5467f71) Importer(2089858483,192608db42251d675da83286b1cce702) (ScriptedImporter) -> (artifact id: 'ccd52fdfd26a38ced5abe93f91c67967') in 0.0800373 seconds
Number of updated asset objects reloaded before import = 0Number of asset objects unloaded after import = 11

========================================================================
Received Import Request.
  Time since last request: 0.000036 seconds.
  path: Assets/Kit/Tower Defense/Models/OBJ format/tower-square-build-a.mtl
  artifactKey: Guid(0070d7693117c0640a6abb534cdf295b) Importer(2089858483,192608db42251d675da83286b1cce702)
Start importing Assets/Kit/Tower Defense/Models/OBJ format/tower-square-build-a.mtl using Guid(0070d7693117c0640a6abb534cdf295b) Importer(2089858483,192608db42251d675da83286b1cce702) (ScriptedImporter) -> (artifact id: 'eccd6ed3a4fb7084150a703ec507a661') in 0.0290155 seconds
Number of updated asset objects reloaded before import = 0Number of asset objects unloaded after import = 1

========================================================================
Received Import Request.
  Time since last request: 0.000064 seconds.
  path: Assets/Kit/DungeonKit/dungeon map/Models/FBX format/coin.fbx
  artifactKey: Guid(e157b8653ac1b5f4ca5a0810732addf0) Importer(2089858483,192608db42251d675da83286b1cce702)
Start importing Assets/Kit/DungeonKit/dungeon map/Models/FBX format/coin.fbx using Guid(e157b8653ac1b5f4ca5a0810732addf0) Importer(2089858483,192608db42251d675da83286b1cce702) (ScriptedImporter) -> (artifact id: 'f6a28e901f09e95c2297c6eac78a8c52') in 0.0640862 seconds
Number of updated asset objects reloaded before import = 0Number of asset objects unloaded after import = 9

========================================================================
Received Import Request.
  Time since last request: 0.000025 seconds.
  path: Assets/Kit/Character/enemies/assets/obj/Skeleton_Shield_Small_A.obj
  artifactKey: Guid(1be1f81e83d8c4049bcd001af9ed8e54) Importer(2089858483,192608db42251d675da83286b1cce702)
Start importing Assets/Kit/Character/enemies/assets/obj/Skeleton_Shield_Small_A.obj using Guid(1be1f81e83d8c4049bcd001af9ed8e54) Importer(2089858483,192608db42251d675da83286b1cce702) (ScriptedImporter) -> (artifact id: '7753bd2afbf5c55c5ae2349dc021aa74') in 0.081784 seconds
Number of updated asset objects reloaded before import = 0Number of asset objects unloaded after import = 11

========================================================================
Received Import Request.
  Time since last request: 0.000041 seconds.
  path: Assets/Kit/DungeonKit/fantasy town/Models_int/FBX format/chimney.fbx
  artifactKey: Guid(0e13538e7f8503849a3ec762b15d6112) Importer(2089858483,192608db42251d675da83286b1cce702)
Start importing Assets/Kit/DungeonKit/fantasy town/Models_int/FBX format/chimney.fbx using Guid(0e13538e7f8503849a3ec762b15d6112) Importer(2089858483,192608db42251d675da83286b1cce702) (ScriptedImporter) -> (artifact id: 'ce71d46c33e51da543a8193735bb1a52') in 0.0693133 seconds
Number of updated asset objects reloaded before import = 0Number of asset objects unloaded after import = 9

========================================================================
Received Import Request.
  Time since last request: 0.000049 seconds.
  path: Assets/Kit/DungeonKit/fantasy town/Models_int/FBX format/road-bend.fbx
  artifactKey: Guid(e33ec2250a0956944adc28074a588230) Importer(2089858483,192608db42251d675da83286b1cce702)
Start importing Assets/Kit/DungeonKit/fantasy town/Models_int/FBX format/road-bend.fbx using Guid(e33ec2250a0956944adc28074a588230) Importer(2089858483,192608db42251d675da83286b1cce702) (ScriptedImporter) -> (artifact id: '2789ae02f2ab1b3927df57ad66e2a567') in 0.0759825 seconds
Number of updated asset objects reloaded before import = 0Number of asset objects unloaded after import = 9

========================================================================
Received Import Request.
  Time since last request: 0.000035 seconds.
  path: Assets/Kit/Character/enemies/assets/obj/Skeleton_Quiver.mtl
  artifactKey: Guid(3cf6a5d45844c7c4fb54d0ba1902943c) Importer(2089858483,192608db42251d675da83286b1cce702)
Start importing Assets/Kit/Character/enemies/assets/obj/Skeleton_Quiver.mtl using Guid(3cf6a5d45844c7c4fb54d0ba1902943c) Importer(2089858483,192608db42251d675da83286b1cce702) (ScriptedImporter) -> (artifact id: 'eb420e56a2f3c4a3928753e418b7fa28') in 0.0261572 seconds
Number of updated asset objects reloaded before import = 0Number of asset objects unloaded after import = 1

========================================================================
Received Import Request.
  Time since last request: 0.000034 seconds.
  path: Assets/Kit/DungeonKit/fantasy town/Models_int/FBX format/rock-wide.fbx
  artifactKey: Guid(9a23e84251b502a479c0bc414fd7a400) Importer(2089858483,192608db42251d675da83286b1cce702)
Start importing Assets/Kit/DungeonKit/fantasy town/Models_int/FBX format/rock-wide.fbx using Guid(9a23e84251b502a479c0bc414fd7a400) Importer(2089858483,192608db42251d675da83286b1cce702) (ScriptedImporter) -> (artifact id: '4e9382fbd6fb78d400f2d5e42162bdcf') in 0.0649067 seconds
Number of updated asset objects reloaded before import = 0Number of asset objects unloaded after import = 9

========================================================================
Received Import Request.
  Time since last request: 0.000044 seconds.
  path: Assets/Kit/DungeonKit/dungeon map/Models/FBX format/rocks.fbx
  artifactKey: Guid(e852843959e95284ab0f3e1fd251d58b) Importer(2089858483,192608db42251d675da83286b1cce702)
Start importing Assets/Kit/DungeonKit/dungeon map/Models/FBX format/rocks.fbx using Guid(e852843959e95284ab0f3e1fd251d58b) Importer(2089858483,192608db42251d675da83286b1cce702) (ScriptedImporter) -> (artifact id: 'c3d16e2d3b00b30b5caf30aab9348300') in 0.0705643 seconds
Number of updated asset objects reloaded before import = 0Number of asset objects unloaded after import = 9

========================================================================
Received Import Request.
  Time since last request: 0.000024 seconds.
  path: Assets/Kit/DungeonKit/fantasy town/Models_int/FBX format/planks-opening.fbx
  artifactKey: Guid(a40b1cb2d9d79fd44b7485ef1836f2f8) Importer(2089858483,192608db42251d675da83286b1cce702)
Start importing Assets/Kit/DungeonKit/fantasy town/Models_int/FBX format/planks-opening.fbx using Guid(a40b1cb2d9d79fd44b7485ef1836f2f8) Importer(2089858483,192608db42251d675da83286b1cce702) (ScriptedImporter) -> (artifact id: 'ccc64462bf07e812e7be2599ec935e44') in 0.0622561 seconds
Number of updated asset objects reloaded before import = 0Number of asset objects unloaded after import = 9

========================================================================
Received Import Request.
  Time since last request: 0.000033 seconds.
  path: Assets/Kit/DungeonKit/fantasy town/Models_int/FBX format/fountain-curved.fbx
  artifactKey: Guid(0d2f846cec338be468faedc1d16b1e7d) Importer(2089858483,192608db42251d675da83286b1cce702)
Start importing Assets/Kit/DungeonKit/fantasy town/Models_int/FBX format/fountain-curved.fbx using Guid(0d2f846cec338be468faedc1d16b1e7d) Importer(2089858483,192608db42251d675da83286b1cce702) (ScriptedImporter) -> (artifact id: 'd41a7a4ffca45aa3040de80fef863e94') in 0.0791402 seconds
Number of updated asset objects reloaded before import = 0Number of asset objects unloaded after import = 15

========================================================================
Received Import Request.
  Time since last request: 0.000051 seconds.
  path: Assets/Kit/Character/enemies/assets/gltf/Skeleton_Quiver.bin
  artifactKey: Guid(778b3215f2bf4014bb296e68bac3765e) Importer(2089858483,192608db42251d675da83286b1cce702)
Start importing Assets/Kit/Character/enemies/assets/gltf/Skeleton_Quiver.bin using Guid(778b3215f2bf4014bb296e68bac3765e) Importer(2089858483,192608db42251d675da83286b1cce702) (ScriptedImporter) -> (artifact id: '03af2b93ceffdd6f173a01924b9dd9fd') in 0.0272242 seconds
Number of updated asset objects reloaded before import = 0Number of asset objects unloaded after import = 1

========================================================================
Received Import Request.
  Time since last request: 0.000034 seconds.
  path: Assets/Kit/DungeonKit/fantasy town/Models_int/FBX format/hedge-large-curved.fbx
  artifactKey: Guid(b704ff6400dfba54cae41068eddc135e) Importer(2089858483,192608db42251d675da83286b1cce702)
Start importing Assets/Kit/DungeonKit/fantasy town/Models_int/FBX format/hedge-large-curved.fbx using Guid(b704ff6400dfba54cae41068eddc135e) Importer(2089858483,192608db42251d675da83286b1cce702) (ScriptedImporter) -> (artifact id: '7b33f084b1cfd04e0d3c2d5264a973fa') in 0.0816223 seconds
Number of updated asset objects reloaded before import = 0Number of asset objects unloaded after import = 9

========================================================================
Received Import Request.
  Time since last request: 0.000033 seconds.
  path: Assets/Kit/Character/enemies/assets/obj/Skeleton_Arrow_Broken_Half.mtl
  artifactKey: Guid(caa0b332e48f8ef41b488256b8a36409) Importer(2089858483,192608db42251d675da83286b1cce702)
Start importing Assets/Kit/Character/enemies/assets/obj/Skeleton_Arrow_Broken_Half.mtl using Guid(caa0b332e48f8ef41b488256b8a36409) Importer(2089858483,192608db42251d675da83286b1cce702) (ScriptedImporter) -> (artifact id: '5e6086f91d539405e2c333d9ee465c90') in 0.0272427 seconds
Number of updated asset objects reloaded before import = 0Number of asset objects unloaded after import = 1

========================================================================
Received Import Request.
  Time since last request: 0.000071 seconds.
  path: Assets/Kit/Enviroment/Eviroment hexa/Assets/buildings/neutral/wall_corner_A_outside.fbx
  artifactKey: Guid(121ed5ebabccc4f4995713a9172b78e6) Importer(815301076,1909f56bfc062723c751e8b465ee728b)
Start importing Assets/Kit/Enviroment/Eviroment hexa/Assets/buildings/neutral/wall_corner_A_outside.fbx using Guid(121ed5ebabccc4f4995713a9172b78e6) Importer(815301076,1909f56bfc062723c751e8b465ee728b) (PreviewImporter) -> (artifact id: '8c32cb27e307b0d217cce98cdfb134cf') in 1.2418891 seconds
Number of updated asset objects reloaded before import = 0Number of asset objects unloaded after import = 9

========================================================================
Received Import Request.
  Time since last request: 0.000048 seconds.
  path: Assets/Kit/Enviroment/Eviroment hexa/Assets/buildings/neutral/building_scaffolding.fbx
  artifactKey: Guid(590625b0489a40a41af8ffb5055954ad) Importer(815301076,1909f56bfc062723c751e8b465ee728b)
Start importing Assets/Kit/Enviroment/Eviroment hexa/Assets/buildings/neutral/building_scaffolding.fbx using Guid(590625b0489a40a41af8ffb5055954ad) Importer(815301076,1909f56bfc062723c751e8b465ee728b) (PreviewImporter) -> (artifact id: 'e95ec96f32d0d0a322dd652fb464ef1f') in 0.1149884 seconds
Number of updated asset objects reloaded before import = 0Number of asset objects unloaded after import = 9

========================================================================
Received Import Request.
  Time since last request: 0.000059 seconds.
  path: Assets/Kit/DungeonKit/fantasy town/Models_int/FBX format/wall-arch.fbx
  artifactKey: Guid(63e995e20ddd3a24ca174f86c0b90cf3) Importer(2089858483,192608db42251d675da83286b1cce702)
Start importing Assets/Kit/DungeonKit/fantasy town/Models_int/FBX format/wall-arch.fbx using Guid(63e995e20ddd3a24ca174f86c0b90cf3) Importer(2089858483,192608db42251d675da83286b1cce702) (ScriptedImporter) -> (artifact id: '433143f96d9dc76b0c7d4e117bb07fce') in 0.0756082 seconds
Number of updated asset objects reloaded before import = 0Number of asset objects unloaded after import = 9

========================================================================
Received Import Request.
  Time since last request: 0.000066 seconds.
  path: Assets/Kit/DungeonKit/fantasy town/Models_int/FBX format/stall.fbx
  artifactKey: Guid(843cbc6c55d152a40b698c41c081aba5) Importer(2089858483,192608db42251d675da83286b1cce702)
Start importing Assets/Kit/DungeonKit/fantasy town/Models_int/FBX format/stall.fbx using Guid(843cbc6c55d152a40b698c41c081aba5) Importer(2089858483,192608db42251d675da83286b1cce702) (ScriptedImporter) -> (artifact id: 'db2d6bab00461e991c95de72743689ff') in 0.0687334 seconds
Number of updated asset objects reloaded before import = 0Number of asset objects unloaded after import = 9

========================================================================
Received Import Request.
  Time since last request: 0.000037 seconds.
  path: Assets/Kit/DungeonKit/fantasy town/Models_int/FBX format/roof-gable-top.fbx
  artifactKey: Guid(dd9211cb23fcac5479a3e526217c1365) Importer(2089858483,192608db42251d675da83286b1cce702)
Start importing Assets/Kit/DungeonKit/fantasy town/Models_int/FBX format/roof-gable-top.fbx using Guid(dd9211cb23fcac5479a3e526217c1365) Importer(2089858483,192608db42251d675da83286b1cce702) (ScriptedImporter) -> (artifact id: '1a7a416bd4e506e027dcac58e6a26e7a') in 0.0730098 seconds
Number of updated asset objects reloaded before import = 0Number of asset objects unloaded after import = 9

========================================================================
Received Import Request.
  Time since last request: 0.000071 seconds.
  path: Assets/Kit/DungeonKit/fantasy town/Models_int/FBX format/roof-gable.fbx
  artifactKey: Guid(3df17d6171c72bd4682e9f9264910469) Importer(2089858483,192608db42251d675da83286b1cce702)
Start importing Assets/Kit/DungeonKit/fantasy town/Models_int/FBX format/roof-gable.fbx using Guid(3df17d6171c72bd4682e9f9264910469) Importer(2089858483,192608db42251d675da83286b1cce702) (ScriptedImporter) -> (artifact id: 'b868d07216c43c3b517093baaed8071b') in 0.0577367 seconds
Number of updated asset objects reloaded before import = 0Number of asset objects unloaded after import = 9

========================================================================
Received Import Request.
  Time since last request: 0.000052 seconds.
  path: Assets/Kit/DungeonKit/fantasy town/Models_int/FBX format/wall-window-glass.fbx
  artifactKey: Guid(e9bea679e31c0c04083dc3b259e88b95) Importer(2089858483,192608db42251d675da83286b1cce702)
Start importing Assets/Kit/DungeonKit/fantasy town/Models_int/FBX format/wall-window-glass.fbx using Guid(e9bea679e31c0c04083dc3b259e88b95) Importer(2089858483,192608db42251d675da83286b1cce702) (ScriptedImporter) -> (artifact id: '77ffb1d3f9e2ec71dcb687ae0a43c91d') in 0.0634101 seconds
Number of updated asset objects reloaded before import = 0Number of asset objects unloaded after import = 9

========================================================================
Received Import Request.
  Time since last request: 0.000042 seconds.
  path: Assets/Kit/DungeonKit/fantasy town/Models_int/FBX format/fountain-square-detail.fbx
  artifactKey: Guid(164cd099b8469ed478a530a2c6c14d6b) Importer(2089858483,192608db42251d675da83286b1cce702)
Start importing Assets/Kit/DungeonKit/fantasy town/Models_int/FBX format/fountain-square-detail.fbx using Guid(164cd099b8469ed478a530a2c6c14d6b) Importer(2089858483,192608db42251d675da83286b1cce702) (ScriptedImporter) -> (artifact id: 'ec470e06705ace12bfb79fcac9452388') in 0.0757909 seconds
Number of updated asset objects reloaded before import = 0Number of asset objects unloaded after import = 15

========================================================================
Received Import Request.
  Time since last request: 0.000069 seconds.
  path: Assets/Kit/DungeonKit/fantasy town/Models_int/FBX format/roof-point.fbx
  artifactKey: Guid(cabee59e9f0762240bbd6fbe82e27180) Importer(2089858483,192608db42251d675da83286b1cce702)
Start importing Assets/Kit/DungeonKit/fantasy town/Models_int/FBX format/roof-point.fbx using Guid(cabee59e9f0762240bbd6fbe82e27180) Importer(2089858483,192608db42251d675da83286b1cce702) (ScriptedImporter) -> (artifact id: 'a8112d2a45c1c66a105c2cc9f1104f44') in 0.1809114 seconds
Number of updated asset objects reloaded before import = 0Number of asset objects unloaded after import = 9

========================================================================
Received Import Request.
  Time since last request: 0.000042 seconds.
  path: Assets/Kit/DungeonKit/fantasy town/Models_int/FBX format/roof-high-gable.fbx
  artifactKey: Guid(afdf4f035fa87fa47be832ecf788b546) Importer(2089858483,192608db42251d675da83286b1cce702)
Start importing Assets/Kit/DungeonKit/fantasy town/Models_int/FBX format/roof-high-gable.fbx using Guid(afdf4f035fa87fa47be832ecf788b546) Importer(2089858483,192608db42251d675da83286b1cce702) (ScriptedImporter) -> (artifact id: 'dccdc23b9b01c4e826f20a14ea43bed2') in 0.0808902 seconds
Number of updated asset objects reloaded before import = 0Number of asset objects unloaded after import = 9

========================================================================
Received Import Request.
  Time since last request: 0.000050 seconds.
  path: Assets/Kit/DungeonKit/dungeon map/Models/FBX format/chest.fbx
  artifactKey: Guid(d120dd181a4bccf4b917241007beaee3) Importer(2089858483,192608db42251d675da83286b1cce702)
Start importing Assets/Kit/DungeonKit/dungeon map/Models/FBX format/chest.fbx using Guid(d120dd181a4bccf4b917241007beaee3) Importer(2089858483,192608db42251d675da83286b1cce702) (ScriptedImporter) -> (artifact id: '1e5ad7f1cecde6d778cf443740885189') in 0.0802217 seconds
Number of updated asset objects reloaded before import = 0Number of asset objects unloaded after import = 17

========================================================================
Received Import Request.
  Time since last request: 0.000035 seconds.
  path: Assets/Kit/DungeonKit/fantasy town/Models_int/FBX format/fence.fbx
  artifactKey: Guid(4bcbe930144d6b9449e7e54689eee165) Importer(2089858483,192608db42251d675da83286b1cce702)
Start importing Assets/Kit/DungeonKit/fantasy town/Models_int/FBX format/fence.fbx using Guid(4bcbe930144d6b9449e7e54689eee165) Importer(2089858483,192608db42251d675da83286b1cce702) (ScriptedImporter) -> (artifact id: '6eda20243876500e4dcd2e5a941ce961') in 0.0620132 seconds
Number of updated asset objects reloaded before import = 0Number of asset objects unloaded after import = 9

========================================================================
Received Import Request.
  Time since last request: 0.000053 seconds.
  path: Assets/Kit/Tower Defense/Models/OBJ format/weapon-ammo-cannonball.obj
  artifactKey: Guid(169de60d435b97d4fa503a30c0059413) Importer(2089858483,192608db42251d675da83286b1cce702)
Start importing Assets/Kit/Tower Defense/Models/OBJ format/weapon-ammo-cannonball.obj using Guid(169de60d435b97d4fa503a30c0059413) Importer(2089858483,192608db42251d675da83286b1cce702) (ScriptedImporter) -> (artifact id: 'b332aa568351bfb6017c9796c82765f2') in 0.0659651 seconds
Number of updated asset objects reloaded before import = 0Number of asset objects unloaded after import = 11

========================================================================
Received Import Request.
  Time since last request: 0.000072 seconds.
  path: Assets/Kit/DungeonKit/fantasy town/Models_int/FBX format/wall-corner.fbx
  artifactKey: Guid(25f784e45bc9e474ab1ca9ae159f1f49) Importer(2089858483,192608db42251d675da83286b1cce702)
Start importing Assets/Kit/DungeonKit/fantasy town/Models_int/FBX format/wall-corner.fbx using Guid(25f784e45bc9e474ab1ca9ae159f1f49) Importer(2089858483,192608db42251d675da83286b1cce702) (ScriptedImporter) -> (artifact id: 'b5d82229eb95b06390f70d5b6da21297') in 0.0721799 seconds
Number of updated asset objects reloaded before import = 0Number of asset objects unloaded after import = 9

========================================================================
Received Import Request.
  Time since last request: 0.000036 seconds.
  path: Assets/Kit/Character/enemies/assets/obj/Skeleton_Staff.obj
  artifactKey: Guid(a0ab76a72631f664cbf1861057f54f1f) Importer(2089858483,192608db42251d675da83286b1cce702)
Start importing Assets/Kit/Character/enemies/assets/obj/Skeleton_Staff.obj using Guid(a0ab76a72631f664cbf1861057f54f1f) Importer(2089858483,192608db42251d675da83286b1cce702) (ScriptedImporter) -> (artifact id: '9c257a6f9b14f2278beb9c2c1414f9df') in 0.0668789 seconds
Number of updated asset objects reloaded before import = 0Number of asset objects unloaded after import = 11

========================================================================
Received Import Request.
  Time since last request: 0.000047 seconds.
  path: Assets/Kit/DungeonKit/fantasy town/Models_int/FBX format/wall-corner-diagonal.fbx
  artifactKey: Guid(1e92579dacac3fb4fa0319e6eda67111) Importer(2089858483,192608db42251d675da83286b1cce702)
Start importing Assets/Kit/DungeonKit/fantasy town/Models_int/FBX format/wall-corner-diagonal.fbx using Guid(1e92579dacac3fb4fa0319e6eda67111) Importer(2089858483,192608db42251d675da83286b1cce702) (ScriptedImporter) -> (artifact id: '42039eb52a18bf271b8c21e3cd916923') in 0.0775217 seconds
Number of updated asset objects reloaded before import = 0Number of asset objects unloaded after import = 9

========================================================================
Received Import Request.
  Time since last request: 0.000062 seconds.
  path: Assets/Kit/DungeonKit/fantasy town/Models_int/FBX format/stairs-stone-round.fbx
  artifactKey: Guid(684e213f6eda74243985ba5feaacd801) Importer(2089858483,192608db42251d675da83286b1cce702)
Start importing Assets/Kit/DungeonKit/fantasy town/Models_int/FBX format/stairs-stone-round.fbx using Guid(684e213f6eda74243985ba5feaacd801) Importer(2089858483,192608db42251d675da83286b1cce702) (ScriptedImporter) -> (artifact id: '27b7c5ca2c567fc93999a6d891af0922') in 0.068079 seconds
Number of updated asset objects reloaded before import = 0Number of asset objects unloaded after import = 9

========================================================================
Received Import Request.
  Time since last request: 0.000035 seconds.
  path: Assets/Kit/DungeonKit/fantasy town/Models_int/FBX format/wall-block.fbx
  artifactKey: Guid(e8bd65f8bc4e35e459c0f97a11181259) Importer(2089858483,192608db42251d675da83286b1cce702)
Start importing Assets/Kit/DungeonKit/fantasy town/Models_int/FBX format/wall-block.fbx using Guid(e8bd65f8bc4e35e459c0f97a11181259) Importer(2089858483,192608db42251d675da83286b1cce702) (ScriptedImporter) -> (artifact id: '085c81edded22f64bfb6a7e97aefb61c') in 0.0775364 seconds
Number of updated asset objects reloaded before import = 0Number of asset objects unloaded after import = 9

========================================================================
Received Import Request.
  Time since last request: 0.000070 seconds.
  path: Assets/Kit/DungeonKit/fantasy town/Models_int/FBX format/wall-corner-edge.fbx
  artifactKey: Guid(57fed9f2230381647959c838b1482a19) Importer(2089858483,192608db42251d675da83286b1cce702)
Start importing Assets/Kit/DungeonKit/fantasy town/Models_int/FBX format/wall-corner-edge.fbx using Guid(57fed9f2230381647959c838b1482a19) Importer(2089858483,192608db42251d675da83286b1cce702) (ScriptedImporter) -> (artifact id: 'b2c5660622a6866bbc3dcd3d84e9dfeb') in 0.0705407 seconds
Number of updated asset objects reloaded before import = 0Number of asset objects unloaded after import = 9

========================================================================
Received Import Request.
  Time since last request: 0.000057 seconds.
  path: Assets/Kit/DungeonKit/fantasy town/Models_int/FBX format/stairs-wide-wood-handrail.fbx
  artifactKey: Guid(e28b7dbaa7b7fdf42a2f894c171db23e) Importer(2089858483,192608db42251d675da83286b1cce702)
Start importing Assets/Kit/DungeonKit/fantasy town/Models_int/FBX format/stairs-wide-wood-handrail.fbx using Guid(e28b7dbaa7b7fdf42a2f894c171db23e) Importer(2089858483,192608db42251d675da83286b1cce702) (ScriptedImporter) -> (artifact id: 'fa550ac9cb5bb4a0a343f1f3aa9f196a') in 0.0738457 seconds
Number of updated asset objects reloaded before import = 0Number of asset objects unloaded after import = 9

========================================================================
Received Import Request.
  Time since last request: 0.000036 seconds.
  path: Assets/Kit/Enviroment/Eviroment hexa/Assets/buildings/neutral/wall_straight_gate.fbx
  artifactKey: Guid(718e38f4f3f94b04099426cb8c41c7fc) Importer(815301076,1909f56bfc062723c751e8b465ee728b)
Start importing Assets/Kit/Enviroment/Eviroment hexa/Assets/buildings/neutral/wall_straight_gate.fbx using Guid(718e38f4f3f94b04099426cb8c41c7fc) Importer(815301076,1909f56bfc062723c751e8b465ee728b) (PreviewImporter) -> (artifact id: 'c22b2af2497bc91052e6d050db13f58e') in 0.2806278 seconds
Number of updated asset objects reloaded before import = 0Number of asset objects unloaded after import = 19

========================================================================
Received Import Request.
  Time since last request: 0.000039 seconds.
  path: Assets/Kit/DungeonKit/fantasy town/Models_int/FBX format/stairs-wood-handrail.fbx
  artifactKey: Guid(49995a082494035468521d48de2edc49) Importer(2089858483,192608db42251d675da83286b1cce702)
Start importing Assets/Kit/DungeonKit/fantasy town/Models_int/FBX format/stairs-wood-handrail.fbx using Guid(49995a082494035468521d48de2edc49) Importer(2089858483,192608db42251d675da83286b1cce702) (ScriptedImporter) -> (artifact id: '41c2c01870ee6c720713791241480f75') in 0.0700312 seconds
Number of updated asset objects reloaded before import = 0Number of asset objects unloaded after import = 9

========================================================================
Received Import Request.
  Time since last request: 0.000053 seconds.
  path: Assets/Kit/DungeonKit/KayKit_DungeonRemastered_1.1_FREE/Assets/fbx/barrel_small_stack.fbx
  artifactKey: Guid(5fb61b3640ca0cf40af1b7170373336f) Importer(2089858483,192608db42251d675da83286b1cce702)
Start importing Assets/Kit/DungeonKit/KayKit_DungeonRemastered_1.1_FREE/Assets/fbx/barrel_small_stack.fbx using Guid(5fb61b3640ca0cf40af1b7170373336f) Importer(2089858483,192608db42251d675da83286b1cce702) (ScriptedImporter) -> (artifact id: '23664c0c21def76ebe3d5f43d32f013d') in 0.0827402 seconds
Number of updated asset objects reloaded before import = 0Number of asset objects unloaded after import = 9

========================================================================
Received Import Request.
  Time since last request: 0.000032 seconds.
  path: Assets/Kit/DungeonKit/KayKit_DungeonRemastered_1.1_FREE/Assets/fbx/banner_patternB_yellow.fbx
  artifactKey: Guid(774d524cda5599e4a9b4167ac803ffb3) Importer(2089858483,192608db42251d675da83286b1cce702)
Start importing Assets/Kit/DungeonKit/KayKit_DungeonRemastered_1.1_FREE/Assets/fbx/banner_patternB_yellow.fbx using Guid(774d524cda5599e4a9b4167ac803ffb3) Importer(2089858483,192608db42251d675da83286b1cce702) (ScriptedImporter) -> (artifact id: '72fe3c9f06ce4959d01204d788a2e42a') in 0.0630264 seconds
Number of updated asset objects reloaded before import = 0Number of asset objects unloaded after import = 9

========================================================================
Received Import Request.
  Time since last request: 0.000035 seconds.
  path: Assets/Kit/DungeonKit/KayKit_DungeonRemastered_1.1_FREE/Assets/fbx/banner_blue.fbx
  artifactKey: Guid(af2bea0c37bde1d4cb82a57d4ec3e521) Importer(2089858483,192608db42251d675da83286b1cce702)
Start importing Assets/Kit/DungeonKit/KayKit_DungeonRemastered_1.1_FREE/Assets/fbx/banner_blue.fbx using Guid(af2bea0c37bde1d4cb82a57d4ec3e521) Importer(2089858483,192608db42251d675da83286b1cce702) (ScriptedImporter) -> (artifact id: '587acb3d618c53fc2169c6df826a6c73') in 0.0759567 seconds
Number of updated asset objects reloaded before import = 0Number of asset objects unloaded after import = 9

========================================================================
Received Import Request.
  Time since last request: 0.000054 seconds.
  path: Assets/Kit/DungeonKit/fantasy town/Models_int/FBX format/wall-wood-window-stone.fbx
  artifactKey: Guid(274e4d42d9e33dc48b9e3d19e94ecc84) Importer(2089858483,192608db42251d675da83286b1cce702)
Start importing Assets/Kit/DungeonKit/fantasy town/Models_int/FBX format/wall-wood-window-stone.fbx using Guid(274e4d42d9e33dc48b9e3d19e94ecc84) Importer(2089858483,192608db42251d675da83286b1cce702) (ScriptedImporter) -> (artifact id: 'aa29a31a4417972a537010a75661ce8b') in 0.0772698 seconds
Number of updated asset objects reloaded before import = 0Number of asset objects unloaded after import = 9

========================================================================
Received Import Request.
  Time since last request: 0.000035 seconds.
  path: Assets/Kit/DungeonKit/fantasy town/Models_int/FBX format/watermill.fbx
  artifactKey: Guid(e10c0357813486240bba01f20188940a) Importer(2089858483,192608db42251d675da83286b1cce702)
Start importing Assets/Kit/DungeonKit/fantasy town/Models_int/FBX format/watermill.fbx using Guid(e10c0357813486240bba01f20188940a) Importer(2089858483,192608db42251d675da83286b1cce702) (ScriptedImporter) -> (artifact id: 'bdc8622d41b970c66d3a072fa61c9ad7') in 0.0727998 seconds
Number of updated asset objects reloaded before import = 0Number of asset objects unloaded after import = 9

========================================================================
Received Import Request.
  Time since last request: 0.000064 seconds.
  path: Assets/Kit/DungeonKit/KayKit_DungeonRemastered_1.1_FREE/Assets/fbx/banner_patternA_green.fbx
  artifactKey: Guid(8ae1948f6243f9a4f9664355b2cd22ed) Importer(2089858483,192608db42251d675da83286b1cce702)
Start importing Assets/Kit/DungeonKit/KayKit_DungeonRemastered_1.1_FREE/Assets/fbx/banner_patternA_green.fbx using Guid(8ae1948f6243f9a4f9664355b2cd22ed) Importer(2089858483,192608db42251d675da83286b1cce702) (ScriptedImporter) -> (artifact id: 'f5434062b2f66f5e9414d4249fc870ef') in 0.0725495 seconds
Number of updated asset objects reloaded before import = 0Number of asset objects unloaded after import = 9

========================================================================
Received Import Request.
  Time since last request: 0.000059 seconds.
  path: Assets/Kit/DungeonKit/KayKit_DungeonRemastered_1.1_FREE/Assets/fbx/barrier_colum_half.fbx
  artifactKey: Guid(07760b951a376a94db5f5e2e37b8ec92) Importer(2089858483,192608db42251d675da83286b1cce702)
Start importing Assets/Kit/DungeonKit/KayKit_DungeonRemastered_1.1_FREE/Assets/fbx/barrier_colum_half.fbx using Guid(07760b951a376a94db5f5e2e37b8ec92) Importer(2089858483,192608db42251d675da83286b1cce702) (ScriptedImporter) -> (artifact id: 'a8c12284e582517aed380a3f93753ff5') in 0.0670794 seconds
Number of updated asset objects reloaded before import = 0Number of asset objects unloaded after import = 9

========================================================================
Received Import Request.
  Time since last request: 0.000038 seconds.
  path: Assets/Kit/DungeonKit/fantasy town/Models_int/FBX format/wall-wood-window-shutters.fbx
  artifactKey: Guid(5d7900a21a31e234d9f0b2b0fd924631) Importer(2089858483,192608db42251d675da83286b1cce702)
Start importing Assets/Kit/DungeonKit/fantasy town/Models_int/FBX format/wall-wood-window-shutters.fbx using Guid(5d7900a21a31e234d9f0b2b0fd924631) Importer(2089858483,192608db42251d675da83286b1cce702) (ScriptedImporter) -> (artifact id: '3a1359556dc3e97c18b06712bb44fd4b') in 0.0770642 seconds
Number of updated asset objects reloaded before import = 0Number of asset objects unloaded after import = 9

========================================================================
Received Import Request.
  Time since last request: 0.000044 seconds.
  path: Assets/Kit/DungeonKit/KayKit_DungeonRemastered_1.1_FREE/Assets/fbx/banner_patternC_yellow.fbx
  artifactKey: Guid(e481c13c6a964d24cbfd684e039ac10a) Importer(2089858483,192608db42251d675da83286b1cce702)
Start importing Assets/Kit/DungeonKit/KayKit_DungeonRemastered_1.1_FREE/Assets/fbx/banner_patternC_yellow.fbx using Guid(e481c13c6a964d24cbfd684e039ac10a) Importer(2089858483,192608db42251d675da83286b1cce702) (ScriptedImporter) -> (artifact id: 'dcc7e576f82e865cc78104876ef706cb') in 0.070632 seconds
Number of updated asset objects reloaded before import = 0Number of asset objects unloaded after import = 9

========================================================================
Received Import Request.
  Time since last request: 0.000055 seconds.
  path: Assets/Kit/DungeonKit/fantasy town/Models_int/FBX format/wall-wood-diagonal.fbx
  artifactKey: Guid(04a0be4f9d5f3d94a890a7e0c864cb18) Importer(2089858483,192608db42251d675da83286b1cce702)
Start importing Assets/Kit/DungeonKit/fantasy town/Models_int/FBX format/wall-wood-diagonal.fbx using Guid(04a0be4f9d5f3d94a890a7e0c864cb18) Importer(2089858483,192608db42251d675da83286b1cce702) (ScriptedImporter) -> (artifact id: '6ac007448f21378d26c8ceaa6f4b2edc') in 0.0775796 seconds
Number of updated asset objects reloaded before import = 0Number of asset objects unloaded after import = 9

========================================================================
Received Import Request.
  Time since last request: 0.000037 seconds.
  path: Assets/Kit/DungeonKit/fantasy town/Models_int/FBX format/wall-wood-doorway-base.fbx
  artifactKey: Guid(789b127bd8712634d8f995221e0f7887) Importer(2089858483,192608db42251d675da83286b1cce702)
Start importing Assets/Kit/DungeonKit/fantasy town/Models_int/FBX format/wall-wood-doorway-base.fbx using Guid(789b127bd8712634d8f995221e0f7887) Importer(2089858483,192608db42251d675da83286b1cce702) (ScriptedImporter) -> (artifact id: '3c7000a44e37e599dc029cf2774362ca') in 0.0664193 seconds
Number of updated asset objects reloaded before import = 0Number of asset objects unloaded after import = 9

========================================================================
Received Import Request.
  Time since last request: 0.000072 seconds.
  path: Assets/Kit/DungeonKit/fantasy town/Models_int/FBX format/wall-wood-detail-diagonal.fbx
  artifactKey: Guid(19b019d9b78bbe14ba52c669b5c840f6) Importer(2089858483,192608db42251d675da83286b1cce702)
Start importing Assets/Kit/DungeonKit/fantasy town/Models_int/FBX format/wall-wood-detail-diagonal.fbx using Guid(19b019d9b78bbe14ba52c669b5c840f6) Importer(2089858483,192608db42251d675da83286b1cce702) (ScriptedImporter) -> (artifact id: '7f945f7d043d72172ef98d6c7dc2583e') in 0.0808196 seconds
Number of updated asset objects reloaded before import = 0Number of asset objects unloaded after import = 9

========================================================================
Received Import Request.
  Time since last request: 0.000053 seconds.
  path: Assets/Kit/DungeonKit/KayKit_DungeonRemastered_1.1_FREE/Assets/fbx/banner_triple_white.fbx
  artifactKey: Guid(883257c006d8dcb44bbcdc966d8741b9) Importer(2089858483,192608db42251d675da83286b1cce702)
Start importing Assets/Kit/DungeonKit/KayKit_DungeonRemastered_1.1_FREE/Assets/fbx/banner_triple_white.fbx using Guid(883257c006d8dcb44bbcdc966d8741b9) Importer(2089858483,192608db42251d675da83286b1cce702) (ScriptedImporter) -> (artifact id: 'f18ef5f140bd31badc9f0a0a30aec5f6') in 0.0631987 seconds
Number of updated asset objects reloaded before import = 0Number of asset objects unloaded after import = 9

========================================================================
Received Import Request.
  Time since last request: 0.000043 seconds.
  path: Assets/Kit/DungeonKit/fantasy town/Models_int/FBX format/wall-wood-detail-cross.fbx
  artifactKey: Guid(ceb54c98cf942c84d89963388ed6b368) Importer(2089858483,192608db42251d675da83286b1cce702)
Start importing Assets/Kit/DungeonKit/fantasy town/Models_int/FBX format/wall-wood-detail-cross.fbx using Guid(ceb54c98cf942c84d89963388ed6b368) Importer(2089858483,192608db42251d675da83286b1cce702) (ScriptedImporter) -> (artifact id: '084b8b067af5bc0fd81c1d10b2be1b4f') in 0.0737255 seconds
Number of updated asset objects reloaded before import = 0Number of asset objects unloaded after import = 9

========================================================================
Received Import Request.
  Time since last request: 0.000042 seconds.
  path: Assets/Kit/DungeonKit/KayKit_DungeonRemastered_1.1_FREE/Assets/fbx/banner_patternA_yellow.fbx
  artifactKey: Guid(ec9d014af8fbc0445b5f73e6e7fb62f5) Importer(2089858483,192608db42251d675da83286b1cce702)
Start importing Assets/Kit/DungeonKit/KayKit_DungeonRemastered_1.1_FREE/Assets/fbx/banner_patternA_yellow.fbx using Guid(ec9d014af8fbc0445b5f73e6e7fb62f5) Importer(2089858483,192608db42251d675da83286b1cce702) (ScriptedImporter) -> (artifact id: '30bb4168a9a07dcf6b84751768a40685') in 0.0983582 seconds
Number of updated asset objects reloaded before import = 0Number of asset objects unloaded after import = 9

========================================================================
Received Import Request.
  Time since last request: 0.000056 seconds.
  path: Assets/Kit/DungeonKit/fantasy town/Models_int/FBX format/stall-stool.fbx
  artifactKey: Guid(34b0b6f75d929df45a364cc7036fef11) Importer(2089858483,192608db42251d675da83286b1cce702)
Start importing Assets/Kit/DungeonKit/fantasy town/Models_int/FBX format/stall-stool.fbx using Guid(34b0b6f75d929df45a364cc7036fef11) Importer(2089858483,192608db42251d675da83286b1cce702) (ScriptedImporter) -> (artifact id: 'ea932730a7e9f25e789d74bf326a670d') in 0.0643059 seconds
Number of updated asset objects reloaded before import = 0Number of asset objects unloaded after import = 9

========================================================================
Received Import Request.
  Time since last request: 0.000046 seconds.
  path: Assets/Kit/Character/enemies/assets/obj/Skeleton_Crossbow.mtl
  artifactKey: Guid(1116b2d0593e85341ab200f84dd4e2e4) Importer(2089858483,192608db42251d675da83286b1cce702)
Start importing Assets/Kit/Character/enemies/assets/obj/Skeleton_Crossbow.mtl using Guid(1116b2d0593e85341ab200f84dd4e2e4) Importer(2089858483,192608db42251d675da83286b1cce702) (ScriptedImporter) -> (artifact id: '35ba84ed80d09c319c8c6a6ef8d769fe') in 0.0286579 seconds
Number of updated asset objects reloaded before import = 0Number of asset objects unloaded after import = 1

========================================================================
Received Import Request.
  Time since last request: 0.000048 seconds.
  path: Assets/Kit/DungeonKit/KayKit_DungeonRemastered_1.1_FREE/Assets/fbx/banner_patternB_white.fbx
  artifactKey: Guid(8b3145da56ad4e04e88a99a17cabbc1f) Importer(2089858483,192608db42251d675da83286b1cce702)
Start importing Assets/Kit/DungeonKit/KayKit_DungeonRemastered_1.1_FREE/Assets/fbx/banner_patternB_white.fbx using Guid(8b3145da56ad4e04e88a99a17cabbc1f) Importer(2089858483,192608db42251d675da83286b1cce702) (ScriptedImporter) -> (artifact id: '58d671927c0835099fd8b85e6119d514') in 0.0796109 seconds
Number of updated asset objects reloaded before import = 0Number of asset objects unloaded after import = 9

========================================================================
Received Import Request.
  Time since last request: 0.000055 seconds.
  path: Assets/Kit/DungeonKit/dungeon map/Models/FBX format/gate.fbx
  artifactKey: Guid(3a1f19c5f76a7a54ba6f5d55a97921a8) Importer(2089858483,192608db42251d675da83286b1cce702)
Start importing Assets/Kit/DungeonKit/dungeon map/Models/FBX format/gate.fbx using Guid(3a1f19c5f76a7a54ba6f5d55a97921a8) Importer(2089858483,192608db42251d675da83286b1cce702) (ScriptedImporter) -> (artifact id: 'ffd0c9284f4b66a5dcd1288273dfeed1') in 0.0820221 seconds
Number of updated asset objects reloaded before import = 0Number of asset objects unloaded after import = 14

========================================================================
Received Import Request.
  Time since last request: 0.000035 seconds.
  path: Assets/Kit/DungeonKit/fantasy town/Models_int/FBX format/wall-window-small.fbx
  artifactKey: Guid(5da5c4dac83d9e1499b7ebaf14fdcdf4) Importer(2089858483,192608db42251d675da83286b1cce702)
Start importing Assets/Kit/DungeonKit/fantasy town/Models_int/FBX format/wall-window-small.fbx using Guid(5da5c4dac83d9e1499b7ebaf14fdcdf4) Importer(2089858483,192608db42251d675da83286b1cce702) (ScriptedImporter) -> (artifact id: '5b3821aca6caae3e1c02aa24983bb5df') in 0.0778382 seconds
Number of updated asset objects reloaded before import = 0Number of asset objects unloaded after import = 9

========================================================================
Received Import Request.
  Time since last request: 0.000041 seconds.
  path: Assets/Kit/DungeonKit/dungeon map/Models/FBX format/wall.fbx
  artifactKey: Guid(b1fa316f090ee0f4da6443c6f19a7577) Importer(2089858483,192608db42251d675da83286b1cce702)
Start importing Assets/Kit/DungeonKit/dungeon map/Models/FBX format/wall.fbx using Guid(b1fa316f090ee0f4da6443c6f19a7577) Importer(2089858483,192608db42251d675da83286b1cce702) (ScriptedImporter) -> (artifact id: 'd2f3a5efbdae5ece34d5b3032c32ea51') in 0.0739577 seconds
Number of updated asset objects reloaded before import = 0Number of asset objects unloaded after import = 9

========================================================================
Received Import Request.
  Time since last request: 0.000049 seconds.
  path: Assets/Kit/DungeonKit/KayKit_DungeonRemastered_1.1_FREE/Assets/fbx/box_small_decorated.fbx
  artifactKey: Guid(0444a1f95b94544409e7f6ee64556bcc) Importer(2089858483,192608db42251d675da83286b1cce702)
Start importing Assets/Kit/DungeonKit/KayKit_DungeonRemastered_1.1_FREE/Assets/fbx/box_small_decorated.fbx using Guid(0444a1f95b94544409e7f6ee64556bcc) Importer(2089858483,192608db42251d675da83286b1cce702) (ScriptedImporter) -> (artifact id: 'b36b16bdbfc526cf1a33104479eca9a8') in 0.0771253 seconds
Number of updated asset objects reloaded before import = 0Number of asset objects unloaded after import = 9

========================================================================
Received Import Request.
  Time since last request: 0.000043 seconds.
  path: Assets/Kit/DungeonKit/KayKit_DungeonRemastered_1.1_FREE/Assets/fbx/sword_shield.fbx
  artifactKey: Guid(cf120270ed2de8d4bb8df36d0f64fe22) Importer(2089858483,192608db42251d675da83286b1cce702)
Start importing Assets/Kit/DungeonKit/KayKit_DungeonRemastered_1.1_FREE/Assets/fbx/sword_shield.fbx using Guid(cf120270ed2de8d4bb8df36d0f64fe22) Importer(2089858483,192608db42251d675da83286b1cce702) (ScriptedImporter) -> (artifact id: '82d5db47b0f57580ea3859c4aa084944') in 0.0796118 seconds
Number of updated asset objects reloaded before import = 0Number of asset objects unloaded after import = 9

========================================================================
Received Import Request.
  Time since last request: 0.000036 seconds.
  path: Assets/Kit/DungeonKit/KayKit_DungeonRemastered_1.1_FREE/Assets/fbx/box_stacked.fbx
  artifactKey: Guid(5afef0fab187d3943b88fe2a2a91ecad) Importer(2089858483,192608db42251d675da83286b1cce702)
Start importing Assets/Kit/DungeonKit/KayKit_DungeonRemastered_1.1_FREE/Assets/fbx/box_stacked.fbx using Guid(5afef0fab187d3943b88fe2a2a91ecad) Importer(2089858483,192608db42251d675da83286b1cce702) (ScriptedImporter) -> (artifact id: '0abbd59be9d5407dd54aadc502ada24a') in 0.072863 seconds
Number of updated asset objects reloaded before import = 0Number of asset objects unloaded after import = 9

========================================================================
Received Import Request.
  Time since last request: 0.000064 seconds.
  path: Assets/Kit/DungeonKit/KayKit_DungeonRemastered_1.1_FREE/Assets/fbx/floor_tile_extralarge_grates.fbx
  artifactKey: Guid(84d9555e890f738498e56dafad2236d2) Importer(2089858483,192608db42251d675da83286b1cce702)
Start importing Assets/Kit/DungeonKit/KayKit_DungeonRemastered_1.1_FREE/Assets/fbx/floor_tile_extralarge_grates.fbx using Guid(84d9555e890f738498e56dafad2236d2) Importer(2089858483,192608db42251d675da83286b1cce702) (ScriptedImporter) -> (artifact id: '56bfee8371a2388e507843b42ebd7072') in 0.0693765 seconds
Number of updated asset objects reloaded before import = 0Number of asset objects unloaded after import = 9

========================================================================
Received Import Request.
  Time since last request: 0.000037 seconds.
  path: Assets/Kit/DungeonKit/KayKit_DungeonRemastered_1.1_FREE/Assets/fbx/floor_foundation_corner.fbx
  artifactKey: Guid(630202337e97802499e3030580af84e2) Importer(2089858483,192608db42251d675da83286b1cce702)
Start importing Assets/Kit/DungeonKit/KayKit_DungeonRemastered_1.1_FREE/Assets/fbx/floor_foundation_corner.fbx using Guid(630202337e97802499e3030580af84e2) Importer(2089858483,192608db42251d675da83286b1cce702) (ScriptedImporter) -> (artifact id: 'd44e67526f835c33bd656b23f83e19ab') in 0.0749906 seconds
Number of updated asset objects reloaded before import = 0Number of asset objects unloaded after import = 9

========================================================================
Received Import Request.
  Time since last request: 0.000042 seconds.
  path: Assets/Kit/DungeonKit/KayKit_DungeonRemastered_1.1_FREE/Assets/fbx/coin_stack_large.fbx
  artifactKey: Guid(d650d2644330f234c811cca77f225529) Importer(2089858483,192608db42251d675da83286b1cce702)
Start importing Assets/Kit/DungeonKit/KayKit_DungeonRemastered_1.1_FREE/Assets/fbx/coin_stack_large.fbx using Guid(d650d2644330f234c811cca77f225529) Importer(2089858483,192608db42251d675da83286b1cce702) (ScriptedImporter) -> (artifact id: '12b7dabd8eb8ff2f6e67d6fb8a6ab44b') in 0.0677779 seconds
Number of updated asset objects reloaded before import = 0Number of asset objects unloaded after import = 9

========================================================================
Received Import Request.
  Time since last request: 0.000044 seconds.
  path: Assets/Kit/DungeonKit/KayKit_DungeonRemastered_1.1_FREE/Assets/fbx/floor_dirt_small_C.fbx
  artifactKey: Guid(a5875950593e82d4cbb4c6bd608b102d) Importer(2089858483,192608db42251d675da83286b1cce702)
Start importing Assets/Kit/DungeonKit/KayKit_DungeonRemastered_1.1_FREE/Assets/fbx/floor_dirt_small_C.fbx using Guid(a5875950593e82d4cbb4c6bd608b102d) Importer(2089858483,192608db42251d675da83286b1cce702) (ScriptedImporter) -> (artifact id: '8082263fb024988239dc76292eec16a4') in 0.0745191 seconds
Number of updated asset objects reloaded before import = 0Number of asset objects unloaded after import = 9

========================================================================
Received Import Request.
  Time since last request: 0.000034 seconds.
  path: Assets/Kit/DungeonKit/KayKit_DungeonRemastered_1.1_FREE/Assets/fbx/keg_decorated.fbx
  artifactKey: Guid(a828869c22315a742b820fb4bae20aa5) Importer(2089858483,192608db42251d675da83286b1cce702)
Start importing Assets/Kit/DungeonKit/KayKit_DungeonRemastered_1.1_FREE/Assets/fbx/keg_decorated.fbx using Guid(a828869c22315a742b820fb4bae20aa5) Importer(2089858483,192608db42251d675da83286b1cce702) (ScriptedImporter) -> (artifact id: '4b954a0b8683b2985d8fbbb138333cc9') in 0.0623722 seconds
Number of updated asset objects reloaded before import = 0Number of asset objects unloaded after import = 9

========================================================================
Received Import Request.
  Time since last request: 0.000042 seconds.
  path: Assets/Kit/DungeonKit/KayKit_DungeonRemastered_1.1_FREE/Assets/fbx/candle_triple.fbx
  artifactKey: Guid(300befd9f802389449c46d28bc6fc58f) Importer(2089858483,192608db42251d675da83286b1cce702)
Start importing Assets/Kit/DungeonKit/KayKit_DungeonRemastered_1.1_FREE/Assets/fbx/candle_triple.fbx using Guid(300befd9f802389449c46d28bc6fc58f) Importer(2089858483,192608db42251d675da83286b1cce702) (ScriptedImporter) -> (artifact id: '971116bcec5bfa53784d88675a403387') in 0.0772161 seconds
Number of updated asset objects reloaded before import = 0Number of asset objects unloaded after import = 9

========================================================================
Received Import Request.
  Time since last request: 0.000093 seconds.
  path: Assets/Kit/DungeonKit/KayKit_DungeonRemastered_1.1_FREE/Assets/fbx/floor_tile_big_grate.fbx
  artifactKey: Guid(78bfe8bca9814ef44b20c669b045d19a) Importer(2089858483,192608db42251d675da83286b1cce702)
Start importing Assets/Kit/DungeonKit/KayKit_DungeonRemastered_1.1_FREE/Assets/fbx/floor_tile_big_grate.fbx using Guid(78bfe8bca9814ef44b20c669b045d19a) Importer(2089858483,192608db42251d675da83286b1cce702) (ScriptedImporter) -> (artifact id: '38c064766af2cb340f549a3cb9c7da6d') in 0.0680097 seconds
Number of updated asset objects reloaded before import = 0Number of asset objects unloaded after import = 9

========================================================================
Received Import Request.
  Time since last request: 0.000038 seconds.
  path: Assets/Kit/DungeonKit/KayKit_DungeonRemastered_1.1_FREE/Assets/fbx/stairs_narrow.fbx
  artifactKey: Guid(50d4aae8a93240c408ac92a93d13dd5b) Importer(2089858483,192608db42251d675da83286b1cce702)
Start importing Assets/Kit/DungeonKit/KayKit_DungeonRemastered_1.1_FREE/Assets/fbx/stairs_narrow.fbx using Guid(50d4aae8a93240c408ac92a93d13dd5b) Importer(2089858483,192608db42251d675da83286b1cce702) (ScriptedImporter) -> (artifact id: '606482627a224229fdb9be91ec4c2f35') in 0.0760001 seconds
Number of updated asset objects reloaded before import = 0Number of asset objects unloaded after import = 9

========================================================================
Received Import Request.
  Time since last request: 0.000035 seconds.
  path: Assets/Kit/DungeonKit/KayKit_DungeonRemastered_1.1_FREE/Assets/fbx/dungeon_texture.png
  artifactKey: Guid(bd63f1d8fc0dc1044a48d0cbf50cba9b) Importer(2089858483,192608db42251d675da83286b1cce702)
Start importing Assets/Kit/DungeonKit/KayKit_DungeonRemastered_1.1_FREE/Assets/fbx/dungeon_texture.png using Guid(bd63f1d8fc0dc1044a48d0cbf50cba9b) Importer(2089858483,192608db42251d675da83286b1cce702) (ScriptedImporter) -> (artifact id: 'f31a496c2d1e3c1ab9d696ab73a58552') in 0.0487286 seconds
Number of updated asset objects reloaded before import = 0Number of asset objects unloaded after import = 1

========================================================================
Received Import Request.
  Time since last request: 0.000062 seconds.
  path: Assets/Kit/DungeonKit/KayKit_DungeonRemastered_1.1_FREE/Assets/fbx/floor_foundation_front_and_sides.fbx
  artifactKey: Guid(362908364d673654088df49d6e2e7705) Importer(2089858483,192608db42251d675da83286b1cce702)
Start importing Assets/Kit/DungeonKit/KayKit_DungeonRemastered_1.1_FREE/Assets/fbx/floor_foundation_front_and_sides.fbx using Guid(362908364d673654088df49d6e2e7705) Importer(2089858483,192608db42251d675da83286b1cce702) (ScriptedImporter) -> (artifact id: 'd82a76d557eb56f26fd87a0333175f59') in 0.0649569 seconds
Number of updated asset objects reloaded before import = 0Number of asset objects unloaded after import = 9

========================================================================
Received Import Request.
  Time since last request: 0.000037 seconds.
  path: Assets/Kit/DungeonKit/KayKit_DungeonRemastered_1.1_FREE/Assets/fbx/floor_foundation_front.fbx
  artifactKey: Guid(7a4f293a8e07a1a4bbd826850563e839) Importer(2089858483,192608db42251d675da83286b1cce702)
Start importing Assets/Kit/DungeonKit/KayKit_DungeonRemastered_1.1_FREE/Assets/fbx/floor_foundation_front.fbx using Guid(7a4f293a8e07a1a4bbd826850563e839) Importer(2089858483,192608db42251d675da83286b1cce702) (ScriptedImporter) -> (artifact id: '4508f7bff941df81a232823844c18ee5') in 0.0738094 seconds
Number of updated asset objects reloaded before import = 0Number of asset objects unloaded after import = 9

========================================================================
Received Import Request.
  Time since last request: 0.000043 seconds.
  path: Assets/Kit/DungeonKit/KayKit_DungeonRemastered_1.1_FREE/Assets/fbx/table_long_decorated_A.fbx
  artifactKey: Guid(770e48fba9c998b4193f2efc40a3f31c) Importer(2089858483,192608db42251d675da83286b1cce702)
Start importing Assets/Kit/DungeonKit/KayKit_DungeonRemastered_1.1_FREE/Assets/fbx/table_long_decorated_A.fbx using Guid(770e48fba9c998b4193f2efc40a3f31c) Importer(2089858483,192608db42251d675da83286b1cce702) (ScriptedImporter) -> (artifact id: '49dd42746acc086deb11e584bab65cf3') in 0.0715653 seconds
Number of updated asset objects reloaded before import = 0Number of asset objects unloaded after import = 9

========================================================================
Received Import Request.
  Time since last request: 0.000061 seconds.
  path: Assets/Kit/DungeonKit/KayKit_DungeonRemastered_1.1_FREE/Assets/fbx/floor_dirt_small_B.fbx
  artifactKey: Guid(1ccccbe134460d04b9f479a74631ff24) Importer(2089858483,192608db42251d675da83286b1cce702)
Start importing Assets/Kit/DungeonKit/KayKit_DungeonRemastered_1.1_FREE/Assets/fbx/floor_dirt_small_B.fbx using Guid(1ccccbe134460d04b9f479a74631ff24) Importer(2089858483,192608db42251d675da83286b1cce702) (ScriptedImporter) -> (artifact id: '481c572ddcc379d73bf6a1075b8d2c95') in 0.0736687 seconds
Number of updated asset objects reloaded before import = 0Number of asset objects unloaded after import = 9

========================================================================
Received Import Request.
  Time since last request: 0.000038 seconds.
  path: Assets/Kit/DungeonKit/KayKit_DungeonRemastered_1.1_FREE/Assets/fbx/keyring_hanging.fbx
  artifactKey: Guid(9369b833d78d370438c45d0e229846fc) Importer(2089858483,192608db42251d675da83286b1cce702)
Start importing Assets/Kit/DungeonKit/KayKit_DungeonRemastered_1.1_FREE/Assets/fbx/keyring_hanging.fbx using Guid(9369b833d78d370438c45d0e229846fc) Importer(2089858483,192608db42251d675da83286b1cce702) (ScriptedImporter) -> (artifact id: '93949036276aaf3e780e2cd62ed0772f') in 0.0608767 seconds
Number of updated asset objects reloaded before import = 0Number of asset objects unloaded after import = 9

========================================================================
Received Import Request.
  Time since last request: 0.000043 seconds.
  path: Assets/Kit/DungeonKit/KayKit_DungeonRemastered_1.1_FREE/Assets/fbx/shelf_small.fbx
  artifactKey: Guid(e58113207098b6d4d9c38d82a61970d2) Importer(2089858483,192608db42251d675da83286b1cce702)
Start importing Assets/Kit/DungeonKit/KayKit_DungeonRemastered_1.1_FREE/Assets/fbx/shelf_small.fbx using Guid(e58113207098b6d4d9c38d82a61970d2) Importer(2089858483,192608db42251d675da83286b1cce702) (ScriptedImporter) -> (artifact id: '564b1cffb177bb7555cb6d9551eb1251') in 0.0641279 seconds
Number of updated asset objects reloaded before import = 0Number of asset objects unloaded after import = 9

========================================================================
Received Import Request.
  Time since last request: 0.000061 seconds.
  path: Assets/Kit/DungeonKit/KayKit_DungeonRemastered_1.1_FREE/Assets/fbx/rubble_half.fbx
  artifactKey: Guid(65f33f03c2481274b8f234183075f65e) Importer(2089858483,192608db42251d675da83286b1cce702)
Start importing Assets/Kit/DungeonKit/KayKit_DungeonRemastered_1.1_FREE/Assets/fbx/rubble_half.fbx using Guid(65f33f03c2481274b8f234183075f65e) Importer(2089858483,192608db42251d675da83286b1cce702) (ScriptedImporter) -> (artifact id: '91e2e4d722e6cdffe3e5b1df76c37b93') in 0.0688011 seconds
Number of updated asset objects reloaded before import = 0Number of asset objects unloaded after import = 9

========================================================================
Received Import Request.
  Time since last request: 0.000036 seconds.
  path: Assets/Kit/DungeonKit/fantasy town/Models_int/FBX format/fence-broken.fbx
  artifactKey: Guid(2dbe74e8b284cb84a9103fabe57cd1f2) Importer(2089858483,192608db42251d675da83286b1cce702)
Start importing Assets/Kit/DungeonKit/fantasy town/Models_int/FBX format/fence-broken.fbx using Guid(2dbe74e8b284cb84a9103fabe57cd1f2) Importer(2089858483,192608db42251d675da83286b1cce702) (ScriptedImporter) -> (artifact id: '3b6028db8f4c9e7d968ac95d9c7492e4') in 0.0624708 seconds
Number of updated asset objects reloaded before import = 0Number of asset objects unloaded after import = 9

========================================================================
Received Import Request.
  Time since last request: 0.000043 seconds.
  path: Assets/Kit/DungeonKit/fantasy town/Models_int/FBX format/wall-wood-corner-edge.fbx
  artifactKey: Guid(a8855c358034a824cb7b1cbc0f16388f) Importer(2089858483,192608db42251d675da83286b1cce702)
Start importing Assets/Kit/DungeonKit/fantasy town/Models_int/FBX format/wall-wood-corner-edge.fbx using Guid(a8855c358034a824cb7b1cbc0f16388f) Importer(2089858483,192608db42251d675da83286b1cce702) (ScriptedImporter) -> (artifact id: '256788c00ac2f6bcc45b2df80a7f77b0') in 0.0791089 seconds
Number of updated asset objects reloaded before import = 0Number of asset objects unloaded after import = 9

========================================================================
Received Import Request.
  Time since last request: 0.000071 seconds.
  path: Assets/Kit/Character/enemies/assets/gltf/Skeleton_Arrow_Half.gltf
  artifactKey: Guid(9b163560ca17fb541aed86ffb6328336) Importer(2089858483,192608db42251d675da83286b1cce702)
Start importing Assets/Kit/Character/enemies/assets/gltf/Skeleton_Arrow_Half.gltf using Guid(9b163560ca17fb541aed86ffb6328336) Importer(2089858483,192608db42251d675da83286b1cce702) (ScriptedImporter) -> (artifact id: '8f1d52f2e67976e8e87cc4372c3ecddc') in 0.0337457 seconds
Number of updated asset objects reloaded before import = 0Number of asset objects unloaded after import = 1

========================================================================
Received Import Request.
  Time since last request: 0.000047 seconds.
  path: Assets/Kit/DungeonKit/KayKit_DungeonRemastered_1.1_FREE/Assets/fbx/banner_patternC_brown.fbx
  artifactKey: Guid(ccb2f9380ebcc9c4d8a37c14c86def1a) Importer(2089858483,192608db42251d675da83286b1cce702)
Start importing Assets/Kit/DungeonKit/KayKit_DungeonRemastered_1.1_FREE/Assets/fbx/banner_patternC_brown.fbx using Guid(ccb2f9380ebcc9c4d8a37c14c86def1a) Importer(2089858483,192608db42251d675da83286b1cce702) (ScriptedImporter) -> (artifact id: '41205fbd9dd0b0078ee588106cfd9078') in 0.0789574 seconds
Number of updated asset objects reloaded before import = 0Number of asset objects unloaded after import = 9

========================================================================
Received Import Request.
  Time since last request: 0.000127 seconds.
  path: Assets/Kit/DungeonKit/KayKit_DungeonRemastered_1.1_FREE/Assets/fbx/wall_broken.fbx
  artifactKey: Guid(5632347d9eafd87448c785665d0b6e37) Importer(2089858483,192608db42251d675da83286b1cce702)
Start importing Assets/Kit/DungeonKit/KayKit_DungeonRemastered_1.1_FREE/Assets/fbx/wall_broken.fbx using Guid(5632347d9eafd87448c785665d0b6e37) Importer(2089858483,192608db42251d675da83286b1cce702) (ScriptedImporter) -> (artifact id: 'ae359138d3e4d18a1dba2253f1e7b412') in 0.0779151 seconds
Number of updated asset objects reloaded before import = 0Number of asset objects unloaded after import = 9

========================================================================
Received Import Request.
  Time since last request: 0.000062 seconds.
  path: Assets/Kit/DungeonKit/KayKit_DungeonRemastered_1.1_FREE/Assets/fbx(unity)/banner_triple_red.fbx
  artifactKey: Guid(ba1b2f3ac3b971646b0304b15bf65415) Importer(2089858483,192608db42251d675da83286b1cce702)
Start importing Assets/Kit/DungeonKit/KayKit_DungeonRemastered_1.1_FREE/Assets/fbx(unity)/banner_triple_red.fbx using Guid(ba1b2f3ac3b971646b0304b15bf65415) Importer(2089858483,192608db42251d675da83286b1cce702) (ScriptedImporter) -> (artifact id: '4c8cb60e57a6a683fc4d12cb9da5b1ed') in 0.0765722 seconds
Number of updated asset objects reloaded before import = 0Number of asset objects unloaded after import = 9

========================================================================
Received Import Request.
  Time since last request: 0.000041 seconds.
  path: Assets/Kit/DungeonKit/KayKit_DungeonRemastered_1.1_FREE/Assets/fbx/wall_gated.fbx
  artifactKey: Guid(7f676c8c440d6994593c345755619a40) Importer(2089858483,192608db42251d675da83286b1cce702)
Start importing Assets/Kit/DungeonKit/KayKit_DungeonRemastered_1.1_FREE/Assets/fbx/wall_gated.fbx using Guid(7f676c8c440d6994593c345755619a40) Importer(2089858483,192608db42251d675da83286b1cce702) (ScriptedImporter) -> (artifact id: '8de93a0de27d719400d2eaf44b025284') in 0.0808022 seconds
Number of updated asset objects reloaded before import = 0Number of asset objects unloaded after import = 9

========================================================================
Received Import Request.
  Time since last request: 0.000054 seconds.
  path: Assets/Kit/DungeonKit/KayKit_DungeonRemastered_1.1_FREE/Assets/fbx/wall_cracked.fbx
  artifactKey: Guid(c7ee7763d094fa548895800efa25400c) Importer(2089858483,192608db42251d675da83286b1cce702)
Start importing Assets/Kit/DungeonKit/KayKit_DungeonRemastered_1.1_FREE/Assets/fbx/wall_cracked.fbx using Guid(c7ee7763d094fa548895800efa25400c) Importer(2089858483,192608db42251d675da83286b1cce702) (ScriptedImporter) -> (artifact id: '17ee08ffc89980ba1260550e6e6fa380') in 0.0781129 seconds
Number of updated asset objects reloaded before import = 0Number of asset objects unloaded after import = 9

========================================================================
Received Import Request.
  Time since last request: 0.000058 seconds.
  path: Assets/Kit/DungeonKit/KayKit_DungeonRemastered_1.1_FREE/Assets/fbx/wall_arched.fbx
  artifactKey: Guid(5dfce0fcdc9a24f4eae00a7f17a990e8) Importer(2089858483,192608db42251d675da83286b1cce702)
Start importing Assets/Kit/DungeonKit/KayKit_DungeonRemastered_1.1_FREE/Assets/fbx/wall_arched.fbx using Guid(5dfce0fcdc9a24f4eae00a7f17a990e8) Importer(2089858483,192608db42251d675da83286b1cce702) (ScriptedImporter) -> (artifact id: '3754a54f88d703872bb3b79429c60ada') in 0.0838836 seconds
Number of updated asset objects reloaded before import = 0Number of asset objects unloaded after import = 9

========================================================================
Received Import Request.
  Time since last request: 0.000047 seconds.
  path: Assets/Kit/DungeonKit/KayKit_DungeonRemastered_1.1_FREE/Assets/fbx/trunk_large_B.fbx
  artifactKey: Guid(8756f6de95301cb4f8c964538182519f) Importer(2089858483,192608db42251d675da83286b1cce702)
Start importing Assets/Kit/DungeonKit/KayKit_DungeonRemastered_1.1_FREE/Assets/fbx/trunk_large_B.fbx using Guid(8756f6de95301cb4f8c964538182519f) Importer(2089858483,192608db42251d675da83286b1cce702) (ScriptedImporter) -> (artifact id: 'b7a10d3940b0fec272a269ca660cfb4f') in 0.0713525 seconds
Number of updated asset objects reloaded before import = 0Number of asset objects unloaded after import = 9

========================================================================
Received Import Request.
  Time since last request: 0.000046 seconds.
  path: Assets/Kit/DungeonKit/KayKit_DungeonRemastered_1.1_FREE/Assets/fbx(unity)/banner_blue.fbx
  artifactKey: Guid(e55a2adcee4631944b70ec0f9d212628) Importer(2089858483,192608db42251d675da83286b1cce702)
Start importing Assets/Kit/DungeonKit/KayKit_DungeonRemastered_1.1_FREE/Assets/fbx(unity)/banner_blue.fbx using Guid(e55a2adcee4631944b70ec0f9d212628) Importer(2089858483,192608db42251d675da83286b1cce702) (ScriptedImporter) -> (artifact id: '337ef0d799be729fd7ee25d1223ef4e7') in 0.077909 seconds
Number of updated asset objects reloaded before import = 0Number of asset objects unloaded after import = 9

========================================================================
Received Import Request.
  Time since last request: 0.000049 seconds.
  path: Assets/Kit/DungeonKit/KayKit_DungeonRemastered_1.1_FREE/Assets/fbx(unity)/barrier_column.fbx
  artifactKey: Guid(cc8427fdc1066324faf06a1cce21e8fd) Importer(2089858483,192608db42251d675da83286b1cce702)
Start importing Assets/Kit/DungeonKit/KayKit_DungeonRemastered_1.1_FREE/Assets/fbx(unity)/barrier_column.fbx using Guid(cc8427fdc1066324faf06a1cce21e8fd) Importer(2089858483,192608db42251d675da83286b1cce702) (ScriptedImporter) -> (artifact id: 'bd281c77935e4d7dff01c4a587560cc9') in 0.0803792 seconds
Number of updated asset objects reloaded before import = 0Number of asset objects unloaded after import = 9

========================================================================
Received Import Request.
  Time since last request: 0.000075 seconds.
  path: Assets/Kit/DungeonKit/KayKit_DungeonRemastered_1.1_FREE/Assets/fbx(unity)/banner_triple_blue.fbx
  artifactKey: Guid(5fe052ff66d0dec4e86d7a884bacd096) Importer(2089858483,192608db42251d675da83286b1cce702)
Start importing Assets/Kit/DungeonKit/KayKit_DungeonRemastered_1.1_FREE/Assets/fbx(unity)/banner_triple_blue.fbx using Guid(5fe052ff66d0dec4e86d7a884bacd096) Importer(2089858483,192608db42251d675da83286b1cce702) (ScriptedImporter) -> (artifact id: '17ea10b8e474aac884ff2781620f8b07') in 0.0761289 seconds
Number of updated asset objects reloaded before import = 0Number of asset objects unloaded after import = 9

========================================================================
Received Import Request.
  Time since last request: 0.000046 seconds.
  path: Assets/Kit/DungeonKit/KayKit_DungeonRemastered_1.1_FREE/Assets/fbx(unity)/banner_patternA_blue.fbx
  artifactKey: Guid(4505e00a058aa534cb70092e26117716) Importer(2089858483,192608db42251d675da83286b1cce702)
Start importing Assets/Kit/DungeonKit/KayKit_DungeonRemastered_1.1_FREE/Assets/fbx(unity)/banner_patternA_blue.fbx using Guid(4505e00a058aa534cb70092e26117716) Importer(2089858483,192608db42251d675da83286b1cce702) (ScriptedImporter) -> (artifact id: 'd1ed38b35dfd3eb6a7b51a3d6fbc5b36') in 0.0776993 seconds
Number of updated asset objects reloaded before import = 0Number of asset objects unloaded after import = 9

========================================================================
Received Import Request.
  Time since last request: 0.000055 seconds.
  path: Assets/Kit/DungeonKit/KayKit_DungeonRemastered_1.1_FREE/Assets/fbx/wall_crossing.fbx
  artifactKey: Guid(404df03f5d2e4044caab5a9980e95940) Importer(2089858483,192608db42251d675da83286b1cce702)
Start importing Assets/Kit/DungeonKit/KayKit_DungeonRemastered_1.1_FREE/Assets/fbx/wall_crossing.fbx using Guid(404df03f5d2e4044caab5a9980e95940) Importer(2089858483,192608db42251d675da83286b1cce702) (ScriptedImporter) -> (artifact id: 'f7702517bc137648104482fa12039026') in 0.078032 seconds
Number of updated asset objects reloaded before import = 0Number of asset objects unloaded after import = 9

========================================================================
Received Import Request.
  Time since last request: 0.000041 seconds.
  path: Assets/Kit/DungeonKit/KayKit_DungeonRemastered_1.1_FREE/Assets/fbx/wall_corner_scaffold.fbx
  artifactKey: Guid(7533e38e9a0df0340adca3e9bd9c866a) Importer(2089858483,192608db42251d675da83286b1cce702)
Start importing Assets/Kit/DungeonKit/KayKit_DungeonRemastered_1.1_FREE/Assets/fbx/wall_corner_scaffold.fbx using Guid(7533e38e9a0df0340adca3e9bd9c866a) Importer(2089858483,192608db42251d675da83286b1cce702) (ScriptedImporter) -> (artifact id: '8118b4b2915e52c68fbeb719efa09984') in 0.0775964 seconds
Number of updated asset objects reloaded before import = 0Number of asset objects unloaded after import = 9

========================================================================
Received Import Request.
  Time since last request: 0.000039 seconds.
  path: Assets/Kit/DungeonKit/KayKit_DungeonRemastered_1.1_FREE/Assets/fbx/torch_lit.fbx
  artifactKey: Guid(a5e661cb6d75d6b48a403d3a4a086149) Importer(2089858483,192608db42251d675da83286b1cce702)
Start importing Assets/Kit/DungeonKit/KayKit_DungeonRemastered_1.1_FREE/Assets/fbx/torch_lit.fbx using Guid(a5e661cb6d75d6b48a403d3a4a086149) Importer(2089858483,192608db42251d675da83286b1cce702) (ScriptedImporter) -> (artifact id: '247e229f78354928952e14279ea0ea45') in 0.1078027 seconds
Number of updated asset objects reloaded before import = 0Number of asset objects unloaded after import = 9

========================================================================
Received Import Request.
  Time since last request: 0.000055 seconds.
  path: Assets/Kit/DungeonKit/KayKit_DungeonRemastered_1.1_FREE/Assets/fbx(unity)/banner_patternB_red.fbx
  artifactKey: Guid(04ac614a9b5307943a8f8e8e556dde2e) Importer(2089858483,192608db42251d675da83286b1cce702)
Start importing Assets/Kit/DungeonKit/KayKit_DungeonRemastered_1.1_FREE/Assets/fbx(unity)/banner_patternB_red.fbx using Guid(04ac614a9b5307943a8f8e8e556dde2e) Importer(2089858483,192608db42251d675da83286b1cce702) (ScriptedImporter) -> (artifact id: '2a4ed21e9b85abb9cf1b2eaf1058c9ba') in 0.0837007 seconds
Number of updated asset objects reloaded before import = 0Number of asset objects unloaded after import = 9

========================================================================
Received Import Request.
  Time since last request: 0.000038 seconds.
  path: Assets/Kit/DungeonKit/KayKit_DungeonRemastered_1.1_FREE/Assets/fbx(unity)/banner_green.fbx
  artifactKey: Guid(21cd1e83ccca75e459c051b59bbb7257) Importer(2089858483,192608db42251d675da83286b1cce702)
Start importing Assets/Kit/DungeonKit/KayKit_DungeonRemastered_1.1_FREE/Assets/fbx(unity)/banner_green.fbx using Guid(21cd1e83ccca75e459c051b59bbb7257) Importer(2089858483,192608db42251d675da83286b1cce702) (ScriptedImporter) -> (artifact id: 'ec3f90b76eae7e2a574089b4f1859a33') in 0.0630848 seconds
Number of updated asset objects reloaded before import = 0Number of asset objects unloaded after import = 9

========================================================================
Received Import Request.
  Time since last request: 0.000077 seconds.
  path: Assets/Kit/DungeonKit/KayKit_DungeonRemastered_1.1_FREE/Assets/fbx/wall_doorway_sides.fbx
  artifactKey: Guid(76be9b5ed1f5129459bfc35b2efaaff5) Importer(2089858483,192608db42251d675da83286b1cce702)
Start importing Assets/Kit/DungeonKit/KayKit_DungeonRemastered_1.1_FREE/Assets/fbx/wall_doorway_sides.fbx using Guid(76be9b5ed1f5129459bfc35b2efaaff5) Importer(2089858483,192608db42251d675da83286b1cce702) (ScriptedImporter) -> (artifact id: 'ce02d7e34b3021c958cc6a97a0a0c277') in 0.0756774 seconds
Number of updated asset objects reloaded before import = 0Number of asset objects unloaded after import = 9

========================================================================
Received Import Request.
  Time since last request: 0.000053 seconds.
  path: Assets/Kit/DungeonKit/KayKit_DungeonRemastered_1.1_FREE/Assets/fbx(unity)/banner_shield_blue.fbx
  artifactKey: Guid(820451c9c3328c146a6ad9a0202c2eeb) Importer(2089858483,192608db42251d675da83286b1cce702)
Start importing Assets/Kit/DungeonKit/KayKit_DungeonRemastered_1.1_FREE/Assets/fbx(unity)/banner_shield_blue.fbx using Guid(820451c9c3328c146a6ad9a0202c2eeb) Importer(2089858483,192608db42251d675da83286b1cce702) (ScriptedImporter) -> (artifact id: '5c32248a2b839157be3da5d1ab14a751') in 0.0577418 seconds
Number of updated asset objects reloaded before import = 0Number of asset objects unloaded after import = 9

========================================================================
Received Import Request.
  Time since last request: 0.000035 seconds.
  path: Assets/Kit/DungeonKit/KayKit_DungeonRemastered_1.1_FREE/Assets/fbx(unity)/banner_triple_white.fbx
  artifactKey: Guid(63dbb56a06062414990fa8576a8e670e) Importer(2089858483,192608db42251d675da83286b1cce702)
Start importing Assets/Kit/DungeonKit/KayKit_DungeonRemastered_1.1_FREE/Assets/fbx(unity)/banner_triple_white.fbx using Guid(63dbb56a06062414990fa8576a8e670e) Importer(2089858483,192608db42251d675da83286b1cce702) (ScriptedImporter) -> (artifact id: '501bfc13a9ea7b2ad5cf6073a875a133') in 0.0782017 seconds
Number of updated asset objects reloaded before import = 0Number of asset objects unloaded after import = 9

========================================================================
Received Import Request.
  Time since last request: 0.000050 seconds.
  path: Assets/Kit/DungeonKit/KayKit_DungeonRemastered_1.1_FREE/Assets/fbx(unity)/banner_shield_green.fbx
  artifactKey: Guid(b071e2625c8cb4a4ca9d96b3edb06520) Importer(2089858483,192608db42251d675da83286b1cce702)
Start importing Assets/Kit/DungeonKit/KayKit_DungeonRemastered_1.1_FREE/Assets/fbx(unity)/banner_shield_green.fbx using Guid(b071e2625c8cb4a4ca9d96b3edb06520) Importer(2089858483,192608db42251d675da83286b1cce702) (ScriptedImporter) -> (artifact id: '5068391e0f09218ea1d989f763fd1926') in 0.0634085 seconds
Number of updated asset objects reloaded before import = 0Number of asset objects unloaded after import = 9

========================================================================
Received Import Request.
  Time since last request: 0.000046 seconds.
  path: Assets/Kit/DungeonKit/KayKit_DungeonRemastered_1.1_FREE/Assets/fbx/trunk_small_B.fbx
  artifactKey: Guid(6a45db58f5cef774a9fda20051adae3b) Importer(2089858483,192608db42251d675da83286b1cce702)
Start importing Assets/Kit/DungeonKit/KayKit_DungeonRemastered_1.1_FREE/Assets/fbx/trunk_small_B.fbx using Guid(6a45db58f5cef774a9fda20051adae3b) Importer(2089858483,192608db42251d675da83286b1cce702) (ScriptedImporter) -> (artifact id: '7e077105ef46e546ca9af822998b95dc') in 0.0644936 seconds
Number of updated asset objects reloaded before import = 0Number of asset objects unloaded after import = 9

========================================================================
Received Import Request.
  Time since last request: 0.000030 seconds.
  path: Assets/Kit/DungeonKit/KayKit_DungeonRemastered_1.1_FREE/Assets/fbx(unity)/banner_thin_green.fbx
  artifactKey: Guid(44ef32797e0256a4581abfb120246b53) Importer(2089858483,192608db42251d675da83286b1cce702)
Start importing Assets/Kit/DungeonKit/KayKit_DungeonRemastered_1.1_FREE/Assets/fbx(unity)/banner_thin_green.fbx using Guid(44ef32797e0256a4581abfb120246b53) Importer(2089858483,192608db42251d675da83286b1cce702) (ScriptedImporter) -> (artifact id: '48af51c322eb27e64f1b05c95961a8d7') in 0.0705806 seconds
Number of updated asset objects reloaded before import = 0Number of asset objects unloaded after import = 9

========================================================================
Received Import Request.
  Time since last request: 0.000067 seconds.
  path: Assets/Kit/DungeonKit/KayKit_DungeonRemastered_1.1_FREE/Assets/fbx(unity)/floor_tile_small_broken_B.fbx
  artifactKey: Guid(d42708fbf74b09946b3b1128a90b7869) Importer(2089858483,192608db42251d675da83286b1cce702)
Start importing Assets/Kit/DungeonKit/KayKit_DungeonRemastered_1.1_FREE/Assets/fbx(unity)/floor_tile_small_broken_B.fbx using Guid(d42708fbf74b09946b3b1128a90b7869) Importer(2089858483,192608db42251d675da83286b1cce702) (ScriptedImporter) -> (artifact id: '9ecd0fecfefac66d28209bdb4cdd0af2') in 0.0607969 seconds
Number of updated asset objects reloaded before import = 0Number of asset objects unloaded after import = 9

========================================================================
Received Import Request.
  Time since last request: 0.000057 seconds.
  path: Assets/Kit/DungeonKit/KayKit_DungeonRemastered_1.1_FREE/Assets/fbx(unity)/floor_tile_small_broken_A.fbx
  artifactKey: Guid(197ab9b495b451240b5be429aff4478e) Importer(2089858483,192608db42251d675da83286b1cce702)
Start importing Assets/Kit/DungeonKit/KayKit_DungeonRemastered_1.1_FREE/Assets/fbx(unity)/floor_tile_small_broken_A.fbx using Guid(197ab9b495b451240b5be429aff4478e) Importer(2089858483,192608db42251d675da83286b1cce702) (ScriptedImporter) -> (artifact id: '7373289fd25c25aa98e42ad933cfda21') in 0.0947192 seconds
Number of updated asset objects reloaded before import = 0Number of asset objects unloaded after import = 9

========================================================================
Received Import Request.
  Time since last request: 0.000056 seconds.
  path: Assets/Kit/DungeonKit/KayKit_DungeonRemastered_1.1_FREE/Assets/fbx(unity)/bottle_C_brown.fbx
  artifactKey: Guid(8230313e93ab2a94fbd47e37e276b2c0) Importer(2089858483,192608db42251d675da83286b1cce702)
Start importing Assets/Kit/DungeonKit/KayKit_DungeonRemastered_1.1_FREE/Assets/fbx(unity)/bottle_C_brown.fbx using Guid(8230313e93ab2a94fbd47e37e276b2c0) Importer(2089858483,192608db42251d675da83286b1cce702) (ScriptedImporter) -> (artifact id: '1a4b23d1b5b9f7ad2e763c933dee3aab') in 0.0713293 seconds
Number of updated asset objects reloaded before import = 0Number of asset objects unloaded after import = 9

========================================================================
Received Import Request.
  Time since last request: 0.000039 seconds.
  path: Assets/Kit/DungeonKit/KayKit_DungeonRemastered_1.1_FREE/Assets/fbx(unity)/shelf_large.fbx
  artifactKey: Guid(a26a959074548644d9a171d4c05af3b8) Importer(2089858483,192608db42251d675da83286b1cce702)
Start importing Assets/Kit/DungeonKit/KayKit_DungeonRemastered_1.1_FREE/Assets/fbx(unity)/shelf_large.fbx using Guid(a26a959074548644d9a171d4c05af3b8) Importer(2089858483,192608db42251d675da83286b1cce702) (ScriptedImporter) -> (artifact id: 'e2da71b0b51996e0ebd300232f625e06') in 0.0733243 seconds
Number of updated asset objects reloaded before import = 0Number of asset objects unloaded after import = 9

========================================================================
Received Import Request.
  Time since last request: 0.000054 seconds.
  path: Assets/Kit/DungeonKit/KayKit_DungeonRemastered_1.1_FREE/Assets/fbx(unity)/stairs_long_modular_right.fbx
  artifactKey: Guid(525d2d5470a086249a56347f4b8b247d) Importer(2089858483,192608db42251d675da83286b1cce702)
Start importing Assets/Kit/DungeonKit/KayKit_DungeonRemastered_1.1_FREE/Assets/fbx(unity)/stairs_long_modular_right.fbx using Guid(525d2d5470a086249a56347f4b8b247d) Importer(2089858483,192608db42251d675da83286b1cce702) (ScriptedImporter) -> (artifact id: '27a2476709a237e8c20323c089a225f5') in 0.0761496 seconds
Number of updated asset objects reloaded before import = 0Number of asset objects unloaded after import = 9

========================================================================
Received Import Request.
  Time since last request: 0.000044 seconds.
  path: Assets/Kit/DungeonKit/KayKit_DungeonRemastered_1.1_FREE/Assets/fbx(unity)/stairs_wood.fbx
  artifactKey: Guid(4738efe36be8c90499c9c6aa5596d7f3) Importer(2089858483,192608db42251d675da83286b1cce702)
Start importing Assets/Kit/DungeonKit/KayKit_DungeonRemastered_1.1_FREE/Assets/fbx(unity)/stairs_wood.fbx using Guid(4738efe36be8c90499c9c6aa5596d7f3) Importer(2089858483,192608db42251d675da83286b1cce702) (ScriptedImporter) -> (artifact id: 'c88db8c54d73d9e9f5170df15f0c2eff') in 0.0801077 seconds
Number of updated asset objects reloaded before import = 0Number of asset objects unloaded after import = 9

========================================================================
Received Import Request.
  Time since last request: 0.000103 seconds.
  path: Assets/Kit/DungeonKit/KayKit_DungeonRemastered_1.1_FREE/Assets/fbx(unity)/bottle_B_brown.fbx
  artifactKey: Guid(a0fd109b07d92514f94f617672088ad1) Importer(2089858483,192608db42251d675da83286b1cce702)
Start importing Assets/Kit/DungeonKit/KayKit_DungeonRemastered_1.1_FREE/Assets/fbx(unity)/bottle_B_brown.fbx using Guid(a0fd109b07d92514f94f617672088ad1) Importer(2089858483,192608db42251d675da83286b1cce702) (ScriptedImporter) -> (artifact id: '2b91692e65acc8282570cd93a16848b9') in 0.0682184 seconds
Number of updated asset objects reloaded before import = 0Number of asset objects unloaded after import = 9

========================================================================
Received Import Request.
  Time since last request: 0.000054 seconds.
  path: Assets/Kit/DungeonKit/KayKit_DungeonRemastered_1.1_FREE/Assets/fbx(unity)/table_long_decorated_C.fbx
  artifactKey: Guid(0d999cb2da7b1464ab9b221bc4300e99) Importer(2089858483,192608db42251d675da83286b1cce702)
Start importing Assets/Kit/DungeonKit/KayKit_DungeonRemastered_1.1_FREE/Assets/fbx(unity)/table_long_decorated_C.fbx using Guid(0d999cb2da7b1464ab9b221bc4300e99) Importer(2089858483,192608db42251d675da83286b1cce702) (ScriptedImporter) -> (artifact id: 'cc67d9592b86b0a1d7ebbbb1d39f7c89') in 0.0978322 seconds
Number of updated asset objects reloaded before import = 0Number of asset objects unloaded after import = 9

========================================================================
Received Import Request.
  Time since last request: 0.000046 seconds.
  path: Assets/Kit/DungeonKit/KayKit_DungeonRemastered_1.1_FREE/Assets/fbx(unity)/plate_food_A.fbx
  artifactKey: Guid(e27322ad24b2c7548a7cbc3735af567e) Importer(2089858483,192608db42251d675da83286b1cce702)
Start importing Assets/Kit/DungeonKit/KayKit_DungeonRemastered_1.1_FREE/Assets/fbx(unity)/plate_food_A.fbx using Guid(e27322ad24b2c7548a7cbc3735af567e) Importer(2089858483,192608db42251d675da83286b1cce702) (ScriptedImporter) -> (artifact id: '4875dcac504288549c7124394bc5b807') in 0.075197 seconds
Number of updated asset objects reloaded before import = 0Number of asset objects unloaded after import = 9

========================================================================
Received Import Request.
  Time since last request: 0.000039 seconds.
  path: Assets/Kit/DungeonKit/KayKit_DungeonRemastered_1.1_FREE/Assets/fbx(unity)/shelf_small_candles.fbx
  artifactKey: Guid(9a4ebd3cf2b5f7743840f8188ac5312c) Importer(2089858483,192608db42251d675da83286b1cce702)
Start importing Assets/Kit/DungeonKit/KayKit_DungeonRemastered_1.1_FREE/Assets/fbx(unity)/shelf_small_candles.fbx using Guid(9a4ebd3cf2b5f7743840f8188ac5312c) Importer(2089858483,192608db42251d675da83286b1cce702) (ScriptedImporter) -> (artifact id: '4b6b768f670d5bb121e20b5de8d39ec9') in 0.0854745 seconds
Number of updated asset objects reloaded before import = 0Number of asset objects unloaded after import = 9

========================================================================
Received Import Request.
  Time since last request: 0.000106 seconds.
  path: Assets/Kit/DungeonKit/KayKit_DungeonRemastered_1.1_FREE/Assets/fbx(unity)/floor_foundation_front_and_sides.fbx
  artifactKey: Guid(c22900f988e5ba24cb0d5700f6f886a5) Importer(2089858483,192608db42251d675da83286b1cce702)
Start importing Assets/Kit/DungeonKit/KayKit_DungeonRemastered_1.1_FREE/Assets/fbx(unity)/floor_foundation_front_and_sides.fbx using Guid(c22900f988e5ba24cb0d5700f6f886a5) Importer(2089858483,192608db42251d675da83286b1cce702) (ScriptedImporter) -> (artifact id: 'a9a4138c6691d4fc790fff449702b4bf') in 0.0778375 seconds
Number of updated asset objects reloaded before import = 0Number of asset objects unloaded after import = 9

========================================================================
Received Import Request.
  Time since last request: 0.000038 seconds.
  path: Assets/Kit/DungeonKit/KayKit_DungeonRemastered_1.1_FREE/Assets/fbx(unity)/pillar.fbx
  artifactKey: Guid(21dc1bf3c4f2fca4e96ae5294a0e5046) Importer(2089858483,192608db42251d675da83286b1cce702)
Start importing Assets/Kit/DungeonKit/KayKit_DungeonRemastered_1.1_FREE/Assets/fbx(unity)/pillar.fbx using Guid(21dc1bf3c4f2fca4e96ae5294a0e5046) Importer(2089858483,192608db42251d675da83286b1cce702) (ScriptedImporter) -> (artifact id: '4c09f80e8905337e63cc18128ac996e9') in 0.0843596 seconds
Number of updated asset objects reloaded before import = 0Number of asset objects unloaded after import = 9

========================================================================
Received Import Request.
  Time since last request: 0.000040 seconds.
  path: Assets/Kit/DungeonKit/KayKit_DungeonRemastered_1.1_FREE/Assets/fbx(unity)/plate.fbx
  artifactKey: Guid(58558116cdef80c4ca3bd742eade07fb) Importer(2089858483,192608db42251d675da83286b1cce702)
Start importing Assets/Kit/DungeonKit/KayKit_DungeonRemastered_1.1_FREE/Assets/fbx(unity)/plate.fbx using Guid(58558116cdef80c4ca3bd742eade07fb) Importer(2089858483,192608db42251d675da83286b1cce702) (ScriptedImporter) -> (artifact id: '8c017076d1e44a0094a93fe885e24f87') in 0.0739755 seconds
Number of updated asset objects reloaded before import = 0Number of asset objects unloaded after import = 9

========================================================================
Received Import Request.
  Time since last request: 0.000059 seconds.
  path: Assets/Kit/DungeonKit/KayKit_DungeonRemastered_1.1_FREE/Assets/fbx(unity)/sword_shield_gold.fbx
  artifactKey: Guid(99974c30dccc70b47a2679d6a2b5f45f) Importer(2089858483,192608db42251d675da83286b1cce702)
Start importing Assets/Kit/DungeonKit/KayKit_DungeonRemastered_1.1_FREE/Assets/fbx(unity)/sword_shield_gold.fbx using Guid(99974c30dccc70b47a2679d6a2b5f45f) Importer(2089858483,192608db42251d675da83286b1cce702) (ScriptedImporter) -> (artifact id: 'e522a5042a0c498041abbe43a94479a6') in 0.0811887 seconds
Number of updated asset objects reloaded before import = 0Number of asset objects unloaded after import = 9

========================================================================
Received Import Request.
  Time since last request: 0.000034 seconds.
  path: Assets/Kit/DungeonKit/KayKit_DungeonRemastered_1.1_FREE/Assets/fbx(unity)/floor_tile_grate.fbx
  artifactKey: Guid(e2ea5778944c47d4cbd537c717612e4d) Importer(2089858483,192608db42251d675da83286b1cce702)
Start importing Assets/Kit/DungeonKit/KayKit_DungeonRemastered_1.1_FREE/Assets/fbx(unity)/floor_tile_grate.fbx using Guid(e2ea5778944c47d4cbd537c717612e4d) Importer(2089858483,192608db42251d675da83286b1cce702) (ScriptedImporter) -> (artifact id: 'ddb15f41996f3ee3952fcc1f67685789') in 0.06948 seconds
Number of updated asset objects reloaded before import = 0Number of asset objects unloaded after import = 9

========================================================================
Received Import Request.
  Time since last request: 0.000039 seconds.
  path: Assets/Kit/DungeonKit/KayKit_DungeonRemastered_1.1_FREE/Assets/fbx(unity)/bottle_A_labeled_green.fbx
  artifactKey: Guid(9b46b754f8b7975449265abd136f5ce4) Importer(2089858483,192608db42251d675da83286b1cce702)
Start importing Assets/Kit/DungeonKit/KayKit_DungeonRemastered_1.1_FREE/Assets/fbx(unity)/bottle_A_labeled_green.fbx using Guid(9b46b754f8b7975449265abd136f5ce4) Importer(2089858483,192608db42251d675da83286b1cce702) (ScriptedImporter) -> (artifact id: 'd2d804c8c3365104ffc93a59ac2eba80') in 0.082981 seconds
Number of updated asset objects reloaded before import = 0Number of asset objects unloaded after import = 9

========================================================================
Received Import Request.
  Time since last request: 0.000053 seconds.
  path: Assets/Kit/DungeonKit/KayKit_DungeonRemastered_1.1_FREE/Assets/fbx(unity)/plate_small.fbx
  artifactKey: Guid(746aa77c899851c4dafd208f6a4f582e) Importer(2089858483,192608db42251d675da83286b1cce702)
Start importing Assets/Kit/DungeonKit/KayKit_DungeonRemastered_1.1_FREE/Assets/fbx(unity)/plate_small.fbx using Guid(746aa77c899851c4dafd208f6a4f582e) Importer(2089858483,192608db42251d675da83286b1cce702) (ScriptedImporter) -> (artifact id: '61bdc82b1aabab8e9ab28c57bab8c1dc') in 0.0719541 seconds
Number of updated asset objects reloaded before import = 0Number of asset objects unloaded after import = 9

========================================================================
Received Import Request.
  Time since last request: 0.000039 seconds.
  path: Assets/Kit/DungeonKit/KayKit_DungeonRemastered_1.1_FREE/Assets/fbx(unity)/floor_tile_big_grate_open.fbx
  artifactKey: Guid(d2b78d06c72b4b141b11bdcef13e293f) Importer(2089858483,192608db42251d675da83286b1cce702)
Start importing Assets/Kit/DungeonKit/KayKit_DungeonRemastered_1.1_FREE/Assets/fbx(unity)/floor_tile_big_grate_open.fbx using Guid(d2b78d06c72b4b141b11bdcef13e293f) Importer(2089858483,192608db42251d675da83286b1cce702) (ScriptedImporter) -> (artifact id: 'c163e4ae10d47329332065a660bf508e') in 0.0787801 seconds
Number of updated asset objects reloaded before import = 0Number of asset objects unloaded after import = 9

========================================================================
Received Import Request.
  Time since last request: 0.000045 seconds.
  path: Assets/Kit/DungeonKit/KayKit_DungeonRemastered_1.1_FREE/Assets/fbx(unity)/floor_wood_small.fbx
  artifactKey: Guid(0298225987504ea42b3aeab4fd422057) Importer(2089858483,192608db42251d675da83286b1cce702)
Start importing Assets/Kit/DungeonKit/KayKit_DungeonRemastered_1.1_FREE/Assets/fbx(unity)/floor_wood_small.fbx using Guid(0298225987504ea42b3aeab4fd422057) Importer(2089858483,192608db42251d675da83286b1cce702) (ScriptedImporter) -> (artifact id: 'ee82b1cd68391a99907cdabd32b2b029') in 0.073557 seconds
Number of updated asset objects reloaded before import = 0Number of asset objects unloaded after import = 9

========================================================================
Received Import Request.
  Time since last request: 0.000064 seconds.
  path: Assets/Kit/DungeonKit/KayKit_DungeonRemastered_1.1_FREE/Assets/fbx(unity)/floor_tile_large_rocks.fbx
  artifactKey: Guid(7036ce2401daf9b4086311a74dcd2892) Importer(2089858483,192608db42251d675da83286b1cce702)
Start importing Assets/Kit/DungeonKit/KayKit_DungeonRemastered_1.1_FREE/Assets/fbx(unity)/floor_tile_large_rocks.fbx using Guid(7036ce2401daf9b4086311a74dcd2892) Importer(2089858483,192608db42251d675da83286b1cce702) (ScriptedImporter) -> (artifact id: '15c5c3cf79915754ea65d48844e094e5') in 0.0758733 seconds
Number of updated asset objects reloaded before import = 0Number of asset objects unloaded after import = 9

========================================================================
Received Import Request.
  Time since last request: 0.000035 seconds.
  path: Assets/Kit/DungeonKit/KayKit_DungeonRemastered_1.1_FREE/Assets/fbx/barrier_corner.fbx
  artifactKey: Guid(5646dbe8019632642b9b66aed71ce310) Importer(2089858483,192608db42251d675da83286b1cce702)
Start importing Assets/Kit/DungeonKit/KayKit_DungeonRemastered_1.1_FREE/Assets/fbx/barrier_corner.fbx using Guid(5646dbe8019632642b9b66aed71ce310) Importer(2089858483,192608db42251d675da83286b1cce702) (ScriptedImporter) -> (artifact id: 'c027ee92dc1e33ef7e559396b0f3d95c') in 0.0833231 seconds
Number of updated asset objects reloaded before import = 0Number of asset objects unloaded after import = 9

========================================================================
Received Import Request.
  Time since last request: 0.000041 seconds.
  path: Assets/Kit/DungeonKit/KayKit_DungeonRemastered_1.1_FREE/Assets/fbx/candle_melted.fbx
  artifactKey: Guid(9e6f894c547a6c642b0d6bc9ce42cc5d) Importer(2089858483,192608db42251d675da83286b1cce702)
Start importing Assets/Kit/DungeonKit/KayKit_DungeonRemastered_1.1_FREE/Assets/fbx/candle_melted.fbx using Guid(9e6f894c547a6c642b0d6bc9ce42cc5d) Importer(2089858483,192608db42251d675da83286b1cce702) (ScriptedImporter) -> (artifact id: '47b038b63a577294eccf862404f0c2ce') in 0.0729756 seconds
Number of updated asset objects reloaded before import = 0Number of asset objects unloaded after import = 9

========================================================================
Received Import Request.
  Time since last request: 0.000049 seconds.
  path: Assets/Kit/DungeonKit/KayKit_DungeonRemastered_1.1_FREE/Assets/gltf/banner_blue.bin
  artifactKey: Guid(e3ef7a3fca74dce4693283ac74c54cdf) Importer(2089858483,192608db42251d675da83286b1cce702)
Start importing Assets/Kit/DungeonKit/KayKit_DungeonRemastered_1.1_FREE/Assets/gltf/banner_blue.bin using Guid(e3ef7a3fca74dce4693283ac74c54cdf) Importer(2089858483,192608db42251d675da83286b1cce702) (ScriptedImporter) -> (artifact id: '14cf55749adc94ba9b60ac496c00aed9') in 0.0262025 seconds
Number of updated asset objects reloaded before import = 0Number of asset objects unloaded after import = 1

========================================================================
Received Import Request.
  Time since last request: 0.000041 seconds.
  path: Assets/Kit/DungeonKit/KayKit_DungeonRemastered_1.1_FREE/Assets/gltf/banner_patternB_red.gltf
  artifactKey: Guid(86bb952f9418c304794c00a4f3d6fabb) Importer(2089858483,192608db42251d675da83286b1cce702)
Start importing Assets/Kit/DungeonKit/KayKit_DungeonRemastered_1.1_FREE/Assets/gltf/banner_patternB_red.gltf using Guid(86bb952f9418c304794c00a4f3d6fabb) Importer(2089858483,192608db42251d675da83286b1cce702) (ScriptedImporter) -> (artifact id: '7a1be272839d54c4bf0c0b000af1d15d') in 0.0312558 seconds
Number of updated asset objects reloaded before import = 0Number of asset objects unloaded after import = 1

========================================================================
Received Import Request.
  Time since last request: 0.000038 seconds.
  path: Assets/Kit/DungeonKit/KayKit_DungeonRemastered_1.1_FREE/Assets/fbx(unity)/wall_doorway.fbx
  artifactKey: Guid(44d0300f255945e49854b9ab484d55d5) Importer(2089858483,192608db42251d675da83286b1cce702)
Start importing Assets/Kit/DungeonKit/KayKit_DungeonRemastered_1.1_FREE/Assets/fbx(unity)/wall_doorway.fbx using Guid(44d0300f255945e49854b9ab484d55d5) Importer(2089858483,192608db42251d675da83286b1cce702) (ScriptedImporter) -> (artifact id: '1c01171e2ed026e3aae3e496a9ca6e6b') in 0.0830068 seconds
Number of updated asset objects reloaded before import = 0Number of asset objects unloaded after import = 14

========================================================================
Received Import Request.
  Time since last request: 0.000037 seconds.
  path: Assets/Kit/DungeonKit/KayKit_DungeonRemastered_1.1_FREE/Assets/fbx(unity)/wall_doorway_scaffold.fbx
  artifactKey: Guid(d99ba4d829ab0da429c637cea8885b56) Importer(2089858483,192608db42251d675da83286b1cce702)
Start importing Assets/Kit/DungeonKit/KayKit_DungeonRemastered_1.1_FREE/Assets/fbx(unity)/wall_doorway_scaffold.fbx using Guid(d99ba4d829ab0da429c637cea8885b56) Importer(2089858483,192608db42251d675da83286b1cce702) (ScriptedImporter) -> (artifact id: '110cc50c925f41c21b81ecd24ffca7d4') in 0.0877371 seconds
Number of updated asset objects reloaded before import = 0Number of asset objects unloaded after import = 14

========================================================================
Received Import Request.
  Time since last request: 0.000059 seconds.
  path: Assets/Kit/DungeonKit/KayKit_DungeonRemastered_1.1_FREE/Assets/gltf/banner_patternC_brown.bin
  artifactKey: Guid(17cb319066f7e35439b23fbdb41cc6a3) Importer(2089858483,192608db42251d675da83286b1cce702)
Start importing Assets/Kit/DungeonKit/KayKit_DungeonRemastered_1.1_FREE/Assets/gltf/banner_patternC_brown.bin using Guid(17cb319066f7e35439b23fbdb41cc6a3) Importer(2089858483,192608db42251d675da83286b1cce702) (ScriptedImporter) -> (artifact id: '734a52033baffd411736e8139f2240bb') in 0.0276756 seconds
Number of updated asset objects reloaded before import = 0Number of asset objects unloaded after import = 1

========================================================================
Received Import Request.
  Time since last request: 0.000041 seconds.
  path: Assets/Kit/DungeonKit/KayKit_DungeonRemastered_1.1_FREE/Assets/fbx(unity)/wall_arched.fbx
  artifactKey: Guid(67865bb560eb19a43adeb9a5d36808bc) Importer(2089858483,192608db42251d675da83286b1cce702)
Start importing Assets/Kit/DungeonKit/KayKit_DungeonRemastered_1.1_FREE/Assets/fbx(unity)/wall_arched.fbx using Guid(67865bb560eb19a43adeb9a5d36808bc) Importer(2089858483,192608db42251d675da83286b1cce702) (ScriptedImporter) -> (artifact id: '80ef3bd3c94938c6c1f347aa56f74ba6') in 0.0727034 seconds
Number of updated asset objects reloaded before import = 0Number of asset objects unloaded after import = 9

========================================================================
Received Import Request.
  Time since last request: 0.000044 seconds.
  path: Assets/Kit/DungeonKit/KayKit_DungeonRemastered_1.1_FREE/Assets/fbx(unity)/wall_window_closed_scaffold.fbx
  artifactKey: Guid(1bcc79ceb4a25464db484f51b942d998) Importer(2089858483,192608db42251d675da83286b1cce702)
Start importing Assets/Kit/DungeonKit/KayKit_DungeonRemastered_1.1_FREE/Assets/fbx(unity)/wall_window_closed_scaffold.fbx using Guid(1bcc79ceb4a25464db484f51b942d998) Importer(2089858483,192608db42251d675da83286b1cce702) (ScriptedImporter) -> (artifact id: '889b5b1a86156d62a80febb79e69dfbd') in 0.0736747 seconds
Number of updated asset objects reloaded before import = 0Number of asset objects unloaded after import = 9

========================================================================
Received Import Request.
  Time since last request: 0.000054 seconds.
  path: Assets/Kit/DungeonKit/KayKit_DungeonRemastered_1.1_FREE/Assets/gltf/banner_patternA_yellow.bin
  artifactKey: Guid(9037e89092533e94a9b05f91368b2048) Importer(2089858483,192608db42251d675da83286b1cce702)
Start importing Assets/Kit/DungeonKit/KayKit_DungeonRemastered_1.1_FREE/Assets/gltf/banner_patternA_yellow.bin using Guid(9037e89092533e94a9b05f91368b2048) Importer(2089858483,192608db42251d675da83286b1cce702) (ScriptedImporter) -> (artifact id: '5bc6b6a7a9e71a9767f975a7b873a7ca') in 0.0385625 seconds
Number of updated asset objects reloaded before import = 0Number of asset objects unloaded after import = 1

========================================================================
Received Import Request.
  Time since last request: 0.000041 seconds.
  path: Assets/Kit/DungeonKit/KayKit_DungeonRemastered_1.1_FREE/Assets/fbx(unity)/wall_shelves.fbx
  artifactKey: Guid(1add03ee208b39040a4806b29fef0bc0) Importer(2089858483,192608db42251d675da83286b1cce702)
Start importing Assets/Kit/DungeonKit/KayKit_DungeonRemastered_1.1_FREE/Assets/fbx(unity)/wall_shelves.fbx using Guid(1add03ee208b39040a4806b29fef0bc0) Importer(2089858483,192608db42251d675da83286b1cce702) (ScriptedImporter) -> (artifact id: '500c274f4d4d99e04e3e26d9f1d19d4d') in 0.0674942 seconds
Number of updated asset objects reloaded before import = 0Number of asset objects unloaded after import = 9

========================================================================
Received Import Request.
  Time since last request: 0.000044 seconds.
  path: Assets/Kit/DungeonKit/KayKit_DungeonRemastered_1.1_FREE/Assets/fbx(unity)/trunk_large_C.fbx
  artifactKey: Guid(812b9330e04a9c1418241d0746cffcd6) Importer(2089858483,192608db42251d675da83286b1cce702)
Start importing Assets/Kit/DungeonKit/KayKit_DungeonRemastered_1.1_FREE/Assets/fbx(unity)/trunk_large_C.fbx using Guid(812b9330e04a9c1418241d0746cffcd6) Importer(2089858483,192608db42251d675da83286b1cce702) (ScriptedImporter) -> (artifact id: '64dfc95be86a2676c516b2e31c8b08d0') in 0.0721455 seconds
Number of updated asset objects reloaded before import = 0Number of asset objects unloaded after import = 9

========================================================================
Received Import Request.
  Time since last request: 0.000124 seconds.
  path: Assets/Kit/DungeonKit/KayKit_DungeonRemastered_1.1_FREE/Assets/fbx(unity)/table_medium_tablecloth.fbx
  artifactKey: Guid(49583e829629aa64fa59a023a3088667) Importer(2089858483,192608db42251d675da83286b1cce702)
Start importing Assets/Kit/DungeonKit/KayKit_DungeonRemastered_1.1_FREE/Assets/fbx(unity)/table_medium_tablecloth.fbx using Guid(49583e829629aa64fa59a023a3088667) Importer(2089858483,192608db42251d675da83286b1cce702) (ScriptedImporter) -> (artifact id: '7ca65b1a006b0872cb79ff33b30d2c91') in 0.101617 seconds
Number of updated asset objects reloaded before import = 0Number of asset objects unloaded after import = 9

========================================================================
Received Import Request.
  Time since last request: 0.000040 seconds.
  path: Assets/Kit/DungeonKit/KayKit_DungeonRemastered_1.1_FREE/Assets/fbx(unity)/wall_Tsplit.fbx
  artifactKey: Guid(c9ddc3727cd35eb48bf12cf94b6e275f) Importer(2089858483,192608db42251d675da83286b1cce702)
Start importing Assets/Kit/DungeonKit/KayKit_DungeonRemastered_1.1_FREE/Assets/fbx(unity)/wall_Tsplit.fbx using Guid(c9ddc3727cd35eb48bf12cf94b6e275f) Importer(2089858483,192608db42251d675da83286b1cce702) (ScriptedImporter) -> (artifact id: '5dabf71feede0d31d9890424314b8b2f') in 0.0729316 seconds
Number of updated asset objects reloaded before import = 0Number of asset objects unloaded after import = 9

========================================================================
Received Import Request.
  Time since last request: 0.000046 seconds.
  path: Assets/Kit/DungeonKit/KayKit_DungeonRemastered_1.1_FREE/Assets/gltf/banner_patternA_green.bin
  artifactKey: Guid(46f37ad3bfd01714d99ace6ef8636dae) Importer(2089858483,192608db42251d675da83286b1cce702)
Start importing Assets/Kit/DungeonKit/KayKit_DungeonRemastered_1.1_FREE/Assets/gltf/banner_patternA_green.bin using Guid(46f37ad3bfd01714d99ace6ef8636dae) Importer(2089858483,192608db42251d675da83286b1cce702) (ScriptedImporter) -> (artifact id: 'dd60876a3513dd71cecb961562db5167') in 0.032436 seconds
Number of updated asset objects reloaded before import = 0Number of asset objects unloaded after import = 1

========================================================================
Received Import Request.
  Time since last request: 0.000059 seconds.
  path: Assets/Kit/DungeonKit/KayKit_DungeonRemastered_1.1_FREE/Assets/fbx(unity)/table_medium_decorated_A.fbx
  artifactKey: Guid(962152e4136d688458d7a58a93e2c1a7) Importer(2089858483,192608db42251d675da83286b1cce702)
Start importing Assets/Kit/DungeonKit/KayKit_DungeonRemastered_1.1_FREE/Assets/fbx(unity)/table_medium_decorated_A.fbx using Guid(962152e4136d688458d7a58a93e2c1a7) Importer(2089858483,192608db42251d675da83286b1cce702) (ScriptedImporter) -> (artifact id: '3f3458b152b8ec4757a525af1338b3b6') in 0.0854674 seconds
Number of updated asset objects reloaded before import = 0Number of asset objects unloaded after import = 9

========================================================================
Received Import Request.
  Time since last request: 0.000039 seconds.
  path: Assets/Kit/DungeonKit/KayKit_DungeonRemastered_1.1_FREE/Assets/gltf/banner_patternC_white.bin
  artifactKey: Guid(f2d8f72db880f324a8c524ed204c5ed4) Importer(2089858483,192608db42251d675da83286b1cce702)
Start importing Assets/Kit/DungeonKit/KayKit_DungeonRemastered_1.1_FREE/Assets/gltf/banner_patternC_white.bin using Guid(f2d8f72db880f324a8c524ed204c5ed4) Importer(2089858483,192608db42251d675da83286b1cce702) (ScriptedImporter) -> (artifact id: '7b2949ff323b6c6ce3d66d31be9fe7d4') in 0.0322 seconds
Number of updated asset objects reloaded before import = 0Number of asset objects unloaded after import = 1

========================================================================
Received Import Request.
  Time since last request: 0.000043 seconds.
  path: Assets/Kit/DungeonKit/KayKit_DungeonRemastered_1.1_FREE/Assets/fbx(unity)/wall_endcap.fbx
  artifactKey: Guid(67f845a29d5659e4088cc73594e3eb9d) Importer(2089858483,192608db42251d675da83286b1cce702)
Start importing Assets/Kit/DungeonKit/KayKit_DungeonRemastered_1.1_FREE/Assets/fbx(unity)/wall_endcap.fbx using Guid(67f845a29d5659e4088cc73594e3eb9d) Importer(2089858483,192608db42251d675da83286b1cce702) (ScriptedImporter) -> (artifact id: '06d3db2ffdb6d831431d1a3a24a8a44c') in 0.0743128 seconds
Number of updated asset objects reloaded before import = 0Number of asset objects unloaded after import = 9

========================================================================
Received Import Request.
  Time since last request: 0.000060 seconds.
  path: Assets/Kit/DungeonKit/KayKit_DungeonRemastered_1.1_FREE/Assets/gltf/banner_patternA_brown.gltf
  artifactKey: Guid(4b70d1882b6481e46b9eff8ce83e3a82) Importer(2089858483,192608db42251d675da83286b1cce702)
Start importing Assets/Kit/DungeonKit/KayKit_DungeonRemastered_1.1_FREE/Assets/gltf/banner_patternA_brown.gltf using Guid(4b70d1882b6481e46b9eff8ce83e3a82) Importer(2089858483,192608db42251d675da83286b1cce702) (ScriptedImporter) -> (artifact id: '6a50fe3e62217fb0fad173763f6c49d1') in 0.0308546 seconds
Number of updated asset objects reloaded before import = 0Number of asset objects unloaded after import = 1

========================================================================
Received Import Request.
  Time since last request: 0.000042 seconds.
  path: Assets/Kit/DungeonKit/KayKit_DungeonRemastered_1.1_FREE/Assets/fbx(unity)/wall_archedwindow_gated.fbx
  artifactKey: Guid(2c95e072e9abb5e43b9bc86d1e2e2163) Importer(2089858483,192608db42251d675da83286b1cce702)
Start importing Assets/Kit/DungeonKit/KayKit_DungeonRemastered_1.1_FREE/Assets/fbx(unity)/wall_archedwindow_gated.fbx using Guid(2c95e072e9abb5e43b9bc86d1e2e2163) Importer(2089858483,192608db42251d675da83286b1cce702) (ScriptedImporter) -> (artifact id: '9d4ec3635e60076e1141132e2dc7c8bf') in 0.0820905 seconds
Number of updated asset objects reloaded before import = 0Number of asset objects unloaded after import = 9

========================================================================
Received Import Request.
  Time since last request: 0.000047 seconds.
  path: Assets/Kit/DungeonKit/KayKit_DungeonRemastered_1.1_FREE/Assets/fbx(unity)/banner_patternC_green.fbx
  artifactKey: Guid(3718eba1a6a19a249ac5f0c294337bcc) Importer(2089858483,192608db42251d675da83286b1cce702)
Start importing Assets/Kit/DungeonKit/KayKit_DungeonRemastered_1.1_FREE/Assets/fbx(unity)/banner_patternC_green.fbx using Guid(3718eba1a6a19a249ac5f0c294337bcc) Importer(2089858483,192608db42251d675da83286b1cce702) (ScriptedImporter) -> (artifact id: 'f1d54f982d5ab24d63916eb35edaa3a9') in 0.0784155 seconds
Number of updated asset objects reloaded before import = 0Number of asset objects unloaded after import = 9

========================================================================
Received Import Request.
  Time since last request: 0.000050 seconds.
  path: Assets/Kit/DungeonKit/KayKit_DungeonRemastered_1.1_FREE/Assets/fbx/table_long_tablecloth.fbx
  artifactKey: Guid(891dc2472f2bdb34982bdaa98be60ef4) Importer(2089858483,192608db42251d675da83286b1cce702)
Start importing Assets/Kit/DungeonKit/KayKit_DungeonRemastered_1.1_FREE/Assets/fbx/table_long_tablecloth.fbx using Guid(891dc2472f2bdb34982bdaa98be60ef4) Importer(2089858483,192608db42251d675da83286b1cce702) (ScriptedImporter) -> (artifact id: 'b776000cc64a4286f6659cccc72be586') in 0.0794372 seconds
Number of updated asset objects reloaded before import = 0Number of asset objects unloaded after import = 9

========================================================================
Received Import Request.
  Time since last request: 0.000037 seconds.
  path: Assets/Kit/Tower Defense/Models/OBJ format/tower-square-bottom-a.obj
  artifactKey: Guid(00d13595c5ca25241bfdbc58b9ae7df8) Importer(2089858483,192608db42251d675da83286b1cce702)
Start importing Assets/Kit/Tower Defense/Models/OBJ format/tower-square-bottom-a.obj using Guid(00d13595c5ca25241bfdbc58b9ae7df8) Importer(2089858483,192608db42251d675da83286b1cce702) (ScriptedImporter) -> (artifact id: '92a1f0673b9fa8d9d5567e8c3a7108ab') in 0.06449 seconds
Number of updated asset objects reloaded before import = 0Number of asset objects unloaded after import = 11

========================================================================
Received Import Request.
  Time since last request: 0.000049 seconds.
  path: Assets/Kit/DungeonKit/KayKit_DungeonRemastered_1.1_FREE/Assets/gltf/chest_gold.bin
  artifactKey: Guid(3766636d8b77db44caae28bec6eb0f97) Importer(2089858483,192608db42251d675da83286b1cce702)
Start importing Assets/Kit/DungeonKit/KayKit_DungeonRemastered_1.1_FREE/Assets/gltf/chest_gold.bin using Guid(3766636d8b77db44caae28bec6eb0f97) Importer(2089858483,192608db42251d675da83286b1cce702) (ScriptedImporter) -> (artifact id: 'f303419e43cd23eb828ec026df691e85') in 0.0322086 seconds
Number of updated asset objects reloaded before import = 0Number of asset objects unloaded after import = 1

========================================================================
Received Import Request.
  Time since last request: 0.000048 seconds.
  path: Assets/Kit/DungeonKit/KayKit_DungeonRemastered_1.1_FREE/Assets/gltf/banner_triple_white.bin
  artifactKey: Guid(07b74bdfe215e0e499bc6483763e4f7c) Importer(2089858483,192608db42251d675da83286b1cce702)
Start importing Assets/Kit/DungeonKit/KayKit_DungeonRemastered_1.1_FREE/Assets/gltf/banner_triple_white.bin using Guid(07b74bdfe215e0e499bc6483763e4f7c) Importer(2089858483,192608db42251d675da83286b1cce702) (ScriptedImporter) -> (artifact id: 'dc3bfd7c275b515cecae9c6e3632d0ca') in 0.0321396 seconds
Number of updated asset objects reloaded before import = 0Number of asset objects unloaded after import = 1

========================================================================
Received Import Request.
  Time since last request: 0.000035 seconds.
  path: Assets/Kit/DungeonKit/KayKit_DungeonRemastered_1.1_FREE/Assets/gltf/barrel_large_decorated.gltf
  artifactKey: Guid(9d19210e96e1ae04bb8e8b9255c73a86) Importer(2089858483,192608db42251d675da83286b1cce702)
Start importing Assets/Kit/DungeonKit/KayKit_DungeonRemastered_1.1_FREE/Assets/gltf/barrel_large_decorated.gltf using Guid(9d19210e96e1ae04bb8e8b9255c73a86) Importer(2089858483,192608db42251d675da83286b1cce702) (ScriptedImporter) -> (artifact id: '132128f5f1b7e216e17fae2ec39f699c') in 0.0326025 seconds
Number of updated asset objects reloaded before import = 0Number of asset objects unloaded after import = 1

========================================================================
Received Import Request.
  Time since last request: 0.000032 seconds.
  path: Assets/Kit/DungeonKit/KayKit_DungeonRemastered_1.1_FREE/Assets/gltf/candle.bin
  artifactKey: Guid(c3d77bd4b2e41bf42a1a1e76b7e2bd81) Importer(2089858483,192608db42251d675da83286b1cce702)
Start importing Assets/Kit/DungeonKit/KayKit_DungeonRemastered_1.1_FREE/Assets/gltf/candle.bin using Guid(c3d77bd4b2e41bf42a1a1e76b7e2bd81) Importer(2089858483,192608db42251d675da83286b1cce702) (ScriptedImporter) -> (artifact id: '359b24b5d9e68a3faa785152a4f1c989') in 0.0317047 seconds
Number of updated asset objects reloaded before import = 0Number of asset objects unloaded after import = 1

========================================================================
Received Import Request.
  Time since last request: 0.000041 seconds.
  path: Assets/Kit/DungeonKit/KayKit_DungeonRemastered_1.1_FREE/Assets/gltf/barrier.bin
  artifactKey: Guid(4a940c74e6106d747984b4f19249c7b9) Importer(2089858483,192608db42251d675da83286b1cce702)
Start importing Assets/Kit/DungeonKit/KayKit_DungeonRemastered_1.1_FREE/Assets/gltf/barrier.bin using Guid(4a940c74e6106d747984b4f19249c7b9) Importer(2089858483,192608db42251d675da83286b1cce702) (ScriptedImporter) -> (artifact id: '4ce7de15ce152cff2326e7597b7ff470') in 0.0285404 seconds
Number of updated asset objects reloaded before import = 0Number of asset objects unloaded after import = 1

========================================================================
Received Import Request.
  Time since last request: 0.000051 seconds.
  path: Assets/Kit/DungeonKit/KayKit_DungeonRemastered_1.1_FREE/Assets/gltf/banner_triple_red.gltf
  artifactKey: Guid(57092fd5414b96a4388e2466525eede1) Importer(2089858483,192608db42251d675da83286b1cce702)
Start importing Assets/Kit/DungeonKit/KayKit_DungeonRemastered_1.1_FREE/Assets/gltf/banner_triple_red.gltf using Guid(57092fd5414b96a4388e2466525eede1) Importer(2089858483,192608db42251d675da83286b1cce702) (ScriptedImporter) -> (artifact id: 'a2e64bbe41c4268f69d49b928934ace5') in 0.0272851 seconds
Number of updated asset objects reloaded before import = 0Number of asset objects unloaded after import = 1

========================================================================
Received Import Request.
  Time since last request: 0.000035 seconds.
  path: Assets/Kit/DungeonKit/KayKit_DungeonRemastered_1.1_FREE/Assets/gltf/dungeon_texture.png
  artifactKey: Guid(33a32fa43cce8fb4dbf3eab5f964ea18) Importer(2089858483,192608db42251d675da83286b1cce702)
Start importing Assets/Kit/DungeonKit/KayKit_DungeonRemastered_1.1_FREE/Assets/gltf/dungeon_texture.png using Guid(33a32fa43cce8fb4dbf3eab5f964ea18) Importer(2089858483,192608db42251d675da83286b1cce702) (ScriptedImporter) -> (artifact id: 'f9443e34703436dd6ce59d8db091475a') in 0.045125 seconds
Number of updated asset objects reloaded before import = 0Number of asset objects unloaded after import = 1

========================================================================
Received Import Request.
  Time since last request: 0.000033 seconds.
  path: Assets/Kit/DungeonKit/KayKit_DungeonRemastered_1.1_FREE/Assets/gltf/banner_triple_yellow.gltf
  artifactKey: Guid(136aed1e478962746a7038cac1b2c53a) Importer(2089858483,192608db42251d675da83286b1cce702)
Start importing Assets/Kit/DungeonKit/KayKit_DungeonRemastered_1.1_FREE/Assets/gltf/banner_triple_yellow.gltf using Guid(136aed1e478962746a7038cac1b2c53a) Importer(2089858483,192608db42251d675da83286b1cce702) (ScriptedImporter) -> (artifact id: '2a139179ba739397c0da34db098aecb2') in 0.0287208 seconds
Number of updated asset objects reloaded before import = 0Number of asset objects unloaded after import = 1

========================================================================
Received Import Request.
  Time since last request: 0.000036 seconds.
  path: Assets/Kit/DungeonKit/KayKit_DungeonRemastered_1.1_FREE/Assets/gltf/barrier_corner.bin
  artifactKey: Guid(4c493149bcf36544d982489fed2ce081) Importer(2089858483,192608db42251d675da83286b1cce702)
Start importing Assets/Kit/DungeonKit/KayKit_DungeonRemastered_1.1_FREE/Assets/gltf/barrier_corner.bin using Guid(4c493149bcf36544d982489fed2ce081) Importer(2089858483,192608db42251d675da83286b1cce702) (ScriptedImporter) -> (artifact id: '20b973e3f84f71c57e29713dd3df9faf') in 0.0284954 seconds
Number of updated asset objects reloaded before import = 0Number of asset objects unloaded after import = 1

========================================================================
Received Import Request.
  Time since last request: 0.000051 seconds.
  path: Assets/Kit/DungeonKit/KayKit_DungeonRemastered_1.1_FREE/Assets/gltf/box_small_decorated.gltf
  artifactKey: Guid(a9e1b619a96afc5489f16dd08cec7140) Importer(2089858483,192608db42251d675da83286b1cce702)
Start importing Assets/Kit/DungeonKit/KayKit_DungeonRemastered_1.1_FREE/Assets/gltf/box_small_decorated.gltf using Guid(a9e1b619a96afc5489f16dd08cec7140) Importer(2089858483,192608db42251d675da83286b1cce702) (ScriptedImporter) -> (artifact id: '04429c4356e33e31db5b8515c5e9c505') in 0.0264121 seconds
Number of updated asset objects reloaded before import = 0Number of asset objects unloaded after import = 1

========================================================================
Received Import Request.
  Time since last request: 0.000032 seconds.
  path: Assets/Kit/DungeonKit/KayKit_DungeonRemastered_1.1_FREE/Assets/gltf/floor_dirt_large_rocky.bin
  artifactKey: Guid(c6b2ef970b85c2148b2bafb14edee7f7) Importer(2089858483,192608db42251d675da83286b1cce702)
Start importing Assets/Kit/DungeonKit/KayKit_DungeonRemastered_1.1_FREE/Assets/gltf/floor_dirt_large_rocky.bin using Guid(c6b2ef970b85c2148b2bafb14edee7f7) Importer(2089858483,192608db42251d675da83286b1cce702) (ScriptedImporter) -> (artifact id: 'f8e033588cd963305b40d3d5fe0e3630') in 0.0255271 seconds
Number of updated asset objects reloaded before import = 0Number of asset objects unloaded after import = 1

========================================================================
Received Import Request.
  Time since last request: 0.000034 seconds.
  path: Assets/Kit/DungeonKit/KayKit_DungeonRemastered_1.1_FREE/Assets/gltf/box_stacked.bin
  artifactKey: Guid(2ac783c3910b0544da7edce923d1c3d7) Importer(2089858483,192608db42251d675da83286b1cce702)
Start importing Assets/Kit/DungeonKit/KayKit_DungeonRemastered_1.1_FREE/Assets/gltf/box_stacked.bin using Guid(2ac783c3910b0544da7edce923d1c3d7) Importer(2089858483,192608db42251d675da83286b1cce702) (ScriptedImporter) -> (artifact id: '633bea00a1b0c2a6324097100329de0f') in 0.0291113 seconds
Number of updated asset objects reloaded before import = 0Number of asset objects unloaded after import = 1

========================================================================
Received Import Request.
  Time since last request: 0.000036 seconds.
  path: Assets/Kit/DungeonKit/KayKit_DungeonRemastered_1.1_FREE/Assets/gltf/bottle_B_brown.gltf
  artifactKey: Guid(aad3a4c21a74748449510ceb928f2783) Importer(2089858483,192608db42251d675da83286b1cce702)
Start importing Assets/Kit/DungeonKit/KayKit_DungeonRemastered_1.1_FREE/Assets/gltf/bottle_B_brown.gltf using Guid(aad3a4c21a74748449510ceb928f2783) Importer(2089858483,192608db42251d675da83286b1cce702) (ScriptedImporter) -> (artifact id: 'd6f64cb1a9db6ff37cf766f826ac16f3') in 0.0282576 seconds
Number of updated asset objects reloaded before import = 0Number of asset objects unloaded after import = 1

========================================================================
Received Import Request.
  Time since last request: 0.000071 seconds.
  path: Assets/Kit/DungeonKit/KayKit_DungeonRemastered_1.1_FREE/Assets/gltf/barrier_colum_half.bin
  artifactKey: Guid(c511b153a321a1242b8d0a3ba814a5be) Importer(2089858483,192608db42251d675da83286b1cce702)
Start importing Assets/Kit/DungeonKit/KayKit_DungeonRemastered_1.1_FREE/Assets/gltf/barrier_colum_half.bin using Guid(c511b153a321a1242b8d0a3ba814a5be) Importer(2089858483,192608db42251d675da83286b1cce702) (ScriptedImporter) -> (artifact id: '6a6574e173db23a25e9c0559851fd57d') in 0.0245674 seconds
Number of updated asset objects reloaded before import = 0Number of asset objects unloaded after import = 1

========================================================================
Received Import Request.
  Time since last request: 0.000033 seconds.
  path: Assets/Kit/DungeonKit/KayKit_DungeonRemastered_1.1_FREE/Assets/gltf/banner_yellow.bin
  artifactKey: Guid(729c8de06edb24148ae3f077654021f6) Importer(2089858483,192608db42251d675da83286b1cce702)
Start importing Assets/Kit/DungeonKit/KayKit_DungeonRemastered_1.1_FREE/Assets/gltf/banner_yellow.bin using Guid(729c8de06edb24148ae3f077654021f6) Importer(2089858483,192608db42251d675da83286b1cce702) (ScriptedImporter) -> (artifact id: '691012c86d0d7ff8e1cd3e30402f6aff') in 0.0277463 seconds
Number of updated asset objects reloaded before import = 0Number of asset objects unloaded after import = 1

========================================================================
Received Import Request.
  Time since last request: 0.000041 seconds.
  path: Assets/Kit/DungeonKit/KayKit_DungeonRemastered_1.1_FREE/Assets/gltf/banner_white.bin
  artifactKey: Guid(5cc7fb02afbc68d4585a7498b48ec2c0) Importer(2089858483,192608db42251d675da83286b1cce702)
Start importing Assets/Kit/DungeonKit/KayKit_DungeonRemastered_1.1_FREE/Assets/gltf/banner_white.bin using Guid(5cc7fb02afbc68d4585a7498b48ec2c0) Importer(2089858483,192608db42251d675da83286b1cce702) (ScriptedImporter) -> (artifact id: '696817bc75e4abe368190cdacb10cf96') in 0.0265452 seconds
Number of updated asset objects reloaded before import = 0Number of asset objects unloaded after import = 1

========================================================================
Received Import Request.
  Time since last request: 0.000090 seconds.
  path: Assets/Kit/DungeonKit/KayKit_DungeonRemastered_1.1_FREE/Assets/gltf/floor_dirt_large_rocky.gltf
  artifactKey: Guid(a97d7e6ba3d26674881885048bb57b42) Importer(2089858483,192608db42251d675da83286b1cce702)
Start importing Assets/Kit/DungeonKit/KayKit_DungeonRemastered_1.1_FREE/Assets/gltf/floor_dirt_large_rocky.gltf using Guid(a97d7e6ba3d26674881885048bb57b42) Importer(2089858483,192608db42251d675da83286b1cce702) (ScriptedImporter) -> (artifact id: 'f6079b17ab55fb5492119aecd489262e') in 0.0336383 seconds
Number of updated asset objects reloaded before import = 0Number of asset objects unloaded after import = 1

========================================================================
Received Import Request.
  Time since last request: 0.000048 seconds.
  path: Assets/Kit/DungeonKit/KayKit_DungeonRemastered_1.1_FREE/Assets/gltf/crates_stacked.gltf
  artifactKey: Guid(c0f69e3b5d875484eaf023d4bc1c8804) Importer(2089858483,192608db42251d675da83286b1cce702)
Start importing Assets/Kit/DungeonKit/KayKit_DungeonRemastered_1.1_FREE/Assets/gltf/crates_stacked.gltf using Guid(c0f69e3b5d875484eaf023d4bc1c8804) Importer(2089858483,192608db42251d675da83286b1cce702) (ScriptedImporter) -> (artifact id: '5be6cc2bd01603b28c8b8f3518c6405e') in 0.0402394 seconds
Number of updated asset objects reloaded before import = 0Number of asset objects unloaded after import = 1

========================================================================
Received Import Request.
  Time since last request: 0.000047 seconds.
  path: Assets/Kit/DungeonKit/KayKit_DungeonRemastered_1.1_FREE/Assets/gltf/banner_thin_white.bin
  artifactKey: Guid(b576ddbfb3354414ba90c11f1b21b5da) Importer(2089858483,192608db42251d675da83286b1cce702)
Start importing Assets/Kit/DungeonKit/KayKit_DungeonRemastered_1.1_FREE/Assets/gltf/banner_thin_white.bin using Guid(b576ddbfb3354414ba90c11f1b21b5da) Importer(2089858483,192608db42251d675da83286b1cce702) (ScriptedImporter) -> (artifact id: '14354b71ea5118c7f5b2958e1a695e6d') in 0.0279712 seconds
Number of updated asset objects reloaded before import = 0Number of asset objects unloaded after import = 1

========================================================================
Received Import Request.
  Time since last request: 0.000040 seconds.
  path: Assets/Kit/DungeonKit/KayKit_DungeonRemastered_1.1_FREE/Assets/gltf/barrier_half.gltf
  artifactKey: Guid(ce6629e308b672542867be0dc6cafbda) Importer(2089858483,192608db42251d675da83286b1cce702)
Start importing Assets/Kit/DungeonKit/KayKit_DungeonRemastered_1.1_FREE/Assets/gltf/barrier_half.gltf using Guid(ce6629e308b672542867be0dc6cafbda) Importer(2089858483,192608db42251d675da83286b1cce702) (ScriptedImporter) -> (artifact id: '671527c03aeb215015488d53e6b71195') in 0.028545 seconds
Number of updated asset objects reloaded before import = 0Number of asset objects unloaded after import = 1

========================================================================
Received Import Request.
  Time since last request: 0.000075 seconds.
  path: Assets/Kit/DungeonKit/KayKit_DungeonRemastered_1.1_FREE/Assets/gltf/bottle_B_green.gltf
  artifactKey: Guid(a9a27bfa7608ea34590ed4471b44955f) Importer(2089858483,192608db42251d675da83286b1cce702)
Start importing Assets/Kit/DungeonKit/KayKit_DungeonRemastered_1.1_FREE/Assets/gltf/bottle_B_green.gltf using Guid(a9a27bfa7608ea34590ed4471b44955f) Importer(2089858483,192608db42251d675da83286b1cce702) (ScriptedImporter) -> (artifact id: '0ceebd9d86af4f85ad36b4c6cdf4028e') in 0.028898 seconds
Number of updated asset objects reloaded before import = 0Number of asset objects unloaded after import = 1

========================================================================
Received Import Request.
  Time since last request: 0.000038 seconds.
  path: Assets/Kit/DungeonKit/KayKit_DungeonRemastered_1.1_FREE/Assets/gltf/bottle_A_labeled_green.bin
  artifactKey: Guid(c4eebab49df6a544cadeabd04ca939bd) Importer(2089858483,192608db42251d675da83286b1cce702)
Start importing Assets/Kit/DungeonKit/KayKit_DungeonRemastered_1.1_FREE/Assets/gltf/bottle_A_labeled_green.bin using Guid(c4eebab49df6a544cadeabd04ca939bd) Importer(2089858483,192608db42251d675da83286b1cce702) (ScriptedImporter) -> (artifact id: '8a97b70f4d45af1ee101432f76ae87ed') in 0.0312754 seconds
Number of updated asset objects reloaded before import = 0Number of asset objects unloaded after import = 1

========================================================================
Received Import Request.
  Time since last request: 0.000039 seconds.
  path: Assets/Kit/DungeonKit/KayKit_DungeonRemastered_1.1_FREE/Assets/gltf/barrier.gltf
  artifactKey: Guid(4e04cb70e25a7b54cb95ac87acce06f2) Importer(2089858483,192608db42251d675da83286b1cce702)
Start importing Assets/Kit/DungeonKit/KayKit_DungeonRemastered_1.1_FREE/Assets/gltf/barrier.gltf using Guid(4e04cb70e25a7b54cb95ac87acce06f2) Importer(2089858483,192608db42251d675da83286b1cce702) (ScriptedImporter) -> (artifact id: 'addaef7ed561551faad489f1862bffa8') in 0.0291853 seconds
Number of updated asset objects reloaded before import = 0Number of asset objects unloaded after import = 1

========================================================================
Received Import Request.
  Time since last request: 0.000051 seconds.
  path: Assets/Kit/DungeonKit/KayKit_DungeonRemastered_1.1_FREE/Assets/gltf/bottle_A_labeled_green.gltf
  artifactKey: Guid(dac90b2800c98da46b7f38065faaa873) Importer(2089858483,192608db42251d675da83286b1cce702)
Start importing Assets/Kit/DungeonKit/KayKit_DungeonRemastered_1.1_FREE/Assets/gltf/bottle_A_labeled_green.gltf using Guid(dac90b2800c98da46b7f38065faaa873) Importer(2089858483,192608db42251d675da83286b1cce702) (ScriptedImporter) -> (artifact id: '31e3a883a133cbe390566a85839eab83') in 0.0347967 seconds
Number of updated asset objects reloaded before import = 0Number of asset objects unloaded after import = 1

========================================================================
Received Import Request.
  Time since last request: 0.000040 seconds.
  path: Assets/Kit/Tower Defense/Models/OBJ format/tile-river-corner.obj
  artifactKey: Guid(12f6512d8f89ddc4aa679d9867758002) Importer(2089858483,192608db42251d675da83286b1cce702)
Start importing Assets/Kit/Tower Defense/Models/OBJ format/tile-river-corner.obj using Guid(12f6512d8f89ddc4aa679d9867758002) Importer(2089858483,192608db42251d675da83286b1cce702) (ScriptedImporter) -> (artifact id: '713e7ee590090addda98cc70484686eb') in 0.0718301 seconds
Number of updated asset objects reloaded before import = 0Number of asset objects unloaded after import = 11

========================================================================
Received Import Request.
  Time since last request: 0.000039 seconds.
  path: Assets/Kit/DungeonKit/KayKit_DungeonRemastered_1.1_FREE/Assets/fbx/bed_floor.fbx
  artifactKey: Guid(cc749fbafd425264ab7de819cbbb6c1f) Importer(2089858483,192608db42251d675da83286b1cce702)
Start importing Assets/Kit/DungeonKit/KayKit_DungeonRemastered_1.1_FREE/Assets/fbx/bed_floor.fbx using Guid(cc749fbafd425264ab7de819cbbb6c1f) Importer(2089858483,192608db42251d675da83286b1cce702) (ScriptedImporter) -> (artifact id: '206bd5862f5b4f204de9fb0d27c59810') in 0.0687608 seconds
Number of updated asset objects reloaded before import = 0Number of asset objects unloaded after import = 9

========================================================================
Received Import Request.
  Time since last request: 0.000056 seconds.
  path: Assets/Kit/DungeonKit/KayKit_DungeonRemastered_1.1_FREE/Assets/fbx(unity)/trunk_small_B.fbx
  artifactKey: Guid(893c5b0e3769e07459cfa3cabdd1b84b) Importer(2089858483,192608db42251d675da83286b1cce702)
Start importing Assets/Kit/DungeonKit/KayKit_DungeonRemastered_1.1_FREE/Assets/fbx(unity)/trunk_small_B.fbx using Guid(893c5b0e3769e07459cfa3cabdd1b84b) Importer(2089858483,192608db42251d675da83286b1cce702) (ScriptedImporter) -> (artifact id: '934a9c61d945e3529e03b071b993aac2') in 0.0839773 seconds
Number of updated asset objects reloaded before import = 0Number of asset objects unloaded after import = 9

========================================================================
Received Import Request.
  Time since last request: 0.000036 seconds.
  path: Assets/Kit/DungeonKit/KayKit_DungeonRemastered_1.1_FREE/Assets/fbx/floor_dirt_small_D.fbx
  artifactKey: Guid(c5aabc703831e2c4f86574f9b4dd45a2) Importer(2089858483,192608db42251d675da83286b1cce702)
Start importing Assets/Kit/DungeonKit/KayKit_DungeonRemastered_1.1_FREE/Assets/fbx/floor_dirt_small_D.fbx using Guid(c5aabc703831e2c4f86574f9b4dd45a2) Importer(2089858483,192608db42251d675da83286b1cce702) (ScriptedImporter) -> (artifact id: 'eb7d8d00990ac7283524c7e31950b20e') in 0.0695225 seconds
Number of updated asset objects reloaded before import = 0Number of asset objects unloaded after import = 9

========================================================================
Received Import Request.
  Time since last request: 0.000044 seconds.
  path: Assets/Kit/DungeonKit/KayKit_DungeonRemastered_1.1_FREE/Assets/gltf/floor_tile_small.bin
  artifactKey: Guid(e3f23b478460ac142a6659f26103aa11) Importer(2089858483,192608db42251d675da83286b1cce702)
Start importing Assets/Kit/DungeonKit/KayKit_DungeonRemastered_1.1_FREE/Assets/gltf/floor_tile_small.bin using Guid(e3f23b478460ac142a6659f26103aa11) Importer(2089858483,192608db42251d675da83286b1cce702) (ScriptedImporter) -> (artifact id: '0d0f03b41b324d58ede72d9f5e33a2c3') in 0.0327101 seconds
Number of updated asset objects reloaded before import = 0Number of asset objects unloaded after import = 1

========================================================================
Received Import Request.
  Time since last request: 0.000054 seconds.
  path: Assets/Kit/DungeonKit/KayKit_DungeonRemastered_1.1_FREE/Assets/gltf/keyring_hanging.gltf
  artifactKey: Guid(45b53b519b20636489f4253651d0c6cf) Importer(2089858483,192608db42251d675da83286b1cce702)
Start importing Assets/Kit/DungeonKit/KayKit_DungeonRemastered_1.1_FREE/Assets/gltf/keyring_hanging.gltf using Guid(45b53b519b20636489f4253651d0c6cf) Importer(2089858483,192608db42251d675da83286b1cce702) (ScriptedImporter) -> (artifact id: 'ad9019882f1f8c5eadc768feafde6a0a') in 0.031848 seconds
Number of updated asset objects reloaded before import = 0Number of asset objects unloaded after import = 1

========================================================================
Received Import Request.
  Time since last request: 0.000048 seconds.
  path: Assets/Kit/DungeonKit/KayKit_DungeonRemastered_1.1_FREE/Assets/gltf/floor_foundation_allsides.bin
  artifactKey: Guid(e31101c813495744d82a35e26ced029a) Importer(2089858483,192608db42251d675da83286b1cce702)
Start importing Assets/Kit/DungeonKit/KayKit_DungeonRemastered_1.1_FREE/Assets/gltf/floor_foundation_allsides.bin using Guid(e31101c813495744d82a35e26ced029a) Importer(2089858483,192608db42251d675da83286b1cce702) (ScriptedImporter) -> (artifact id: 'df75ec01aa614728d86ce41529492c71') in 0.0339793 seconds
Number of updated asset objects reloaded before import = 0Number of asset objects unloaded after import = 1

========================================================================
Received Import Request.
  Time since last request: 0.000038 seconds.
  path: Assets/Kit/DungeonKit/KayKit_DungeonRemastered_1.1_FREE/Assets/gltf/table_long.gltf
  artifactKey: Guid(0560d2f1d46f80c4fbed1e69140ccafc) Importer(2089858483,192608db42251d675da83286b1cce702)
Start importing Assets/Kit/DungeonKit/KayKit_DungeonRemastered_1.1_FREE/Assets/gltf/table_long.gltf using Guid(0560d2f1d46f80c4fbed1e69140ccafc) Importer(2089858483,192608db42251d675da83286b1cce702) (ScriptedImporter) -> (artifact id: 'b8a16e7984091e2e1652e386e0fb2180') in 0.0328534 seconds
Number of updated asset objects reloaded before import = 0Number of asset objects unloaded after import = 1

========================================================================
Received Import Request.
  Time since last request: 0.000041 seconds.
  path: Assets/Kit/DungeonKit/KayKit_DungeonRemastered_1.1_FREE/Assets/gltf/sword_shield_broken.gltf
  artifactKey: Guid(0d9f643ca3c38ae4f8323a6cde12f6ed) Importer(2089858483,192608db42251d675da83286b1cce702)
Start importing Assets/Kit/DungeonKit/KayKit_DungeonRemastered_1.1_FREE/Assets/gltf/sword_shield_broken.gltf using Guid(0d9f643ca3c38ae4f8323a6cde12f6ed) Importer(2089858483,192608db42251d675da83286b1cce702) (ScriptedImporter) -> (artifact id: '93d84f0040f5e228abace14ad48c85b3') in 0.0377753 seconds
Number of updated asset objects reloaded before import = 0Number of asset objects unloaded after import = 1

========================================================================
Received Import Request.
  Time since last request: 0.000064 seconds.
  path: Assets/Kit/DungeonKit/KayKit_DungeonRemastered_1.1_FREE/Assets/gltf/table_long_tablecloth.gltf
  artifactKey: Guid(4bf581cd092ebfb4fb6ad8d703c3a6b5) Importer(2089858483,192608db42251d675da83286b1cce702)
Start importing Assets/Kit/DungeonKit/KayKit_DungeonRemastered_1.1_FREE/Assets/gltf/table_long_tablecloth.gltf using Guid(4bf581cd092ebfb4fb6ad8d703c3a6b5) Importer(2089858483,192608db42251d675da83286b1cce702) (ScriptedImporter) -> (artifact id: 'a1b8c24b97538df8351fbb2675472fcb') in 0.0294533 seconds
Number of updated asset objects reloaded before import = 0Number of asset objects unloaded after import = 1

========================================================================
Received Import Request.
  Time since last request: 0.000050 seconds.
  path: Assets/Kit/DungeonKit/KayKit_DungeonRemastered_1.1_FREE/Assets/gltf/floor_tile_small_decorated.gltf
  artifactKey: Guid(9f6185b23247af14bb8c808addeea9d6) Importer(2089858483,192608db42251d675da83286b1cce702)
Start importing Assets/Kit/DungeonKit/KayKit_DungeonRemastered_1.1_FREE/Assets/gltf/floor_tile_small_decorated.gltf using Guid(9f6185b23247af14bb8c808addeea9d6) Importer(2089858483,192608db42251d675da83286b1cce702) (ScriptedImporter) -> (artifact id: '436c72138ed95c0100303628d26ba455') in 0.0291164 seconds
Number of updated asset objects reloaded before import = 0Number of asset objects unloaded after import = 1

========================================================================
Received Import Request.
  Time since last request: 0.000036 seconds.
  path: Assets/Kit/DungeonKit/KayKit_DungeonRemastered_1.1_FREE/Assets/gltf/table_long_decorated_A.gltf
  artifactKey: Guid(94108a9a98d8a9648bf30307326b9079) Importer(2089858483,192608db42251d675da83286b1cce702)
Start importing Assets/Kit/DungeonKit/KayKit_DungeonRemastered_1.1_FREE/Assets/gltf/table_long_decorated_A.gltf using Guid(94108a9a98d8a9648bf30307326b9079) Importer(2089858483,192608db42251d675da83286b1cce702) (ScriptedImporter) -> (artifact id: '2a86ced69d6fabf7e2c28e5a05e0c55e') in 0.0308868 seconds
Number of updated asset objects reloaded before import = 0Number of asset objects unloaded after import = 1

========================================================================
Received Import Request.
  Time since last request: 0.000041 seconds.
  path: Assets/Kit/DungeonKit/KayKit_DungeonRemastered_1.1_FREE/Assets/gltf/stairs_long_modular_center.gltf
  artifactKey: Guid(1f869cf0c60148b40ab42c538ffb8f44) Importer(2089858483,192608db42251d675da83286b1cce702)
Start importing Assets/Kit/DungeonKit/KayKit_DungeonRemastered_1.1_FREE/Assets/gltf/stairs_long_modular_center.gltf using Guid(1f869cf0c60148b40ab42c538ffb8f44) Importer(2089858483,192608db42251d675da83286b1cce702) (ScriptedImporter) -> (artifact id: '5ff586bc6a066ae00eac0f4216d1e071') in 0.0317449 seconds
Number of updated asset objects reloaded before import = 0Number of asset objects unloaded after import = 1

========================================================================
Received Import Request.
  Time since last request: 0.000055 seconds.
  path: Assets/Kit/DungeonKit/KayKit_DungeonRemastered_1.1_FREE/Assets/gltf/table_long_decorated_C.gltf
  artifactKey: Guid(d93ea31983ba0934b97407d235765eff) Importer(2089858483,192608db42251d675da83286b1cce702)
Start importing Assets/Kit/DungeonKit/KayKit_DungeonRemastered_1.1_FREE/Assets/gltf/table_long_decorated_C.gltf using Guid(d93ea31983ba0934b97407d235765eff) Importer(2089858483,192608db42251d675da83286b1cce702) (ScriptedImporter) -> (artifact id: '5b44d081bc8a7cff124a5c427b55e4fd') in 0.0278537 seconds
Number of updated asset objects reloaded before import = 0Number of asset objects unloaded after import = 1

========================================================================
Received Import Request.
  Time since last request: 0.000035 seconds.
  path: Assets/Kit/DungeonKit/KayKit_DungeonRemastered_1.1_FREE/Assets/gltf/floor_tile_extralarge_grates_open.gltf
  artifactKey: Guid(bd4859cd6a22ff9408510a5a43440a4d) Importer(2089858483,192608db42251d675da83286b1cce702)
Start importing Assets/Kit/DungeonKit/KayKit_DungeonRemastered_1.1_FREE/Assets/gltf/floor_tile_extralarge_grates_open.gltf using Guid(bd4859cd6a22ff9408510a5a43440a4d) Importer(2089858483,192608db42251d675da83286b1cce702) (ScriptedImporter) -> (artifact id: '99ba49dc2d5988b6b1fc24ad99c0f65f') in 0.0274293 seconds
Number of updated asset objects reloaded before import = 0Number of asset objects unloaded after import = 1

========================================================================
Received Import Request.
  Time since last request: 0.000038 seconds.
  path: Assets/Kit/DungeonKit/KayKit_DungeonRemastered_1.1_FREE/Assets/gltf/sword_shield.bin
  artifactKey: Guid(bbac76d1dbf6de64a8ef40413187957e) Importer(2089858483,192608db42251d675da83286b1cce702)
Start importing Assets/Kit/DungeonKit/KayKit_DungeonRemastered_1.1_FREE/Assets/gltf/sword_shield.bin using Guid(bbac76d1dbf6de64a8ef40413187957e) Importer(2089858483,192608db42251d675da83286b1cce702) (ScriptedImporter) -> (artifact id: 'b68b42d3b8c51036105391cb27b2853b') in 0.0283043 seconds
Number of updated asset objects reloaded before import = 0Number of asset objects unloaded after import = 1

========================================================================
Received Import Request.
  Time since last request: 0.000039 seconds.
  path: Assets/Kit/DungeonKit/KayKit_DungeonRemastered_1.1_FREE/Assets/gltf/keg.bin
  artifactKey: Guid(aa4bab671031ddf46b6e5237d30c257c) Importer(2089858483,192608db42251d675da83286b1cce702)
Start importing Assets/Kit/DungeonKit/KayKit_DungeonRemastered_1.1_FREE/Assets/gltf/keg.bin using Guid(aa4bab671031ddf46b6e5237d30c257c) Importer(2089858483,192608db42251d675da83286b1cce702) (ScriptedImporter) -> (artifact id: 'db9bd88b80662d09482da84975052e3c') in 0.0256071 seconds
Number of updated asset objects reloaded before import = 0Number of asset objects unloaded after import = 1

========================================================================
Received Import Request.
  Time since last request: 0.000055 seconds.
  path: Assets/Kit/DungeonKit/KayKit_DungeonRemastered_1.1_FREE/Assets/gltf/floor_wood_small_dark.gltf
  artifactKey: Guid(cdaf3df1089008c4182c0095aa890ad8) Importer(2089858483,192608db42251d675da83286b1cce702)
Start importing Assets/Kit/DungeonKit/KayKit_DungeonRemastered_1.1_FREE/Assets/gltf/floor_wood_small_dark.gltf using Guid(cdaf3df1089008c4182c0095aa890ad8) Importer(2089858483,192608db42251d675da83286b1cce702) (ScriptedImporter) -> (artifact id: 'cf3d46dbb071bb0800cce530ce6103fd') in 0.0284041 seconds
Number of updated asset objects reloaded before import = 0Number of asset objects unloaded after import = 1

========================================================================
Received Import Request.
  Time since last request: 0.000042 seconds.
  path: Assets/Kit/DungeonKit/KayKit_DungeonRemastered_1.1_FREE/Assets/gltf/floor_dirt_small_weeds.gltf
  artifactKey: Guid(1871bcfab9020664bbf56ca5e95c78f6) Importer(2089858483,192608db42251d675da83286b1cce702)
Start importing Assets/Kit/DungeonKit/KayKit_DungeonRemastered_1.1_FREE/Assets/gltf/floor_dirt_small_weeds.gltf using Guid(1871bcfab9020664bbf56ca5e95c78f6) Importer(2089858483,192608db42251d675da83286b1cce702) (ScriptedImporter) -> (artifact id: 'f2f9f0c5ed808a48f6bdd82046255181') in 0.0282223 seconds
Number of updated asset objects reloaded before import = 0Number of asset objects unloaded after import = 1

========================================================================
Received Import Request.
  Time since last request: 0.000040 seconds.
  path: Assets/Kit/DungeonKit/KayKit_DungeonRemastered_1.1_FREE/Assets/gltf/rubble_half.gltf
  artifactKey: Guid(e4b7e38d0f629a743b1599c36babdf28) Importer(2089858483,192608db42251d675da83286b1cce702)
Start importing Assets/Kit/DungeonKit/KayKit_DungeonRemastered_1.1_FREE/Assets/gltf/rubble_half.gltf using Guid(e4b7e38d0f629a743b1599c36babdf28) Importer(2089858483,192608db42251d675da83286b1cce702) (ScriptedImporter) -> (artifact id: '9d0562739d300bb42f14c9208a4d39cf') in 0.026792 seconds
Number of updated asset objects reloaded before import = 0Number of asset objects unloaded after import = 1

========================================================================
Received Import Request.
  Time since last request: 0.000054 seconds.
  path: Assets/Kit/DungeonKit/KayKit_DungeonRemastered_1.1_FREE/Assets/gltf/stairs_long_modular_left.gltf
  artifactKey: Guid(82137fd8ebc1432468f214bad5e4d66d) Importer(2089858483,192608db42251d675da83286b1cce702)
Start importing Assets/Kit/DungeonKit/KayKit_DungeonRemastered_1.1_FREE/Assets/gltf/stairs_long_modular_left.gltf using Guid(82137fd8ebc1432468f214bad5e4d66d) Importer(2089858483,192608db42251d675da83286b1cce702) (ScriptedImporter) -> (artifact id: '424313a8598e2ffb45a156287ff848ea') in 0.0234162 seconds
Number of updated asset objects reloaded before import = 0Number of asset objects unloaded after import = 1

========================================================================
Received Import Request.
  Time since last request: 0.000073 seconds.
  path: Assets/Kit/DungeonKit/KayKit_DungeonRemastered_1.1_FREE/Assets/gltf/shelf_small.gltf
  artifactKey: Guid(5fb1231f046b93543a422db561692476) Importer(2089858483,192608db42251d675da83286b1cce702)
Start importing Assets/Kit/DungeonKit/KayKit_DungeonRemastered_1.1_FREE/Assets/gltf/shelf_small.gltf using Guid(5fb1231f046b93543a422db561692476) Importer(2089858483,192608db42251d675da83286b1cce702) (ScriptedImporter) -> (artifact id: '6116884eef7a7a4c5b49bb490390b27c') in 0.0258018 seconds
Number of updated asset objects reloaded before import = 0Number of asset objects unloaded after import = 1

========================================================================
Received Import Request.
  Time since last request: 0.000037 seconds.
  path: Assets/Kit/DungeonKit/KayKit_DungeonRemastered_1.1_FREE/Assets/gltf/stairs_narrow.bin
  artifactKey: Guid(4e9fb8f833452f94b9fd57c58b9e9861) Importer(2089858483,192608db42251d675da83286b1cce702)
Start importing Assets/Kit/DungeonKit/KayKit_DungeonRemastered_1.1_FREE/Assets/gltf/stairs_narrow.bin using Guid(4e9fb8f833452f94b9fd57c58b9e9861) Importer(2089858483,192608db42251d675da83286b1cce702) (ScriptedImporter) -> (artifact id: 'd4ca51dadc91f7a8adb73b1c9aa41892') in 0.0315943 seconds
Number of updated asset objects reloaded before import = 0Number of asset objects unloaded after import = 1

========================================================================
Received Import Request.
  Time since last request: 0.000036 seconds.
  path: Assets/Kit/DungeonKit/KayKit_DungeonRemastered_1.1_FREE/Assets/gltf/floor_foundation_allsides.gltf
  artifactKey: Guid(2223d94f61d46f544bb21dbd84e3b15d) Importer(2089858483,192608db42251d675da83286b1cce702)
Start importing Assets/Kit/DungeonKit/KayKit_DungeonRemastered_1.1_FREE/Assets/gltf/floor_foundation_allsides.gltf using Guid(2223d94f61d46f544bb21dbd84e3b15d) Importer(2089858483,192608db42251d675da83286b1cce702) (ScriptedImporter) -> (artifact id: '02bfc6395ac5d063ad353ba1c0135ee1') in 0.029873 seconds
Number of updated asset objects reloaded before import = 0Number of asset objects unloaded after import = 1

========================================================================
Received Import Request.
  Time since last request: 0.000037 seconds.
  path: Assets/Kit/DungeonKit/KayKit_DungeonRemastered_1.1_FREE/Assets/gltf/keyring.bin
  artifactKey: Guid(aa9de66681c39fe48b20363aa9864cf3) Importer(2089858483,192608db42251d675da83286b1cce702)
Start importing Assets/Kit/DungeonKit/KayKit_DungeonRemastered_1.1_FREE/Assets/gltf/keyring.bin using Guid(aa9de66681c39fe48b20363aa9864cf3) Importer(2089858483,192608db42251d675da83286b1cce702) (ScriptedImporter) -> (artifact id: 'd1e09a3b9b35829723cd92a8c346fefe') in 0.0240304 seconds
Number of updated asset objects reloaded before import = 0Number of asset objects unloaded after import = 1

========================================================================
Received Import Request.
  Time since last request: 0.000061 seconds.
  path: Assets/Kit/DungeonKit/KayKit_DungeonRemastered_1.1_FREE/Assets/gltf/stairs_wood_decorated.gltf
  artifactKey: Guid(10269f5504ba26742ab85a664fe74cb7) Importer(2089858483,192608db42251d675da83286b1cce702)
Start importing Assets/Kit/DungeonKit/KayKit_DungeonRemastered_1.1_FREE/Assets/gltf/stairs_wood_decorated.gltf using Guid(10269f5504ba26742ab85a664fe74cb7) Importer(2089858483,192608db42251d675da83286b1cce702) (ScriptedImporter) -> (artifact id: 'fd7fb2f91f6c560266f65b03328035c1') in 0.0317407 seconds
Number of updated asset objects reloaded before import = 0Number of asset objects unloaded after import = 1

========================================================================
Received Import Request.
  Time since last request: 0.000051 seconds.
  path: Assets/Kit/DungeonKit/KayKit_DungeonRemastered_1.1_FREE/Assets/gltf/floor_foundation_corner.bin
  artifactKey: Guid(c23da5f8625781148950e0255ba1f65f) Importer(2089858483,192608db42251d675da83286b1cce702)
Start importing Assets/Kit/DungeonKit/KayKit_DungeonRemastered_1.1_FREE/Assets/gltf/floor_foundation_corner.bin using Guid(c23da5f8625781148950e0255ba1f65f) Importer(2089858483,192608db42251d675da83286b1cce702) (ScriptedImporter) -> (artifact id: '757d62885355b868eb56d887e0a75627') in 0.0305344 seconds
Number of updated asset objects reloaded before import = 0Number of asset objects unloaded after import = 1

========================================================================
Received Import Request.
  Time since last request: 0.000043 seconds.
  path: Assets/Kit/DungeonKit/KayKit_DungeonRemastered_1.1_FREE/Assets/gltf/floor_tile_small_broken_B.gltf
  artifactKey: Guid(d1deef565013e66419acefe8a1549bc7) Importer(2089858483,192608db42251d675da83286b1cce702)
Start importing Assets/Kit/DungeonKit/KayKit_DungeonRemastered_1.1_FREE/Assets/gltf/floor_tile_small_broken_B.gltf using Guid(d1deef565013e66419acefe8a1549bc7) Importer(2089858483,192608db42251d675da83286b1cce702) (ScriptedImporter) -> (artifact id: '2c60627013f6a645466a471aca1f83f5') in 0.0312802 seconds
Number of updated asset objects reloaded before import = 0Number of asset objects unloaded after import = 1

========================================================================
Received Import Request.
  Time since last request: 0.000059 seconds.
  path: Assets/Kit/DungeonKit/KayKit_DungeonRemastered_1.1_FREE/Assets/gltf/floor_tile_grate.gltf
  artifactKey: Guid(c2979036582bc5a4994858eb8b8ef645) Importer(2089858483,192608db42251d675da83286b1cce702)
Start importing Assets/Kit/DungeonKit/KayKit_DungeonRemastered_1.1_FREE/Assets/gltf/floor_tile_grate.gltf using Guid(c2979036582bc5a4994858eb8b8ef645) Importer(2089858483,192608db42251d675da83286b1cce702) (ScriptedImporter) -> (artifact id: 'af73552164b2323ba1a34f828f3e14df') in 0.0290971 seconds
Number of updated asset objects reloaded before import = 0Number of asset objects unloaded after import = 1

========================================================================
Received Import Request.
  Time since last request: 0.000038 seconds.
  path: Assets/Kit/DungeonKit/KayKit_DungeonRemastered_1.1_FREE/Assets/gltf/floor_tile_small.gltf
  artifactKey: Guid(5cbf5babef04957428677ee8f6449100) Importer(2089858483,192608db42251d675da83286b1cce702)
Start importing Assets/Kit/DungeonKit/KayKit_DungeonRemastered_1.1_FREE/Assets/gltf/floor_tile_small.gltf using Guid(5cbf5babef04957428677ee8f6449100) Importer(2089858483,192608db42251d675da83286b1cce702) (ScriptedImporter) -> (artifact id: 'f278a10d014143d4faf1547f9b60c2ae') in 0.0308892 seconds
Number of updated asset objects reloaded before import = 0Number of asset objects unloaded after import = 1

========================================================================
Received Import Request.
  Time since last request: 0.000061 seconds.
  path: Assets/Kit/DungeonKit/KayKit_DungeonRemastered_1.1_FREE/Assets/gltf/floor_tile_large.bin
  artifactKey: Guid(8c727392344649845a67268f0088c336) Importer(2089858483,192608db42251d675da83286b1cce702)
Start importing Assets/Kit/DungeonKit/KayKit_DungeonRemastered_1.1_FREE/Assets/gltf/floor_tile_large.bin using Guid(8c727392344649845a67268f0088c336) Importer(2089858483,192608db42251d675da83286b1cce702) (ScriptedImporter) -> (artifact id: '653d805cb58835cd4b8355c497eec82a') in 0.0368897 seconds
Number of updated asset objects reloaded before import = 0Number of asset objects unloaded after import = 1

========================================================================
Received Import Request.
  Time since last request: 0.000074 seconds.
  path: Assets/Kit/DungeonKit/KayKit_DungeonRemastered_1.1_FREE/Assets/gltf/stairs_wood_decorated.bin
  artifactKey: Guid(d527115d2d04553419962ab71f4abc20) Importer(2089858483,192608db42251d675da83286b1cce702)
Start importing Assets/Kit/DungeonKit/KayKit_DungeonRemastered_1.1_FREE/Assets/gltf/stairs_wood_decorated.bin using Guid(d527115d2d04553419962ab71f4abc20) Importer(2089858483,192608db42251d675da83286b1cce702) (ScriptedImporter) -> (artifact id: '2b3a82a646a7818b4f10f08b05fe9b01') in 0.0302137 seconds
Number of updated asset objects reloaded before import = 0Number of asset objects unloaded after import = 1

========================================================================
Received Import Request.
  Time since last request: 0.000055 seconds.
  path: Assets/Kit/DungeonKit/KayKit_DungeonRemastered_1.1_FREE/Assets/gltf/floor_tile_big_grate_open.bin
  artifactKey: Guid(7d200634729e68a4ca2ec79bd64a5ecb) Importer(2089858483,192608db42251d675da83286b1cce702)
Start importing Assets/Kit/DungeonKit/KayKit_DungeonRemastered_1.1_FREE/Assets/gltf/floor_tile_big_grate_open.bin using Guid(7d200634729e68a4ca2ec79bd64a5ecb) Importer(2089858483,192608db42251d675da83286b1cce702) (ScriptedImporter) -> (artifact id: '534e124dad721b48f9a080374c9aa93c') in 0.0396146 seconds
Number of updated asset objects reloaded before import = 0Number of asset objects unloaded after import = 1

========================================================================
Received Import Request.
  Time since last request: 0.115162 seconds.
  path: Assets/Kit/DungeonKit/KayKit_DungeonRemastered_1.1_FREE/Assets/gltf/table_long_tablecloth_decorated_A.bin
  artifactKey: Guid(64517ed0fc269d84b8539f511be5b302) Importer(2089858483,192608db42251d675da83286b1cce702)
Start importing Assets/Kit/DungeonKit/KayKit_DungeonRemastered_1.1_FREE/Assets/gltf/table_long_tablecloth_decorated_A.bin using Guid(64517ed0fc269d84b8539f511be5b302) Importer(2089858483,192608db42251d675da83286b1cce702) (ScriptedImporter) -> (artifact id: '618a0f4c8cf41c4806973c4af51983c3') in 0.0266296 seconds
Number of updated asset objects reloaded before import = 0Number of asset objects unloaded after import = 1

========================================================================
Received Import Request.
  Time since last request: 0.000034 seconds.
  path: Assets/Kit/DungeonKit/KayKit_DungeonRemastered_1.1_FREE/Assets/gltf/wall_window_closed.gltf
  artifactKey: Guid(88b37254806bf82478b2e2938066fd75) Importer(2089858483,192608db42251d675da83286b1cce702)
Start importing Assets/Kit/DungeonKit/KayKit_DungeonRemastered_1.1_FREE/Assets/gltf/wall_window_closed.gltf using Guid(88b37254806bf82478b2e2938066fd75) Importer(2089858483,192608db42251d675da83286b1cce702) (ScriptedImporter) -> (artifact id: 'cc99b3fadcfc3be0be175eb42c6425db') in 0.0323638 seconds
Number of updated asset objects reloaded before import = 0Number of asset objects unloaded after import = 1

========================================================================
Received Import Request.
  Time since last request: 0.000038 seconds.
  path: Assets/Kit/DungeonKit/KayKit_DungeonRemastered_1.1_FREE/Assets/gltf/table_medium_tablecloth.gltf
  artifactKey: Guid(03fe8aa21cd35e24387601cee4f59aa9) Importer(2089858483,192608db42251d675da83286b1cce702)
Start importing Assets/Kit/DungeonKit/KayKit_DungeonRemastered_1.1_FREE/Assets/gltf/table_medium_tablecloth.gltf using Guid(03fe8aa21cd35e24387601cee4f59aa9) Importer(2089858483,192608db42251d675da83286b1cce702) (ScriptedImporter) -> (artifact id: 'b41d162a03e9f5acf35214696ddb5bed') in 0.0286591 seconds
Number of updated asset objects reloaded before import = 0Number of asset objects unloaded after import = 1

========================================================================
Received Import Request.
  Time since last request: 0.000063 seconds.
  path: Assets/Kit/DungeonKit/KayKit_DungeonRemastered_1.1_FREE/Assets/gltf/wall_arched.bin
  artifactKey: Guid(06d18cf61e3587040ac700cb214bc4f7) Importer(2089858483,192608db42251d675da83286b1cce702)
Start importing Assets/Kit/DungeonKit/KayKit_DungeonRemastered_1.1_FREE/Assets/gltf/wall_arched.bin using Guid(06d18cf61e3587040ac700cb214bc4f7) Importer(2089858483,192608db42251d675da83286b1cce702) (ScriptedImporter) -> (artifact id: '2b1f8b3c87a1e549332766fd5df39023') in 0.0314896 seconds
Number of updated asset objects reloaded before import = 0Number of asset objects unloaded after import = 1

========================================================================
Received Import Request.
  Time since last request: 0.000037 seconds.
  path: Assets/Kit/DungeonKit/KayKit_DungeonRemastered_1.1_FREE/Assets/gltf/trunk_small_B.gltf
  artifactKey: Guid(afd49f41e93646245a12fbd6240bb452) Importer(2089858483,192608db42251d675da83286b1cce702)
Start importing Assets/Kit/DungeonKit/KayKit_DungeonRemastered_1.1_FREE/Assets/gltf/trunk_small_B.gltf using Guid(afd49f41e93646245a12fbd6240bb452) Importer(2089858483,192608db42251d675da83286b1cce702) (ScriptedImporter) -> (artifact id: '0d8c4bb4d97c55b939cbb25bb5f726af') in 0.0271788 seconds
Number of updated asset objects reloaded before import = 0Number of asset objects unloaded after import = 1

========================================================================
Received Import Request.
  Time since last request: 0.000055 seconds.
  path: Assets/Kit/DungeonKit/KayKit_DungeonRemastered_1.1_FREE/Assets/obj/banner_patternA_blue.mtl
  artifactKey: Guid(fb9c7eb696ac9d641a0588fd66f36237) Importer(2089858483,192608db42251d675da83286b1cce702)
Start importing Assets/Kit/DungeonKit/KayKit_DungeonRemastered_1.1_FREE/Assets/obj/banner_patternA_blue.mtl using Guid(fb9c7eb696ac9d641a0588fd66f36237) Importer(2089858483,192608db42251d675da83286b1cce702) (ScriptedImporter) -> (artifact id: '452aca4aa593a4e3fba26fc4d84e9bae') in 0.0309151 seconds
Number of updated asset objects reloaded before import = 0Number of asset objects unloaded after import = 1

========================================================================
Received Import Request.
  Time since last request: 0.000050 seconds.
  path: Assets/Kit/DungeonKit/KayKit_DungeonRemastered_1.1_FREE/Assets/gltf/wall_broken.bin
  artifactKey: Guid(bdc80760b22565946b006fbc89658f2c) Importer(2089858483,192608db42251d675da83286b1cce702)
Start importing Assets/Kit/DungeonKit/KayKit_DungeonRemastered_1.1_FREE/Assets/gltf/wall_broken.bin using Guid(bdc80760b22565946b006fbc89658f2c) Importer(2089858483,192608db42251d675da83286b1cce702) (ScriptedImporter) -> (artifact id: '3f7adc37e7ff0c13dd7fde3718275713') in 0.0273436 seconds
Number of updated asset objects reloaded before import = 0Number of asset objects unloaded after import = 1

========================================================================
Received Import Request.
  Time since last request: 0.000060 seconds.
  path: Assets/Kit/DungeonKit/KayKit_DungeonRemastered_1.1_FREE/Assets/gltf/wall_endcap.gltf
  artifactKey: Guid(0ed8c6db4ee696b429a0b480f6fbccd1) Importer(2089858483,192608db42251d675da83286b1cce702)
Start importing Assets/Kit/DungeonKit/KayKit_DungeonRemastered_1.1_FREE/Assets/gltf/wall_endcap.gltf using Guid(0ed8c6db4ee696b429a0b480f6fbccd1) Importer(2089858483,192608db42251d675da83286b1cce702) (ScriptedImporter) -> (artifact id: '279c5158e0495f4f5c163743879c103f') in 0.0287376 seconds
Number of updated asset objects reloaded before import = 0Number of asset objects unloaded after import = 1

========================================================================
Received Import Request.
  Time since last request: 0.000046 seconds.
  path: Assets/Kit/DungeonKit/KayKit_DungeonRemastered_1.1_FREE/Assets/obj/banner_patternC_green.mtl
  artifactKey: Guid(19a1423c4b7487741b613d924bd3d244) Importer(2089858483,192608db42251d675da83286b1cce702)
Start importing Assets/Kit/DungeonKit/KayKit_DungeonRemastered_1.1_FREE/Assets/obj/banner_patternC_green.mtl using Guid(19a1423c4b7487741b613d924bd3d244) Importer(2089858483,192608db42251d675da83286b1cce702) (ScriptedImporter) -> (artifact id: 'd5405a81aecf4f79facf8e080ad7272d') in 0.0304089 seconds
Number of updated asset objects reloaded before import = 0Number of asset objects unloaded after import = 1

========================================================================
Received Import Request.
  Time since last request: 0.000046 seconds.
  path: Assets/Kit/DungeonKit/KayKit_DungeonRemastered_1.1_FREE/Assets/gltf/trunk_small_C.gltf
  artifactKey: Guid(c07d27894f8fda14bb751ad7f380f05e) Importer(2089858483,192608db42251d675da83286b1cce702)
Start importing Assets/Kit/DungeonKit/KayKit_DungeonRemastered_1.1_FREE/Assets/gltf/trunk_small_C.gltf using Guid(c07d27894f8fda14bb751ad7f380f05e) Importer(2089858483,192608db42251d675da83286b1cce702) (ScriptedImporter) -> (artifact id: 'b3e7ad6a0053cd2918a978a401ac5bc6') in 0.0310396 seconds
Number of updated asset objects reloaded before import = 0Number of asset objects unloaded after import = 1

========================================================================
Received Import Request.
  Time since last request: 0.000053 seconds.
  path: Assets/Kit/DungeonKit/KayKit_DungeonRemastered_1.1_FREE/Assets/gltf/wall_arched.gltf
  artifactKey: Guid(d8d4cbf77eb737e4ea2bcc5df84a9353) Importer(2089858483,192608db42251d675da83286b1cce702)
Start importing Assets/Kit/DungeonKit/KayKit_DungeonRemastered_1.1_FREE/Assets/gltf/wall_arched.gltf using Guid(d8d4cbf77eb737e4ea2bcc5df84a9353) Importer(2089858483,192608db42251d675da83286b1cce702) (ScriptedImporter) -> (artifact id: '3a3b7dab3c8d33fe3db753842d452710') in 0.0278154 seconds
Number of updated asset objects reloaded before import = 0Number of asset objects unloaded after import = 1

========================================================================
Received Import Request.
  Time since last request: 0.000054 seconds.
  path: Assets/Kit/DungeonKit/KayKit_DungeonRemastered_1.1_FREE/Assets/gltf/torch_lit.bin
  artifactKey: Guid(fc94d16850fcd6445b890b63a4e7dc0b) Importer(2089858483,192608db42251d675da83286b1cce702)
Start importing Assets/Kit/DungeonKit/KayKit_DungeonRemastered_1.1_FREE/Assets/gltf/torch_lit.bin using Guid(fc94d16850fcd6445b890b63a4e7dc0b) Importer(2089858483,192608db42251d675da83286b1cce702) (ScriptedImporter) -> (artifact id: 'd1ca90151bf48349532cd9180ccf7662') in 0.0317022 seconds
Number of updated asset objects reloaded before import = 0Number of asset objects unloaded after import = 1

========================================================================
Received Import Request.
  Time since last request: 0.000040 seconds.
  path: Assets/Kit/DungeonKit/KayKit_DungeonRemastered_1.1_FREE/Assets/gltf/wall_sloped.gltf
  artifactKey: Guid(c746b9d3b4ec6104db8a334ae92fff25) Importer(2089858483,192608db42251d675da83286b1cce702)
Start importing Assets/Kit/DungeonKit/KayKit_DungeonRemastered_1.1_FREE/Assets/gltf/wall_sloped.gltf using Guid(c746b9d3b4ec6104db8a334ae92fff25) Importer(2089858483,192608db42251d675da83286b1cce702) (ScriptedImporter) -> (artifact id: '3bed19521c20428592d5e9a2e257876f') in 0.0299253 seconds
Number of updated asset objects reloaded before import = 0Number of asset objects unloaded after import = 1

========================================================================
Received Import Request.
  Time since last request: 0.000040 seconds.
  path: Assets/Kit/DungeonKit/KayKit_DungeonRemastered_1.1_FREE/Assets/gltf/wall_Tsplit.gltf
  artifactKey: Guid(78823dbe3d3d7e3448cee540060114b4) Importer(2089858483,192608db42251d675da83286b1cce702)
Start importing Assets/Kit/DungeonKit/KayKit_DungeonRemastered_1.1_FREE/Assets/gltf/wall_Tsplit.gltf using Guid(78823dbe3d3d7e3448cee540060114b4) Importer(2089858483,192608db42251d675da83286b1cce702) (ScriptedImporter) -> (artifact id: '74d3c99330e9e9856084e43cc43e455f') in 0.028626 seconds
Number of updated asset objects reloaded before import = 0Number of asset objects unloaded after import = 1

========================================================================
Received Import Request.
  Time since last request: 0.000042 seconds.
  path: Assets/Kit/DungeonKit/KayKit_DungeonRemastered_1.1_FREE/Assets/gltf/wall_half.gltf
  artifactKey: Guid(8a2f913fb5fdda840b69b0ef0808877c) Importer(2089858483,192608db42251d675da83286b1cce702)
Start importing Assets/Kit/DungeonKit/KayKit_DungeonRemastered_1.1_FREE/Assets/gltf/wall_half.gltf using Guid(8a2f913fb5fdda840b69b0ef0808877c) Importer(2089858483,192608db42251d675da83286b1cce702) (ScriptedImporter) -> (artifact id: '18b03172216b2d9b1b81ba8e4ef8c751') in 0.0272028 seconds
Number of updated asset objects reloaded before import = 0Number of asset objects unloaded after import = 1

========================================================================
Received Import Request.
  Time since last request: 0.000048 seconds.
  path: Assets/Kit/DungeonKit/KayKit_DungeonRemastered_1.1_FREE/Assets/gltf/wall_crossing.bin
  artifactKey: Guid(4d7795724a19dad46b0e76b2a03028fd) Importer(2089858483,192608db42251d675da83286b1cce702)
Start importing Assets/Kit/DungeonKit/KayKit_DungeonRemastered_1.1_FREE/Assets/gltf/wall_crossing.bin using Guid(4d7795724a19dad46b0e76b2a03028fd) Importer(2089858483,192608db42251d675da83286b1cce702) (ScriptedImporter) -> (artifact id: '3a2e5e9100e851f64c60a331499ea0c7') in 0.0236243 seconds
Number of updated asset objects reloaded before import = 0Number of asset objects unloaded after import = 1

========================================================================
Received Import Request.
  Time since last request: 0.000031 seconds.
  path: Assets/Kit/DungeonKit/KayKit_DungeonRemastered_1.1_FREE/Assets/gltf/trunk_large_B.gltf
  artifactKey: Guid(f832730bc98155344aad2a1801a9021f) Importer(2089858483,192608db42251d675da83286b1cce702)
Start importing Assets/Kit/DungeonKit/KayKit_DungeonRemastered_1.1_FREE/Assets/gltf/trunk_large_B.gltf using Guid(f832730bc98155344aad2a1801a9021f) Importer(2089858483,192608db42251d675da83286b1cce702) (ScriptedImporter) -> (artifact id: 'c43089bde135ceb8dd5085315079d78c') in 0.0244048 seconds
Number of updated asset objects reloaded before import = 0Number of asset objects unloaded after import = 1

========================================================================
Received Import Request.
  Time since last request: 0.000031 seconds.
  path: Assets/Kit/DungeonKit/KayKit_DungeonRemastered_1.1_FREE/Assets/gltf/wall_window_closed_scaffold.gltf
  artifactKey: Guid(bc6c38c69de685447b06cfbe7d12860f) Importer(2089858483,192608db42251d675da83286b1cce702)
Start importing Assets/Kit/DungeonKit/KayKit_DungeonRemastered_1.1_FREE/Assets/gltf/wall_window_closed_scaffold.gltf using Guid(bc6c38c69de685447b06cfbe7d12860f) Importer(2089858483,192608db42251d675da83286b1cce702) (ScriptedImporter) -> (artifact id: '948a0a5df70d4e360d3cec346c3eea15') in 0.0253672 seconds
Number of updated asset objects reloaded before import = 0Number of asset objects unloaded after import = 1

========================================================================
Received Import Request.
  Time since last request: 0.000036 seconds.
  path: Assets/Kit/DungeonKit/KayKit_DungeonRemastered_1.1_FREE/Assets/gltf/wall_open_scaffold.bin
  artifactKey: Guid(9861b88a913a94a4fb61e1a8211184b6) Importer(2089858483,192608db42251d675da83286b1cce702)
Start importing Assets/Kit/DungeonKit/KayKit_DungeonRemastered_1.1_FREE/Assets/gltf/wall_open_scaffold.bin using Guid(9861b88a913a94a4fb61e1a8211184b6) Importer(2089858483,192608db42251d675da83286b1cce702) (ScriptedImporter) -> (artifact id: '894c05cc33df999c8e2e90e5d40d2f76') in 0.0257991 seconds
Number of updated asset objects reloaded before import = 0Number of asset objects unloaded after import = 1

========================================================================
Received Import Request.
  Time since last request: 0.000048 seconds.
  path: Assets/Kit/DungeonKit/KayKit_DungeonRemastered_1.1_FREE/Assets/obj/banner_patternA_red.obj
  artifactKey: Guid(31fea439053bf124cbf9646539bfa004) Importer(2089858483,192608db42251d675da83286b1cce702)
Start importing Assets/Kit/DungeonKit/KayKit_DungeonRemastered_1.1_FREE/Assets/obj/banner_patternA_red.obj using Guid(31fea439053bf124cbf9646539bfa004) Importer(2089858483,192608db42251d675da83286b1cce702) (ScriptedImporter) -> (artifact id: '9e8c3f59071c99061f014953ec40c30a') in 0.0726994 seconds
Number of updated asset objects reloaded before import = 0Number of asset objects unloaded after import = 11

========================================================================
Received Import Request.
  Time since last request: 0.000032 seconds.
  path: Assets/Kit/DungeonKit/KayKit_DungeonRemastered_1.1_FREE/Assets/obj/banner_brown.obj
  artifactKey: Guid(6d8612c4cde5d2c4582904f8c086c078) Importer(2089858483,192608db42251d675da83286b1cce702)
Start importing Assets/Kit/DungeonKit/KayKit_DungeonRemastered_1.1_FREE/Assets/obj/banner_brown.obj using Guid(6d8612c4cde5d2c4582904f8c086c078) Importer(2089858483,192608db42251d675da83286b1cce702) (ScriptedImporter) -> (artifact id: 'b45b30e568a4d89f6d8f6f1dbdb53ab5') in 0.0660045 seconds
Number of updated asset objects reloaded before import = 0Number of asset objects unloaded after import = 11

========================================================================
Received Import Request.
  Time since last request: 0.000052 seconds.
  path: Assets/Kit/DungeonKit/KayKit_DungeonRemastered_1.1_FREE/Assets/gltf/wall_corner_gated.gltf
  artifactKey: Guid(f6ce15f6284acda429c5e5e107268d8d) Importer(2089858483,192608db42251d675da83286b1cce702)
Start importing Assets/Kit/DungeonKit/KayKit_DungeonRemastered_1.1_FREE/Assets/gltf/wall_corner_gated.gltf using Guid(f6ce15f6284acda429c5e5e107268d8d) Importer(2089858483,192608db42251d675da83286b1cce702) (ScriptedImporter) -> (artifact id: '182959f3651410904b704ffcf5877e52') in 0.0324308 seconds
Number of updated asset objects reloaded before import = 0Number of asset objects unloaded after import = 1

========================================================================
Received Import Request.
  Time since last request: 0.000085 seconds.
  path: Assets/Kit/DungeonKit/KayKit_DungeonRemastered_1.1_FREE/Assets/gltf/table_small_decorated_B.bin
  artifactKey: Guid(8c63ef6d4577c644ebd986c6ea6135cd) Importer(2089858483,192608db42251d675da83286b1cce702)
Start importing Assets/Kit/DungeonKit/KayKit_DungeonRemastered_1.1_FREE/Assets/gltf/table_small_decorated_B.bin using Guid(8c63ef6d4577c644ebd986c6ea6135cd) Importer(2089858483,192608db42251d675da83286b1cce702) (ScriptedImporter) -> (artifact id: '7e22991c4d5634cc8fc5a34048d07350') in 0.0297508 seconds
Number of updated asset objects reloaded before import = 0Number of asset objects unloaded after import = 1

========================================================================
Received Import Request.
  Time since last request: 0.000036 seconds.
  path: Assets/Kit/DungeonKit/KayKit_DungeonRemastered_1.1_FREE/Assets/gltf/wall_window_open.gltf
  artifactKey: Guid(6458fdec668149843af92ef3399c583a) Importer(2089858483,192608db42251d675da83286b1cce702)
Start importing Assets/Kit/DungeonKit/KayKit_DungeonRemastered_1.1_FREE/Assets/gltf/wall_window_open.gltf using Guid(6458fdec668149843af92ef3399c583a) Importer(2089858483,192608db42251d675da83286b1cce702) (ScriptedImporter) -> (artifact id: '34f9c3e7ab132c63b382cce8f4dd87e9') in 0.0287672 seconds
Number of updated asset objects reloaded before import = 0Number of asset objects unloaded after import = 1

========================================================================
Received Import Request.
  Time since last request: 0.000035 seconds.
  path: Assets/Kit/DungeonKit/KayKit_DungeonRemastered_1.1_FREE/Assets/gltf/wall_endcap.bin
  artifactKey: Guid(bf4abc5ef19949744aab9b4ba4a2027a) Importer(2089858483,192608db42251d675da83286b1cce702)
Start importing Assets/Kit/DungeonKit/KayKit_DungeonRemastered_1.1_FREE/Assets/gltf/wall_endcap.bin using Guid(bf4abc5ef19949744aab9b4ba4a2027a) Importer(2089858483,192608db42251d675da83286b1cce702) (ScriptedImporter) -> (artifact id: '57a6287a449e4503d69965ef1c2926f1') in 0.0227907 seconds
Number of updated asset objects reloaded before import = 0Number of asset objects unloaded after import = 1

========================================================================
Received Import Request.
  Time since last request: 0.000060 seconds.
  path: Assets/Kit/DungeonKit/KayKit_DungeonRemastered_1.1_FREE/Assets/gltf/wall_doorway_Tsplit.gltf
  artifactKey: Guid(432abe3332ab6a346b6eac2163c621d8) Importer(2089858483,192608db42251d675da83286b1cce702)
Start importing Assets/Kit/DungeonKit/KayKit_DungeonRemastered_1.1_FREE/Assets/gltf/wall_doorway_Tsplit.gltf using Guid(432abe3332ab6a346b6eac2163c621d8) Importer(2089858483,192608db42251d675da83286b1cce702) (ScriptedImporter) -> (artifact id: '417d31ba5a44be2be5cd89795f5bd568') in 0.0257921 seconds
Number of updated asset objects reloaded before import = 0Number of asset objects unloaded after import = 1

========================================================================
Received Import Request.
  Time since last request: 0.000051 seconds.
  path: Assets/Kit/DungeonKit/KayKit_DungeonRemastered_1.1_FREE/Assets/gltf/table_small_decorated_B.gltf
  artifactKey: Guid(71d1b3a55639c9947b077b1773c964fe) Importer(2089858483,192608db42251d675da83286b1cce702)
Start importing Assets/Kit/DungeonKit/KayKit_DungeonRemastered_1.1_FREE/Assets/gltf/table_small_decorated_B.gltf using Guid(71d1b3a55639c9947b077b1773c964fe) Importer(2089858483,192608db42251d675da83286b1cce702) (ScriptedImporter) -> (artifact id: '36ad9629d3e680496586e9be0424a774') in 0.0254321 seconds
Number of updated asset objects reloaded before import = 0Number of asset objects unloaded after import = 1

========================================================================
Received Import Request.
  Time since last request: 0.000040 seconds.
  path: Assets/Kit/DungeonKit/KayKit_DungeonRemastered_1.1_FREE/Assets/gltf/wall_pillar.gltf
  artifactKey: Guid(e4658b2a46f5b0344857b205d2d8a470) Importer(2089858483,192608db42251d675da83286b1cce702)
Start importing Assets/Kit/DungeonKit/KayKit_DungeonRemastered_1.1_FREE/Assets/gltf/wall_pillar.gltf using Guid(e4658b2a46f5b0344857b205d2d8a470) Importer(2089858483,192608db42251d675da83286b1cce702) (ScriptedImporter) -> (artifact id: '40b3c56de5b31e48745b1e89b67889af') in 0.0287889 seconds
Number of updated asset objects reloaded before import = 0Number of asset objects unloaded after import = 1

========================================================================
Received Import Request.
  Time since last request: 0.000050 seconds.
  path: Assets/Kit/DungeonKit/KayKit_DungeonRemastered_1.1_FREE/Assets/gltf/wall_archedwindow_open.gltf
  artifactKey: Guid(f399e10bc138bce4b91df823b45510e6) Importer(2089858483,192608db42251d675da83286b1cce702)
Start importing Assets/Kit/DungeonKit/KayKit_DungeonRemastered_1.1_FREE/Assets/gltf/wall_archedwindow_open.gltf using Guid(f399e10bc138bce4b91df823b45510e6) Importer(2089858483,192608db42251d675da83286b1cce702) (ScriptedImporter) -> (artifact id: 'e8e9e2025bd9df15f51086389e9bdec7') in 0.0289939 seconds
Number of updated asset objects reloaded before import = 0Number of asset objects unloaded after import = 1

========================================================================
Received Import Request.
  Time since last request: 0.000039 seconds.
  path: Assets/Kit/DungeonKit/KayKit_DungeonRemastered_1.1_FREE/Assets/obj/banner_patternB_yellow.mtl
  artifactKey: Guid(88aff39922a74f146acfab26ec10379f) Importer(2089858483,192608db42251d675da83286b1cce702)
Start importing Assets/Kit/DungeonKit/KayKit_DungeonRemastered_1.1_FREE/Assets/obj/banner_patternB_yellow.mtl using Guid(88aff39922a74f146acfab26ec10379f) Importer(2089858483,192608db42251d675da83286b1cce702) (ScriptedImporter) -> (artifact id: '1fa9d34e81201e5eec60b8f75e3280a1') in 0.0320535 seconds
Number of updated asset objects reloaded before import = 0Number of asset objects unloaded after import = 1

========================================================================
Received Import Request.
  Time since last request: 0.000051 seconds.
  path: Assets/Kit/DungeonKit/KayKit_DungeonRemastered_1.1_FREE/Assets/obj/banner_shield_green.obj
  artifactKey: Guid(00b783525b2b19a49bb5d7f4e1201eec) Importer(2089858483,192608db42251d675da83286b1cce702)
Start importing Assets/Kit/DungeonKit/KayKit_DungeonRemastered_1.1_FREE/Assets/obj/banner_shield_green.obj using Guid(00b783525b2b19a49bb5d7f4e1201eec) Importer(2089858483,192608db42251d675da83286b1cce702) (ScriptedImporter) -> (artifact id: 'cd6a6529504ed11b29589a4933e18312') in 0.0585722 seconds
Number of updated asset objects reloaded before import = 0Number of asset objects unloaded after import = 11

========================================================================
Received Import Request.
  Time since last request: 0.000033 seconds.
  path: Assets/Kit/DungeonKit/KayKit_DungeonRemastered_1.1_FREE/Assets/obj/bottle_A_green.obj
  artifactKey: Guid(797b6f5feecf0a74497fa07c01087348) Importer(2089858483,192608db42251d675da83286b1cce702)
Start importing Assets/Kit/DungeonKit/KayKit_DungeonRemastered_1.1_FREE/Assets/obj/bottle_A_green.obj using Guid(797b6f5feecf0a74497fa07c01087348) Importer(2089858483,192608db42251d675da83286b1cce702) (ScriptedImporter) -> (artifact id: '6f594f9bc32558d2e28676bbcae65817') in 0.0643226 seconds
Number of updated asset objects reloaded before import = 0Number of asset objects unloaded after import = 11

========================================================================
Received Import Request.
  Time since last request: 0.000037 seconds.
  path: Assets/Kit/DungeonKit/KayKit_DungeonRemastered_1.1_FREE/Assets/obj/banner_shield_brown.mtl
  artifactKey: Guid(b1ef2106ea0d75a4397042122b769fb5) Importer(2089858483,192608db42251d675da83286b1cce702)
Start importing Assets/Kit/DungeonKit/KayKit_DungeonRemastered_1.1_FREE/Assets/obj/banner_shield_brown.mtl using Guid(b1ef2106ea0d75a4397042122b769fb5) Importer(2089858483,192608db42251d675da83286b1cce702) (ScriptedImporter) -> (artifact id: 'e10421e6a0de48a5389c48736ce3ecf8') in 0.0299094 seconds
Number of updated asset objects reloaded before import = 0Number of asset objects unloaded after import = 1

========================================================================
Received Import Request.
  Time since last request: 0.000055 seconds.
  path: Assets/Kit/DungeonKit/KayKit_DungeonRemastered_1.1_FREE/Assets/obj/banner_triple_yellow.mtl
  artifactKey: Guid(803d41b0d50fd6840b7b94faba43e531) Importer(2089858483,192608db42251d675da83286b1cce702)
Start importing Assets/Kit/DungeonKit/KayKit_DungeonRemastered_1.1_FREE/Assets/obj/banner_triple_yellow.mtl using Guid(803d41b0d50fd6840b7b94faba43e531) Importer(2089858483,192608db42251d675da83286b1cce702) (ScriptedImporter) -> (artifact id: '4b35ddb6cfba71aeacb8eeaaee97cea4') in 0.0296949 seconds
Number of updated asset objects reloaded before import = 0Number of asset objects unloaded after import = 1

========================================================================
Received Import Request.
  Time since last request: 0.000040 seconds.
  path: Assets/Kit/DungeonKit/KayKit_DungeonRemastered_1.1_FREE/Assets/obj/floor_dirt_large.mtl
  artifactKey: Guid(236cca08b78652c4bb8895374c8c4da9) Importer(2089858483,192608db42251d675da83286b1cce702)
Start importing Assets/Kit/DungeonKit/KayKit_DungeonRemastered_1.1_FREE/Assets/obj/floor_dirt_large.mtl using Guid(236cca08b78652c4bb8895374c8c4da9) Importer(2089858483,192608db42251d675da83286b1cce702) (ScriptedImporter) -> (artifact id: '3442f0f3063c1b115d9ac941c4cd1358') in 0.0323654 seconds
Number of updated asset objects reloaded before import = 0Number of asset objects unloaded after import = 1

========================================================================
Received Import Request.
  Time since last request: 0.000074 seconds.
  path: Assets/Kit/DungeonKit/KayKit_DungeonRemastered_1.1_FREE/Assets/obj/keg.mtl
  artifactKey: Guid(1b4fb97995947fc49860a9baad939bdd) Importer(2089858483,192608db42251d675da83286b1cce702)
Start importing Assets/Kit/DungeonKit/KayKit_DungeonRemastered_1.1_FREE/Assets/obj/keg.mtl using Guid(1b4fb97995947fc49860a9baad939bdd) Importer(2089858483,192608db42251d675da83286b1cce702) (ScriptedImporter) -> (artifact id: '6e411af7d2c2363ed0def5357ec504fa') in 0.0358777 seconds
Number of updated asset objects reloaded before import = 0Number of asset objects unloaded after import = 1

========================================================================
Received Import Request.
  Time since last request: 0.000046 seconds.
  path: Assets/Kit/DungeonKit/KayKit_DungeonRemastered_1.1_FREE/Assets/obj/floor_dirt_small_D.mtl
  artifactKey: Guid(b2370bce02aea52479cfc2c9a4f1b821) Importer(2089858483,192608db42251d675da83286b1cce702)
Start importing Assets/Kit/DungeonKit/KayKit_DungeonRemastered_1.1_FREE/Assets/obj/floor_dirt_small_D.mtl using Guid(b2370bce02aea52479cfc2c9a4f1b821) Importer(2089858483,192608db42251d675da83286b1cce702) (ScriptedImporter) -> (artifact id: 'e8fc3160a077d8088167de045b8dc130') in 0.0287875 seconds
Number of updated asset objects reloaded before import = 0Number of asset objects unloaded after import = 1

========================================================================
Received Import Request.
  Time since last request: 0.000055 seconds.
  path: Assets/Kit/DungeonKit/KayKit_DungeonRemastered_1.1_FREE/Assets/obj/floor_tile_extralarge_grates.obj
  artifactKey: Guid(f4fb80337bdaaae44a6fc3f5855aa747) Importer(2089858483,192608db42251d675da83286b1cce702)
Start importing Assets/Kit/DungeonKit/KayKit_DungeonRemastered_1.1_FREE/Assets/obj/floor_tile_extralarge_grates.obj using Guid(f4fb80337bdaaae44a6fc3f5855aa747) Importer(2089858483,192608db42251d675da83286b1cce702) (ScriptedImporter) -> (artifact id: '15413aed656c71db8da971bf89904016') in 0.0662927 seconds
Number of updated asset objects reloaded before import = 0Number of asset objects unloaded after import = 11

========================================================================
Received Import Request.
  Time since last request: 0.000036 seconds.
  path: Assets/Kit/DungeonKit/KayKit_DungeonRemastered_1.1_FREE/Assets/obj/banner_thin_red.mtl
  artifactKey: Guid(057b36206ac030d48a16d4a854a35504) Importer(2089858483,192608db42251d675da83286b1cce702)
Start importing Assets/Kit/DungeonKit/KayKit_DungeonRemastered_1.1_FREE/Assets/obj/banner_thin_red.mtl using Guid(057b36206ac030d48a16d4a854a35504) Importer(2089858483,192608db42251d675da83286b1cce702) (ScriptedImporter) -> (artifact id: 'e7001c20537430cfc13eb6c1eec75508') in 0.0330776 seconds
Number of updated asset objects reloaded before import = 0Number of asset objects unloaded after import = 1

========================================================================
Received Import Request.
  Time since last request: 0.000049 seconds.
  path: Assets/Kit/DungeonKit/KayKit_DungeonRemastered_1.1_FREE/Assets/obj/floor_tile_big_spikes_spikes.mtl
  artifactKey: Guid(562a0b30a211468429328aaf767b0e7e) Importer(2089858483,192608db42251d675da83286b1cce702)
Start importing Assets/Kit/DungeonKit/KayKit_DungeonRemastered_1.1_FREE/Assets/obj/floor_tile_big_spikes_spikes.mtl using Guid(562a0b30a211468429328aaf767b0e7e) Importer(2089858483,192608db42251d675da83286b1cce702) (ScriptedImporter) -> (artifact id: '9323d51189a9a37a40306e5c85bc3f4c') in 0.0336378 seconds
Number of updated asset objects reloaded before import = 0Number of asset objects unloaded after import = 1

========================================================================
Received Import Request.
  Time since last request: 0.000054 seconds.
  path: Assets/Kit/DungeonKit/KayKit_DungeonRemastered_1.1_FREE/Assets/obj/candle_thin.mtl
  artifactKey: Guid(5633862cb319bec4191656b8a8b1dece) Importer(2089858483,192608db42251d675da83286b1cce702)
Start importing Assets/Kit/DungeonKit/KayKit_DungeonRemastered_1.1_FREE/Assets/obj/candle_thin.mtl using Guid(5633862cb319bec4191656b8a8b1dece) Importer(2089858483,192608db42251d675da83286b1cce702) (ScriptedImporter) -> (artifact id: 'abd90373db64b2a4938b00d42e5bd423') in 0.0309517 seconds
Number of updated asset objects reloaded before import = 0Number of asset objects unloaded after import = 1

========================================================================
Received Import Request.
  Time since last request: 0.000052 seconds.
  path: Assets/Kit/DungeonKit/KayKit_DungeonRemastered_1.1_FREE/Assets/obj/chest_lid.mtl
  artifactKey: Guid(fed3a75314fbec840a771295ce1852b2) Importer(2089858483,192608db42251d675da83286b1cce702)
Start importing Assets/Kit/DungeonKit/KayKit_DungeonRemastered_1.1_FREE/Assets/obj/chest_lid.mtl using Guid(fed3a75314fbec840a771295ce1852b2) Importer(2089858483,192608db42251d675da83286b1cce702) (ScriptedImporter) -> (artifact id: '574740c139ab01f43e55bb22aef5e5bc') in 0.0326903 seconds
Number of updated asset objects reloaded before import = 0Number of asset objects unloaded after import = 1

========================================================================
Received Import Request.
  Time since last request: 0.000039 seconds.
  path: Assets/Kit/DungeonKit/KayKit_DungeonRemastered_1.1_FREE/Assets/obj/banner_thin_red.obj
  artifactKey: Guid(ae5228f3a6f07da49b2c3e0704a6e741) Importer(2089858483,192608db42251d675da83286b1cce702)
Start importing Assets/Kit/DungeonKit/KayKit_DungeonRemastered_1.1_FREE/Assets/obj/banner_thin_red.obj using Guid(ae5228f3a6f07da49b2c3e0704a6e741) Importer(2089858483,192608db42251d675da83286b1cce702) (ScriptedImporter) -> (artifact id: '406c74e0a08e69a872e2f7b859054111') in 0.0714466 seconds
Number of updated asset objects reloaded before import = 0Number of asset objects unloaded after import = 11

========================================================================
Received Import Request.
  Time since last request: 0.000038 seconds.
  path: Assets/Kit/DungeonKit/KayKit_DungeonRemastered_1.1_FREE/Assets/obj/banner_thin_blue.mtl
  artifactKey: Guid(950f6599774a1ed4ba829f1776a2fd4c) Importer(2089858483,192608db42251d675da83286b1cce702)
Start importing Assets/Kit/DungeonKit/KayKit_DungeonRemastered_1.1_FREE/Assets/obj/banner_thin_blue.mtl using Guid(950f6599774a1ed4ba829f1776a2fd4c) Importer(2089858483,192608db42251d675da83286b1cce702) (ScriptedImporter) -> (artifact id: 'e440af28e67c5697587356c7f719ec1c') in 0.0251522 seconds
Number of updated asset objects reloaded before import = 0Number of asset objects unloaded after import = 1

========================================================================
Received Import Request.
  Time since last request: 0.000065 seconds.
  path: Assets/Kit/DungeonKit/KayKit_DungeonRemastered_1.1_FREE/Assets/obj/banner_thin_yellow.mtl
  artifactKey: Guid(e83e40bf9f3578448aa949c2abcebecd) Importer(2089858483,192608db42251d675da83286b1cce702)
Start importing Assets/Kit/DungeonKit/KayKit_DungeonRemastered_1.1_FREE/Assets/obj/banner_thin_yellow.mtl using Guid(e83e40bf9f3578448aa949c2abcebecd) Importer(2089858483,192608db42251d675da83286b1cce702) (ScriptedImporter) -> (artifact id: '5ca68a2941802389237c222ce36c6ce4') in 0.0260604 seconds
Number of updated asset objects reloaded before import = 0Number of asset objects unloaded after import = 1

========================================================================
Received Import Request.
  Time since last request: 0.000035 seconds.
  path: Assets/Kit/DungeonKit/KayKit_DungeonRemastered_1.1_FREE/Assets/obj/coin.obj
  artifactKey: Guid(54d39c4be297cbe419858e283eb3010f) Importer(2089858483,192608db42251d675da83286b1cce702)
Start importing Assets/Kit/DungeonKit/KayKit_DungeonRemastered_1.1_FREE/Assets/obj/coin.obj using Guid(54d39c4be297cbe419858e283eb3010f) Importer(2089858483,192608db42251d675da83286b1cce702) (ScriptedImporter) -> (artifact id: '9bc6d26f381a8b980cbd3198c35addc7') in 0.0677799 seconds
Number of updated asset objects reloaded before import = 0Number of asset objects unloaded after import = 11

========================================================================
Received Import Request.
  Time since last request: 0.000044 seconds.
  path: Assets/Kit/DungeonKit/KayKit_DungeonRemastered_1.1_FREE/Assets/obj/floor_tile_small_decorated.mtl
  artifactKey: Guid(f9a277105d86e7749b67fed74b4a327b) Importer(2089858483,192608db42251d675da83286b1cce702)
Start importing Assets/Kit/DungeonKit/KayKit_DungeonRemastered_1.1_FREE/Assets/obj/floor_tile_small_decorated.mtl using Guid(f9a277105d86e7749b67fed74b4a327b) Importer(2089858483,192608db42251d675da83286b1cce702) (ScriptedImporter) -> (artifact id: '9378b1bfd7896e7a7278d5b6e56ff029') in 0.0317001 seconds
Number of updated asset objects reloaded before import = 0Number of asset objects unloaded after import = 1

========================================================================
Received Import Request.
  Time since last request: 0.000055 seconds.
  path: Assets/Kit/DungeonKit/KayKit_DungeonRemastered_1.1_FREE/Assets/obj/banner_shield_red.obj
  artifactKey: Guid(a1892a00d8cbef74eb4510fd69e7bf3d) Importer(2089858483,192608db42251d675da83286b1cce702)
Start importing Assets/Kit/DungeonKit/KayKit_DungeonRemastered_1.1_FREE/Assets/obj/banner_shield_red.obj using Guid(a1892a00d8cbef74eb4510fd69e7bf3d) Importer(2089858483,192608db42251d675da83286b1cce702) (ScriptedImporter) -> (artifact id: '87d177d997aeea822f98c5d75c37c05b') in 0.0751984 seconds
Number of updated asset objects reloaded before import = 0Number of asset objects unloaded after import = 11

========================================================================
Received Import Request.
  Time since last request: 0.000039 seconds.
  path: Assets/Kit/DungeonKit/KayKit_DungeonRemastered_1.1_FREE/Assets/obj/floor_foundation_front.obj
  artifactKey: Guid(8fc6e31827caa424cbf6790cba4f6939) Importer(2089858483,192608db42251d675da83286b1cce702)
Start importing Assets/Kit/DungeonKit/KayKit_DungeonRemastered_1.1_FREE/Assets/obj/floor_foundation_front.obj using Guid(8fc6e31827caa424cbf6790cba4f6939) Importer(2089858483,192608db42251d675da83286b1cce702) (ScriptedImporter) -> (artifact id: 'be7158c6fd85f1b8cfea1fa7328a1602') in 0.0798114 seconds
Number of updated asset objects reloaded before import = 0Number of asset objects unloaded after import = 11

========================================================================
Received Import Request.
  Time since last request: 0.000043 seconds.
  path: Assets/Kit/DungeonKit/KayKit_DungeonRemastered_1.1_FREE/Assets/obj/floor_dirt_large_rocky.obj
  artifactKey: Guid(ce5e4004dfaec9f43abd8d90aff6bd7e) Importer(2089858483,192608db42251d675da83286b1cce702)
Start importing Assets/Kit/DungeonKit/KayKit_DungeonRemastered_1.1_FREE/Assets/obj/floor_dirt_large_rocky.obj using Guid(ce5e4004dfaec9f43abd8d90aff6bd7e) Importer(2089858483,192608db42251d675da83286b1cce702) (ScriptedImporter) -> (artifact id: '8db8164d80377ca72f50548dbaef67a2') in 0.0746288 seconds
Number of updated asset objects reloaded before import = 0Number of asset objects unloaded after import = 11

========================================================================
Received Import Request.
  Time since last request: 0.000069 seconds.
  path: Assets/Kit/DungeonKit/KayKit_DungeonRemastered_1.1_FREE/Assets/obj/chest_gold_lid.mtl
  artifactKey: Guid(f0f9b551574385b4d9dada854d6a0e6b) Importer(2089858483,192608db42251d675da83286b1cce702)
Start importing Assets/Kit/DungeonKit/KayKit_DungeonRemastered_1.1_FREE/Assets/obj/chest_gold_lid.mtl using Guid(f0f9b551574385b4d9dada854d6a0e6b) Importer(2089858483,192608db42251d675da83286b1cce702) (ScriptedImporter) -> (artifact id: 'c9e2927f7af6c526fad9fb8dcc756955') in 0.0306731 seconds
Number of updated asset objects reloaded before import = 0Number of asset objects unloaded after import = 1

========================================================================
Received Import Request.
  Time since last request: 0.000037 seconds.
  path: Assets/Kit/DungeonKit/KayKit_DungeonRemastered_1.1_FREE/Assets/obj/box_large.obj
  artifactKey: Guid(3ffdc68f0b62b3243a9d2f0b9acbc577) Importer(2089858483,192608db42251d675da83286b1cce702)
Start importing Assets/Kit/DungeonKit/KayKit_DungeonRemastered_1.1_FREE/Assets/obj/box_large.obj using Guid(3ffdc68f0b62b3243a9d2f0b9acbc577) Importer(2089858483,192608db42251d675da83286b1cce702) (ScriptedImporter) -> (artifact id: '29f1032407348cd3f271e6f82623f27b') in 0.0767035 seconds
Number of updated asset objects reloaded before import = 0Number of asset objects unloaded after import = 11

========================================================================
Received Import Request.
  Time since last request: 0.000043 seconds.
  path: Assets/Kit/DungeonKit/KayKit_DungeonRemastered_1.1_FREE/Assets/obj/candle_lit.obj
  artifactKey: Guid(2bc9355b08df8994cb4bb33c92533102) Importer(2089858483,192608db42251d675da83286b1cce702)
Start importing Assets/Kit/DungeonKit/KayKit_DungeonRemastered_1.1_FREE/Assets/obj/candle_lit.obj using Guid(2bc9355b08df8994cb4bb33c92533102) Importer(2089858483,192608db42251d675da83286b1cce702) (ScriptedImporter) -> (artifact id: '13f6fb03710fa2c32199787b8287a3a5') in 0.062066 seconds
Number of updated asset objects reloaded before import = 0Number of asset objects unloaded after import = 11

========================================================================
Received Import Request.
  Time since last request: 0.000055 seconds.
  path: Assets/Kit/DungeonKit/KayKit_DungeonRemastered_1.1_FREE/Assets/obj/coin_stack_small.mtl
  artifactKey: Guid(dd2ccb23b272aed45b5fc5bd2b8c30a0) Importer(2089858483,192608db42251d675da83286b1cce702)
Start importing Assets/Kit/DungeonKit/KayKit_DungeonRemastered_1.1_FREE/Assets/obj/coin_stack_small.mtl using Guid(dd2ccb23b272aed45b5fc5bd2b8c30a0) Importer(2089858483,192608db42251d675da83286b1cce702) (ScriptedImporter) -> (artifact id: 'c41c8afcbda979a3d2f29534d04d698a') in 0.0282656 seconds
Number of updated asset objects reloaded before import = 0Number of asset objects unloaded after import = 1

========================================================================
Received Import Request.
  Time since last request: 0.000057 seconds.
  path: Assets/Kit/DungeonKit/KayKit_DungeonRemastered_1.1_FREE/Assets/obj/shelf_large.obj
  artifactKey: Guid(7a51bb659464bc643b6b575725f8857d) Importer(2089858483,192608db42251d675da83286b1cce702)
Start importing Assets/Kit/DungeonKit/KayKit_DungeonRemastered_1.1_FREE/Assets/obj/shelf_large.obj using Guid(7a51bb659464bc643b6b575725f8857d) Importer(2089858483,192608db42251d675da83286b1cce702) (ScriptedImporter) -> (artifact id: 'ea64987a24486a080db23d4b5642e556') in 0.0777694 seconds
Number of updated asset objects reloaded before import = 0Number of asset objects unloaded after import = 11

========================================================================
Received Import Request.
  Time since last request: 0.000038 seconds.
  path: Assets/Kit/DungeonKit/KayKit_DungeonRemastered_1.1_FREE/Assets/obj/stairs_long_modular_center.obj
  artifactKey: Guid(cb791616545a7e94e817d0665b6a8c6f) Importer(2089858483,192608db42251d675da83286b1cce702)
Start importing Assets/Kit/DungeonKit/KayKit_DungeonRemastered_1.1_FREE/Assets/obj/stairs_long_modular_center.obj using Guid(cb791616545a7e94e817d0665b6a8c6f) Importer(2089858483,192608db42251d675da83286b1cce702) (ScriptedImporter) -> (artifact id: '86e0583612a76b414c2e62ffc6cdc58c') in 0.0835697 seconds
Number of updated asset objects reloaded before import = 0Number of asset objects unloaded after import = 11

========================================================================
Received Import Request.
  Time since last request: 0.000054 seconds.
  path: Assets/Kit/DungeonKit/KayKit_DungeonRemastered_1.1_FREE/Assets/obj/table_medium_decorated_A.obj
  artifactKey: Guid(4a08e2b163a0b604b869bc7ef51145d1) Importer(2089858483,192608db42251d675da83286b1cce702)
Start importing Assets/Kit/DungeonKit/KayKit_DungeonRemastered_1.1_FREE/Assets/obj/table_medium_decorated_A.obj using Guid(4a08e2b163a0b604b869bc7ef51145d1) Importer(2089858483,192608db42251d675da83286b1cce702) (ScriptedImporter) -> (artifact id: '01c32f9ed0e5cb7989c8c51abff926c9') in 0.0599804 seconds
Number of updated asset objects reloaded before import = 0Number of asset objects unloaded after import = 11

========================================================================
Received Import Request.
  Time since last request: 0.000036 seconds.
  path: Assets/Kit/DungeonKit/KayKit_DungeonRemastered_1.1_FREE/Assets/obj/shelf_small.obj
  artifactKey: Guid(69d7a50a9f0dc0149acfafea6bae4069) Importer(2089858483,192608db42251d675da83286b1cce702)
Start importing Assets/Kit/DungeonKit/KayKit_DungeonRemastered_1.1_FREE/Assets/obj/shelf_small.obj using Guid(69d7a50a9f0dc0149acfafea6bae4069) Importer(2089858483,192608db42251d675da83286b1cce702) (ScriptedImporter) -> (artifact id: '89e13b8c47fb7fe074da0284fdfa5d76') in 0.0751779 seconds
Number of updated asset objects reloaded before import = 0Number of asset objects unloaded after import = 11

========================================================================
Received Import Request.
  Time since last request: 0.000041 seconds.
  path: Assets/Kit/DungeonKit/KayKit_DungeonRemastered_1.1_FREE/Assets/obj/shelf_small.mtl
  artifactKey: Guid(1dab770adb454314a99320c65d75eb75) Importer(2089858483,192608db42251d675da83286b1cce702)
Start importing Assets/Kit/DungeonKit/KayKit_DungeonRemastered_1.1_FREE/Assets/obj/shelf_small.mtl using Guid(1dab770adb454314a99320c65d75eb75) Importer(2089858483,192608db42251d675da83286b1cce702) (ScriptedImporter) -> (artifact id: '3291a34ec12a9dbe46837201c3f94491') in 0.0293402 seconds
Number of updated asset objects reloaded before import = 0Number of asset objects unloaded after import = 1

========================================================================
Received Import Request.
  Time since last request: 0.000063 seconds.
  path: Assets/Kit/DungeonKit/KayKit_DungeonRemastered_1.1_FREE/Assets/obj/shelves.obj
  artifactKey: Guid(0325ab3f2ee05bd43bb028995acd11a2) Importer(2089858483,192608db42251d675da83286b1cce702)
Start importing Assets/Kit/DungeonKit/KayKit_DungeonRemastered_1.1_FREE/Assets/obj/shelves.obj using Guid(0325ab3f2ee05bd43bb028995acd11a2) Importer(2089858483,192608db42251d675da83286b1cce702) (ScriptedImporter) -> (artifact id: 'efd2ebef1a03e5623a65679df4682b6e') in 0.0666708 seconds
Number of updated asset objects reloaded before import = 0Number of asset objects unloaded after import = 11

========================================================================
Received Import Request.
  Time since last request: 0.000039 seconds.
  path: Assets/Kit/DungeonKit/KayKit_DungeonRemastered_1.1_FREE/Assets/obj/trunk_large_B.obj
  artifactKey: Guid(d6491c6be4742eb4a9590aa8dc72ba72) Importer(2089858483,192608db42251d675da83286b1cce702)
Start importing Assets/Kit/DungeonKit/KayKit_DungeonRemastered_1.1_FREE/Assets/obj/trunk_large_B.obj using Guid(d6491c6be4742eb4a9590aa8dc72ba72) Importer(2089858483,192608db42251d675da83286b1cce702) (ScriptedImporter) -> (artifact id: 'a55099c8b679f445bf193958b9e6d167') in 0.0798306 seconds
Number of updated asset objects reloaded before import = 0Number of asset objects unloaded after import = 11

========================================================================
Received Import Request.
  Time since last request: 0.000042 seconds.
  path: Assets/Kit/DungeonKit/KayKit_DungeonRemastered_1.1_FREE/Assets/obj/sword_shield_gold.mtl
  artifactKey: Guid(c8a1e950254cd2f4893bab46d3a1bf68) Importer(2089858483,192608db42251d675da83286b1cce702)
Start importing Assets/Kit/DungeonKit/KayKit_DungeonRemastered_1.1_FREE/Assets/obj/sword_shield_gold.mtl using Guid(c8a1e950254cd2f4893bab46d3a1bf68) Importer(2089858483,192608db42251d675da83286b1cce702) (ScriptedImporter) -> (artifact id: '7bc05bba259285e2a730b7828a0b8069') in 0.0318182 seconds
Number of updated asset objects reloaded before import = 0Number of asset objects unloaded after import = 1

========================================================================
Received Import Request.
  Time since last request: 0.000059 seconds.
  path: Assets/Kit/DungeonKit/KayKit_DungeonRemastered_1.1_FREE/Assets/obj/table_small.obj
  artifactKey: Guid(88f755c98683b414bb42ec70016878f4) Importer(2089858483,192608db42251d675da83286b1cce702)
Start importing Assets/Kit/DungeonKit/KayKit_DungeonRemastered_1.1_FREE/Assets/obj/table_small.obj using Guid(88f755c98683b414bb42ec70016878f4) Importer(2089858483,192608db42251d675da83286b1cce702) (ScriptedImporter) -> (artifact id: 'e850bf03e2f1051a397d4822cdab9189') in 0.0722333 seconds
Number of updated asset objects reloaded before import = 0Number of asset objects unloaded after import = 11

========================================================================
Received Import Request.
  Time since last request: 0.000045 seconds.
  path: Assets/Kit/DungeonKit/KayKit_DungeonRemastered_1.1_FREE/Assets/obj/sword_shield.mtl
  artifactKey: Guid(36aec52dd1ce33e409223536aba843c6) Importer(2089858483,192608db42251d675da83286b1cce702)
Start importing Assets/Kit/DungeonKit/KayKit_DungeonRemastered_1.1_FREE/Assets/obj/sword_shield.mtl using Guid(36aec52dd1ce33e409223536aba843c6) Importer(2089858483,192608db42251d675da83286b1cce702) (ScriptedImporter) -> (artifact id: '656afe26c8dfb7805107703927114b49') in 0.0297257 seconds
Number of updated asset objects reloaded before import = 0Number of asset objects unloaded after import = 1

========================================================================
Received Import Request.
  Time since last request: 0.000072 seconds.
  path: Assets/Kit/DungeonKit/KayKit_DungeonRemastered_1.1_FREE/Assets/obj/stairs_wall_right.mtl
  artifactKey: Guid(0b18aca90e1e25440afddceafa6cf06d) Importer(2089858483,192608db42251d675da83286b1cce702)
Start importing Assets/Kit/DungeonKit/KayKit_DungeonRemastered_1.1_FREE/Assets/obj/stairs_wall_right.mtl using Guid(0b18aca90e1e25440afddceafa6cf06d) Importer(2089858483,192608db42251d675da83286b1cce702) (ScriptedImporter) -> (artifact id: 'dde390df3813357d2db6e846bef7869b') in 0.0295212 seconds
Number of updated asset objects reloaded before import = 0Number of asset objects unloaded after import = 1

========================================================================
Received Import Request.
  Time since last request: 0.000061 seconds.
  path: Assets/Kit/DungeonKit/KayKit_DungeonRemastered_1.1_FREE/Assets/obj/wall_archedwindow_gated.mtl
  artifactKey: Guid(2dfd0c2aff1e90d4f9e9f915f250cd7c) Importer(2089858483,192608db42251d675da83286b1cce702)
Start importing Assets/Kit/DungeonKit/KayKit_DungeonRemastered_1.1_FREE/Assets/obj/wall_archedwindow_gated.mtl using Guid(2dfd0c2aff1e90d4f9e9f915f250cd7c) Importer(2089858483,192608db42251d675da83286b1cce702) (ScriptedImporter) -> (artifact id: '32bde6316a7556a9e95466c71275421f') in 0.0326499 seconds
Number of updated asset objects reloaded before import = 0Number of asset objects unloaded after import = 1

========================================================================
Received Import Request.
  Time since last request: 0.000048 seconds.
  path: Assets/Kit/DungeonKit/KayKit_DungeonRemastered_1.1_FREE/Assets/obj/banner_thin_blue.obj
  artifactKey: Guid(46463dd92c8fee44ca4c72f5c551e153) Importer(2089858483,192608db42251d675da83286b1cce702)
Start importing Assets/Kit/DungeonKit/KayKit_DungeonRemastered_1.1_FREE/Assets/obj/banner_thin_blue.obj using Guid(46463dd92c8fee44ca4c72f5c551e153) Importer(2089858483,192608db42251d675da83286b1cce702) (ScriptedImporter) -> (artifact id: 'b24485c5943ebd07dbb6e17c24258e07') in 0.0791352 seconds
Number of updated asset objects reloaded before import = 0Number of asset objects unloaded after import = 11

========================================================================
Received Import Request.
  Time since last request: 0.000040 seconds.
  path: Assets/Kit/DungeonKit/KayKit_DungeonRemastered_1.1_FREE/Assets/obj/floor_tile_small_broken_B.obj
  artifactKey: Guid(5b2790894e7db694095cf0614d77620a) Importer(2089858483,192608db42251d675da83286b1cce702)
Start importing Assets/Kit/DungeonKit/KayKit_DungeonRemastered_1.1_FREE/Assets/obj/floor_tile_small_broken_B.obj using Guid(5b2790894e7db694095cf0614d77620a) Importer(2089858483,192608db42251d675da83286b1cce702) (ScriptedImporter) -> (artifact id: '200440748b805e12b0f9b3c17589375a') in 0.0637597 seconds
Number of updated asset objects reloaded before import = 0Number of asset objects unloaded after import = 11

========================================================================
Received Import Request.
  Time since last request: 0.000063 seconds.
  path: Assets/Kit/DungeonKit/KayKit_DungeonRemastered_1.1_FREE/Assets/obj/banner_thin_green.mtl
  artifactKey: Guid(798b72517073608488ffd0a5a8d7194a) Importer(2089858483,192608db42251d675da83286b1cce702)
Start importing Assets/Kit/DungeonKit/KayKit_DungeonRemastered_1.1_FREE/Assets/obj/banner_thin_green.mtl using Guid(798b72517073608488ffd0a5a8d7194a) Importer(2089858483,192608db42251d675da83286b1cce702) (ScriptedImporter) -> (artifact id: '44cee519b4b73ded4a3af9a6ed8ee7d5') in 0.0301273 seconds
Number of updated asset objects reloaded before import = 0Number of asset objects unloaded after import = 1

========================================================================
Received Import Request.
  Time since last request: 0.000053 seconds.
  path: Assets/Kit/DungeonKit/KayKit_DungeonRemastered_1.1_FREE/Assets/obj/key.obj
  artifactKey: Guid(444cc7625ad84e84bb8f7b5f4d7fbcd4) Importer(2089858483,192608db42251d675da83286b1cce702)
Start importing Assets/Kit/DungeonKit/KayKit_DungeonRemastered_1.1_FREE/Assets/obj/key.obj using Guid(444cc7625ad84e84bb8f7b5f4d7fbcd4) Importer(2089858483,192608db42251d675da83286b1cce702) (ScriptedImporter) -> (artifact id: '6e0e54bc7b1ab4d4545065dbc84592af') in 0.0825089 seconds
Number of updated asset objects reloaded before import = 0Number of asset objects unloaded after import = 11

========================================================================
Received Import Request.
  Time since last request: 0.000046 seconds.
  path: Assets/Kit/DungeonKit/KayKit_DungeonRemastered_1.1_FREE/Assets/obj/stairs_long_modular_left.mtl
  artifactKey: Guid(b9708931ea850bd4b81f9f31fb20ca79) Importer(2089858483,192608db42251d675da83286b1cce702)
Start importing Assets/Kit/DungeonKit/KayKit_DungeonRemastered_1.1_FREE/Assets/obj/stairs_long_modular_left.mtl using Guid(b9708931ea850bd4b81f9f31fb20ca79) Importer(2089858483,192608db42251d675da83286b1cce702) (ScriptedImporter) -> (artifact id: 'e25581f8cabfbf85ed22fd15f295f809') in 0.032357 seconds
Number of updated asset objects reloaded before import = 0Number of asset objects unloaded after import = 1

========================================================================
Received Import Request.
  Time since last request: 0.000056 seconds.
  path: Assets/Kit/DungeonKit/KayKit_DungeonRemastered_1.1_FREE/Assets/obj/table_long.mtl
  artifactKey: Guid(92768f66ac4bf9d458b3e0407013289c) Importer(2089858483,192608db42251d675da83286b1cce702)
Start importing Assets/Kit/DungeonKit/KayKit_DungeonRemastered_1.1_FREE/Assets/obj/table_long.mtl using Guid(92768f66ac4bf9d458b3e0407013289c) Importer(2089858483,192608db42251d675da83286b1cce702) (ScriptedImporter) -> (artifact id: 'd2d9519e2601ed1145c9ad3b3917b6a0') in 0.0309877 seconds
Number of updated asset objects reloaded before import = 0Number of asset objects unloaded after import = 1

========================================================================
Received Import Request.
  Time since last request: 0.000041 seconds.
  path: Assets/Kit/DungeonKit/KayKit_DungeonRemastered_1.1_FREE/Assets/obj/trunk_small_C.obj
  artifactKey: Guid(a03d4d3f58cb51641af857113df139b2) Importer(2089858483,192608db42251d675da83286b1cce702)
Start importing Assets/Kit/DungeonKit/KayKit_DungeonRemastered_1.1_FREE/Assets/obj/trunk_small_C.obj using Guid(a03d4d3f58cb51641af857113df139b2) Importer(2089858483,192608db42251d675da83286b1cce702) (ScriptedImporter) -> (artifact id: '72ebb67841d55f3039b3554f5d699f65') in 0.0784926 seconds
Number of updated asset objects reloaded before import = 0Number of asset objects unloaded after import = 11

========================================================================
Received Import Request.
  Time since last request: 0.000045 seconds.
  path: Assets/Kit/DungeonKit/KayKit_DungeonRemastered_1.1_FREE/Assets/obj/floor_tile_small_corner.obj
  artifactKey: Guid(7d3bc00f5fdf9514d97eb6be80b0ac97) Importer(2089858483,192608db42251d675da83286b1cce702)
Start importing Assets/Kit/DungeonKit/KayKit_DungeonRemastered_1.1_FREE/Assets/obj/floor_tile_small_corner.obj using Guid(7d3bc00f5fdf9514d97eb6be80b0ac97) Importer(2089858483,192608db42251d675da83286b1cce702) (ScriptedImporter) -> (artifact id: '91c92dec66842d8c2022be4577c62fe9') in 0.0803561 seconds
Number of updated asset objects reloaded before import = 0Number of asset objects unloaded after import = 11

========================================================================
Received Import Request.
  Time since last request: 0.000062 seconds.
  path: Assets/Kit/DungeonKit/KayKit_DungeonRemastered_1.1_FREE/Assets/obj/table_long_decorated_C.mtl
  artifactKey: Guid(2102b1230561c6b4897be016a32e8995) Importer(2089858483,192608db42251d675da83286b1cce702)
Start importing Assets/Kit/DungeonKit/KayKit_DungeonRemastered_1.1_FREE/Assets/obj/table_long_decorated_C.mtl using Guid(2102b1230561c6b4897be016a32e8995) Importer(2089858483,192608db42251d675da83286b1cce702) (ScriptedImporter) -> (artifact id: '83ff1b81a94af59376bd46e12520a6f7') in 0.0332564 seconds
Number of updated asset objects reloaded before import = 0Number of asset objects unloaded after import = 1

========================================================================
Received Import Request.
  Time since last request: 0.000045 seconds.
  path: Assets/Kit/DungeonKit/KayKit_DungeonRemastered_1.1_FREE/Assets/obj/floor_tile_grate_open.mtl
  artifactKey: Guid(eb8548786c15c6f49ae3cbe4956dd8bd) Importer(2089858483,192608db42251d675da83286b1cce702)
Start importing Assets/Kit/DungeonKit/KayKit_DungeonRemastered_1.1_FREE/Assets/obj/floor_tile_grate_open.mtl using Guid(eb8548786c15c6f49ae3cbe4956dd8bd) Importer(2089858483,192608db42251d675da83286b1cce702) (ScriptedImporter) -> (artifact id: '9631d0ab03a6801f201999c4766aa5d2') in 0.0339077 seconds
Number of updated asset objects reloaded before import = 0Number of asset objects unloaded after import = 1

========================================================================
Received Import Request.
  Time since last request: 0.000044 seconds.
  path: Assets/Kit/Enviroment/tower defense/Models/DAE format/bed_floor.dae
  artifactKey: Guid(7d1a82290713e7a448d5a571f56ffab1) Importer(2089858483,192608db42251d675da83286b1cce702)
Start importing Assets/Kit/Enviroment/tower defense/Models/DAE format/bed_floor.dae using Guid(7d1a82290713e7a448d5a571f56ffab1) Importer(2089858483,192608db42251d675da83286b1cce702) (ScriptedImporter) -> (artifact id: 'f0d55955e44456683ed650a6d2c15d2c') in 0.0912832 seconds
Number of updated asset objects reloaded before import = 0Number of asset objects unloaded after import = 10

========================================================================
Received Import Request.
  Time since last request: 0.000132 seconds.
  path: Assets/Kit/Enviroment/tower defense/Models/DAE format/bridge_wood.dae
  artifactKey: Guid(4ff98587149cff64d8b330d470e6b0df) Importer(2089858483,192608db42251d675da83286b1cce702)
Start importing Assets/Kit/Enviroment/tower defense/Models/DAE format/bridge_wood.dae using Guid(4ff98587149cff64d8b330d470e6b0df) Importer(2089858483,192608db42251d675da83286b1cce702) (ScriptedImporter) -> (artifact id: '365b29f2156f9cebc30ffc8989ac36d1') in 0.0862628 seconds
Number of updated asset objects reloaded before import = 0Number of asset objects unloaded after import = 10

========================================================================
Received Import Request.
  Time since last request: 0.000035 seconds.
  path: Assets/Kit/DungeonKit/KayKit_DungeonRemastered_1.1_FREE/Assets/textures/dungeon_texture.png
  artifactKey: Guid(ef548bc80b063b84885d7d2e8435b589) Importer(2089858483,192608db42251d675da83286b1cce702)
Start importing Assets/Kit/DungeonKit/KayKit_DungeonRemastered_1.1_FREE/Assets/textures/dungeon_texture.png using Guid(ef548bc80b063b84885d7d2e8435b589) Importer(2089858483,192608db42251d675da83286b1cce702) (ScriptedImporter) -> (artifact id: 'db9d36c22aa6809b068d83464c570571') in 0.0496579 seconds
Number of updated asset objects reloaded before import = 0Number of asset objects unloaded after import = 1

========================================================================
Received Import Request.
  Time since last request: 0.000046 seconds.
  path: Assets/Kit/DungeonKit/KayKit_DungeonRemastered_1.1_FREE/Assets/obj/wall_cracked.obj
  artifactKey: Guid(00c262c3185ff8646b796f86cc9b5c36) Importer(2089858483,192608db42251d675da83286b1cce702)
Start importing Assets/Kit/DungeonKit/KayKit_DungeonRemastered_1.1_FREE/Assets/obj/wall_cracked.obj using Guid(00c262c3185ff8646b796f86cc9b5c36) Importer(2089858483,192608db42251d675da83286b1cce702) (ScriptedImporter) -> (artifact id: 'df5b8ea850b209486ccda4dd4fdaf0be') in 0.0819175 seconds
Number of updated asset objects reloaded before import = 0Number of asset objects unloaded after import = 11

========================================================================
Received Import Request.
  Time since last request: 0.000059 seconds.
  path: Assets/Kit/Enviroment/tower defense/Models/DAE format/cliff_blockSlope_rock.dae
  artifactKey: Guid(e09189becd4edae4bb52092d32ce21e7) Importer(2089858483,192608db42251d675da83286b1cce702)
Start importing Assets/Kit/Enviroment/tower defense/Models/DAE format/cliff_blockSlope_rock.dae using Guid(e09189becd4edae4bb52092d32ce21e7) Importer(2089858483,192608db42251d675da83286b1cce702) (ScriptedImporter) -> (artifact id: '2931eadc9bc677d939cb8586b201c229') in 0.0709972 seconds
Number of updated asset objects reloaded before import = 0Number of asset objects unloaded after import = 9

========================================================================
Received Import Request.
  Time since last request: 0.000033 seconds.
  path: Assets/Kit/Enviroment/tower defense/Models/DAE format/cliff_blockSlopeHalfWalls_rock.dae
  artifactKey: Guid(21abb698a05a84d47bf4fe5a56e2d5f3) Importer(2089858483,192608db42251d675da83286b1cce702)
Start importing Assets/Kit/Enviroment/tower defense/Models/DAE format/cliff_blockSlopeHalfWalls_rock.dae using Guid(21abb698a05a84d47bf4fe5a56e2d5f3) Importer(2089858483,192608db42251d675da83286b1cce702) (ScriptedImporter) -> (artifact id: '9df8686ec68dc5f4795a2b8b2c65aa4f') in 0.0762785 seconds
Number of updated asset objects reloaded before import = 0Number of asset objects unloaded after import = 9

========================================================================
Received Import Request.
  Time since last request: 0.000058 seconds.
  path: Assets/Kit/Enviroment/tower defense/Models/DAE format/cliff_block_stone.dae
  artifactKey: Guid(30b3ebc84ac3ad748977a58e715f15eb) Importer(2089858483,192608db42251d675da83286b1cce702)
Start importing Assets/Kit/Enviroment/tower defense/Models/DAE format/cliff_block_stone.dae using Guid(30b3ebc84ac3ad748977a58e715f15eb) Importer(2089858483,192608db42251d675da83286b1cce702) (ScriptedImporter) -> (artifact id: '6dc1f2136c408d17bb6702fe11d4b34c') in 0.0655603 seconds
Number of updated asset objects reloaded before import = 0Number of asset objects unloaded after import = 9

========================================================================
Received Import Request.
  Time since last request: 0.000053 seconds.
  path: Assets/Kit/Enviroment/tower defense/Models/DAE format/bridge_woodNarrow.dae
  artifactKey: Guid(c4e873d8df68604439d204f366a0cbaf) Importer(2089858483,192608db42251d675da83286b1cce702)
Start importing Assets/Kit/Enviroment/tower defense/Models/DAE format/bridge_woodNarrow.dae using Guid(c4e873d8df68604439d204f366a0cbaf) Importer(2089858483,192608db42251d675da83286b1cce702) (ScriptedImporter) -> (artifact id: 'e3f76914052f0e06e0d73d0aed087f8c') in 0.0773961 seconds
Number of updated asset objects reloaded before import = 0Number of asset objects unloaded after import = 10

========================================================================
Received Import Request.
  Time since last request: 0.000034 seconds.
  path: Assets/Kit/DungeonKit/KayKit_DungeonRemastered_1.1_FREE/Assets/obj/wall_window_closed.obj
  artifactKey: Guid(311f8aff8e0562946a21a6360b586d57) Importer(2089858483,192608db42251d675da83286b1cce702)
Start importing Assets/Kit/DungeonKit/KayKit_DungeonRemastered_1.1_FREE/Assets/obj/wall_window_closed.obj using Guid(311f8aff8e0562946a21a6360b586d57) Importer(2089858483,192608db42251d675da83286b1cce702) (ScriptedImporter) -> (artifact id: '69f07ec449359402d635d62ea7c706bf') in 0.0689847 seconds
Number of updated asset objects reloaded before import = 0Number of asset objects unloaded after import = 11

========================================================================
Received Import Request.
  Time since last request: 0.000044 seconds.
  path: Assets/Kit/DungeonKit/KayKit_DungeonRemastered_1.1_FREE/Assets/obj/wall_half.obj
  artifactKey: Guid(b345d1a12aad53b4ca5e768eae5ec3c7) Importer(2089858483,192608db42251d675da83286b1cce702)
Start importing Assets/Kit/DungeonKit/KayKit_DungeonRemastered_1.1_FREE/Assets/obj/wall_half.obj using Guid(b345d1a12aad53b4ca5e768eae5ec3c7) Importer(2089858483,192608db42251d675da83286b1cce702) (ScriptedImporter) -> (artifact id: 'd94aa1e29921ea0f53cb6ce25f370b37') in 0.0713903 seconds
Number of updated asset objects reloaded before import = 0Number of asset objects unloaded after import = 11

========================================================================
Received Import Request.
  Time since last request: 0.000051 seconds.
  path: Assets/Kit/Enviroment/tower defense/Models/DAE format/bridge_center_woodRound.dae
  artifactKey: Guid(e02c261a66b17b246ade245750a0e7a9) Importer(2089858483,192608db42251d675da83286b1cce702)
Start importing Assets/Kit/Enviroment/tower defense/Models/DAE format/bridge_center_woodRound.dae using Guid(e02c261a66b17b246ade245750a0e7a9) Importer(2089858483,192608db42251d675da83286b1cce702) (ScriptedImporter) -> (artifact id: '4b0bc468d5fb95a854e938e5408f3baf') in 0.0725826 seconds
Number of updated asset objects reloaded before import = 0Number of asset objects unloaded after import = 11

========================================================================
Received Import Request.
  Time since last request: 0.000048 seconds.
  path: Assets/Kit/DungeonKit/KayKit_DungeonRemastered_1.1_FREE/Assets/obj/wall_archedwindow_open.obj
  artifactKey: Guid(03f251eb5545cec409782b77e91d8623) Importer(2089858483,192608db42251d675da83286b1cce702)
Start importing Assets/Kit/DungeonKit/KayKit_DungeonRemastered_1.1_FREE/Assets/obj/wall_archedwindow_open.obj using Guid(03f251eb5545cec409782b77e91d8623) Importer(2089858483,192608db42251d675da83286b1cce702) (ScriptedImporter) -> (artifact id: '248596dedfd833b062e344f242c4cef4') in 0.0760822 seconds
Number of updated asset objects reloaded before import = 0Number of asset objects unloaded after import = 11

========================================================================
Received Import Request.
  Time since last request: 0.000043 seconds.
  path: Assets/Kit/Enviroment/tower defense/Models/DAE format/cliff_blockHalf_rock.dae
  artifactKey: Guid(3db2f6faaacc33046888f6f0d3ad1b37) Importer(2089858483,192608db42251d675da83286b1cce702)
Start importing Assets/Kit/Enviroment/tower defense/Models/DAE format/cliff_blockHalf_rock.dae using Guid(3db2f6faaacc33046888f6f0d3ad1b37) Importer(2089858483,192608db42251d675da83286b1cce702) (ScriptedImporter) -> (artifact id: '121c9b5861836cfc9ee4341bd7f7f04b') in 0.0669304 seconds
Number of updated asset objects reloaded before import = 0Number of asset objects unloaded after import = 9

========================================================================
Received Import Request.
  Time since last request: 0.000079 seconds.
  path: Assets/Kit/Enviroment/tower defense/Models/DAE format/cliff_cornerInnerTop_stone.dae
  artifactKey: Guid(1cf9546999122b942ad51e34b2f311ba) Importer(2089858483,192608db42251d675da83286b1cce702)
Start importing Assets/Kit/Enviroment/tower defense/Models/DAE format/cliff_cornerInnerTop_stone.dae using Guid(1cf9546999122b942ad51e34b2f311ba) Importer(2089858483,192608db42251d675da83286b1cce702) (ScriptedImporter) -> (artifact id: '7f3a059b1657c4c4dfb00f96315b05b3') in 0.0879514 seconds
Number of updated asset objects reloaded before import = 0Number of asset objects unloaded after import = 9

========================================================================
Received Import Request.
  Time since last request: 0.000054 seconds.
  path: Assets/Kit/DungeonKit/KayKit_DungeonRemastered_1.1_FREE/Assets/obj/wall_doorway_Tsplit.mtl
  artifactKey: Guid(c8278d30c1b3b874886b3d51138fe74a) Importer(2089858483,192608db42251d675da83286b1cce702)
Start importing Assets/Kit/DungeonKit/KayKit_DungeonRemastered_1.1_FREE/Assets/obj/wall_doorway_Tsplit.mtl using Guid(c8278d30c1b3b874886b3d51138fe74a) Importer(2089858483,192608db42251d675da83286b1cce702) (ScriptedImporter) -> (artifact id: 'ea648eba32cfeb017d0e690080fca3a2') in 0.0351821 seconds
Number of updated asset objects reloaded before import = 0Number of asset objects unloaded after import = 1

========================================================================
Received Import Request.
  Time since last request: 0.000045 seconds.
  path: Assets/Kit/DungeonKit/KayKit_DungeonRemastered_1.1_FREE/Assets/obj/wall_Tsplit_sloped.obj
  artifactKey: Guid(11b81591bff4e614fa118d1fd845c2fd) Importer(2089858483,192608db42251d675da83286b1cce702)
Start importing Assets/Kit/DungeonKit/KayKit_DungeonRemastered_1.1_FREE/Assets/obj/wall_Tsplit_sloped.obj using Guid(11b81591bff4e614fa118d1fd845c2fd) Importer(2089858483,192608db42251d675da83286b1cce702) (ScriptedImporter) -> (artifact id: 'a4ea713ae7fbc5228370c0a5cbdf8b6d') in 0.0682867 seconds
Number of updated asset objects reloaded before import = 0Number of asset objects unloaded after import = 11

========================================================================
Received Import Request.
  Time since last request: 0.000055 seconds.
  path: Assets/Kit/DungeonKit/KayKit_DungeonRemastered_1.1_FREE/Assets/obj/floor_tile_large_rocks.obj
  artifactKey: Guid(3a0a31d9b8089974c986b948d51c7d7c) Importer(2089858483,192608db42251d675da83286b1cce702)
Start importing Assets/Kit/DungeonKit/KayKit_DungeonRemastered_1.1_FREE/Assets/obj/floor_tile_large_rocks.obj using Guid(3a0a31d9b8089974c986b948d51c7d7c) Importer(2089858483,192608db42251d675da83286b1cce702) (ScriptedImporter) -> (artifact id: '1447ef0fa8d5c3a60fdb347875420931') in 0.0835507 seconds
Number of updated asset objects reloaded before import = 0Number of asset objects unloaded after import = 11

========================================================================
Received Import Request.
  Time since last request: 0.000037 seconds.
  path: Assets/Kit/DungeonKit/KayKit_DungeonRemastered_1.1_FREE/Assets/obj/banner_shield_brown.obj
  artifactKey: Guid(ff998dd987cdccb4182792c86b2b3ee5) Importer(2089858483,192608db42251d675da83286b1cce702)
Start importing Assets/Kit/DungeonKit/KayKit_DungeonRemastered_1.1_FREE/Assets/obj/banner_shield_brown.obj using Guid(ff998dd987cdccb4182792c86b2b3ee5) Importer(2089858483,192608db42251d675da83286b1cce702) (ScriptedImporter) -> (artifact id: 'c951778f6b98a1852ac7f4989b0fb029') in 0.0670243 seconds
Number of updated asset objects reloaded before import = 0Number of asset objects unloaded after import = 11

========================================================================
Received Import Request.
  Time since last request: 0.000056 seconds.
  path: Assets/Kit/Enviroment/tower defense/Models/DAE format/fence_planksDouble.dae
  artifactKey: Guid(ca4511c97bc81a040a1d6761bbeb4a04) Importer(2089858483,192608db42251d675da83286b1cce702)
Start importing Assets/Kit/Enviroment/tower defense/Models/DAE format/fence_planksDouble.dae using Guid(ca4511c97bc81a040a1d6761bbeb4a04) Importer(2089858483,192608db42251d675da83286b1cce702) (ScriptedImporter) -> (artifact id: 'd004475c4092eafdd24f24526a82925c') in 0.062718 seconds
Number of updated asset objects reloaded before import = 0Number of asset objects unloaded after import = 8

========================================================================
Received Import Request.
  Time since last request: 0.000051 seconds.
  path: Assets/Kit/Enviroment/tower defense/Models/DAE format/ground_pathSide.dae
  artifactKey: Guid(65c7d2e802ad8894ebfd733a4ecc539d) Importer(2089858483,192608db42251d675da83286b1cce702)
Start importing Assets/Kit/Enviroment/tower defense/Models/DAE format/ground_pathSide.dae using Guid(65c7d2e802ad8894ebfd733a4ecc539d) Importer(2089858483,192608db42251d675da83286b1cce702) (ScriptedImporter) -> (artifact id: '118cbe5ed79624f1296d0273395e5f75') in 0.0776581 seconds
Number of updated asset objects reloaded before import = 0Number of asset objects unloaded after import = 10

========================================================================
Received Import Request.
  Time since last request: 0.000034 seconds.
  path: Assets/Kit/Enviroment/tower defense/Models/DAE format/crops_dirtDoubleRow.dae
  artifactKey: Guid(81790a91cbd8e9c4dbe5ef0525e1af40) Importer(2089858483,192608db42251d675da83286b1cce702)
Start importing Assets/Kit/Enviroment/tower defense/Models/DAE format/crops_dirtDoubleRow.dae using Guid(81790a91cbd8e9c4dbe5ef0525e1af40) Importer(2089858483,192608db42251d675da83286b1cce702) (ScriptedImporter) -> (artifact id: '57d1ec9374b0cf4f5769768db527b2f8') in 0.0686109 seconds
Number of updated asset objects reloaded before import = 0Number of asset objects unloaded after import = 9

========================================================================
Received Import Request.
  Time since last request: 0.000040 seconds.
  path: Assets/Kit/Enviroment/tower defense/Models/DAE format/fence_bendCenter.dae
  artifactKey: Guid(1afdf76987232b44693d2a3ca3bede4c) Importer(2089858483,192608db42251d675da83286b1cce702)
Start importing Assets/Kit/Enviroment/tower defense/Models/DAE format/fence_bendCenter.dae using Guid(1afdf76987232b44693d2a3ca3bede4c) Importer(2089858483,192608db42251d675da83286b1cce702) (ScriptedImporter) -> (artifact id: 'b733484b60458f82be3bd4dce53502e2') in 0.1003051 seconds
Number of updated asset objects reloaded before import = 0Number of asset objects unloaded after import = 10

========================================================================
Received Import Request.
  Time since last request: 0.000056 seconds.
  path: Assets/Kit/Enviroment/tower defense/Models/DAE format/fence_simple.dae
  artifactKey: Guid(9a0b956117ee5b9438abcd852bb69dc1) Importer(2089858483,192608db42251d675da83286b1cce702)
Start importing Assets/Kit/Enviroment/tower defense/Models/DAE format/fence_simple.dae using Guid(9a0b956117ee5b9438abcd852bb69dc1) Importer(2089858483,192608db42251d675da83286b1cce702) (ScriptedImporter) -> (artifact id: '2ad19681f43b5a12bfa2f426f1cec109') in 0.0715783 seconds
Number of updated asset objects reloaded before import = 0Number of asset objects unloaded after import = 9

========================================================================
Received Import Request.
  Time since last request: 0.000041 seconds.
  path: Assets/Kit/Enviroment/tower defense/Models/DAE format/ground_pathCorner.dae
  artifactKey: Guid(f603b57144900db4caf143ab7704fe98) Importer(2089858483,192608db42251d675da83286b1cce702)
Start importing Assets/Kit/Enviroment/tower defense/Models/DAE format/ground_pathCorner.dae using Guid(f603b57144900db4caf143ab7704fe98) Importer(2089858483,192608db42251d675da83286b1cce702) (ScriptedImporter) -> (artifact id: '1637991997880f8eded28028c2c36568') in 0.0777737 seconds
Number of updated asset objects reloaded before import = 0Number of asset objects unloaded after import = 10

========================================================================
Received Import Request.
  Time since last request: 0.000038 seconds.
  path: Assets/Kit/Enviroment/tower defense/Models/DAE format/cliff_stepsCorner_stone.dae
  artifactKey: Guid(157fa1bf4342da945a00c7e7bd89c3a1) Importer(2089858483,192608db42251d675da83286b1cce702)
Start importing Assets/Kit/Enviroment/tower defense/Models/DAE format/cliff_stepsCorner_stone.dae using Guid(157fa1bf4342da945a00c7e7bd89c3a1) Importer(2089858483,192608db42251d675da83286b1cce702) (ScriptedImporter) -> (artifact id: 'e539cc4ab82163a7676945bd142782d7') in 0.0794808 seconds
Number of updated asset objects reloaded before import = 0Number of asset objects unloaded after import = 9

========================================================================
Received Import Request.
  Time since last request: 0.000057 seconds.
  path: Assets/Kit/Enviroment/tower defense/Models/DAE format/crop_melon.dae
  artifactKey: Guid(8780562598f2b074eb1cb1e0dbe02264) Importer(2089858483,192608db42251d675da83286b1cce702)
Start importing Assets/Kit/Enviroment/tower defense/Models/DAE format/crop_melon.dae using Guid(8780562598f2b074eb1cb1e0dbe02264) Importer(2089858483,192608db42251d675da83286b1cce702) (ScriptedImporter) -> (artifact id: '715b44a2b930b0ba032d978064164c6c') in 0.0699563 seconds
Number of updated asset objects reloaded before import = 0Number of asset objects unloaded after import = 10

========================================================================
Received Import Request.
  Time since last request: 0.000045 seconds.
  path: Assets/Kit/Enviroment/tower defense/Models/DAE format/ground_pathCross.dae
  artifactKey: Guid(9d87f8aaf66e1a6479e1960511506e20) Importer(2089858483,192608db42251d675da83286b1cce702)
Start importing Assets/Kit/Enviroment/tower defense/Models/DAE format/ground_pathCross.dae using Guid(9d87f8aaf66e1a6479e1960511506e20) Importer(2089858483,192608db42251d675da83286b1cce702) (ScriptedImporter) -> (artifact id: 'fee8c28c7c9e686bec8caf01e809984c') in 0.07353 seconds
Number of updated asset objects reloaded before import = 0Number of asset objects unloaded after import = 10

========================================================================
Received Import Request.
  Time since last request: 0.000047 seconds.
  path: Assets/Kit/Enviroment/tower defense/Models/DAE format/cliff_stepsCornerInner_rock.dae
  artifactKey: Guid(5272240cf35adb24fbd42ff874285768) Importer(2089858483,192608db42251d675da83286b1cce702)
Start importing Assets/Kit/Enviroment/tower defense/Models/DAE format/cliff_stepsCornerInner_rock.dae using Guid(5272240cf35adb24fbd42ff874285768) Importer(2089858483,192608db42251d675da83286b1cce702) (ScriptedImporter) -> (artifact id: '056435d414d864bc265ddbb6e3aa3971') in 0.0641318 seconds
Number of updated asset objects reloaded before import = 0Number of asset objects unloaded after import = 9

========================================================================
Received Import Request.
  Time since last request: 0.000059 seconds.
  path: Assets/Kit/Enviroment/tower defense/Models/DAE format/grass_large.dae
  artifactKey: Guid(07c4e3211be5a894dbe241d4c422a2e9) Importer(2089858483,192608db42251d675da83286b1cce702)
Start importing Assets/Kit/Enviroment/tower defense/Models/DAE format/grass_large.dae using Guid(07c4e3211be5a894dbe241d4c422a2e9) Importer(2089858483,192608db42251d675da83286b1cce702) (ScriptedImporter) -> (artifact id: 'b0333cad4ab1eb808ecab8657f9eff35') in 0.0710194 seconds
Number of updated asset objects reloaded before import = 0Number of asset objects unloaded after import = 8

========================================================================
Received Import Request.
  Time since last request: 0.000038 seconds.
  path: Assets/Kit/Enviroment/tower defense/Models/DAE format/fence_simpleHigh.dae
  artifactKey: Guid(9ffef31123514d54c9627e6e69822af3) Importer(2089858483,192608db42251d675da83286b1cce702)
Start importing Assets/Kit/Enviroment/tower defense/Models/DAE format/fence_simpleHigh.dae using Guid(9ffef31123514d54c9627e6e69822af3) Importer(2089858483,192608db42251d675da83286b1cce702) (ScriptedImporter) -> (artifact id: 'ec4bc3ad45539ae73be84592f76031c3') in 0.065373 seconds
Number of updated asset objects reloaded before import = 0Number of asset objects unloaded after import = 8

========================================================================
Received Import Request.
  Time since last request: 0.000046 seconds.
  path: Assets/Kit/Enviroment/tower defense/Models/DAE format/cliff_halfCornerInner_stone.dae
  artifactKey: Guid(9506136a882396445ab89764385e7158) Importer(2089858483,192608db42251d675da83286b1cce702)
Start importing Assets/Kit/Enviroment/tower defense/Models/DAE format/cliff_halfCornerInner_stone.dae using Guid(9506136a882396445ab89764385e7158) Importer(2089858483,192608db42251d675da83286b1cce702) (ScriptedImporter) -> (artifact id: '51fa62083bf7a6394a5be1469c35d9e0') in 0.080769 seconds
Number of updated asset objects reloaded before import = 0Number of asset objects unloaded after import = 10

========================================================================
Received Import Request.
  Time since last request: 0.000052 seconds.
  path: Assets/Kit/Enviroment/tower defense/Models/DAE format/crops_leafsStageB.dae
  artifactKey: Guid(633f350646122364d92dff7d9ab26ccf) Importer(2089858483,192608db42251d675da83286b1cce702)
Start importing Assets/Kit/Enviroment/tower defense/Models/DAE format/crops_leafsStageB.dae using Guid(633f350646122364d92dff7d9ab26ccf) Importer(2089858483,192608db42251d675da83286b1cce702) (ScriptedImporter) -> (artifact id: '21e9fe7d93fcab20ec17c08eed75d7bf') in 0.0660897 seconds
Number of updated asset objects reloaded before import = 0Number of asset objects unloaded after import = 8

========================================================================
Received Import Request.
  Time since last request: 0.000038 seconds.
  path: Assets/Kit/Enviroment/tower defense/Models/DAE format/cliff_top_stone.dae
  artifactKey: Guid(635616327f704024b83aefe97e3468f2) Importer(2089858483,192608db42251d675da83286b1cce702)
Start importing Assets/Kit/Enviroment/tower defense/Models/DAE format/cliff_top_stone.dae using Guid(635616327f704024b83aefe97e3468f2) Importer(2089858483,192608db42251d675da83286b1cce702) (ScriptedImporter) -> (artifact id: '6c6228a52461ae187522beee6d444a9c') in 0.0652654 seconds
Number of updated asset objects reloaded before import = 0Number of asset objects unloaded after import = 9

========================================================================
Received Import Request.
  Time since last request: 0.000041 seconds.
  path: Assets/Kit/Enviroment/tower defense/Models/DAE format/ground_pathEnd.dae
  artifactKey: Guid(09a404756921fbb4cb9804ec6273ff9c) Importer(2089858483,192608db42251d675da83286b1cce702)
Start importing Assets/Kit/Enviroment/tower defense/Models/DAE format/ground_pathEnd.dae using Guid(09a404756921fbb4cb9804ec6273ff9c) Importer(2089858483,192608db42251d675da83286b1cce702) (ScriptedImporter) -> (artifact id: 'b3302181971843a192b584bbfc82f8c5') in 0.0823637 seconds
Number of updated asset objects reloaded before import = 0Number of asset objects unloaded after import = 10

========================================================================
Received Import Request.
  Time since last request: 0.000056 seconds.
  path: Assets/Kit/Enviroment/tower defense/Models/DAE format/ground_pathSplit.dae
  artifactKey: Guid(4e7f7ac2c78a5b54e9a9dbc06c894d01) Importer(2089858483,192608db42251d675da83286b1cce702)
Start importing Assets/Kit/Enviroment/tower defense/Models/DAE format/ground_pathSplit.dae using Guid(4e7f7ac2c78a5b54e9a9dbc06c894d01) Importer(2089858483,192608db42251d675da83286b1cce702) (ScriptedImporter) -> (artifact id: 'd99091483973a62f06c85a66d9c11f37') in 0.0737525 seconds
Number of updated asset objects reloaded before import = 0Number of asset objects unloaded after import = 10

========================================================================
Received Import Request.
  Time since last request: 0.000037 seconds.
  path: Assets/Kit/Enviroment/tower defense/Models/DAE format/ground_pathEndClosed.dae
  artifactKey: Guid(0177ff92a7db49245a85c63b1a42e65a) Importer(2089858483,192608db42251d675da83286b1cce702)
Start importing Assets/Kit/Enviroment/tower defense/Models/DAE format/ground_pathEndClosed.dae using Guid(0177ff92a7db49245a85c63b1a42e65a) Importer(2089858483,192608db42251d675da83286b1cce702) (ScriptedImporter) -> (artifact id: 'e85701557e4e6473e85af56598f81923') in 0.0846926 seconds
Number of updated asset objects reloaded before import = 0Number of asset objects unloaded after import = 10

========================================================================
Received Import Request.
  Time since last request: 0.000067 seconds.
  path: Assets/Kit/Enviroment/tower defense/Models/DAE format/statue_columnDamaged.dae
  artifactKey: Guid(76f0f6ba031caf449a623c07312f5d71) Importer(2089858483,192608db42251d675da83286b1cce702)
Start importing Assets/Kit/Enviroment/tower defense/Models/DAE format/statue_columnDamaged.dae using Guid(76f0f6ba031caf449a623c07312f5d71) Importer(2089858483,192608db42251d675da83286b1cce702) (ScriptedImporter) -> (artifact id: '92dca02a2b8d8d1361b7694918233891') in 0.0693336 seconds
Number of updated asset objects reloaded before import = 0Number of asset objects unloaded after import = 9

========================================================================
Received Import Request.
  Time since last request: 0.000055 seconds.
  path: Assets/Kit/Enviroment/tower defense/Models/DAE format/rock_tallD.dae
  artifactKey: Guid(b057e9e17d17da442ad446485c10a120) Importer(2089858483,192608db42251d675da83286b1cce702)
Start importing Assets/Kit/Enviroment/tower defense/Models/DAE format/rock_tallD.dae using Guid(b057e9e17d17da442ad446485c10a120) Importer(2089858483,192608db42251d675da83286b1cce702) (ScriptedImporter) -> (artifact id: '6d8bec1bb32bdd0b0e2d5d300c6d199d') in 0.0755128 seconds
Number of updated asset objects reloaded before import = 0Number of asset objects unloaded after import = 10

========================================================================
Received Import Request.
  Time since last request: 0.000037 seconds.
  path: Assets/Kit/Enviroment/tower defense/Models/DAE format/rock_tallG.dae
  artifactKey: Guid(0c3c3830e90deff4ca15d8b75e36ba22) Importer(2089858483,192608db42251d675da83286b1cce702)
Start importing Assets/Kit/Enviroment/tower defense/Models/DAE format/rock_tallG.dae using Guid(0c3c3830e90deff4ca15d8b75e36ba22) Importer(2089858483,192608db42251d675da83286b1cce702) (ScriptedImporter) -> (artifact id: '2ee92ad04eac6490605626b56650820b') in 0.0665936 seconds
Number of updated asset objects reloaded before import = 0Number of asset objects unloaded after import = 10

========================================================================
Received Import Request.
  Time since last request: 0.000039 seconds.
  path: Assets/Kit/Enviroment/tower defense/Models/DAE format/ground_riverCorner.dae
  artifactKey: Guid(b187d643ecf30674f9da69d3e059b98a) Importer(2089858483,192608db42251d675da83286b1cce702)
Start importing Assets/Kit/Enviroment/tower defense/Models/DAE format/ground_riverCorner.dae using Guid(b187d643ecf30674f9da69d3e059b98a) Importer(2089858483,192608db42251d675da83286b1cce702) (ScriptedImporter) -> (artifact id: '996ec5ce4c9d01874e954e95d7cb7f22') in 0.0820068 seconds
Number of updated asset objects reloaded before import = 0Number of asset objects unloaded after import = 11

========================================================================
Received Import Request.
  Time since last request: 0.000155 seconds.
  path: Assets/Kit/Enviroment/tower defense/Models/DAE format/stone_smallA.dae
  artifactKey: Guid(a9ee9010e46cf704f90177f3e73df67e) Importer(2089858483,192608db42251d675da83286b1cce702)
Start importing Assets/Kit/Enviroment/tower defense/Models/DAE format/stone_smallA.dae using Guid(a9ee9010e46cf704f90177f3e73df67e) Importer(2089858483,192608db42251d675da83286b1cce702) (ScriptedImporter) -> (artifact id: '8554e4576960bc142f8d3b85b77969c3') in 0.0600829 seconds
Number of updated asset objects reloaded before import = 0Number of asset objects unloaded after import = 8

========================================================================
Received Import Request.
  Time since last request: 0.000037 seconds.
  path: Assets/Kit/Enviroment/tower defense/Models/DAE format/rock_smallFlatC.dae
  artifactKey: Guid(0f68ea1a87e33194c9a8dbf8b2efeb0d) Importer(2089858483,192608db42251d675da83286b1cce702)
Start importing Assets/Kit/Enviroment/tower defense/Models/DAE format/rock_smallFlatC.dae using Guid(0f68ea1a87e33194c9a8dbf8b2efeb0d) Importer(2089858483,192608db42251d675da83286b1cce702) (ScriptedImporter) -> (artifact id: 'da82b62a4c16026b2a15deb4d3d57ce4') in 0.0755232 seconds
Number of updated asset objects reloaded before import = 0Number of asset objects unloaded after import = 9

========================================================================
Received Import Request.
  Time since last request: 0.000043 seconds.
  path: Assets/Kit/Enviroment/tower defense/Models/DAE format/mushroom_red.dae
  artifactKey: Guid(c1e0afc886a60c04aa0c415abd1bb8c0) Importer(2089858483,192608db42251d675da83286b1cce702)
Start importing Assets/Kit/Enviroment/tower defense/Models/DAE format/mushroom_red.dae using Guid(c1e0afc886a60c04aa0c415abd1bb8c0) Importer(2089858483,192608db42251d675da83286b1cce702) (ScriptedImporter) -> (artifact id: '7af023f053fdb784a821ab6e3600ce87') in 0.0613098 seconds
Number of updated asset objects reloaded before import = 0Number of asset objects unloaded after import = 9

========================================================================
Received Import Request.
  Time since last request: 0.000058 seconds.
  path: Assets/Kit/Enviroment/tower defense/Models/DAE format/rock_smallF.dae
  artifactKey: Guid(c0431adc069b2754488df76e8a14e7dc) Importer(2089858483,192608db42251d675da83286b1cce702)
Start importing Assets/Kit/Enviroment/tower defense/Models/DAE format/rock_smallF.dae using Guid(c0431adc069b2754488df76e8a14e7dc) Importer(2089858483,192608db42251d675da83286b1cce702) (ScriptedImporter) -> (artifact id: '8712266523b6cbe6cc0936ad4888f861') in 0.0691844 seconds
Number of updated asset objects reloaded before import = 0Number of asset objects unloaded after import = 9

========================================================================
Received Import Request.
  Time since last request: 0.000072 seconds.
  path: Assets/Kit/Enviroment/tower defense/Models/DAE format/rock_tallE.dae
  artifactKey: Guid(c1c21c4a21faa604089f459b9d399485) Importer(2089858483,192608db42251d675da83286b1cce702)
Start importing Assets/Kit/Enviroment/tower defense/Models/DAE format/rock_tallE.dae using Guid(c1c21c4a21faa604089f459b9d399485) Importer(2089858483,192608db42251d675da83286b1cce702) (ScriptedImporter) -> (artifact id: 'e443ff6507c7a68a8086488b7acd9d39') in 0.0706128 seconds
Number of updated asset objects reloaded before import = 0Number of asset objects unloaded after import = 10

========================================================================
Received Import Request.
  Time since last request: 0.000034 seconds.
  path: Assets/Kit/DungeonKit/KayKit_DungeonRemastered_1.1_FREE/Assets/obj/torch.obj
  artifactKey: Guid(e689f1b59b19d824290b64cd6a7a5ee0) Importer(2089858483,192608db42251d675da83286b1cce702)
Start importing Assets/Kit/DungeonKit/KayKit_DungeonRemastered_1.1_FREE/Assets/obj/torch.obj using Guid(e689f1b59b19d824290b64cd6a7a5ee0) Importer(2089858483,192608db42251d675da83286b1cce702) (ScriptedImporter) -> (artifact id: '725b83b2cca24ac109021e41d55c6527') in 0.0847494 seconds
Number of updated asset objects reloaded before import = 0Number of asset objects unloaded after import = 11

========================================================================
Received Import Request.
  Time since last request: 0.000078 seconds.
  path: Assets/Kit/DungeonKit/KayKit_DungeonRemastered_1.1_FREE/Assets/obj/floor_wood_small_dark.mtl
  artifactKey: Guid(7590161824ddeb34494d1419cdbb0998) Importer(2089858483,192608db42251d675da83286b1cce702)
Start importing Assets/Kit/DungeonKit/KayKit_DungeonRemastered_1.1_FREE/Assets/obj/floor_wood_small_dark.mtl using Guid(7590161824ddeb34494d1419cdbb0998) Importer(2089858483,192608db42251d675da83286b1cce702) (ScriptedImporter) -> (artifact id: '3e984dcda2aa67c2dbf5f38c7918b660') in 0.0319958 seconds
Number of updated asset objects reloaded before import = 0Number of asset objects unloaded after import = 1

========================================================================
Received Import Request.
  Time since last request: 0.000040 seconds.
  path: Assets/Kit/DungeonKit/KayKit_DungeonRemastered_1.1_FREE/Assets/obj/table_long_decorated_A.obj
  artifactKey: Guid(750d5d4ad6e4f454e809522785b0230c) Importer(2089858483,192608db42251d675da83286b1cce702)
Start importing Assets/Kit/DungeonKit/KayKit_DungeonRemastered_1.1_FREE/Assets/obj/table_long_decorated_A.obj using Guid(750d5d4ad6e4f454e809522785b0230c) Importer(2089858483,192608db42251d675da83286b1cce702) (ScriptedImporter) -> (artifact id: '2500d432c13556e77ac2e85c068abd31') in 0.0665359 seconds
Number of updated asset objects reloaded before import = 0Number of asset objects unloaded after import = 11

========================================================================
Received Import Request.
  Time since last request: 0.000109 seconds.
  path: Assets/Kit/DungeonKit/KayKit_DungeonRemastered_1.1_FREE/Assets/obj/bottle_C_brown.mtl
  artifactKey: Guid(d5de729f7e1f120478c10d1f798b9ca0) Importer(2089858483,192608db42251d675da83286b1cce702)
Start importing Assets/Kit/DungeonKit/KayKit_DungeonRemastered_1.1_FREE/Assets/obj/bottle_C_brown.mtl using Guid(d5de729f7e1f120478c10d1f798b9ca0) Importer(2089858483,192608db42251d675da83286b1cce702) (ScriptedImporter) -> (artifact id: 'eb57bb2b48c630ab03987cba81f1f8b7') in 0.0266443 seconds
Number of updated asset objects reloaded before import = 0Number of asset objects unloaded after import = 1

========================================================================
Received Import Request.
  Time since last request: 0.000054 seconds.
  path: Assets/Kit/DungeonKit/KayKit_DungeonRemastered_1.1_FREE/Assets/obj/coin.mtl
  artifactKey: Guid(bd54a70a87ee74c4090ba228cf809f28) Importer(2089858483,192608db42251d675da83286b1cce702)
Start importing Assets/Kit/DungeonKit/KayKit_DungeonRemastered_1.1_FREE/Assets/obj/coin.mtl using Guid(bd54a70a87ee74c4090ba228cf809f28) Importer(2089858483,192608db42251d675da83286b1cce702) (ScriptedImporter) -> (artifact id: '33e6bc81d1f341beaa0d04f68ae2dd12') in 0.0255536 seconds
Number of updated asset objects reloaded before import = 0Number of asset objects unloaded after import = 1

========================================================================
Received Import Request.
  Time since last request: 0.000035 seconds.
  path: Assets/Kit/DungeonKit/KayKit_DungeonRemastered_1.1_FREE/Assets/obj/crates_stacked.mtl
  artifactKey: Guid(9c8e10ef71c11bb4a8c58d56ceb899ef) Importer(2089858483,192608db42251d675da83286b1cce702)
Start importing Assets/Kit/DungeonKit/KayKit_DungeonRemastered_1.1_FREE/Assets/obj/crates_stacked.mtl using Guid(9c8e10ef71c11bb4a8c58d56ceb899ef) Importer(2089858483,192608db42251d675da83286b1cce702) (ScriptedImporter) -> (artifact id: '1e072870130533b75d66ba1dc5feaf23') in 0.0264966 seconds
Number of updated asset objects reloaded before import = 0Number of asset objects unloaded after import = 1

========================================================================
Received Import Request.
  Time since last request: 0.000033 seconds.
  path: Assets/Kit/DungeonKit/KayKit_DungeonRemastered_1.1_FREE/Assets/obj/stairs_long_modular_center.mtl
  artifactKey: Guid(80556a32e9ed0da4b95b677888ad38ab) Importer(2089858483,192608db42251d675da83286b1cce702)
Start importing Assets/Kit/DungeonKit/KayKit_DungeonRemastered_1.1_FREE/Assets/obj/stairs_long_modular_center.mtl using Guid(80556a32e9ed0da4b95b677888ad38ab) Importer(2089858483,192608db42251d675da83286b1cce702) (ScriptedImporter) -> (artifact id: 'dc61777fc8469a84eaca24d7a6a01ed4') in 0.0271089 seconds
Number of updated asset objects reloaded before import = 0Number of asset objects unloaded after import = 1

========================================================================
Received Import Request.
  Time since last request: 0.000044 seconds.
  path: Assets/Kit/DungeonKit/KayKit_DungeonRemastered_1.1_FREE/Assets/obj/keyring.obj
  artifactKey: Guid(6f5d54385208b4442a9f80112a5ad1aa) Importer(2089858483,192608db42251d675da83286b1cce702)
Start importing Assets/Kit/DungeonKit/KayKit_DungeonRemastered_1.1_FREE/Assets/obj/keyring.obj using Guid(6f5d54385208b4442a9f80112a5ad1aa) Importer(2089858483,192608db42251d675da83286b1cce702) (ScriptedImporter) -> (artifact id: '5d42ef68392e9f90c5d6d71e0e937bbe') in 0.0662744 seconds
Number of updated asset objects reloaded before import = 0Number of asset objects unloaded after import = 11

========================================================================
Received Import Request.
  Time since last request: 0.000047 seconds.
  path: Assets/Kit/DungeonKit/KayKit_DungeonRemastered_1.1_FREE/Assets/obj/banner_shield_blue.mtl
  artifactKey: Guid(8b74a1eaa1856074388f6aadbaa2e1ff) Importer(2089858483,192608db42251d675da83286b1cce702)
Start importing Assets/Kit/DungeonKit/KayKit_DungeonRemastered_1.1_FREE/Assets/obj/banner_shield_blue.mtl using Guid(8b74a1eaa1856074388f6aadbaa2e1ff) Importer(2089858483,192608db42251d675da83286b1cce702) (ScriptedImporter) -> (artifact id: 'ac3fc1b35948ef04b0cbd29010221ea7') in 0.0238472 seconds
Number of updated asset objects reloaded before import = 0Number of asset objects unloaded after import = 1

========================================================================
Received Import Request.
  Time since last request: 0.000034 seconds.
  path: Assets/Kit/DungeonKit/KayKit_DungeonRemastered_1.1_FREE/Assets/obj/floor_tile_extralarge_grates.mtl
  artifactKey: Guid(9d91d4651b864c949b8969ef3d53256f) Importer(2089858483,192608db42251d675da83286b1cce702)
Start importing Assets/Kit/DungeonKit/KayKit_DungeonRemastered_1.1_FREE/Assets/obj/floor_tile_extralarge_grates.mtl using Guid(9d91d4651b864c949b8969ef3d53256f) Importer(2089858483,192608db42251d675da83286b1cce702) (ScriptedImporter) -> (artifact id: '78b60c22fabe6e94b3fd89b7a407af25') in 0.0267645 seconds
Number of updated asset objects reloaded before import = 0Number of asset objects unloaded after import = 1

========================================================================
Received Import Request.
  Time since last request: 0.000044 seconds.
  path: Assets/Kit/DungeonKit/KayKit_DungeonRemastered_1.1_FREE/Assets/obj/plate_stack.mtl
  artifactKey: Guid(560dce43f2ed7664a8df48130ee90102) Importer(2089858483,192608db42251d675da83286b1cce702)
Start importing Assets/Kit/DungeonKit/KayKit_DungeonRemastered_1.1_FREE/Assets/obj/plate_stack.mtl using Guid(560dce43f2ed7664a8df48130ee90102) Importer(2089858483,192608db42251d675da83286b1cce702) (ScriptedImporter) -> (artifact id: 'd9298e5f80b5aa880eedc89ed90f0bbc') in 0.0273284 seconds
Number of updated asset objects reloaded before import = 0Number of asset objects unloaded after import = 1

========================================================================
Received Import Request.
  Time since last request: 0.000049 seconds.
  path: Assets/Kit/Enviroment/tower defense/Models/DAE format/tent_detailedClosed.dae
  artifactKey: Guid(70d1cde07ebb24b4ca1db6c52b12b2ed) Importer(2089858483,192608db42251d675da83286b1cce702)
Start importing Assets/Kit/Enviroment/tower defense/Models/DAE format/tent_detailedClosed.dae using Guid(70d1cde07ebb24b4ca1db6c52b12b2ed) Importer(2089858483,192608db42251d675da83286b1cce702) (ScriptedImporter) -> (artifact id: '63e290e361e7be591467e3915dedc568') in 0.0711406 seconds
Number of updated asset objects reloaded before import = 0Number of asset objects unloaded after import = 10

========================================================================
Received Import Request.
  Time since last request: 0.000051 seconds.
  path: Assets/Kit/Enviroment/tower defense/Models/DAE format/tree_pineTallD_detailed.dae
  artifactKey: Guid(163776fa35fd53c458124428be213a1d) Importer(2089858483,192608db42251d675da83286b1cce702)
Start importing Assets/Kit/Enviroment/tower defense/Models/DAE format/tree_pineTallD_detailed.dae using Guid(163776fa35fd53c458124428be213a1d) Importer(2089858483,192608db42251d675da83286b1cce702) (ScriptedImporter) -> (artifact id: '5ab02c7af96ae0e49ebdb1841cc69aaa') in 0.0594566 seconds
Number of updated asset objects reloaded before import = 0Number of asset objects unloaded after import = 9

========================================================================
Received Import Request.
  Time since last request: 0.000033 seconds.
  path: Assets/Kit/Enviroment/tower defense/Models/DAE format/stone_tallD.dae
  artifactKey: Guid(7f17a6e847da9934a8a5d7b66c85809a) Importer(2089858483,192608db42251d675da83286b1cce702)
Start importing Assets/Kit/Enviroment/tower defense/Models/DAE format/stone_tallD.dae using Guid(7f17a6e847da9934a8a5d7b66c85809a) Importer(2089858483,192608db42251d675da83286b1cce702) (ScriptedImporter) -> (artifact id: '4b8cb447560a8a4619b2c890adf543a7') in 0.0696276 seconds
Number of updated asset objects reloaded before import = 0Number of asset objects unloaded after import = 9

========================================================================
Received Import Request.
  Time since last request: 0.000037 seconds.
  path: Assets/Kit/Enviroment/tower defense/Models/DAE format/tree_palmBend.dae
  artifactKey: Guid(a8a3319cf29bba64b9c48b6a633ac86b) Importer(2089858483,192608db42251d675da83286b1cce702)
Start importing Assets/Kit/Enviroment/tower defense/Models/DAE format/tree_palmBend.dae using Guid(a8a3319cf29bba64b9c48b6a633ac86b) Importer(2089858483,192608db42251d675da83286b1cce702) (ScriptedImporter) -> (artifact id: '9ca29e76f48815e7b157f765057848e1') in 0.0602854 seconds
Number of updated asset objects reloaded before import = 0Number of asset objects unloaded after import = 9

========================================================================
Received Import Request.
  Time since last request: 0.000055 seconds.
  path: Assets/Kit/Enviroment/tower defense/Models/DAE format/stone_smallG.dae
  artifactKey: Guid(a4f86255f5759c048a3bfb8701a9bee2) Importer(2089858483,192608db42251d675da83286b1cce702)
Start importing Assets/Kit/Enviroment/tower defense/Models/DAE format/stone_smallG.dae using Guid(a4f86255f5759c048a3bfb8701a9bee2) Importer(2089858483,192608db42251d675da83286b1cce702) (ScriptedImporter) -> (artifact id: '4b50b632695e3caef707045caf63955e') in 0.0659939 seconds
Number of updated asset objects reloaded before import = 0Number of asset objects unloaded after import = 8

========================================================================
Received Import Request.
  Time since last request: 0.000034 seconds.
  path: Assets/Kit/Enviroment/tower defense/Models/DAE format/stone_tallF.dae
  artifactKey: Guid(2f50691c8129bd644b49d5ab2e2f2486) Importer(2089858483,192608db42251d675da83286b1cce702)
Start importing Assets/Kit/Enviroment/tower defense/Models/DAE format/stone_tallF.dae using Guid(2f50691c8129bd644b49d5ab2e2f2486) Importer(2089858483,192608db42251d675da83286b1cce702) (ScriptedImporter) -> (artifact id: '7dca982e9658f10a252838468dfc2308') in 0.0613565 seconds
Number of updated asset objects reloaded before import = 0Number of asset objects unloaded after import = 9

========================================================================
Received Import Request.
  Time since last request: 0.000059 seconds.
  path: Assets/Kit/Enviroment/tower defense/Models/DAE format/tree_oak_fall.dae
  artifactKey: Guid(2a8757af6ccd5024d9dae049a58adc60) Importer(2089858483,192608db42251d675da83286b1cce702)
Start importing Assets/Kit/Enviroment/tower defense/Models/DAE format/tree_oak_fall.dae using Guid(2a8757af6ccd5024d9dae049a58adc60) Importer(2089858483,192608db42251d675da83286b1cce702) (ScriptedImporter) -> (artifact id: '59a135114ea6a9c4f24e35a4d7f495c5') in 0.0743377 seconds
Number of updated asset objects reloaded before import = 0Number of asset objects unloaded after import = 9

========================================================================
Received Import Request.
  Time since last request: 0.000055 seconds.
  path: Assets/Kit/Enviroment/tower defense/Models/DAE format/tree_default_fall.dae
  artifactKey: Guid(370c81e65a0196842acc4e5679053845) Importer(2089858483,192608db42251d675da83286b1cce702)
Start importing Assets/Kit/Enviroment/tower defense/Models/DAE format/tree_default_fall.dae using Guid(370c81e65a0196842acc4e5679053845) Importer(2089858483,192608db42251d675da83286b1cce702) (ScriptedImporter) -> (artifact id: '7ae4bf0675fa17e5ea7da279ab23944a') in 0.0650863 seconds
Number of updated asset objects reloaded before import = 0Number of asset objects unloaded after import = 9

========================================================================
Received Import Request.
  Time since last request: 0.000038 seconds.
  path: Assets/Kit/Enviroment/tower defense/Models/DAE format/tree_small.dae
  artifactKey: Guid(63f698dd97bbe5f44889173898d962cd) Importer(2089858483,192608db42251d675da83286b1cce702)
Start importing Assets/Kit/Enviroment/tower defense/Models/DAE format/tree_small.dae using Guid(63f698dd97bbe5f44889173898d962cd) Importer(2089858483,192608db42251d675da83286b1cce702) (ScriptedImporter) -> (artifact id: '03dbbe107b384543d3f7ae9975edea98') in 0.0748378 seconds
Number of updated asset objects reloaded before import = 0Number of asset objects unloaded after import = 9

========================================================================
Received Import Request.
  Time since last request: 0.000041 seconds.
  path: Assets/Kit/DungeonKit/KayKit_DungeonRemastered_1.1_FREE/Assets/obj/bed_frame.mtl
  artifactKey: Guid(80876c33ac48b9a44bc40fcbf4c5bb56) Importer(2089858483,192608db42251d675da83286b1cce702)
Start importing Assets/Kit/DungeonKit/KayKit_DungeonRemastered_1.1_FREE/Assets/obj/bed_frame.mtl using Guid(80876c33ac48b9a44bc40fcbf4c5bb56) Importer(2089858483,192608db42251d675da83286b1cce702) (ScriptedImporter) -> (artifact id: '01d8b3eea0d1d2b47bec2114f7f42dd9') in 0.0265169 seconds
Number of updated asset objects reloaded before import = 0Number of asset objects unloaded after import = 1

========================================================================
Received Import Request.
  Time since last request: 0.000050 seconds.
  path: Assets/Kit/DungeonKit/KayKit_DungeonRemastered_1.1_FREE/Assets/obj/wall_doorway_scaffold_door.obj
  artifactKey: Guid(3d1d5b8985ce97e4f90371bdd4b42bb6) Importer(2089858483,192608db42251d675da83286b1cce702)
Start importing Assets/Kit/DungeonKit/KayKit_DungeonRemastered_1.1_FREE/Assets/obj/wall_doorway_scaffold_door.obj using Guid(3d1d5b8985ce97e4f90371bdd4b42bb6) Importer(2089858483,192608db42251d675da83286b1cce702) (ScriptedImporter) -> (artifact id: '843f5e27fc6bb9c1f8af9ede8e4ed0c8') in 0.0625037 seconds
Number of updated asset objects reloaded before import = 0Number of asset objects unloaded after import = 11

========================================================================
Received Import Request.
  Time since last request: 0.000033 seconds.
  path: Assets/Kit/DungeonKit/KayKit_DungeonRemastered_1.1_FREE/Assets/obj/bottle_A_green.mtl
  artifactKey: Guid(81093cab11c72a3419cd63d3ac228ade) Importer(2089858483,192608db42251d675da83286b1cce702)
Start importing Assets/Kit/DungeonKit/KayKit_DungeonRemastered_1.1_FREE/Assets/obj/bottle_A_green.mtl using Guid(81093cab11c72a3419cd63d3ac228ade) Importer(2089858483,192608db42251d675da83286b1cce702) (ScriptedImporter) -> (artifact id: 'e8dd9900256a5eb5895c3a1e5bf4d1e0') in 0.0238173 seconds
Number of updated asset objects reloaded before import = 0Number of asset objects unloaded after import = 1

========================================================================
Received Import Request.
  Time since last request: 0.000041 seconds.
  path: Assets/Kit/DungeonKit/KayKit_DungeonRemastered_1.1_FREE/Assets/obj/column.obj
  artifactKey: Guid(1988aa5128605ac4985cb3047a9151b0) Importer(2089858483,192608db42251d675da83286b1cce702)
Start importing Assets/Kit/DungeonKit/KayKit_DungeonRemastered_1.1_FREE/Assets/obj/column.obj using Guid(1988aa5128605ac4985cb3047a9151b0) Importer(2089858483,192608db42251d675da83286b1cce702) (ScriptedImporter) -> (artifact id: '196df5ace9d2b73eed91218be0aca307') in 0.0674815 seconds
Number of updated asset objects reloaded before import = 0Number of asset objects unloaded after import = 11

========================================================================
Received Import Request.
  Time since last request: 0.000051 seconds.
  path: Assets/Kit/Enviroment/tower defense/Models/DAE format/stump_old.dae
  artifactKey: Guid(d7f78baab0754b94c8d910d361f1503c) Importer(2089858483,192608db42251d675da83286b1cce702)
Start importing Assets/Kit/Enviroment/tower defense/Models/DAE format/stump_old.dae using Guid(d7f78baab0754b94c8d910d361f1503c) Importer(2089858483,192608db42251d675da83286b1cce702) (ScriptedImporter) -> (artifact id: 'b443683ae6f637a11be4ece0f4062c50') in 0.0600625 seconds
Number of updated asset objects reloaded before import = 0Number of asset objects unloaded after import = 8

========================================================================
Received Import Request.
  Time since last request: 0.000030 seconds.
  path: Assets/Kit/Enviroment/Eviroment hexa/Assets/tiles/base/hex_grass.fbx
  artifactKey: Guid(62f1fdcc7f442944a97e5f819cdc7224) Importer(815301076,1909f56bfc062723c751e8b465ee728b)
Start importing Assets/Kit/Enviroment/Eviroment hexa/Assets/tiles/base/hex_grass.fbx using Guid(62f1fdcc7f442944a97e5f819cdc7224) Importer(815301076,1909f56bfc062723c751e8b465ee728b) (PreviewImporter) -> (artifact id: '9932417efd5e75359de9c2ef2053c61f') in 0.1521747 seconds
Number of updated asset objects reloaded before import = 0Number of asset objects unloaded after import = 9

========================================================================
Received Import Request.
  Time since last request: 0.000044 seconds.
  path: Assets/Kit/Enviroment/tower defense/Models/DAE format/statue_obelisk.dae
  artifactKey: Guid(fbbeb388e469bd94d817850f4a8c96d5) Importer(2089858483,192608db42251d675da83286b1cce702)
Start importing Assets/Kit/Enviroment/tower defense/Models/DAE format/statue_obelisk.dae using Guid(fbbeb388e469bd94d817850f4a8c96d5) Importer(2089858483,192608db42251d675da83286b1cce702) (ScriptedImporter) -> (artifact id: '94c0361a1af23ba5522672ef1769bfa3') in 0.0729684 seconds
Number of updated asset objects reloaded before import = 0Number of asset objects unloaded after import = 9

========================================================================
Received Import Request.
  Time since last request: 0.000048 seconds.
  path: Assets/Kit/Enviroment/tower defense/Models/DAE format/rock_largeA.dae
  artifactKey: Guid(7ca219b56f385b34a9df2e2b78c821f6) Importer(2089858483,192608db42251d675da83286b1cce702)
Start importing Assets/Kit/Enviroment/tower defense/Models/DAE format/rock_largeA.dae using Guid(7ca219b56f385b34a9df2e2b78c821f6) Importer(2089858483,192608db42251d675da83286b1cce702) (ScriptedImporter) -> (artifact id: '8a6c12dbd24dab3a735ccc1983ed7b29') in 0.0662452 seconds
Number of updated asset objects reloaded before import = 0Number of asset objects unloaded after import = 9

========================================================================
Received Import Request.
  Time since last request: 0.000036 seconds.
  path: Assets/Kit/Enviroment/tower defense/Models/FBX format/cliff_blockSlope_stone.fbx
  artifactKey: Guid(a206767a955ecde40bf853e0b050a80a) Importer(2089858483,192608db42251d675da83286b1cce702)
Start importing Assets/Kit/Enviroment/tower defense/Models/FBX format/cliff_blockSlope_stone.fbx using Guid(a206767a955ecde40bf853e0b050a80a) Importer(2089858483,192608db42251d675da83286b1cce702) (ScriptedImporter) -> (artifact id: 'cf498a84d80a42e2671c7f880dd47b0e') in 0.0721011 seconds
Number of updated asset objects reloaded before import = 0Number of asset objects unloaded after import = 9

========================================================================
Received Import Request.
  Time since last request: 0.000043 seconds.
  path: Assets/Kit/Enviroment/tower defense/Models/FBX format/cliff_waterfall_rock.fbx
  artifactKey: Guid(4871de9c5bbeb54469b8bb59e54647d7) Importer(2089858483,192608db42251d675da83286b1cce702)
Start importing Assets/Kit/Enviroment/tower defense/Models/FBX format/cliff_waterfall_rock.fbx using Guid(4871de9c5bbeb54469b8bb59e54647d7) Importer(2089858483,192608db42251d675da83286b1cce702) (ScriptedImporter) -> (artifact id: 'd255f4ceb2fea7a66c059587ca3f551d') in 0.069211 seconds
Number of updated asset objects reloaded before import = 0Number of asset objects unloaded after import = 10

========================================================================
Received Import Request.
  Time since last request: 0.000069 seconds.
  path: Assets/Kit/Enviroment/tower defense/Models/FBX format/cliff_stone.fbx
  artifactKey: Guid(943c6d6fb1a6e134f9937d60faf3d771) Importer(2089858483,192608db42251d675da83286b1cce702)
Start importing Assets/Kit/Enviroment/tower defense/Models/FBX format/cliff_stone.fbx using Guid(943c6d6fb1a6e134f9937d60faf3d771) Importer(2089858483,192608db42251d675da83286b1cce702) (ScriptedImporter) -> (artifact id: '3f12712629a31c35c2525bea723a3f85') in 0.070564 seconds
Number of updated asset objects reloaded before import = 0Number of asset objects unloaded after import = 8

========================================================================
Received Import Request.
  Time since last request: 0.000035 seconds.
  path: Assets/Kit/Enviroment/tower defense/Models/FBX format/cliff_large_rock.fbx
  artifactKey: Guid(1a0aacc1e5f068741976d1d450b8217b) Importer(2089858483,192608db42251d675da83286b1cce702)
Start importing Assets/Kit/Enviroment/tower defense/Models/FBX format/cliff_large_rock.fbx using Guid(1a0aacc1e5f068741976d1d450b8217b) Importer(2089858483,192608db42251d675da83286b1cce702) (ScriptedImporter) -> (artifact id: 'd3902233a7a6bc9e1f98f0eeecabd14f') in 0.0621346 seconds
Number of updated asset objects reloaded before import = 0Number of asset objects unloaded after import = 8

========================================================================
Received Import Request.
  Time since last request: 0.000041 seconds.
  path: Assets/Kit/Enviroment/tower defense/Models/FBX format/cliff_blockDiagonal_rock.fbx
  artifactKey: Guid(222894682698dc34ea23532ee5adfae3) Importer(2089858483,192608db42251d675da83286b1cce702)
Start importing Assets/Kit/Enviroment/tower defense/Models/FBX format/cliff_blockDiagonal_rock.fbx using Guid(222894682698dc34ea23532ee5adfae3) Importer(2089858483,192608db42251d675da83286b1cce702) (ScriptedImporter) -> (artifact id: 'dabfdb8a1505dd7d5e2fc3ffd895075f') in 0.079124 seconds
Number of updated asset objects reloaded before import = 0Number of asset objects unloaded after import = 9

========================================================================
Received Import Request.
  Time since last request: 0.000059 seconds.
  path: Assets/Kit/Enviroment/tower defense/Models/FBX format/cliff_blockQuarter_stone.fbx
  artifactKey: Guid(a798b29dc94daff489509c2ec386eb65) Importer(2089858483,192608db42251d675da83286b1cce702)
Start importing Assets/Kit/Enviroment/tower defense/Models/FBX format/cliff_blockQuarter_stone.fbx using Guid(a798b29dc94daff489509c2ec386eb65) Importer(2089858483,192608db42251d675da83286b1cce702) (ScriptedImporter) -> (artifact id: '814902d81eb762b4f721a673bcd4de68') in 0.0647229 seconds
Number of updated asset objects reloaded before import = 0Number of asset objects unloaded after import = 9

========================================================================
Received Import Request.
  Time since last request: 0.000044 seconds.
  path: Assets/Kit/Enviroment/tower defense/Models/FBX format/cliff_cornerLarge_rock.fbx
  artifactKey: Guid(c3a697f6e1e5d5348b9b82e43c07f6a0) Importer(2089858483,192608db42251d675da83286b1cce702)
Start importing Assets/Kit/Enviroment/tower defense/Models/FBX format/cliff_cornerLarge_rock.fbx using Guid(c3a697f6e1e5d5348b9b82e43c07f6a0) Importer(2089858483,192608db42251d675da83286b1cce702) (ScriptedImporter) -> (artifact id: '2fd4fa54331fddf378d98424da917155') in 0.0710469 seconds
Number of updated asset objects reloaded before import = 0Number of asset objects unloaded after import = 8

========================================================================
Received Import Request.
  Time since last request: 0.000039 seconds.
  path: Assets/Kit/Enviroment/tower defense/Models/FBX format/cliff_diagonal_stone.fbx
  artifactKey: Guid(93cebc8169f85d04fafc5c642cee86fe) Importer(2089858483,192608db42251d675da83286b1cce702)
Start importing Assets/Kit/Enviroment/tower defense/Models/FBX format/cliff_diagonal_stone.fbx using Guid(93cebc8169f85d04fafc5c642cee86fe) Importer(2089858483,192608db42251d675da83286b1cce702) (ScriptedImporter) -> (artifact id: '315aa0cb1b1cc65304bca61f5d509d98') in 0.0653074 seconds
Number of updated asset objects reloaded before import = 0Number of asset objects unloaded after import = 8

========================================================================
Received Import Request.
  Time since last request: 0.000061 seconds.
  path: Assets/Kit/Enviroment/tower defense/Models/FBX format/cliff_blockSlopeWalls_stone.fbx
  artifactKey: Guid(4e13d9fb53a52d149aa58d9cb3d67115) Importer(2089858483,192608db42251d675da83286b1cce702)
Start importing Assets/Kit/Enviroment/tower defense/Models/FBX format/cliff_blockSlopeWalls_stone.fbx using Guid(4e13d9fb53a52d149aa58d9cb3d67115) Importer(2089858483,192608db42251d675da83286b1cce702) (ScriptedImporter) -> (artifact id: '56f3b615ce032246b5f249872def9917') in 0.0754056 seconds
Number of updated asset objects reloaded before import = 0Number of asset objects unloaded after import = 9

========================================================================
Received Import Request.
  Time since last request: 0.000045 seconds.
  path: Assets/Kit/Enviroment/tower defense/Models/FBX format/cliff_waterfall_stone.fbx
  artifactKey: Guid(686fea8d864bc5d4bb20113187b17c1d) Importer(2089858483,192608db42251d675da83286b1cce702)
Start importing Assets/Kit/Enviroment/tower defense/Models/FBX format/cliff_waterfall_stone.fbx using Guid(686fea8d864bc5d4bb20113187b17c1d) Importer(2089858483,192608db42251d675da83286b1cce702) (ScriptedImporter) -> (artifact id: '8c1c917af405e319e64ab1a341dd73ce') in 0.0629779 seconds
Number of updated asset objects reloaded before import = 0Number of asset objects unloaded after import = 9

========================================================================
Received Import Request.
  Time since last request: 0.000044 seconds.
  path: Assets/Kit/Enviroment/tower defense/Models/FBX format/bridge_woodNarrow.fbx
  artifactKey: Guid(a20661ae1c9a07840a1825dc0cdd39c5) Importer(2089858483,192608db42251d675da83286b1cce702)
Start importing Assets/Kit/Enviroment/tower defense/Models/FBX format/bridge_woodNarrow.fbx using Guid(a20661ae1c9a07840a1825dc0cdd39c5) Importer(2089858483,192608db42251d675da83286b1cce702) (ScriptedImporter) -> (artifact id: '19ce90ba27bc90684ce4b889270100e5') in 0.0871648 seconds
Number of updated asset objects reloaded before import = 0Number of asset objects unloaded after import = 10

========================================================================
Received Import Request.
  Time since last request: 0.000055 seconds.
  path: Assets/Kit/Enviroment/tower defense/Models/DAE format/stone_largeE.dae
  artifactKey: Guid(0dffd1d41a0d685499cfcd9dccbafeaf) Importer(2089858483,192608db42251d675da83286b1cce702)
Start importing Assets/Kit/Enviroment/tower defense/Models/DAE format/stone_largeE.dae using Guid(0dffd1d41a0d685499cfcd9dccbafeaf) Importer(2089858483,192608db42251d675da83286b1cce702) (ScriptedImporter) -> (artifact id: '5b82f91e5a4ea68dbe44037cdd96cd07') in 0.0602561 seconds
Number of updated asset objects reloaded before import = 0Number of asset objects unloaded after import = 8

========================================================================
Received Import Request.
  Time since last request: 0.000034 seconds.
  path: Assets/Kit/Enviroment/tower defense/Models/DAE format/stump_squareDetailed.dae
  artifactKey: Guid(d5daa4b9a436d594280266015b12f1d4) Importer(2089858483,192608db42251d675da83286b1cce702)
Start importing Assets/Kit/Enviroment/tower defense/Models/DAE format/stump_squareDetailed.dae using Guid(d5daa4b9a436d594280266015b12f1d4) Importer(2089858483,192608db42251d675da83286b1cce702) (ScriptedImporter) -> (artifact id: 'b7c1bee304d57e64c544555d77c86bd7') in 0.0700097 seconds
Number of updated asset objects reloaded before import = 0Number of asset objects unloaded after import = 9

========================================================================
Received Import Request.
  Time since last request: 0.000040 seconds.
  path: Assets/Kit/Enviroment/tower defense/Models/DAE format/log_large.dae
  artifactKey: Guid(04854bb2453e6134f828fa559dcb7079) Importer(2089858483,192608db42251d675da83286b1cce702)
Start importing Assets/Kit/Enviroment/tower defense/Models/DAE format/log_large.dae using Guid(04854bb2453e6134f828fa559dcb7079) Importer(2089858483,192608db42251d675da83286b1cce702) (ScriptedImporter) -> (artifact id: 'd9258077970fee688448c692cf2031e0') in 0.0667108 seconds
Number of updated asset objects reloaded before import = 0Number of asset objects unloaded after import = 9

========================================================================
Received Import Request.
  Time since last request: 0.000057 seconds.
  path: Assets/Kit/Enviroment/tower defense/Models/FBX format/bridge_side_woodRound.fbx
  artifactKey: Guid(7eb4f7525bd505e46b75a04f21f49bad) Importer(2089858483,192608db42251d675da83286b1cce702)
Start importing Assets/Kit/Enviroment/tower defense/Models/FBX format/bridge_side_woodRound.fbx using Guid(7eb4f7525bd505e46b75a04f21f49bad) Importer(2089858483,192608db42251d675da83286b1cce702) (ScriptedImporter) -> (artifact id: '9c14db8f1a4f5f121145ac9d3b78043b') in 0.0772567 seconds
Number of updated asset objects reloaded before import = 0Number of asset objects unloaded after import = 11

========================================================================
Received Import Request.
  Time since last request: 0.000036 seconds.
  path: Assets/Kit/Enviroment/tower defense/Models/DAE format/tree_tall_fall.dae
  artifactKey: Guid(d583283c6d21c6d4c948dbd46df7e085) Importer(2089858483,192608db42251d675da83286b1cce702)
Start importing Assets/Kit/Enviroment/tower defense/Models/DAE format/tree_tall_fall.dae using Guid(d583283c6d21c6d4c948dbd46df7e085) Importer(2089858483,192608db42251d675da83286b1cce702) (ScriptedImporter) -> (artifact id: '8ba49827becf2752180686b16d107632') in 0.0678024 seconds
Number of updated asset objects reloaded before import = 0Number of asset objects unloaded after import = 9

========================================================================
Received Import Request.
  Time since last request: 0.000046 seconds.
  path: Assets/Kit/Enviroment/tower defense/Models/DAE format/stone_largeD.dae
  artifactKey: Guid(6152121ab46eb5147ac042ad00ad4988) Importer(2089858483,192608db42251d675da83286b1cce702)
Start importing Assets/Kit/Enviroment/tower defense/Models/DAE format/stone_largeD.dae using Guid(6152121ab46eb5147ac042ad00ad4988) Importer(2089858483,192608db42251d675da83286b1cce702) (ScriptedImporter) -> (artifact id: '36ddd242d2628a7bf59f6ca82421e417') in 0.0722645 seconds
Number of updated asset objects reloaded before import = 0Number of asset objects unloaded after import = 9

========================================================================
Received Import Request.
  Time since last request: 0.000053 seconds.
  path: Assets/Kit/Enviroment/tower defense/Models/FBX format/crops_wheatStageA.fbx
  artifactKey: Guid(b47739d9aa3dc534587b2a378e3baf9d) Importer(2089858483,192608db42251d675da83286b1cce702)
Start importing Assets/Kit/Enviroment/tower defense/Models/FBX format/crops_wheatStageA.fbx using Guid(b47739d9aa3dc534587b2a378e3baf9d) Importer(2089858483,192608db42251d675da83286b1cce702) (ScriptedImporter) -> (artifact id: 'cea6c14e021bf19b598dedea062bae6e') in 0.0658185 seconds
Number of updated asset objects reloaded before import = 0Number of asset objects unloaded after import = 8

========================================================================
Received Import Request.
  Time since last request: 0.000038 seconds.
  path: Assets/Kit/Enviroment/tower defense/Models/FBX format/fence_simpleLow.fbx
  artifactKey: Guid(6ed9731cc5807a045929b10d6efffe15) Importer(2089858483,192608db42251d675da83286b1cce702)
Start importing Assets/Kit/Enviroment/tower defense/Models/FBX format/fence_simpleLow.fbx using Guid(6ed9731cc5807a045929b10d6efffe15) Importer(2089858483,192608db42251d675da83286b1cce702) (ScriptedImporter) -> (artifact id: '518e957b3e1d430bfc277d59f1e60fff') in 0.0668406 seconds
Number of updated asset objects reloaded before import = 0Number of asset objects unloaded after import = 8

========================================================================
Received Import Request.
  Time since last request: 0.000041 seconds.
  path: Assets/Kit/Enviroment/tower defense/Models/FBX format/fence_bend.fbx
  artifactKey: Guid(79ec295078653e8408d8b8ad1de1006c) Importer(2089858483,192608db42251d675da83286b1cce702)
Start importing Assets/Kit/Enviroment/tower defense/Models/FBX format/fence_bend.fbx using Guid(79ec295078653e8408d8b8ad1de1006c) Importer(2089858483,192608db42251d675da83286b1cce702) (ScriptedImporter) -> (artifact id: 'f872115a55ac833577723f182b0138b4') in 0.0673823 seconds
Number of updated asset objects reloaded before import = 0Number of asset objects unloaded after import = 9

========================================================================
Received Import Request.
  Time since last request: 0.000054 seconds.
  path: Assets/Kit/Enviroment/tower defense/Models/FBX format/ground_pathEndClosed.fbx
  artifactKey: Guid(5a1bff1dd6298ea4899ceaa6655b193e) Importer(2089858483,192608db42251d675da83286b1cce702)
Start importing Assets/Kit/Enviroment/tower defense/Models/FBX format/ground_pathEndClosed.fbx using Guid(5a1bff1dd6298ea4899ceaa6655b193e) Importer(2089858483,192608db42251d675da83286b1cce702) (ScriptedImporter) -> (artifact id: '004ecbc7e1de80fc9b54650ab63514f1') in 0.0791131 seconds
Number of updated asset objects reloaded before import = 0Number of asset objects unloaded after import = 10

========================================================================
Received Import Request.
  Time since last request: 0.000043 seconds.
  path: Assets/Kit/Enviroment/tower defense/Models/FBX format/crops_cornStageD.fbx
  artifactKey: Guid(2afd9c93abacaf64ea1fd167c7af1148) Importer(2089858483,192608db42251d675da83286b1cce702)
Start importing Assets/Kit/Enviroment/tower defense/Models/FBX format/crops_cornStageD.fbx using Guid(2afd9c93abacaf64ea1fd167c7af1148) Importer(2089858483,192608db42251d675da83286b1cce702) (ScriptedImporter) -> (artifact id: '92be0a6efa19fec61e62fe922ce4e163') in 0.0854286 seconds
Number of updated asset objects reloaded before import = 0Number of asset objects unloaded after import = 29

========================================================================
Received Import Request.
  Time since last request: 0.000041 seconds.
  path: Assets/Kit/Enviroment/tower defense/Models/FBX format/flower_purpleA.fbx
  artifactKey: Guid(f56e8646be254214b92c203edb481f57) Importer(2089858483,192608db42251d675da83286b1cce702)
Start importing Assets/Kit/Enviroment/tower defense/Models/FBX format/flower_purpleA.fbx using Guid(f56e8646be254214b92c203edb481f57) Importer(2089858483,192608db42251d675da83286b1cce702) (ScriptedImporter) -> (artifact id: '79fc1c10e180a023d0bcd3a786809415') in 0.0730985 seconds
Number of updated asset objects reloaded before import = 0Number of asset objects unloaded after import = 9

========================================================================
Received Import Request.
  Time since last request: 0.000054 seconds.
  path: Assets/Kit/Enviroment/tower defense/Models/FBX format/log_stack.fbx
  artifactKey: Guid(1f56cbb738048c84e93fe6fd2085851b) Importer(2089858483,192608db42251d675da83286b1cce702)
Start importing Assets/Kit/Enviroment/tower defense/Models/FBX format/log_stack.fbx using Guid(1f56cbb738048c84e93fe6fd2085851b) Importer(2089858483,192608db42251d675da83286b1cce702) (ScriptedImporter) -> (artifact id: '39bbf515906525c29d14a85ab375d52d') in 0.0662769 seconds
Number of updated asset objects reloaded before import = 0Number of asset objects unloaded after import = 9

========================================================================
Received Import Request.
  Time since last request: 0.000032 seconds.
  path: Assets/Kit/Enviroment/tower defense/Models/FBX format/crop_carrot.fbx
  artifactKey: Guid(3e0f47d81990ab849ba861a2644ec63f) Importer(2089858483,192608db42251d675da83286b1cce702)
Start importing Assets/Kit/Enviroment/tower defense/Models/FBX format/crop_carrot.fbx using Guid(3e0f47d81990ab849ba861a2644ec63f) Importer(2089858483,192608db42251d675da83286b1cce702) (ScriptedImporter) -> (artifact id: '7b86cb333568fc742a09af1fa9daec70') in 0.077882 seconds
Number of updated asset objects reloaded before import = 0Number of asset objects unloaded after import = 9

========================================================================
Received Import Request.
  Time since last request: 0.000041 seconds.
  path: Assets/Kit/Enviroment/tower defense/Models/FBX format/hanging_moss.fbx
  artifactKey: Guid(0ec8ba30043a8154d9d0655789ca23d0) Importer(2089858483,192608db42251d675da83286b1cce702)
Start importing Assets/Kit/Enviroment/tower defense/Models/FBX format/hanging_moss.fbx using Guid(0ec8ba30043a8154d9d0655789ca23d0) Importer(2089858483,192608db42251d675da83286b1cce702) (ScriptedImporter) -> (artifact id: '90a749326bb471adff2951b47c1a21c2') in 0.0619599 seconds
Number of updated asset objects reloaded before import = 0Number of asset objects unloaded after import = 8

========================================================================
Received Import Request.
  Time since last request: 0.000068 seconds.
  path: Assets/Kit/Enviroment/tower defense/Models/FBX format/fence_planks.fbx
  artifactKey: Guid(5092a221a9d343d4d80f09f1e1021ba6) Importer(2089858483,192608db42251d675da83286b1cce702)
Start importing Assets/Kit/Enviroment/tower defense/Models/FBX format/fence_planks.fbx using Guid(5092a221a9d343d4d80f09f1e1021ba6) Importer(2089858483,192608db42251d675da83286b1cce702) (ScriptedImporter) -> (artifact id: '78edf5ae45f5bc580045eda50b1c669c') in 0.0610291 seconds
Number of updated asset objects reloaded before import = 0Number of asset objects unloaded after import = 8

========================================================================
Received Import Request.
  Time since last request: 0.000058 seconds.
  path: Assets/Kit/Enviroment/tower defense/Models/FBX format/fence_simpleCenter.fbx
  artifactKey: Guid(73d8b8a3ff0b61b43971f73ac9be276f) Importer(2089858483,192608db42251d675da83286b1cce702)
Start importing Assets/Kit/Enviroment/tower defense/Models/FBX format/fence_simpleCenter.fbx using Guid(73d8b8a3ff0b61b43971f73ac9be276f) Importer(2089858483,192608db42251d675da83286b1cce702) (ScriptedImporter) -> (artifact id: 'bc06dff5cbd778ee6a1dfe04e0eb120c') in 0.0754897 seconds
Number of updated asset objects reloaded before import = 0Number of asset objects unloaded after import = 9

========================================================================
Received Import Request.
  Time since last request: 0.000062 seconds.
  path: Assets/Kit/Enviroment/tower defense/Models/FBX format/ground_pathCornerSmall.fbx
  artifactKey: Guid(a81bc1da68a602a4da8b3fb2c7db26f1) Importer(2089858483,192608db42251d675da83286b1cce702)
Start importing Assets/Kit/Enviroment/tower defense/Models/FBX format/ground_pathCornerSmall.fbx using Guid(a81bc1da68a602a4da8b3fb2c7db26f1) Importer(2089858483,192608db42251d675da83286b1cce702) (ScriptedImporter) -> (artifact id: 'fd0fde72d830ad93a3d2f86716a672be') in 0.0665695 seconds
Number of updated asset objects reloaded before import = 0Number of asset objects unloaded after import = 10

========================================================================
Received Import Request.
  Time since last request: 0.000052 seconds.
  path: Assets/Kit/Enviroment/tower defense/Models/DAE format/tree_default.dae
  artifactKey: Guid(516bd7d7ac1c00e458d9c98c0d01fc91) Importer(2089858483,192608db42251d675da83286b1cce702)
Start importing Assets/Kit/Enviroment/tower defense/Models/DAE format/tree_default.dae using Guid(516bd7d7ac1c00e458d9c98c0d01fc91) Importer(2089858483,192608db42251d675da83286b1cce702) (ScriptedImporter) -> (artifact id: 'e9cc6e8077b62163a220d0ac3ad1b38f') in 0.0945211 seconds
Number of updated asset objects reloaded before import = 0Number of asset objects unloaded after import = 9

========================================================================
Received Import Request.
  Time since last request: 0.000035 seconds.
  path: Assets/Kit/Enviroment/tower defense/Models/FBX format/fence_bendCenter.fbx
  artifactKey: Guid(4c582182a6f8e4a4fa06f64c6373aa29) Importer(2089858483,192608db42251d675da83286b1cce702)
Start importing Assets/Kit/Enviroment/tower defense/Models/FBX format/fence_bendCenter.fbx using Guid(4c582182a6f8e4a4fa06f64c6373aa29) Importer(2089858483,192608db42251d675da83286b1cce702) (ScriptedImporter) -> (artifact id: '14fc92c612c5f82e8062356a2c44020a') in 0.069196 seconds
Number of updated asset objects reloaded before import = 0Number of asset objects unloaded after import = 10

========================================================================
Received Import Request.
  Time since last request: 0.000043 seconds.
  path: Assets/Kit/Enviroment/tower defense/Models/DAE format/tree_plateau_fall.dae
  artifactKey: Guid(910af642429d16a4b83dc6d04971fbbf) Importer(2089858483,192608db42251d675da83286b1cce702)
Start importing Assets/Kit/Enviroment/tower defense/Models/DAE format/tree_plateau_fall.dae using Guid(910af642429d16a4b83dc6d04971fbbf) Importer(2089858483,192608db42251d675da83286b1cce702) (ScriptedImporter) -> (artifact id: '6badbcf4681784c9edecbf53d9999b66') in 0.0748563 seconds
Number of updated asset objects reloaded before import = 0Number of asset objects unloaded after import = 9

========================================================================
Received Import Request.
  Time since last request: 0.000050 seconds.
  path: Assets/Kit/Enviroment/tower defense/Models/DAE format/ground_riverRocks.dae
  artifactKey: Guid(91410ac247544a4499e45c1d670559d5) Importer(2089858483,192608db42251d675da83286b1cce702)
Start importing Assets/Kit/Enviroment/tower defense/Models/DAE format/ground_riverRocks.dae using Guid(91410ac247544a4499e45c1d670559d5) Importer(2089858483,192608db42251d675da83286b1cce702) (ScriptedImporter) -> (artifact id: '9588a9af8a7c77abc05e3b0cc47a6e55') in 0.0783183 seconds
Number of updated asset objects reloaded before import = 0Number of asset objects unloaded after import = 12

========================================================================
Received Import Request.
  Time since last request: 0.000030 seconds.
  path: Assets/Kit/Enviroment/tower defense/Models/FBX format/stone_smallD.fbx
  artifactKey: Guid(68ae15310ca28624cb64404906fa8631) Importer(2089858483,192608db42251d675da83286b1cce702)
Start importing Assets/Kit/Enviroment/tower defense/Models/FBX format/stone_smallD.fbx using Guid(68ae15310ca28624cb64404906fa8631) Importer(2089858483,192608db42251d675da83286b1cce702) (ScriptedImporter) -> (artifact id: 'be2b50e56d6d161c897e810cdeb6b440') in 0.0582564 seconds
Number of updated asset objects reloaded before import = 0Number of asset objects unloaded after import = 8

========================================================================
Received Import Request.
  Time since last request: 0.000038 seconds.
  path: Assets/Kit/Enviroment/tower defense/Models/FBX format/rock_tallE.fbx
  artifactKey: Guid(e0774f651a220fa419d9e463ff5da39c) Importer(2089858483,192608db42251d675da83286b1cce702)
Start importing Assets/Kit/Enviroment/tower defense/Models/FBX format/rock_tallE.fbx using Guid(e0774f651a220fa419d9e463ff5da39c) Importer(2089858483,192608db42251d675da83286b1cce702) (ScriptedImporter) -> (artifact id: '0f4a487c5ffb8a4a1bd1893eb0405295') in 0.0754521 seconds
Number of updated asset objects reloaded before import = 0Number of asset objects unloaded after import = 10

========================================================================
Received Import Request.
  Time since last request: 0.000062 seconds.
  path: Assets/Kit/Enviroment/tower defense/Models/FBX format/rock_smallFlatC.fbx
  artifactKey: Guid(9042b123273d46d46a12b48965f4f031) Importer(2089858483,192608db42251d675da83286b1cce702)
Start importing Assets/Kit/Enviroment/tower defense/Models/FBX format/rock_smallFlatC.fbx using Guid(9042b123273d46d46a12b48965f4f031) Importer(2089858483,192608db42251d675da83286b1cce702) (ScriptedImporter) -> (artifact id: '8896b7d62e1d929552eea11f01ae8359') in 0.0658969 seconds
Number of updated asset objects reloaded before import = 0Number of asset objects unloaded after import = 9

========================================================================
Received Import Request.
  Time since last request: 0.000034 seconds.
  path: Assets/Kit/Enviroment/tower defense/Models/FBX format/mushroom_tan.fbx
  artifactKey: Guid(25d26561828661a46b7f544f17ef4009) Importer(2089858483,192608db42251d675da83286b1cce702)
Start importing Assets/Kit/Enviroment/tower defense/Models/FBX format/mushroom_tan.fbx using Guid(25d26561828661a46b7f544f17ef4009) Importer(2089858483,192608db42251d675da83286b1cce702) (ScriptedImporter) -> (artifact id: 'bd341808acf06958c514313007f23b27') in 0.0707554 seconds
Number of updated asset objects reloaded before import = 0Number of asset objects unloaded after import = 9

========================================================================
Received Import Request.
  Time since last request: 0.000037 seconds.
  path: Assets/Kit/Enviroment/tower defense/Models/FBX format/rock_smallH.fbx
  artifactKey: Guid(b74593143093cd247a5b2ee208f9f7e5) Importer(2089858483,192608db42251d675da83286b1cce702)
Start importing Assets/Kit/Enviroment/tower defense/Models/FBX format/rock_smallH.fbx using Guid(b74593143093cd247a5b2ee208f9f7e5) Importer(2089858483,192608db42251d675da83286b1cce702) (ScriptedImporter) -> (artifact id: '6a0e4aea0ef13f2d0d6114c9903fcca4') in 0.0761532 seconds
Number of updated asset objects reloaded before import = 0Number of asset objects unloaded after import = 9

========================================================================
Received Import Request.
  Time since last request: 0.000051 seconds.
  path: Assets/Kit/Enviroment/tower defense/Models/FBX format/plant_flatTall.fbx
  artifactKey: Guid(8e7cc1c50f5fd8a4fa4d006383322d5b) Importer(2089858483,192608db42251d675da83286b1cce702)
Start importing Assets/Kit/Enviroment/tower defense/Models/FBX format/plant_flatTall.fbx using Guid(8e7cc1c50f5fd8a4fa4d006383322d5b) Importer(2089858483,192608db42251d675da83286b1cce702) (ScriptedImporter) -> (artifact id: '22a0db3eeef6fb10e18af750d6deb323') in 0.0680237 seconds
Number of updated asset objects reloaded before import = 0Number of asset objects unloaded after import = 8

========================================================================
Received Import Request.
  Time since last request: 0.000050 seconds.
  path: Assets/Kit/Enviroment/tower defense/Models/FBX format/rock_tallD.fbx
  artifactKey: Guid(b70f02c9993949a4583e99a7c837c4d2) Importer(2089858483,192608db42251d675da83286b1cce702)
Start importing Assets/Kit/Enviroment/tower defense/Models/FBX format/rock_tallD.fbx using Guid(b70f02c9993949a4583e99a7c837c4d2) Importer(2089858483,192608db42251d675da83286b1cce702) (ScriptedImporter) -> (artifact id: '7d1a9e3601b1d09c3871131cc4d69820') in 0.0717694 seconds
Number of updated asset objects reloaded before import = 0Number of asset objects unloaded after import = 10

========================================================================
Received Import Request.
  Time since last request: 0.000040 seconds.
  path: Assets/Kit/Enviroment/tower defense/Models/FBX format/stone_largeB.fbx
  artifactKey: Guid(3b4368eb50e22ed4c8fe75264f13dbd3) Importer(2089858483,192608db42251d675da83286b1cce702)
Start importing Assets/Kit/Enviroment/tower defense/Models/FBX format/stone_largeB.fbx using Guid(3b4368eb50e22ed4c8fe75264f13dbd3) Importer(2089858483,192608db42251d675da83286b1cce702) (ScriptedImporter) -> (artifact id: '39991a56611542168f4643ea18f56ffc') in 0.061933 seconds
Number of updated asset objects reloaded before import = 0Number of asset objects unloaded after import = 9

========================================================================
Received Import Request.
  Time since last request: 0.000053 seconds.
  path: Assets/Kit/Enviroment/tower defense/Models/FBX format/path_wood.fbx
  artifactKey: Guid(c7beba40bbf830b419d8bcf141982ca8) Importer(2089858483,192608db42251d675da83286b1cce702)
Start importing Assets/Kit/Enviroment/tower defense/Models/FBX format/path_wood.fbx using Guid(c7beba40bbf830b419d8bcf141982ca8) Importer(2089858483,192608db42251d675da83286b1cce702) (ScriptedImporter) -> (artifact id: '7c615cfe4814725357c8a010efa7c5fa') in 0.0716574 seconds
Number of updated asset objects reloaded before import = 0Number of asset objects unloaded after import = 9

========================================================================
Received Import Request.
  Time since last request: 0.000032 seconds.
  path: Assets/Kit/Enviroment/tower defense/Models/FBX format/pot_large.fbx
  artifactKey: Guid(949ceef662df81e458e2c458219e6437) Importer(2089858483,192608db42251d675da83286b1cce702)
Start importing Assets/Kit/Enviroment/tower defense/Models/FBX format/pot_large.fbx using Guid(949ceef662df81e458e2c458219e6437) Importer(2089858483,192608db42251d675da83286b1cce702) (ScriptedImporter) -> (artifact id: '32aea2b1dbc961def0d2f9eb5bc839b5') in 0.063524 seconds
Number of updated asset objects reloaded before import = 0Number of asset objects unloaded after import = 9

========================================================================
Received Import Request.
  Time since last request: 0.000039 seconds.
  path: Assets/Kit/Enviroment/tower defense/Models/FBX format/rock_smallD.fbx
  artifactKey: Guid(30f3572246ded434a92b032f0794a541) Importer(2089858483,192608db42251d675da83286b1cce702)
Start importing Assets/Kit/Enviroment/tower defense/Models/FBX format/rock_smallD.fbx using Guid(30f3572246ded434a92b032f0794a541) Importer(2089858483,192608db42251d675da83286b1cce702) (ScriptedImporter) -> (artifact id: 'd5efc76bdcf1d299fcd7b077c2e1df87') in 0.0717488 seconds
Number of updated asset objects reloaded before import = 0Number of asset objects unloaded after import = 9

========================================================================
Received Import Request.
  Time since last request: 0.000058 seconds.
  path: Assets/Kit/Enviroment/tower defense/Models/FBX format/stone_largeE.fbx
  artifactKey: Guid(d1c2bd2cd109d9340835e01b902c859f) Importer(2089858483,192608db42251d675da83286b1cce702)
Start importing Assets/Kit/Enviroment/tower defense/Models/FBX format/stone_largeE.fbx using Guid(d1c2bd2cd109d9340835e01b902c859f) Importer(2089858483,192608db42251d675da83286b1cce702) (ScriptedImporter) -> (artifact id: '2e937d7143e6fe9e592263284f844415') in 0.0599281 seconds
Number of updated asset objects reloaded before import = 0Number of asset objects unloaded after import = 8

========================================================================
Received Import Request.
  Time since last request: 0.000091 seconds.
  path: Assets/Kit/Enviroment/tower defense/Models/FBX format/platform_beach.fbx
  artifactKey: Guid(f7bee290014634d48a040ef4c019775c) Importer(2089858483,192608db42251d675da83286b1cce702)
Start importing Assets/Kit/Enviroment/tower defense/Models/FBX format/platform_beach.fbx using Guid(f7bee290014634d48a040ef4c019775c) Importer(2089858483,192608db42251d675da83286b1cce702) (ScriptedImporter) -> (artifact id: '0d360846d530818727ea701fd4525c65') in 0.0607832 seconds
Number of updated asset objects reloaded before import = 0Number of asset objects unloaded after import = 8

========================================================================
Received Import Request.
  Time since last request: 0.000040 seconds.
  path: Assets/Kit/Enviroment/tower defense/Models/FBX format/stone_largeA.fbx
  artifactKey: Guid(b63f574dba1441944a5b445e174fd767) Importer(2089858483,192608db42251d675da83286b1cce702)
Start importing Assets/Kit/Enviroment/tower defense/Models/FBX format/stone_largeA.fbx using Guid(b63f574dba1441944a5b445e174fd767) Importer(2089858483,192608db42251d675da83286b1cce702) (ScriptedImporter) -> (artifact id: 'f6cf06a9a508df20b39b499ef33a4fcb') in 0.0696833 seconds
Number of updated asset objects reloaded before import = 0Number of asset objects unloaded after import = 8

========================================================================
Received Import Request.
  Time since last request: 0.000056 seconds.
  path: Assets/Kit/Enviroment/tower defense/Models/DAE format/ground_riverTile.dae
  artifactKey: Guid(ed6ba663c6bb55a4a91d440e006a1542) Importer(2089858483,192608db42251d675da83286b1cce702)
Start importing Assets/Kit/Enviroment/tower defense/Models/DAE format/ground_riverTile.dae using Guid(ed6ba663c6bb55a4a91d440e006a1542) Importer(2089858483,192608db42251d675da83286b1cce702) (ScriptedImporter) -> (artifact id: 'f1acd48d10f36425202526e84e486ba9') in 0.0689276 seconds
Number of updated asset objects reloaded before import = 0Number of asset objects unloaded after import = 11

========================================================================
Received Import Request.
  Time since last request: 0.000044 seconds.
  path: Assets/Kit/Enviroment/tower defense/Models/FBX format/tree_detailed_dark.fbx
  artifactKey: Guid(c5cdfeb65e3a35a46a4ef59ff8ca5433) Importer(2089858483,192608db42251d675da83286b1cce702)
Start importing Assets/Kit/Enviroment/tower defense/Models/FBX format/tree_detailed_dark.fbx using Guid(c5cdfeb65e3a35a46a4ef59ff8ca5433) Importer(2089858483,192608db42251d675da83286b1cce702) (ScriptedImporter) -> (artifact id: '056cf496925617bc8df338a7ee31e1ba') in 0.0768697 seconds
Number of updated asset objects reloaded before import = 0Number of asset objects unloaded after import = 10

========================================================================
Received Import Request.
  Time since last request: 0.000047 seconds.
  path: Assets/Kit/Enviroment/tower defense/Models/FBX format/tree_pineTallA.fbx
  artifactKey: Guid(77f439c38ac239f40b3cbd4543a3a9db) Importer(2089858483,192608db42251d675da83286b1cce702)
Start importing Assets/Kit/Enviroment/tower defense/Models/FBX format/tree_pineTallA.fbx using Guid(77f439c38ac239f40b3cbd4543a3a9db) Importer(2089858483,192608db42251d675da83286b1cce702) (ScriptedImporter) -> (artifact id: '4eb361efe4840480ff7cde537711868e') in 0.0844857 seconds
Number of updated asset objects reloaded before import = 0Number of asset objects unloaded after import = 9

========================================================================
Received Import Request.
  Time since last request: 0.000051 seconds.
  path: Assets/Kit/Enviroment/tower defense/Models/FBX format/tree_cone_dark.fbx
  artifactKey: Guid(23656527592b3e74faab7d624823648f) Importer(2089858483,192608db42251d675da83286b1cce702)
Start importing Assets/Kit/Enviroment/tower defense/Models/FBX format/tree_cone_dark.fbx using Guid(23656527592b3e74faab7d624823648f) Importer(2089858483,192608db42251d675da83286b1cce702) (ScriptedImporter) -> (artifact id: '28141b7741c7a0ca21def7f658d4e3fa') in 0.0657877 seconds
Number of updated asset objects reloaded before import = 0Number of asset objects unloaded after import = 9

========================================================================
Received Import Request.
  Time since last request: 0.000037 seconds.
  path: Assets/Kit/Enviroment/tower defense/Models/FBX format/stone_smallTopB.fbx
  artifactKey: Guid(fe499c09aa05ea541af047dc485a10a0) Importer(2089858483,192608db42251d675da83286b1cce702)
Start importing Assets/Kit/Enviroment/tower defense/Models/FBX format/stone_smallTopB.fbx using Guid(fe499c09aa05ea541af047dc485a10a0) Importer(2089858483,192608db42251d675da83286b1cce702) (ScriptedImporter) -> (artifact id: 'e0659aad62b5fbab77b7cfa1503b00a9') in 0.0644137 seconds
Number of updated asset objects reloaded before import = 0Number of asset objects unloaded after import = 8

========================================================================
Received Import Request.
  Time since last request: 0.000045 seconds.
  path: Assets/Kit/Enviroment/tower defense/Models/FBX format/tree_simple_fall.fbx
  artifactKey: Guid(bdc0bb13bd1da014c9ba33ea76dfbaf1) Importer(2089858483,192608db42251d675da83286b1cce702)
Start importing Assets/Kit/Enviroment/tower defense/Models/FBX format/tree_simple_fall.fbx using Guid(bdc0bb13bd1da014c9ba33ea76dfbaf1) Importer(2089858483,192608db42251d675da83286b1cce702) (ScriptedImporter) -> (artifact id: '2fef01aaa6db64e1971a19a427e84978') in 0.0977867 seconds
Number of updated asset objects reloaded before import = 0Number of asset objects unloaded after import = 9

========================================================================
Received Import Request.
  Time since last request: 0.000073 seconds.
  path: Assets/Kit/Enviroment/tower defense/Models/FBX format/tree_pineTallC_detailed.fbx
  artifactKey: Guid(9486e8cd4adbbda448c343023470e6ea) Importer(2089858483,192608db42251d675da83286b1cce702)
Start importing Assets/Kit/Enviroment/tower defense/Models/FBX format/tree_pineTallC_detailed.fbx using Guid(9486e8cd4adbbda448c343023470e6ea) Importer(2089858483,192608db42251d675da83286b1cce702) (ScriptedImporter) -> (artifact id: '5390d882fe2c1f177ad1f8f9407cc8a4') in 0.0706521 seconds
Number of updated asset objects reloaded before import = 0Number of asset objects unloaded after import = 9

========================================================================
Received Import Request.
  Time since last request: 0.000036 seconds.
  path: Assets/Kit/Enviroment/tower defense/Models/FBX format/stone_tallB.fbx
  artifactKey: Guid(658c6155f33fda74e95b39389b5dc25e) Importer(2089858483,192608db42251d675da83286b1cce702)
Start importing Assets/Kit/Enviroment/tower defense/Models/FBX format/stone_tallB.fbx using Guid(658c6155f33fda74e95b39389b5dc25e) Importer(2089858483,192608db42251d675da83286b1cce702) (ScriptedImporter) -> (artifact id: '66f73b6e8fe10796cb6a355cd9a98342') in 0.0856131 seconds
Number of updated asset objects reloaded before import = 0Number of asset objects unloaded after import = 9

========================================================================
Received Import Request.
  Time since last request: 0.000039 seconds.
  path: Assets/Kit/Enviroment/tower defense/Models/FBX format/tree_simple_dark.fbx
  artifactKey: Guid(50aad95b83ded7e4191152a2376e100c) Importer(2089858483,192608db42251d675da83286b1cce702)
Start importing Assets/Kit/Enviroment/tower defense/Models/FBX format/tree_simple_dark.fbx using Guid(50aad95b83ded7e4191152a2376e100c) Importer(2089858483,192608db42251d675da83286b1cce702) (ScriptedImporter) -> (artifact id: '3981f6bb74b64512f9761b570a9ebd72') in 0.0759303 seconds
Number of updated asset objects reloaded before import = 0Number of asset objects unloaded after import = 9

========================================================================
Received Import Request.
  Time since last request: 0.000050 seconds.
  path: Assets/Kit/Enviroment/tower defense/Models/FBX format/tree_pineGroundA.fbx
  artifactKey: Guid(5efbcb7e561b2864cb663ad490ec65f1) Importer(2089858483,192608db42251d675da83286b1cce702)
Start importing Assets/Kit/Enviroment/tower defense/Models/FBX format/tree_pineGroundA.fbx using Guid(5efbcb7e561b2864cb663ad490ec65f1) Importer(2089858483,192608db42251d675da83286b1cce702) (ScriptedImporter) -> (artifact id: 'e86ed2466dbc41f7480c6abfce279ccf') in 0.0567965 seconds
Number of updated asset objects reloaded before import = 0Number of asset objects unloaded after import = 8

========================================================================
Received Import Request.
  Time since last request: 0.000035 seconds.
  path: Assets/Kit/Enviroment/tower defense/Models/FBX format/tree_fat_fall.fbx
  artifactKey: Guid(3d4334ac6a24e8f4592ffc91b5eceb97) Importer(2089858483,192608db42251d675da83286b1cce702)
Start importing Assets/Kit/Enviroment/tower defense/Models/FBX format/tree_fat_fall.fbx using Guid(3d4334ac6a24e8f4592ffc91b5eceb97) Importer(2089858483,192608db42251d675da83286b1cce702) (ScriptedImporter) -> (artifact id: '8711138e19489fb1bc34b8f593eebf9a') in 0.0764287 seconds
Number of updated asset objects reloaded before import = 0Number of asset objects unloaded after import = 9

========================================================================
Received Import Request.
  Time since last request: 0.000041 seconds.
  path: Assets/Kit/Enviroment/tower defense/Models/FBX format/stone_tallJ.fbx
  artifactKey: Guid(ec705451d9f3d4545839be54c205871a) Importer(2089858483,192608db42251d675da83286b1cce702)
Start importing Assets/Kit/Enviroment/tower defense/Models/FBX format/stone_tallJ.fbx using Guid(ec705451d9f3d4545839be54c205871a) Importer(2089858483,192608db42251d675da83286b1cce702) (ScriptedImporter) -> (artifact id: 'c93ee9ac7a6a9c7a68b18a60cecaad73') in 0.0618534 seconds
Number of updated asset objects reloaded before import = 0Number of asset objects unloaded after import = 9

========================================================================
Received Import Request.
  Time since last request: 0.000056 seconds.
  path: Assets/Kit/Enviroment/tower defense/Models/FBX format/tree_cone.fbx
  artifactKey: Guid(f6d05e458ce133d4ca7ba552ca59763b) Importer(2089858483,192608db42251d675da83286b1cce702)
Start importing Assets/Kit/Enviroment/tower defense/Models/FBX format/tree_cone.fbx using Guid(f6d05e458ce133d4ca7ba552ca59763b) Importer(2089858483,192608db42251d675da83286b1cce702) (ScriptedImporter) -> (artifact id: '4bfdadd013d1d919ffa49c35dfb09589') in 0.0737687 seconds
Number of updated asset objects reloaded before import = 0Number of asset objects unloaded after import = 9

========================================================================
Received Import Request.
  Time since last request: 0.000041 seconds.
  path: Assets/Kit/Enviroment/tower defense/Models/FBX format/tent_smallClosed.fbx
  artifactKey: Guid(553cf0c3986c511478599e9ed6a09e08) Importer(2089858483,192608db42251d675da83286b1cce702)
Start importing Assets/Kit/Enviroment/tower defense/Models/FBX format/tent_smallClosed.fbx using Guid(553cf0c3986c511478599e9ed6a09e08) Importer(2089858483,192608db42251d675da83286b1cce702) (ScriptedImporter) -> (artifact id: '388404f6c6df65647481642208c08afd') in 0.0641981 seconds
Number of updated asset objects reloaded before import = 0Number of asset objects unloaded after import = 11

========================================================================
Received Import Request.
  Time since last request: 0.000034 seconds.
  path: Assets/Kit/Enviroment/tower defense/Models/FBX format/tree_pineSmallC.fbx
  artifactKey: Guid(a3f380a2f85815f4585581e424336e76) Importer(2089858483,192608db42251d675da83286b1cce702)
Start importing Assets/Kit/Enviroment/tower defense/Models/FBX format/tree_pineSmallC.fbx using Guid(a3f380a2f85815f4585581e424336e76) Importer(2089858483,192608db42251d675da83286b1cce702) (ScriptedImporter) -> (artifact id: 'b350ae686165dccce1fd5da660b8146f') in 0.0687702 seconds
Number of updated asset objects reloaded before import = 0Number of asset objects unloaded after import = 9

========================================================================
Received Import Request.
  Time since last request: 0.000057 seconds.
  path: Assets/Kit/Enviroment/tower defense/Models/GLTF format/cliff_blockDiagonal_stone.glb
  artifactKey: Guid(1ad69960c99c00540a52c46bf62862dd) Importer(2089858483,192608db42251d675da83286b1cce702)
Start importing Assets/Kit/Enviroment/tower defense/Models/GLTF format/cliff_blockDiagonal_stone.glb using Guid(1ad69960c99c00540a52c46bf62862dd) Importer(2089858483,192608db42251d675da83286b1cce702) (ScriptedImporter) -> (artifact id: 'c4f9313e1302ba042307192a25bea953') in 0.0250202 seconds
Number of updated asset objects reloaded before import = 0Number of asset objects unloaded after import = 1

========================================================================
Received Import Request.
  Time since last request: 0.000037 seconds.
  path: Assets/Kit/Enviroment/tower defense/Models/GLTF format/cactus_short.glb
  artifactKey: Guid(2954cfbe700009b46ac8c2a6160682a7) Importer(2089858483,192608db42251d675da83286b1cce702)
Start importing Assets/Kit/Enviroment/tower defense/Models/GLTF format/cactus_short.glb using Guid(2954cfbe700009b46ac8c2a6160682a7) Importer(2089858483,192608db42251d675da83286b1cce702) (ScriptedImporter) -> (artifact id: '840a3b4d2477c3874e6f5ba7b8a7cbb7') in 0.0229436 seconds
Number of updated asset objects reloaded before import = 0Number of asset objects unloaded after import = 1

========================================================================
Received Import Request.
  Time since last request: 0.000036 seconds.
  path: Assets/Kit/Enviroment/tower defense/Models/FBX format/tree_thin_fall.fbx
  artifactKey: Guid(d246704924834704d9f414537d4d88b4) Importer(2089858483,192608db42251d675da83286b1cce702)
Start importing Assets/Kit/Enviroment/tower defense/Models/FBX format/tree_thin_fall.fbx using Guid(d246704924834704d9f414537d4d88b4) Importer(2089858483,192608db42251d675da83286b1cce702) (ScriptedImporter) -> (artifact id: 'a5733238d77e098d111d563dcd2eec6a') in 0.0631978 seconds
Number of updated asset objects reloaded before import = 0Number of asset objects unloaded after import = 9

========================================================================
Received Import Request.
  Time since last request: 0.000036 seconds.
  path: Assets/Kit/Enviroment/tower defense/Models/GLTF format/campfire_bricks.glb
  artifactKey: Guid(5125610f78445d44a9d8836e1e5ee61c) Importer(2089858483,192608db42251d675da83286b1cce702)
Start importing Assets/Kit/Enviroment/tower defense/Models/GLTF format/campfire_bricks.glb using Guid(5125610f78445d44a9d8836e1e5ee61c) Importer(2089858483,192608db42251d675da83286b1cce702) (ScriptedImporter) -> (artifact id: 'b93e78c3339d4bc23d8c1c3af6790fd7') in 0.022013 seconds
Number of updated asset objects reloaded before import = 0Number of asset objects unloaded after import = 1

========================================================================
Received Import Request.
  Time since last request: 0.000054 seconds.
  path: Assets/Kit/Enviroment/tower defense/Models/GLTF format/cliff_halfCornerInner_stone.glb
  artifactKey: Guid(2ef32fc53a10f3d458cfa4e79115f413) Importer(2089858483,192608db42251d675da83286b1cce702)
Start importing Assets/Kit/Enviroment/tower defense/Models/GLTF format/cliff_halfCornerInner_stone.glb using Guid(2ef32fc53a10f3d458cfa4e79115f413) Importer(2089858483,192608db42251d675da83286b1cce702) (ScriptedImporter) -> (artifact id: '5e6e483a5debfc5b5753296bc6a21153') in 0.0282574 seconds
Number of updated asset objects reloaded before import = 0Number of asset objects unloaded after import = 1

========================================================================
Received Import Request.
  Time since last request: 0.000035 seconds.
  path: Assets/Kit/Enviroment/tower defense/Models/GLTF format/cliff_cornerTop_stone.glb
  artifactKey: Guid(0d6bfc54592c7af4ab5cef891b792643) Importer(2089858483,192608db42251d675da83286b1cce702)
Start importing Assets/Kit/Enviroment/tower defense/Models/GLTF format/cliff_cornerTop_stone.glb using Guid(0d6bfc54592c7af4ab5cef891b792643) Importer(2089858483,192608db42251d675da83286b1cce702) (ScriptedImporter) -> (artifact id: '5f2be38c708d04e1194cbad27470276f') in 0.0246883 seconds
Number of updated asset objects reloaded before import = 0Number of asset objects unloaded after import = 1

========================================================================
Received Import Request.
  Time since last request: 0.000036 seconds.
  path: Assets/Kit/Enviroment/tower defense/Models/GLTF format/bridge_wood.glb
  artifactKey: Guid(ba56236ad6e34f748a791e70a869d72d) Importer(2089858483,192608db42251d675da83286b1cce702)
Start importing Assets/Kit/Enviroment/tower defense/Models/GLTF format/bridge_wood.glb using Guid(ba56236ad6e34f748a791e70a869d72d) Importer(2089858483,192608db42251d675da83286b1cce702) (ScriptedImporter) -> (artifact id: '989aeb19503315d36b06bc2c7139c44f') in 0.0228386 seconds
Number of updated asset objects reloaded before import = 0Number of asset objects unloaded after import = 1

========================================================================
Received Import Request.
  Time since last request: 0.000038 seconds.
  path: Assets/Kit/Enviroment/tower defense/Models/GLTF format/cliff_cornerLarge_rock.glb
  artifactKey: Guid(229281abae54bd54abe46cbcf9af7d38) Importer(2089858483,192608db42251d675da83286b1cce702)
Start importing Assets/Kit/Enviroment/tower defense/Models/GLTF format/cliff_cornerLarge_rock.glb using Guid(229281abae54bd54abe46cbcf9af7d38) Importer(2089858483,192608db42251d675da83286b1cce702) (ScriptedImporter) -> (artifact id: 'dede3e1add2570dc0d00f13e6ae20a48') in 0.0208529 seconds
Number of updated asset objects reloaded before import = 0Number of asset objects unloaded after import = 1

========================================================================
Received Import Request.
  Time since last request: 0.000048 seconds.
  path: Assets/Kit/Enviroment/tower defense/Models/FBX format/tree_thin.fbx
  artifactKey: Guid(995fa1f1816ed8f419041e9d5ca4b01a) Importer(2089858483,192608db42251d675da83286b1cce702)
Start importing Assets/Kit/Enviroment/tower defense/Models/FBX format/tree_thin.fbx using Guid(995fa1f1816ed8f419041e9d5ca4b01a) Importer(2089858483,192608db42251d675da83286b1cce702) (ScriptedImporter) -> (artifact id: '87176a5e0b095813f5e0169180b4d80f') in 0.0499561 seconds
Number of updated asset objects reloaded before import = 0Number of asset objects unloaded after import = 9

========================================================================
Received Import Request.
  Time since last request: 0.000029 seconds.
  path: Assets/Kit/Enviroment/tower defense/Models/GLTF format/canoe.glb
  artifactKey: Guid(47aad958a52df6c4cabe827160988c46) Importer(2089858483,192608db42251d675da83286b1cce702)
Start importing Assets/Kit/Enviroment/tower defense/Models/GLTF format/canoe.glb using Guid(47aad958a52df6c4cabe827160988c46) Importer(2089858483,192608db42251d675da83286b1cce702) (ScriptedImporter) -> (artifact id: '93efda27ef96d4c151cf749041bd05a2') in 0.0231469 seconds
Number of updated asset objects reloaded before import = 0Number of asset objects unloaded after import = 1

========================================================================
Received Import Request.
  Time since last request: 0.000029 seconds.
  path: Assets/Kit/Enviroment/tower defense/Models/GLTF format/cliff_blockQuarter_stone.glb
  artifactKey: Guid(dfc0f04be78b8164191d61daffd863e6) Importer(2089858483,192608db42251d675da83286b1cce702)
Start importing Assets/Kit/Enviroment/tower defense/Models/GLTF format/cliff_blockQuarter_stone.glb using Guid(dfc0f04be78b8164191d61daffd863e6) Importer(2089858483,192608db42251d675da83286b1cce702) (ScriptedImporter) -> (artifact id: '033cfd38fe51f79e4d5a3c760105e6d7') in 0.0252723 seconds
Number of updated asset objects reloaded before import = 0Number of asset objects unloaded after import = 1

========================================================================
Received Import Request.
  Time since last request: 0.000040 seconds.
  path: Assets/Kit/Enviroment/tower defense/Models/GLTF format/cliff_blockSlope_stone.glb
  artifactKey: Guid(9640f810f38fa5d4290b90ee04c28a9f) Importer(2089858483,192608db42251d675da83286b1cce702)
Start importing Assets/Kit/Enviroment/tower defense/Models/GLTF format/cliff_blockSlope_stone.glb using Guid(9640f810f38fa5d4290b90ee04c28a9f) Importer(2089858483,192608db42251d675da83286b1cce702) (ScriptedImporter) -> (artifact id: '9922fe942d62edc91e4840c93fa44add') in 0.0258655 seconds
Number of updated asset objects reloaded before import = 0Number of asset objects unloaded after import = 1

========================================================================
Received Import Request.
  Time since last request: 0.000051 seconds.
  path: Assets/Kit/Enviroment/tower defense/Models/GLTF format/cactus_tall.glb
  artifactKey: Guid(1c6b3d4b5210dc5419526ba942953131) Importer(2089858483,192608db42251d675da83286b1cce702)
Start importing Assets/Kit/Enviroment/tower defense/Models/GLTF format/cactus_tall.glb using Guid(1c6b3d4b5210dc5419526ba942953131) Importer(2089858483,192608db42251d675da83286b1cce702) (ScriptedImporter) -> (artifact id: '7b1974d91deb498fe9e40bdc52f14a00') in 0.0234561 seconds
Number of updated asset objects reloaded before import = 0Number of asset objects unloaded after import = 1

========================================================================
Received Import Request.
  Time since last request: 0.000033 seconds.
  path: Assets/Kit/Enviroment/tower defense/Models/FBX format/rock_tallI.fbx
  artifactKey: Guid(6d10efc084858e842997f9e7314bd132) Importer(2089858483,192608db42251d675da83286b1cce702)
Start importing Assets/Kit/Enviroment/tower defense/Models/FBX format/rock_tallI.fbx using Guid(6d10efc084858e842997f9e7314bd132) Importer(2089858483,192608db42251d675da83286b1cce702) (ScriptedImporter) -> (artifact id: '88818299d6ee67fc82fd0d73fdacb3ff') in 0.0652092 seconds
Number of updated asset objects reloaded before import = 0Number of asset objects unloaded after import = 10

========================================================================
Received Import Request.
  Time since last request: 0.000032 seconds.
  path: Assets/Kit/Enviroment/tower defense/Models/FBX format/cliff_blockDiagonal_stone.fbx
  artifactKey: Guid(771892e7a0075e344b80ed8c2b3d3c88) Importer(2089858483,192608db42251d675da83286b1cce702)
Start importing Assets/Kit/Enviroment/tower defense/Models/FBX format/cliff_blockDiagonal_stone.fbx using Guid(771892e7a0075e344b80ed8c2b3d3c88) Importer(2089858483,192608db42251d675da83286b1cce702) (ScriptedImporter) -> (artifact id: '1ccd94200b21d82197433bd1d332d998') in 0.0687315 seconds
Number of updated asset objects reloaded before import = 0Number of asset objects unloaded after import = 9

========================================================================
Received Import Request.
  Time since last request: 0.000062 seconds.
  path: Assets/Kit/Enviroment/tower defense/Models/DAE format/tree_pineDefaultA.dae
  artifactKey: Guid(d70e664e08677c74f85ac84acdb42fc1) Importer(2089858483,192608db42251d675da83286b1cce702)
Start importing Assets/Kit/Enviroment/tower defense/Models/DAE format/tree_pineDefaultA.dae using Guid(d70e664e08677c74f85ac84acdb42fc1) Importer(2089858483,192608db42251d675da83286b1cce702) (ScriptedImporter) -> (artifact id: '1b9a3f085b0a30eb2764943ef2b5826e') in 0.0621436 seconds
Number of updated asset objects reloaded before import = 0Number of asset objects unloaded after import = 9

========================================================================
Received Import Request.
  Time since last request: 0.000036 seconds.
  path: Assets/Kit/Enviroment/tower defense/Models/FBX format/bridge_wood.fbx
  artifactKey: Guid(646e56c342c1675488059620b213c35d) Importer(2089858483,192608db42251d675da83286b1cce702)
Start importing Assets/Kit/Enviroment/tower defense/Models/FBX format/bridge_wood.fbx using Guid(646e56c342c1675488059620b213c35d) Importer(2089858483,192608db42251d675da83286b1cce702) (ScriptedImporter) -> (artifact id: 'd95377324658021cc0434944a23fce0d') in 0.077139 seconds
Number of updated asset objects reloaded before import = 0Number of asset objects unloaded after import = 10

========================================================================
Received Import Request.
  Time since last request: 0.000041 seconds.
  path: Assets/Kit/Enviroment/tower defense/Models/FBX format/ground_pathCorner.fbx
  artifactKey: Guid(3c96db0f41e297e4bbaa15379647aaf1) Importer(2089858483,192608db42251d675da83286b1cce702)
Start importing Assets/Kit/Enviroment/tower defense/Models/FBX format/ground_pathCorner.fbx using Guid(3c96db0f41e297e4bbaa15379647aaf1) Importer(2089858483,192608db42251d675da83286b1cce702) (ScriptedImporter) -> (artifact id: '634bb9709fb7b8e50005f6f6016b5c4d') in 0.0671849 seconds
Number of updated asset objects reloaded before import = 0Number of asset objects unloaded after import = 10

========================================================================
Received Import Request.
  Time since last request: 0.000060 seconds.
  path: Assets/Kit/Enviroment/tower defense/Models/DAE format/tree_pineTallC_detailed.dae
  artifactKey: Guid(530bd2a0d2b52094592dd8867d842302) Importer(2089858483,192608db42251d675da83286b1cce702)
Start importing Assets/Kit/Enviroment/tower defense/Models/DAE format/tree_pineTallC_detailed.dae using Guid(530bd2a0d2b52094592dd8867d842302) Importer(2089858483,192608db42251d675da83286b1cce702) (ScriptedImporter) -> (artifact id: 'bb4fb0f91871402704551e76e20941b4') in 0.0820495 seconds
Number of updated asset objects reloaded before import = 0Number of asset objects unloaded after import = 9

========================================================================
Received Import Request.
  Time since last request: 0.000033 seconds.
  path: Assets/Kit/Enviroment/tower defense/Models/GLTF format/cliff_stepsCornerInner_rock.glb
  artifactKey: Guid(e61f20a4107e82e4293c4507d0c3067e) Importer(2089858483,192608db42251d675da83286b1cce702)
Start importing Assets/Kit/Enviroment/tower defense/Models/GLTF format/cliff_stepsCornerInner_rock.glb using Guid(e61f20a4107e82e4293c4507d0c3067e) Importer(2089858483,192608db42251d675da83286b1cce702) (ScriptedImporter) -> (artifact id: '4aae22297cc2b83fa599cf3968faf1a2') in 0.0306283 seconds
Number of updated asset objects reloaded before import = 0Number of asset objects unloaded after import = 1

========================================================================
Received Import Request.
  Time since last request: 0.000056 seconds.
  path: Assets/Kit/Enviroment/tower defense/Models/GLTF format/crops_dirtRow.glb
  artifactKey: Guid(a02f0ee2cec54134eb00952f3250ab0d) Importer(2089858483,192608db42251d675da83286b1cce702)
Start importing Assets/Kit/Enviroment/tower defense/Models/GLTF format/crops_dirtRow.glb using Guid(a02f0ee2cec54134eb00952f3250ab0d) Importer(2089858483,192608db42251d675da83286b1cce702) (ScriptedImporter) -> (artifact id: '590675e66ca01aa51ea3f40378438219') in 0.0281045 seconds
Number of updated asset objects reloaded before import = 0Number of asset objects unloaded after import = 1

========================================================================
Received Import Request.
  Time since last request: 0.000110 seconds.
  path: Assets/Kit/Enviroment/tower defense/Models/GLTF format/ground_riverSide.glb
  artifactKey: Guid(096f726b44ed8af44af3eb51ddaca2aa) Importer(2089858483,192608db42251d675da83286b1cce702)
Start importing Assets/Kit/Enviroment/tower defense/Models/GLTF format/ground_riverSide.glb using Guid(096f726b44ed8af44af3eb51ddaca2aa) Importer(2089858483,192608db42251d675da83286b1cce702) (ScriptedImporter) -> (artifact id: '2392b15075b92489a6bf47c99bb032dd') in 0.0300239 seconds
Number of updated asset objects reloaded before import = 0Number of asset objects unloaded after import = 1

========================================================================
Received Import Request.
  Time since last request: 0.000038 seconds.
  path: Assets/Kit/Enviroment/tower defense/Models/GLTF format/ground_grass.glb
  artifactKey: Guid(c0a859083581659498a9b38ee4cf0c8a) Importer(2089858483,192608db42251d675da83286b1cce702)
Start importing Assets/Kit/Enviroment/tower defense/Models/GLTF format/ground_grass.glb using Guid(c0a859083581659498a9b38ee4cf0c8a) Importer(2089858483,192608db42251d675da83286b1cce702) (ScriptedImporter) -> (artifact id: 'ef4b07ae3550e37776fe619ba9740cc9') in 0.0284499 seconds
Number of updated asset objects reloaded before import = 0Number of asset objects unloaded after import = 1

========================================================================
Received Import Request.
  Time since last request: 0.000036 seconds.
  path: Assets/Kit/Enviroment/tower defense/Models/GLTF format/crops_dirtRowCorner.glb
  artifactKey: Guid(1d008a367e058504c90e9786af032455) Importer(2089858483,192608db42251d675da83286b1cce702)
Start importing Assets/Kit/Enviroment/tower defense/Models/GLTF format/crops_dirtRowCorner.glb using Guid(1d008a367e058504c90e9786af032455) Importer(2089858483,192608db42251d675da83286b1cce702) (ScriptedImporter) -> (artifact id: '59667a9b87c42ae35ae3b345fda77dff') in 0.0270553 seconds
Number of updated asset objects reloaded before import = 0Number of asset objects unloaded after import = 1

========================================================================
Received Import Request.
  Time since last request: 0.000052 seconds.
  path: Assets/Kit/Enviroment/tower defense/Models/GLTF format/crop_melon.glb
  artifactKey: Guid(b30712b4019280849b99dc54caf5a5f9) Importer(2089858483,192608db42251d675da83286b1cce702)
Start importing Assets/Kit/Enviroment/tower defense/Models/GLTF format/crop_melon.glb using Guid(b30712b4019280849b99dc54caf5a5f9) Importer(2089858483,192608db42251d675da83286b1cce702) (ScriptedImporter) -> (artifact id: '7eee43f75c5de8e0f20a6b6a7ddf328c') in 0.0259997 seconds
Number of updated asset objects reloaded before import = 0Number of asset objects unloaded after import = 1

========================================================================
Received Import Request.
  Time since last request: 0.000064 seconds.
  path: Assets/Kit/Enviroment/tower defense/Models/GLTF format/ground_pathCorner.glb
  artifactKey: Guid(f1cc398982181ca41ac9a5e3115d034c) Importer(2089858483,192608db42251d675da83286b1cce702)
Start importing Assets/Kit/Enviroment/tower defense/Models/GLTF format/ground_pathCorner.glb using Guid(f1cc398982181ca41ac9a5e3115d034c) Importer(2089858483,192608db42251d675da83286b1cce702) (ScriptedImporter) -> (artifact id: 'a492fa8c094a7fb898fcbfa4ab2375ec') in 0.0299743 seconds
Number of updated asset objects reloaded before import = 0Number of asset objects unloaded after import = 1

========================================================================
Received Import Request.
  Time since last request: 0.000037 seconds.
  path: Assets/Kit/Enviroment/tower defense/Models/GLTF format/flower_yellowC.glb
  artifactKey: Guid(d27e39a65e4b5c7428fbf06364a1b8d8) Importer(2089858483,192608db42251d675da83286b1cce702)
Start importing Assets/Kit/Enviroment/tower defense/Models/GLTF format/flower_yellowC.glb using Guid(d27e39a65e4b5c7428fbf06364a1b8d8) Importer(2089858483,192608db42251d675da83286b1cce702) (ScriptedImporter) -> (artifact id: '137246c5f18fff6825a381beceade53d') in 0.0275404 seconds
Number of updated asset objects reloaded before import = 0Number of asset objects unloaded after import = 1

========================================================================
Received Import Request.
  Time since last request: 0.000034 seconds.
  path: Assets/Kit/Enviroment/tower defense/Models/GLTF format/ground_pathTile.glb
  artifactKey: Guid(50c21b3307836d5428c5100cd635b4d1) Importer(2089858483,192608db42251d675da83286b1cce702)
Start importing Assets/Kit/Enviroment/tower defense/Models/GLTF format/ground_pathTile.glb using Guid(50c21b3307836d5428c5100cd635b4d1) Importer(2089858483,192608db42251d675da83286b1cce702) (ScriptedImporter) -> (artifact id: 'a68c18ddb9a72c74602b3f54e02a1cb5') in 0.0267544 seconds
Number of updated asset objects reloaded before import = 0Number of asset objects unloaded after import = 1

========================================================================
Received Import Request.
  Time since last request: 0.000043 seconds.
  path: Assets/Kit/Enviroment/tower defense/Models/GLTF format/fence_simpleLow.glb
  artifactKey: Guid(f7831a3c0b30b8c449f1aefbafdc2ffd) Importer(2089858483,192608db42251d675da83286b1cce702)
Start importing Assets/Kit/Enviroment/tower defense/Models/GLTF format/fence_simpleLow.glb using Guid(f7831a3c0b30b8c449f1aefbafdc2ffd) Importer(2089858483,192608db42251d675da83286b1cce702) (ScriptedImporter) -> (artifact id: 'baa6295e39771b8ecbda37ca4c1fee7d') in 0.0266865 seconds
Number of updated asset objects reloaded before import = 0Number of asset objects unloaded after import = 1

========================================================================
Received Import Request.
  Time since last request: 0.000063 seconds.
  path: Assets/Kit/Enviroment/tower defense/Models/GLTF format/cliff_steps_stone.glb
  artifactKey: Guid(c61ec0e2fc9368b47b7865dcfabb89c9) Importer(2089858483,192608db42251d675da83286b1cce702)
Start importing Assets/Kit/Enviroment/tower defense/Models/GLTF format/cliff_steps_stone.glb using Guid(c61ec0e2fc9368b47b7865dcfabb89c9) Importer(2089858483,192608db42251d675da83286b1cce702) (ScriptedImporter) -> (artifact id: '2b654db709d05361b75fac0ded2a63db') in 0.02862 seconds
Number of updated asset objects reloaded before import = 0Number of asset objects unloaded after import = 1

========================================================================
Received Import Request.
  Time since last request: 0.000032 seconds.
  path: Assets/Kit/Enviroment/tower defense/Models/GLTF format/flower_purpleC.glb
  artifactKey: Guid(aa52aa55a327c5b48bdcc545868484ad) Importer(2089858483,192608db42251d675da83286b1cce702)
Start importing Assets/Kit/Enviroment/tower defense/Models/GLTF format/flower_purpleC.glb using Guid(aa52aa55a327c5b48bdcc545868484ad) Importer(2089858483,192608db42251d675da83286b1cce702) (ScriptedImporter) -> (artifact id: 'f4f24e408eaba15df560c82d06350238') in 0.0273837 seconds
Number of updated asset objects reloaded before import = 0Number of asset objects unloaded after import = 1

========================================================================
Received Import Request.
  Time since last request: 0.000036 seconds.
  path: Assets/Kit/Enviroment/tower defense/Models/GLTF format/grass_large.glb
  artifactKey: Guid(7057325dd34f4a04d9964aad5b8946fd) Importer(2089858483,192608db42251d675da83286b1cce702)
Start importing Assets/Kit/Enviroment/tower defense/Models/GLTF format/grass_large.glb using Guid(7057325dd34f4a04d9964aad5b8946fd) Importer(2089858483,192608db42251d675da83286b1cce702) (ScriptedImporter) -> (artifact id: '4b9e3a95bc106d5d5f230930256c5c48') in 0.0273078 seconds
Number of updated asset objects reloaded before import = 0Number of asset objects unloaded after import = 1

========================================================================
Received Import Request.
  Time since last request: 0.000043 seconds.
  path: Assets/Kit/Enviroment/tower defense/Models/GLTF format/crops_dirtSingle.glb
  artifactKey: Guid(ec626a2d330eb3844a34de8a4cc02aa2) Importer(2089858483,192608db42251d675da83286b1cce702)
Start importing Assets/Kit/Enviroment/tower defense/Models/GLTF format/crops_dirtSingle.glb using Guid(ec626a2d330eb3844a34de8a4cc02aa2) Importer(2089858483,192608db42251d675da83286b1cce702) (ScriptedImporter) -> (artifact id: 'cb86cde3b675b2aed2fbb98a13e9a3dd') in 0.024554 seconds
Number of updated asset objects reloaded before import = 0Number of asset objects unloaded after import = 1

========================================================================
Received Import Request.
  Time since last request: 0.000054 seconds.
  path: Assets/Kit/Enviroment/tower defense/Models/GLTF format/cliff_waterfallTop_stone.glb
  artifactKey: Guid(173084ab857ce844ab5f09cdd07741a4) Importer(2089858483,192608db42251d675da83286b1cce702)
Start importing Assets/Kit/Enviroment/tower defense/Models/GLTF format/cliff_waterfallTop_stone.glb using Guid(173084ab857ce844ab5f09cdd07741a4) Importer(2089858483,192608db42251d675da83286b1cce702) (ScriptedImporter) -> (artifact id: '3b02bf3c2781632581266658308425eb') in 0.034166 seconds
Number of updated asset objects reloaded before import = 0Number of asset objects unloaded after import = 1

========================================================================
Received Import Request.
  Time since last request: 0.000044 seconds.
  path: Assets/Kit/Enviroment/tower defense/Models/GLTF format/ground_pathBend.glb
  artifactKey: Guid(943fcaa60c241af47b3933ea28f09c3f) Importer(2089858483,192608db42251d675da83286b1cce702)
Start importing Assets/Kit/Enviroment/tower defense/Models/GLTF format/ground_pathBend.glb using Guid(943fcaa60c241af47b3933ea28f09c3f) Importer(2089858483,192608db42251d675da83286b1cce702) (ScriptedImporter) -> (artifact id: '8e98cf56fa4081835e57cd40af31f3b6') in 0.0279438 seconds
Number of updated asset objects reloaded before import = 0Number of asset objects unloaded after import = 1

========================================================================
Received Import Request.
  Time since last request: 0.000036 seconds.
  path: Assets/Kit/Enviroment/tower defense/Models/GLTF format/ground_pathRocks.glb
  artifactKey: Guid(fd64d4eaacda8484aa225903bc00a20b) Importer(2089858483,192608db42251d675da83286b1cce702)
Start importing Assets/Kit/Enviroment/tower defense/Models/GLTF format/ground_pathRocks.glb using Guid(fd64d4eaacda8484aa225903bc00a20b) Importer(2089858483,192608db42251d675da83286b1cce702) (ScriptedImporter) -> (artifact id: 'f3485e0984396794ec514d7752b2f42f') in 0.0314792 seconds
Number of updated asset objects reloaded before import = 0Number of asset objects unloaded after import = 1

========================================================================
Received Import Request.
  Time since last request: 0.000038 seconds.
  path: Assets/Kit/Enviroment/tower defense/Models/GLTF format/cliff_rock.glb
  artifactKey: Guid(1eb2f7986b00ec446971d9e8a02c571d) Importer(2089858483,192608db42251d675da83286b1cce702)
Start importing Assets/Kit/Enviroment/tower defense/Models/GLTF format/cliff_rock.glb using Guid(1eb2f7986b00ec446971d9e8a02c571d) Importer(2089858483,192608db42251d675da83286b1cce702) (ScriptedImporter) -> (artifact id: '2b4ba0807287a588dbfc9cbf0946a5ec') in 0.0268822 seconds
Number of updated asset objects reloaded before import = 0Number of asset objects unloaded after import = 1

========================================================================
Received Import Request.
  Time since last request: 0.000056 seconds.
  path: Assets/Kit/Enviroment/tower defense/Models/DAE format/cliff_blockSlopeWalls_stone.dae
  artifactKey: Guid(d5ffabc46364d6f4ca746b402afbffab) Importer(2089858483,192608db42251d675da83286b1cce702)
Start importing Assets/Kit/Enviroment/tower defense/Models/DAE format/cliff_blockSlopeWalls_stone.dae using Guid(d5ffabc46364d6f4ca746b402afbffab) Importer(2089858483,192608db42251d675da83286b1cce702) (ScriptedImporter) -> (artifact id: 'ae6d1e59edd4c46ece38e17b457cfb1d') in 0.0694585 seconds
Number of updated asset objects reloaded before import = 0Number of asset objects unloaded after import = 9

========================================================================
Received Import Request.
  Time since last request: 0.000033 seconds.
  path: Assets/Kit/Enviroment/tower defense/Models/GLTF format/log.glb
  artifactKey: Guid(b23fa3747a0978949b01ccd0634c5c36) Importer(2089858483,192608db42251d675da83286b1cce702)
Start importing Assets/Kit/Enviroment/tower defense/Models/GLTF format/log.glb using Guid(b23fa3747a0978949b01ccd0634c5c36) Importer(2089858483,192608db42251d675da83286b1cce702) (ScriptedImporter) -> (artifact id: '6363dec13402208bce9e36da2f6ebe0c') in 0.0269576 seconds
Number of updated asset objects reloaded before import = 0Number of asset objects unloaded after import = 1

========================================================================
Received Import Request.
  Time since last request: 0.000039 seconds.
  path: Assets/Kit/Enviroment/tower defense/Models/GLTF format/stone_smallH.glb
  artifactKey: Guid(2f9f753d676ac7a40b098f08c158257d) Importer(2089858483,192608db42251d675da83286b1cce702)
Start importing Assets/Kit/Enviroment/tower defense/Models/GLTF format/stone_smallH.glb using Guid(2f9f753d676ac7a40b098f08c158257d) Importer(2089858483,192608db42251d675da83286b1cce702) (ScriptedImporter) -> (artifact id: '52c39fad420b7788c0d49c8ab290510b') in 0.0261327 seconds
Number of updated asset objects reloaded before import = 0Number of asset objects unloaded after import = 1

========================================================================
Received Import Request.
  Time since last request: 0.000054 seconds.
  path: Assets/Kit/Enviroment/tower defense/Models/GLTF format/ground_riverTile.glb
  artifactKey: Guid(61070e88d23cd4246bcf895b12b6e656) Importer(2089858483,192608db42251d675da83286b1cce702)
Start importing Assets/Kit/Enviroment/tower defense/Models/GLTF format/ground_riverTile.glb using Guid(61070e88d23cd4246bcf895b12b6e656) Importer(2089858483,192608db42251d675da83286b1cce702) (ScriptedImporter) -> (artifact id: 'b4a225e599a7dfe26c3983d286e4749b') in 0.0277186 seconds
Number of updated asset objects reloaded before import = 0Number of asset objects unloaded after import = 1

========================================================================
Received Import Request.
  Time since last request: 0.000038 seconds.
  path: Assets/Kit/Enviroment/tower defense/Models/GLTF format/rock_smallH.glb
  artifactKey: Guid(76e92b3b5e5da1a47b318c800fcd2b06) Importer(2089858483,192608db42251d675da83286b1cce702)
Start importing Assets/Kit/Enviroment/tower defense/Models/GLTF format/rock_smallH.glb using Guid(76e92b3b5e5da1a47b318c800fcd2b06) Importer(2089858483,192608db42251d675da83286b1cce702) (ScriptedImporter) -> (artifact id: '3851a175c45e6f9e56b4dd2c0c52d735') in 0.0270703 seconds
Number of updated asset objects reloaded before import = 0Number of asset objects unloaded after import = 1

========================================================================
Received Import Request.
  Time since last request: 0.000035 seconds.
  path: Assets/Kit/Enviroment/tower defense/Models/GLTF format/rock_tallC.glb
  artifactKey: Guid(181d6e1225f6ea54d9a60e7b594edbf6) Importer(2089858483,192608db42251d675da83286b1cce702)
Start importing Assets/Kit/Enviroment/tower defense/Models/GLTF format/rock_tallC.glb using Guid(181d6e1225f6ea54d9a60e7b594edbf6) Importer(2089858483,192608db42251d675da83286b1cce702) (ScriptedImporter) -> (artifact id: '9c1b742c48812dc049f3cabb199176b2') in 0.0276525 seconds
Number of updated asset objects reloaded before import = 0Number of asset objects unloaded after import = 1

========================================================================
Received Import Request.
  Time since last request: 0.000037 seconds.
  path: Assets/Kit/Enviroment/tower defense/Models/GLTF format/path_woodCorner.glb
  artifactKey: Guid(ce3955da9e3e609458e066ce84b9bcdf) Importer(2089858483,192608db42251d675da83286b1cce702)
Start importing Assets/Kit/Enviroment/tower defense/Models/GLTF format/path_woodCorner.glb using Guid(ce3955da9e3e609458e066ce84b9bcdf) Importer(2089858483,192608db42251d675da83286b1cce702) (ScriptedImporter) -> (artifact id: 'cf144ea6f5ee999d7041daf4e2bfcb5a') in 0.0266812 seconds
Number of updated asset objects reloaded before import = 0Number of asset objects unloaded after import = 1

========================================================================
Received Import Request.
  Time since last request: 0.000055 seconds.
  path: Assets/Kit/Enviroment/tower defense/Models/GLTF format/rock_tallB.glb
  artifactKey: Guid(2913d4c7d9eeb3c48afbfd7159c5f9ab) Importer(2089858483,192608db42251d675da83286b1cce702)
Start importing Assets/Kit/Enviroment/tower defense/Models/GLTF format/rock_tallB.glb using Guid(2913d4c7d9eeb3c48afbfd7159c5f9ab) Importer(2089858483,192608db42251d675da83286b1cce702) (ScriptedImporter) -> (artifact id: '495353311ef5a5a89c293ff227f299a9') in 0.0286962 seconds
Number of updated asset objects reloaded before import = 0Number of asset objects unloaded after import = 1

========================================================================
Received Import Request.
  Time since last request: 0.000046 seconds.
  path: Assets/Kit/Enviroment/tower defense/Models/GLTF format/pot_large.glb
  artifactKey: Guid(6f3e0aa1c76494c4f90e167bc57a79bd) Importer(2089858483,192608db42251d675da83286b1cce702)
Start importing Assets/Kit/Enviroment/tower defense/Models/GLTF format/pot_large.glb using Guid(6f3e0aa1c76494c4f90e167bc57a79bd) Importer(2089858483,192608db42251d675da83286b1cce702) (ScriptedImporter) -> (artifact id: 'dd123077e0482f7144a74baac54409d5') in 0.0286412 seconds
Number of updated asset objects reloaded before import = 0Number of asset objects unloaded after import = 1

========================================================================
Received Import Request.
  Time since last request: 0.000036 seconds.
  path: Assets/Kit/Enviroment/tower defense/Models/GLTF format/rock_tallJ.glb
  artifactKey: Guid(f241d2553024ef44ea60f48f73c39e38) Importer(2089858483,192608db42251d675da83286b1cce702)
Start importing Assets/Kit/Enviroment/tower defense/Models/GLTF format/rock_tallJ.glb using Guid(f241d2553024ef44ea60f48f73c39e38) Importer(2089858483,192608db42251d675da83286b1cce702) (ScriptedImporter) -> (artifact id: 'b70108cc8e15d3fe02b1ab86b4bdc822') in 0.026923 seconds
Number of updated asset objects reloaded before import = 0Number of asset objects unloaded after import = 1

========================================================================
Received Import Request.
  Time since last request: 0.000056 seconds.
  path: Assets/Kit/Enviroment/tower defense/Models/GLTF format/stone_largeF.glb
  artifactKey: Guid(148dc5e56de713545a451c6502d9d1d5) Importer(2089858483,192608db42251d675da83286b1cce702)
Start importing Assets/Kit/Enviroment/tower defense/Models/GLTF format/stone_largeF.glb using Guid(148dc5e56de713545a451c6502d9d1d5) Importer(2089858483,192608db42251d675da83286b1cce702) (ScriptedImporter) -> (artifact id: '2f8b99165857a7b6278049b9b08b318d') in 0.0409527 seconds
Number of updated asset objects reloaded before import = 0Number of asset objects unloaded after import = 1

========================================================================
Received Import Request.
  Time since last request: 0.000032 seconds.
  path: Assets/Kit/Enviroment/tower defense/Models/GLTF format/rock_smallF.glb
  artifactKey: Guid(bbc24369f107d614b9c753933418f990) Importer(2089858483,192608db42251d675da83286b1cce702)
Start importing Assets/Kit/Enviroment/tower defense/Models/GLTF format/rock_smallF.glb using Guid(bbc24369f107d614b9c753933418f990) Importer(2089858483,192608db42251d675da83286b1cce702) (ScriptedImporter) -> (artifact id: 'c5bdb0da806132eeec2425128f01ff27') in 0.0342002 seconds
Number of updated asset objects reloaded before import = 0Number of asset objects unloaded after import = 1

========================================================================
Received Import Request.
  Time since last request: 0.000043 seconds.
  path: Assets/Kit/Enviroment/tower defense/Models/GLTF format/rock_smallD.glb
  artifactKey: Guid(92f72c81c653d184789c490c1c782ba4) Importer(2089858483,192608db42251d675da83286b1cce702)
Start importing Assets/Kit/Enviroment/tower defense/Models/GLTF format/rock_smallD.glb using Guid(92f72c81c653d184789c490c1c782ba4) Importer(2089858483,192608db42251d675da83286b1cce702) (ScriptedImporter) -> (artifact id: '6a90a496c8ec92e07dae587537f604b8') in 0.0369939 seconds
Number of updated asset objects reloaded before import = 0Number of asset objects unloaded after import = 1

========================================================================
Received Import Request.
  Time since last request: 0.000066 seconds.
  path: Assets/Kit/Enviroment/tower defense/Models/GLTF format/mushroom_redGroup.glb
  artifactKey: Guid(a415384011b56574f8930d39935d364a) Importer(2089858483,192608db42251d675da83286b1cce702)
Start importing Assets/Kit/Enviroment/tower defense/Models/GLTF format/mushroom_redGroup.glb using Guid(a415384011b56574f8930d39935d364a) Importer(2089858483,192608db42251d675da83286b1cce702) (ScriptedImporter) -> (artifact id: '443f2a7fe7b08022683a4360ed6beee3') in 0.0391488 seconds
Number of updated asset objects reloaded before import = 0Number of asset objects unloaded after import = 1

========================================================================
Received Import Request.
  Time since last request: 0.000050 seconds.
  path: Assets/Kit/Enviroment/tower defense/Models/GLTF format/stone_smallTopB.glb
  artifactKey: Guid(71af0a7c7ceeab04e840ab88de18d71d) Importer(2089858483,192608db42251d675da83286b1cce702)
Start importing Assets/Kit/Enviroment/tower defense/Models/GLTF format/stone_smallTopB.glb using Guid(71af0a7c7ceeab04e840ab88de18d71d) Importer(2089858483,192608db42251d675da83286b1cce702) (ScriptedImporter) -> (artifact id: '79b1092ae7dfbde20421f7a0baecb7cc') in 0.0254876 seconds
Number of updated asset objects reloaded before import = 0Number of asset objects unloaded after import = 1

========================================================================
Received Import Request.
  Time since last request: 0.000048 seconds.
  path: Assets/Kit/Enviroment/tower defense/Models/GLTF format/plant_bushLarge.glb
  artifactKey: Guid(18251502f7585164e848150aa1a01dd3) Importer(2089858483,192608db42251d675da83286b1cce702)
Start importing Assets/Kit/Enviroment/tower defense/Models/GLTF format/plant_bushLarge.glb using Guid(18251502f7585164e848150aa1a01dd3) Importer(2089858483,192608db42251d675da83286b1cce702) (ScriptedImporter) -> (artifact id: 'dd7d7598ce9ac979667f34c859f6a5ef') in 0.0391641 seconds
Number of updated asset objects reloaded before import = 0Number of asset objects unloaded after import = 1

========================================================================
Received Import Request.
  Time since last request: 0.000053 seconds.
  path: Assets/Kit/Enviroment/tower defense/Models/GLTF format/path_stoneCircle.glb
  artifactKey: Guid(69bd224c1d9424145b8c9f5fb6f48d27) Importer(2089858483,192608db42251d675da83286b1cce702)
Start importing Assets/Kit/Enviroment/tower defense/Models/GLTF format/path_stoneCircle.glb using Guid(69bd224c1d9424145b8c9f5fb6f48d27) Importer(2089858483,192608db42251d675da83286b1cce702) (ScriptedImporter) -> (artifact id: '5d818d5237a937ec36a1f5b31fb9ec5b') in 0.0333432 seconds
Number of updated asset objects reloaded before import = 0Number of asset objects unloaded after import = 1

========================================================================
Received Import Request.
  Time since last request: 0.000046 seconds.
  path: Assets/Kit/Enviroment/tower defense/Models/GLTF format/statue_ring.glb
  artifactKey: Guid(e1da8f4febe0abe49aad773d518295c9) Importer(2089858483,192608db42251d675da83286b1cce702)
Start importing Assets/Kit/Enviroment/tower defense/Models/GLTF format/statue_ring.glb using Guid(e1da8f4febe0abe49aad773d518295c9) Importer(2089858483,192608db42251d675da83286b1cce702) (ScriptedImporter) -> (artifact id: '55cefc456aba0a8257a8c23fa3fcf9c2') in 0.0323519 seconds
Number of updated asset objects reloaded before import = 0Number of asset objects unloaded after import = 1

========================================================================
Received Import Request.
  Time since last request: 0.000039 seconds.
  path: Assets/Kit/Enviroment/tower defense/Models/GLTF format/tree_thin.glb
  artifactKey: Guid(6c8b85fde1b2dc24f94742f04402b3dc) Importer(2089858483,192608db42251d675da83286b1cce702)
Start importing Assets/Kit/Enviroment/tower defense/Models/GLTF format/tree_thin.glb using Guid(6c8b85fde1b2dc24f94742f04402b3dc) Importer(2089858483,192608db42251d675da83286b1cce702) (ScriptedImporter) -> (artifact id: 'b4130e76f1f23cc73beab07ed3ff03bd') in 0.0259618 seconds
Number of updated asset objects reloaded before import = 0Number of asset objects unloaded after import = 1

========================================================================
Received Import Request.
  Time since last request: 0.000073 seconds.
  path: Assets/Kit/Enviroment/tower defense/Models/GLTF format/tree_palmTall.glb
  artifactKey: Guid(5e85a8de6f7bc1a47989bb933d8523bb) Importer(2089858483,192608db42251d675da83286b1cce702)
Start importing Assets/Kit/Enviroment/tower defense/Models/GLTF format/tree_palmTall.glb using Guid(5e85a8de6f7bc1a47989bb933d8523bb) Importer(2089858483,192608db42251d675da83286b1cce702) (ScriptedImporter) -> (artifact id: '86eb6f87bab911a8f6c67e0864cba69a') in 0.0334373 seconds
Number of updated asset objects reloaded before import = 0Number of asset objects unloaded after import = 1

========================================================================
Received Import Request.
  Time since last request: 0.000033 seconds.
  path: Assets/Kit/Enviroment/tower defense/Models/GLTF format/tent_smallOpen.glb
  artifactKey: Guid(2f9f2eb585db57c4c8a26c058211b2fc) Importer(2089858483,192608db42251d675da83286b1cce702)
Start importing Assets/Kit/Enviroment/tower defense/Models/GLTF format/tent_smallOpen.glb using Guid(2f9f2eb585db57c4c8a26c058211b2fc) Importer(2089858483,192608db42251d675da83286b1cce702) (ScriptedImporter) -> (artifact id: '2fd1701b82f8027884cf434a36cf4e28') in 0.0235293 seconds
Number of updated asset objects reloaded before import = 0Number of asset objects unloaded after import = 1

========================================================================
Received Import Request.
  Time since last request: 0.000049 seconds.
  path: Assets/Kit/Enviroment/tower defense/Models/OBJ format/bridge_center_stone.obj
  artifactKey: Guid(bacaf18e3b8140a45b1057b6685733ee) Importer(2089858483,192608db42251d675da83286b1cce702)
Start importing Assets/Kit/Enviroment/tower defense/Models/OBJ format/bridge_center_stone.obj using Guid(bacaf18e3b8140a45b1057b6685733ee) Importer(2089858483,192608db42251d675da83286b1cce702) (ScriptedImporter) -> (artifact id: '66991c84fdf1778c8c84f53a94dff872') in 0.0772607 seconds
Number of updated asset objects reloaded before import = 0Number of asset objects unloaded after import = 11

========================================================================
Received Import Request.
  Time since last request: 0.000047 seconds.
  path: Assets/Kit/Enviroment/tower defense/Models/GLTF format/stump_squareDetailed.glb
  artifactKey: Guid(3febea49204e01f4191996e8b4f4561b) Importer(2089858483,192608db42251d675da83286b1cce702)
Start importing Assets/Kit/Enviroment/tower defense/Models/GLTF format/stump_squareDetailed.glb using Guid(3febea49204e01f4191996e8b4f4561b) Importer(2089858483,192608db42251d675da83286b1cce702) (ScriptedImporter) -> (artifact id: '77ca003bd8f4097f381d7af1de2d8863') in 0.0262881 seconds
Number of updated asset objects reloaded before import = 0Number of asset objects unloaded after import = 1

========================================================================
Received Import Request.
  Time since last request: 0.000040 seconds.
  path: Assets/Kit/Enviroment/tower defense/Models/GLTF format/tree_pineTallA.glb
  artifactKey: Guid(2a6b83a2ff5b34546a5e34c369d88cd5) Importer(2089858483,192608db42251d675da83286b1cce702)
Start importing Assets/Kit/Enviroment/tower defense/Models/GLTF format/tree_pineTallA.glb using Guid(2a6b83a2ff5b34546a5e34c369d88cd5) Importer(2089858483,192608db42251d675da83286b1cce702) (ScriptedImporter) -> (artifact id: '3728eecf1b3c7c07acb7d3d63b3a5f4d') in 0.0345339 seconds
Number of updated asset objects reloaded before import = 0Number of asset objects unloaded after import = 1

========================================================================
Received Import Request.
  Time since last request: 0.000044 seconds.
  path: Assets/Kit/Enviroment/tower defense/Models/GLTF format/tree_palmBend.glb
  artifactKey: Guid(8c4da06414973a847869d7f3081cc286) Importer(2089858483,192608db42251d675da83286b1cce702)
Start importing Assets/Kit/Enviroment/tower defense/Models/GLTF format/tree_palmBend.glb using Guid(8c4da06414973a847869d7f3081cc286) Importer(2089858483,192608db42251d675da83286b1cce702) (ScriptedImporter) -> (artifact id: 'e2febfa9b17a9e53929939aed0f4885b') in 0.0373556 seconds
Number of updated asset objects reloaded before import = 0Number of asset objects unloaded after import = 1

========================================================================
Received Import Request.
  Time since last request: 0.000063 seconds.
  path: Assets/Kit/Enviroment/tower defense/Models/GLTF format/tree_plateau.glb
  artifactKey: Guid(e78f3f9dbea1e034198c7dc4606eb97c) Importer(2089858483,192608db42251d675da83286b1cce702)
Start importing Assets/Kit/Enviroment/tower defense/Models/GLTF format/tree_plateau.glb using Guid(e78f3f9dbea1e034198c7dc4606eb97c) Importer(2089858483,192608db42251d675da83286b1cce702) (ScriptedImporter) -> (artifact id: 'fff6ebfa8682d5724e2da46c3f257561') in 0.0348099 seconds
Number of updated asset objects reloaded before import = 0Number of asset objects unloaded after import = 1

========================================================================
Received Import Request.
  Time since last request: 0.000052 seconds.
  path: Assets/Kit/Enviroment/tower defense/Models/GLTF format/tree_small_dark.glb
  artifactKey: Guid(85aba702d6a8a504c8c93b2fed04690d) Importer(2089858483,192608db42251d675da83286b1cce702)
Start importing Assets/Kit/Enviroment/tower defense/Models/GLTF format/tree_small_dark.glb using Guid(85aba702d6a8a504c8c93b2fed04690d) Importer(2089858483,192608db42251d675da83286b1cce702) (ScriptedImporter) -> (artifact id: '87233c0f8b3ab264011d339b39072d4d') in 0.0309167 seconds
Number of updated asset objects reloaded before import = 0Number of asset objects unloaded after import = 1

========================================================================
Received Import Request.
  Time since last request: 0.000048 seconds.
  path: Assets/Kit/Enviroment/tower defense/Models/GLTF format/tree_pineTallD.glb
  artifactKey: Guid(47cdd96402668d645ae40089b930febe) Importer(2089858483,192608db42251d675da83286b1cce702)
Start importing Assets/Kit/Enviroment/tower defense/Models/GLTF format/tree_pineTallD.glb using Guid(47cdd96402668d645ae40089b930febe) Importer(2089858483,192608db42251d675da83286b1cce702) (ScriptedImporter) -> (artifact id: 'a5ec269554f930b511c06b14392cf5c8') in 0.0207236 seconds
Number of updated asset objects reloaded before import = 0Number of asset objects unloaded after import = 1

========================================================================
Received Import Request.
  Time since last request: 0.000050 seconds.
  path: Assets/Kit/Enviroment/tower defense/Models/GLTF format/tree_simple_dark.glb
  artifactKey: Guid(923484973643f1e499cce98acb18d011) Importer(2089858483,192608db42251d675da83286b1cce702)
Start importing Assets/Kit/Enviroment/tower defense/Models/GLTF format/tree_simple_dark.glb using Guid(923484973643f1e499cce98acb18d011) Importer(2089858483,192608db42251d675da83286b1cce702) (ScriptedImporter) -> (artifact id: '0716c19d04dfb8f679b9ea88434d1677') in 0.0301739 seconds
Number of updated asset objects reloaded before import = 0Number of asset objects unloaded after import = 1

========================================================================
Received Import Request.
  Time since last request: 0.000046 seconds.
  path: Assets/Kit/Enviroment/tower defense/Models/GLTF format/tree_fat.glb
  artifactKey: Guid(077d746613369604d941d8a8b79b5269) Importer(2089858483,192608db42251d675da83286b1cce702)
Start importing Assets/Kit/Enviroment/tower defense/Models/GLTF format/tree_fat.glb using Guid(077d746613369604d941d8a8b79b5269) Importer(2089858483,192608db42251d675da83286b1cce702) (ScriptedImporter) -> (artifact id: '1dedda3e3869395ac7996703e54b4b38') in 0.0262207 seconds
Number of updated asset objects reloaded before import = 0Number of asset objects unloaded after import = 1

========================================================================
Received Import Request.
  Time since last request: 0.000033 seconds.
  path: Assets/Kit/Enviroment/tower defense/Models/GLTF format/tree_small.glb
  artifactKey: Guid(30ed4fe9ecd28fb4ea0fe736404713e3) Importer(2089858483,192608db42251d675da83286b1cce702)
Start importing Assets/Kit/Enviroment/tower defense/Models/GLTF format/tree_small.glb using Guid(30ed4fe9ecd28fb4ea0fe736404713e3) Importer(2089858483,192608db42251d675da83286b1cce702) (ScriptedImporter) -> (artifact id: '429e4cb78fc77ac944bc7fd33afbc99a') in 0.0209527 seconds
Number of updated asset objects reloaded before import = 0Number of asset objects unloaded after import = 1

========================================================================
Received Import Request.
  Time since last request: 0.000051 seconds.
  path: Assets/Kit/Enviroment/tower defense/Models/GLTF format/stone_tallH.glb
  artifactKey: Guid(225aef4b352b43c4e88b8380cf9ffc9e) Importer(2089858483,192608db42251d675da83286b1cce702)
Start importing Assets/Kit/Enviroment/tower defense/Models/GLTF format/stone_tallH.glb using Guid(225aef4b352b43c4e88b8380cf9ffc9e) Importer(2089858483,192608db42251d675da83286b1cce702) (ScriptedImporter) -> (artifact id: '2f5946a8699affab4b7df981f196b96c') in 0.0343614 seconds
Number of updated asset objects reloaded before import = 0Number of asset objects unloaded after import = 1

========================================================================
Received Import Request.
  Time since last request: 0.000043 seconds.
  path: Assets/Kit/Enviroment/tower defense/Models/GLTF format/stump_roundDetailed.glb
  artifactKey: Guid(70303b26dd6942b449ecc3d24ee00c92) Importer(2089858483,192608db42251d675da83286b1cce702)
Start importing Assets/Kit/Enviroment/tower defense/Models/GLTF format/stump_roundDetailed.glb using Guid(70303b26dd6942b449ecc3d24ee00c92) Importer(2089858483,192608db42251d675da83286b1cce702) (ScriptedImporter) -> (artifact id: '39a78cb362f6e5c34d2726e1e24a8627') in 0.0248974 seconds
Number of updated asset objects reloaded before import = 0Number of asset objects unloaded after import = 1

========================================================================
Received Import Request.
  Time since last request: 0.000032 seconds.
  path: Assets/Kit/Enviroment/tower defense/Models/GLTF format/tree_plateau_dark.glb
  artifactKey: Guid(c0ead4403dcd41240bd822e618692d40) Importer(2089858483,192608db42251d675da83286b1cce702)
Start importing Assets/Kit/Enviroment/tower defense/Models/GLTF format/tree_plateau_dark.glb using Guid(c0ead4403dcd41240bd822e618692d40) Importer(2089858483,192608db42251d675da83286b1cce702) (ScriptedImporter) -> (artifact id: 'e2409361359017582e4d8d95c19174e6') in 0.0330491 seconds
Number of updated asset objects reloaded before import = 0Number of asset objects unloaded after import = 1

========================================================================
Received Import Request.
  Time since last request: 0.000043 seconds.
  path: Assets/Kit/Enviroment/tower defense/Models/OBJ format/bridge_woodRoundNarrow.obj
  artifactKey: Guid(58a0e5386031e7c4eb0fc0881c35b91c) Importer(2089858483,192608db42251d675da83286b1cce702)
Start importing Assets/Kit/Enviroment/tower defense/Models/OBJ format/bridge_woodRoundNarrow.obj using Guid(58a0e5386031e7c4eb0fc0881c35b91c) Importer(2089858483,192608db42251d675da83286b1cce702) (ScriptedImporter) -> (artifact id: '4ce84716baa5377f483c2b6628554651') in 0.0685552 seconds
Number of updated asset objects reloaded before import = 0Number of asset objects unloaded after import = 13

========================================================================
Received Import Request.
  Time since last request: 0.000034 seconds.
  path: Assets/Kit/Enviroment/tower defense/Models/OBJ format/campfire_planks.mtl
  artifactKey: Guid(d5141d8a8d98a9b4a84ba92a0e9603a3) Importer(2089858483,192608db42251d675da83286b1cce702)
Start importing Assets/Kit/Enviroment/tower defense/Models/OBJ format/campfire_planks.mtl using Guid(d5141d8a8d98a9b4a84ba92a0e9603a3) Importer(2089858483,192608db42251d675da83286b1cce702) (ScriptedImporter) -> (artifact id: '27985d84047ca0dde1d969f85604f7ab') in 0.0244228 seconds
Number of updated asset objects reloaded before import = 0Number of asset objects unloaded after import = 1

========================================================================
Received Import Request.
  Time since last request: 0.000051 seconds.
  path: Assets/Kit/Enviroment/tower defense/Models/OBJ format/cliff_blockSlopeHalfWalls_rock.obj
  artifactKey: Guid(2c42cae8e076a484d9cc2398e76a6b4e) Importer(2089858483,192608db42251d675da83286b1cce702)
Start importing Assets/Kit/Enviroment/tower defense/Models/OBJ format/cliff_blockSlopeHalfWalls_rock.obj using Guid(2c42cae8e076a484d9cc2398e76a6b4e) Importer(2089858483,192608db42251d675da83286b1cce702) (ScriptedImporter) -> (artifact id: '028b72cb03483df8fd92a96334631ffb') in 0.0628402 seconds
Number of updated asset objects reloaded before import = 0Number of asset objects unloaded after import = 11

========================================================================
Received Import Request.
  Time since last request: 0.000034 seconds.
  path: Assets/Kit/Enviroment/tower defense/Models/OBJ format/cliff_blockCave_rock.mtl
  artifactKey: Guid(3415e12513d15a44db36d5ef8818e642) Importer(2089858483,192608db42251d675da83286b1cce702)
Start importing Assets/Kit/Enviroment/tower defense/Models/OBJ format/cliff_blockCave_rock.mtl using Guid(3415e12513d15a44db36d5ef8818e642) Importer(2089858483,192608db42251d675da83286b1cce702) (ScriptedImporter) -> (artifact id: '6417e938f46180726b54f0cece85bad9') in 0.0306958 seconds
Number of updated asset objects reloaded before import = 0Number of asset objects unloaded after import = 1

========================================================================
Received Import Request.
  Time since last request: 0.000037 seconds.
  path: Assets/Kit/Enviroment/tower defense/Models/OBJ format/cliff_blockHalf_stone.obj
  artifactKey: Guid(28ca45daab915394d84e752eea49c937) Importer(2089858483,192608db42251d675da83286b1cce702)
Start importing Assets/Kit/Enviroment/tower defense/Models/OBJ format/cliff_blockHalf_stone.obj using Guid(28ca45daab915394d84e752eea49c937) Importer(2089858483,192608db42251d675da83286b1cce702) (ScriptedImporter) -> (artifact id: '892f6dc14cc679a8c9852fe3094a8cf9') in 0.0647458 seconds
Number of updated asset objects reloaded before import = 0Number of asset objects unloaded after import = 11

========================================================================
Received Import Request.
  Time since last request: 0.000053 seconds.
  path: Assets/Kit/Enviroment/tower defense/Models/OBJ format/bridge_center_woodRound.obj
  artifactKey: Guid(0e7e5dabc69ed2241854c361b18d35f7) Importer(2089858483,192608db42251d675da83286b1cce702)
Start importing Assets/Kit/Enviroment/tower defense/Models/OBJ format/bridge_center_woodRound.obj using Guid(0e7e5dabc69ed2241854c361b18d35f7) Importer(2089858483,192608db42251d675da83286b1cce702) (ScriptedImporter) -> (artifact id: 'b0891de0162cb3091b83856e3341133e') in 0.0738865 seconds
Number of updated asset objects reloaded before import = 0Number of asset objects unloaded after import = 13

========================================================================
Received Import Request.
  Time since last request: 0.000035 seconds.
  path: Assets/Kit/Enviroment/tower defense/Models/OBJ format/bridge_side_stoneRound.obj
  artifactKey: Guid(4ad9381449dcb694b94ebbd1b8bd0720) Importer(2089858483,192608db42251d675da83286b1cce702)
Start importing Assets/Kit/Enviroment/tower defense/Models/OBJ format/bridge_side_stoneRound.obj using Guid(4ad9381449dcb694b94ebbd1b8bd0720) Importer(2089858483,192608db42251d675da83286b1cce702) (ScriptedImporter) -> (artifact id: '2bde548ecb0ad9f5eb7b77640d7fd420') in 0.0705113 seconds
Number of updated asset objects reloaded before import = 0Number of asset objects unloaded after import = 11

========================================================================
Received Import Request.
  Time since last request: 0.000043 seconds.
  path: Assets/Kit/Enviroment/tower defense/Models/OBJ format/bridge_stoneNarrow.obj
  artifactKey: Guid(e8967072da6032a40a71db60aa80970b) Importer(2089858483,192608db42251d675da83286b1cce702)
Start importing Assets/Kit/Enviroment/tower defense/Models/OBJ format/bridge_stoneNarrow.obj using Guid(e8967072da6032a40a71db60aa80970b) Importer(2089858483,192608db42251d675da83286b1cce702) (ScriptedImporter) -> (artifact id: 'e4b8e22697c193d144a4abba05511dda') in 0.0700746 seconds
Number of updated asset objects reloaded before import = 0Number of asset objects unloaded after import = 11

========================================================================
Received Import Request.
  Time since last request: 0.000058 seconds.
  path: Assets/Kit/Enviroment/tower defense/Models/OBJ format/campfire_stones.obj
  artifactKey: Guid(7b9a3efa09eca0346baa462dd2b746a2) Importer(2089858483,192608db42251d675da83286b1cce702)
Start importing Assets/Kit/Enviroment/tower defense/Models/OBJ format/campfire_stones.obj using Guid(7b9a3efa09eca0346baa462dd2b746a2) Importer(2089858483,192608db42251d675da83286b1cce702) (ScriptedImporter) -> (artifact id: '2f571748b81f679136b2e7ba87f7ddab') in 0.059475 seconds
Number of updated asset objects reloaded before import = 0Number of asset objects unloaded after import = 10

========================================================================
Received Import Request.
  Time since last request: 0.000034 seconds.
  path: Assets/Kit/Enviroment/tower defense/Models/OBJ format/cliff_blockDiagonal_stone.mtl
  artifactKey: Guid(32096df9a40e7404aaf69d25cd17a3c7) Importer(2089858483,192608db42251d675da83286b1cce702)
Start importing Assets/Kit/Enviroment/tower defense/Models/OBJ format/cliff_blockDiagonal_stone.mtl using Guid(32096df9a40e7404aaf69d25cd17a3c7) Importer(2089858483,192608db42251d675da83286b1cce702) (ScriptedImporter) -> (artifact id: '75f8a2683c594f49b8f2f28851e7ea2c') in 0.0234368 seconds
Number of updated asset objects reloaded before import = 0Number of asset objects unloaded after import = 1

========================================================================
Received Import Request.
  Time since last request: 0.000036 seconds.
  path: Assets/Kit/Enviroment/tower defense/Models/OBJ format/bridge_center_woodRound.mtl
  artifactKey: Guid(97dcdf466df756c4e9225f112795fcbe) Importer(2089858483,192608db42251d675da83286b1cce702)
Start importing Assets/Kit/Enviroment/tower defense/Models/OBJ format/bridge_center_woodRound.mtl using Guid(97dcdf466df756c4e9225f112795fcbe) Importer(2089858483,192608db42251d675da83286b1cce702) (ScriptedImporter) -> (artifact id: 'd00fdb9655b584b9e6e02e7987d03379') in 0.028374 seconds
Number of updated asset objects reloaded before import = 0Number of asset objects unloaded after import = 1

========================================================================
Received Import Request.
  Time since last request: 0.000051 seconds.
  path: Assets/Kit/Enviroment/tower defense/Models/OBJ format/bridge_stoneRoundNarrow.mtl
  artifactKey: Guid(8d2b1f3edefa60440bdec34ae2721488) Importer(2089858483,192608db42251d675da83286b1cce702)
Start importing Assets/Kit/Enviroment/tower defense/Models/OBJ format/bridge_stoneRoundNarrow.mtl using Guid(8d2b1f3edefa60440bdec34ae2721488) Importer(2089858483,192608db42251d675da83286b1cce702) (ScriptedImporter) -> (artifact id: '1a628e94870a2822fc93c157d78a7162') in 0.0300977 seconds
Number of updated asset objects reloaded before import = 0Number of asset objects unloaded after import = 1

========================================================================
Received Import Request.
  Time since last request: 0.000039 seconds.
  path: Assets/Kit/Enviroment/tower defense/Models/OBJ format/canoe.obj
  artifactKey: Guid(189ec04897ca9e647abd4d476267d888) Importer(2089858483,192608db42251d675da83286b1cce702)
Start importing Assets/Kit/Enviroment/tower defense/Models/OBJ format/canoe.obj using Guid(189ec04897ca9e647abd4d476267d888) Importer(2089858483,192608db42251d675da83286b1cce702) (ScriptedImporter) -> (artifact id: '2a629348fa7cbed9677c9e47f68666b7') in 0.058095 seconds
Number of updated asset objects reloaded before import = 0Number of asset objects unloaded after import = 11

========================================================================
Received Import Request.
  Time since last request: 0.000040 seconds.
  path: Assets/Kit/Enviroment/tower defense/Models/OBJ format/cliff_stone.mtl
  artifactKey: Guid(4030bdc6b2c3bbb4bbf627412fe599b6) Importer(2089858483,192608db42251d675da83286b1cce702)
Start importing Assets/Kit/Enviroment/tower defense/Models/OBJ format/cliff_stone.mtl using Guid(4030bdc6b2c3bbb4bbf627412fe599b6) Importer(2089858483,192608db42251d675da83286b1cce702) (ScriptedImporter) -> (artifact id: '517fedda6cba19ef82fece153831019d') in 0.0253735 seconds
Number of updated asset objects reloaded before import = 0Number of asset objects unloaded after import = 1

========================================================================
Received Import Request.
  Time since last request: 0.000056 seconds.
  path: Assets/Kit/Enviroment/tower defense/Models/OBJ format/cliff_stepsCornerInner_stone.obj
  artifactKey: Guid(f9b99975fa7757847910ccf9d62176fa) Importer(2089858483,192608db42251d675da83286b1cce702)
Start importing Assets/Kit/Enviroment/tower defense/Models/OBJ format/cliff_stepsCornerInner_stone.obj using Guid(f9b99975fa7757847910ccf9d62176fa) Importer(2089858483,192608db42251d675da83286b1cce702) (ScriptedImporter) -> (artifact id: 'a24115c50d771d1a69e27ea3871d2e12') in 0.0730031 seconds
Number of updated asset objects reloaded before import = 0Number of asset objects unloaded after import = 11

========================================================================
Received Import Request.
  Time since last request: 0.000044 seconds.
  path: Assets/Kit/Enviroment/tower defense/Models/OBJ format/cliff_halfCorner_rock.mtl
  artifactKey: Guid(7993daf6d8c97f346a30fe774c4505d0) Importer(2089858483,192608db42251d675da83286b1cce702)
Start importing Assets/Kit/Enviroment/tower defense/Models/OBJ format/cliff_halfCorner_rock.mtl using Guid(7993daf6d8c97f346a30fe774c4505d0) Importer(2089858483,192608db42251d675da83286b1cce702) (ScriptedImporter) -> (artifact id: '4dff42297c6d16cceb6054c1ce1a8b78') in 0.0286016 seconds
Number of updated asset objects reloaded before import = 0Number of asset objects unloaded after import = 1

========================================================================
Received Import Request.
  Time since last request: 0.000053 seconds.
  path: Assets/Kit/Enviroment/tower defense/Models/OBJ format/cliff_halfCorner_stone.obj
  artifactKey: Guid(9aa1d4d1a83f8a149ade10eaf801117d) Importer(2089858483,192608db42251d675da83286b1cce702)
Start importing Assets/Kit/Enviroment/tower defense/Models/OBJ format/cliff_halfCorner_stone.obj using Guid(9aa1d4d1a83f8a149ade10eaf801117d) Importer(2089858483,192608db42251d675da83286b1cce702) (ScriptedImporter) -> (artifact id: 'b429da5052511efc3b0aff38e2af47f2') in 0.0595579 seconds
Number of updated asset objects reloaded before import = 0Number of asset objects unloaded after import = 11

========================================================================
Received Import Request.
  Time since last request: 0.000051 seconds.
  path: Assets/Kit/Enviroment/tower defense/Models/OBJ format/cliff_cornerInner_stone.obj
  artifactKey: Guid(b8b4ea5ba2ef054408c30a5c6669ae6b) Importer(2089858483,192608db42251d675da83286b1cce702)
Start importing Assets/Kit/Enviroment/tower defense/Models/OBJ format/cliff_cornerInner_stone.obj using Guid(b8b4ea5ba2ef054408c30a5c6669ae6b) Importer(2089858483,192608db42251d675da83286b1cce702) (ScriptedImporter) -> (artifact id: 'e96698716fb945ea2c9d44cda0c70aea') in 0.0678243 seconds
Number of updated asset objects reloaded before import = 0Number of asset objects unloaded after import = 10

========================================================================
Received Import Request.
  Time since last request: 0.000041 seconds.
  path: Assets/Kit/Enviroment/tower defense/Models/OBJ format/cliff_large_rock.obj
  artifactKey: Guid(d3f8a751b258c5b4a9a8c046fd37f9fa) Importer(2089858483,192608db42251d675da83286b1cce702)
Start importing Assets/Kit/Enviroment/tower defense/Models/OBJ format/cliff_large_rock.obj using Guid(d3f8a751b258c5b4a9a8c046fd37f9fa) Importer(2089858483,192608db42251d675da83286b1cce702) (ScriptedImporter) -> (artifact id: '6a878d108b222929af8808c694006f61') in 0.061692 seconds
Number of updated asset objects reloaded before import = 0Number of asset objects unloaded after import = 10

========================================================================
Received Import Request.
  Time since last request: 0.000042 seconds.
  path: Assets/Kit/Enviroment/tower defense/Models/OBJ format/cliff_cornerTop_stone.mtl
  artifactKey: Guid(964654af25d894a46bce34fff3026140) Importer(2089858483,192608db42251d675da83286b1cce702)
Start importing Assets/Kit/Enviroment/tower defense/Models/OBJ format/cliff_cornerTop_stone.mtl using Guid(964654af25d894a46bce34fff3026140) Importer(2089858483,192608db42251d675da83286b1cce702) (ScriptedImporter) -> (artifact id: '0a98bc2343da11a151c6406cd0a9a120') in 0.0279208 seconds
Number of updated asset objects reloaded before import = 0Number of asset objects unloaded after import = 1

========================================================================
Received Import Request.
  Time since last request: 0.000057 seconds.
  path: Assets/Kit/Enviroment/tower defense/Models/OBJ format/cliff_cornerInnerTop_stone.mtl
  artifactKey: Guid(c054a551491a2c445b04d1e29047d2aa) Importer(2089858483,192608db42251d675da83286b1cce702)
Start importing Assets/Kit/Enviroment/tower defense/Models/OBJ format/cliff_cornerInnerTop_stone.mtl using Guid(c054a551491a2c445b04d1e29047d2aa) Importer(2089858483,192608db42251d675da83286b1cce702) (ScriptedImporter) -> (artifact id: '6f9a697b3b170d52e44fa91ed7413883') in 0.0234767 seconds
Number of updated asset objects reloaded before import = 0Number of asset objects unloaded after import = 1

========================================================================
Received Import Request.
  Time since last request: 0.000033 seconds.
  path: Assets/Kit/Enviroment/tower defense/Models/OBJ format/cliff_corner_rock.obj
  artifactKey: Guid(bbdda8ffb1ad47e44af51ab72827ee6b) Importer(2089858483,192608db42251d675da83286b1cce702)
Start importing Assets/Kit/Enviroment/tower defense/Models/OBJ format/cliff_corner_rock.obj using Guid(bbdda8ffb1ad47e44af51ab72827ee6b) Importer(2089858483,192608db42251d675da83286b1cce702) (ScriptedImporter) -> (artifact id: '5abd06e87a29ea41ecc2d660a16b7dd3') in 0.0670368 seconds
Number of updated asset objects reloaded before import = 0Number of asset objects unloaded after import = 10

========================================================================
Received Import Request.
  Time since last request: 0.000066 seconds.
  path: Assets/Kit/Enviroment/tower defense/Models/OBJ format/cliff_cornerLarge_stone.obj
  artifactKey: Guid(5ea17450015bd124b9820b3a785d7a45) Importer(2089858483,192608db42251d675da83286b1cce702)
Start importing Assets/Kit/Enviroment/tower defense/Models/OBJ format/cliff_cornerLarge_stone.obj using Guid(5ea17450015bd124b9820b3a785d7a45) Importer(2089858483,192608db42251d675da83286b1cce702) (ScriptedImporter) -> (artifact id: 'e8fe00898c5367c6ca2767487cde4e5f') in 0.067964 seconds
Number of updated asset objects reloaded before import = 0Number of asset objects unloaded after import = 10

========================================================================
Received Import Request.
  Time since last request: 0.000063 seconds.
  path: Assets/Kit/Enviroment/tower defense/Models/OBJ format/cliff_stepsCornerInner_rock.obj
  artifactKey: Guid(69ee11b0f47c7d542870e50aff69870a) Importer(2089858483,192608db42251d675da83286b1cce702)
Start importing Assets/Kit/Enviroment/tower defense/Models/OBJ format/cliff_stepsCornerInner_rock.obj using Guid(69ee11b0f47c7d542870e50aff69870a) Importer(2089858483,192608db42251d675da83286b1cce702) (ScriptedImporter) -> (artifact id: '65e94968bf3f7761583ddc70b6b37538') in 0.0658172 seconds
Number of updated asset objects reloaded before import = 0Number of asset objects unloaded after import = 11

========================================================================
Received Import Request.
  Time since last request: 0.000033 seconds.
  path: Assets/Kit/Enviroment/tower defense/Models/OBJ format/cliff_blockSlopeHalfWalls_rock.mtl
  artifactKey: Guid(f6856450f77a3574694503ab1d2373b4) Importer(2089858483,192608db42251d675da83286b1cce702)
Start importing Assets/Kit/Enviroment/tower defense/Models/OBJ format/cliff_blockSlopeHalfWalls_rock.mtl using Guid(f6856450f77a3574694503ab1d2373b4) Importer(2089858483,192608db42251d675da83286b1cce702) (ScriptedImporter) -> (artifact id: '00f4ab8c3911434bd008df8b0a235bd1') in 0.0354083 seconds
Number of updated asset objects reloaded before import = 0Number of asset objects unloaded after import = 1

========================================================================
Received Import Request.
  Time since last request: 0.000040 seconds.
  path: Assets/Kit/Enviroment/tower defense/Models/OBJ format/cliff_stepsCorner_rock.mtl
  artifactKey: Guid(43e541123b10b8d428146ce2109ef8f7) Importer(2089858483,192608db42251d675da83286b1cce702)
Start importing Assets/Kit/Enviroment/tower defense/Models/OBJ format/cliff_stepsCorner_rock.mtl using Guid(43e541123b10b8d428146ce2109ef8f7) Importer(2089858483,192608db42251d675da83286b1cce702) (ScriptedImporter) -> (artifact id: 'f4b792b88f04a0f919294b5362144a83') in 0.0311069 seconds
Number of updated asset objects reloaded before import = 0Number of asset objects unloaded after import = 1

========================================================================
Received Import Request.
  Time since last request: 0.000061 seconds.
  path: Assets/Kit/Enviroment/tower defense/Models/DAE format/tree_cone_fall.dae
  artifactKey: Guid(e6b344ed9fb488d49b7e33d9f0657065) Importer(2089858483,192608db42251d675da83286b1cce702)
Start importing Assets/Kit/Enviroment/tower defense/Models/DAE format/tree_cone_fall.dae using Guid(e6b344ed9fb488d49b7e33d9f0657065) Importer(2089858483,192608db42251d675da83286b1cce702) (ScriptedImporter) -> (artifact id: '2981011f83cf9a60ebf7ef771a155127') in 0.0690105 seconds
Number of updated asset objects reloaded before import = 0Number of asset objects unloaded after import = 9

========================================================================
Received Import Request.
  Time since last request: 0.000042 seconds.
  path: Assets/Kit/Enviroment/tower defense/Models/OBJ format/cliff_waterfall_rock.mtl
  artifactKey: Guid(80a66dd2b068d354492542b3d0814848) Importer(2089858483,192608db42251d675da83286b1cce702)
Start importing Assets/Kit/Enviroment/tower defense/Models/OBJ format/cliff_waterfall_rock.mtl using Guid(80a66dd2b068d354492542b3d0814848) Importer(2089858483,192608db42251d675da83286b1cce702) (ScriptedImporter) -> (artifact id: 'bebb3d31c6588cd743cfa6005b45be29') in 0.0301178 seconds
Number of updated asset objects reloaded before import = 0Number of asset objects unloaded after import = 1

========================================================================
Received Import Request.
  Time since last request: 0.000043 seconds.
  path: Assets/Kit/Enviroment/tower defense/Models/OBJ format/crops_wheatStageA.obj
  artifactKey: Guid(e9340b80a13ce4846b6782919063817c) Importer(2089858483,192608db42251d675da83286b1cce702)
Start importing Assets/Kit/Enviroment/tower defense/Models/OBJ format/crops_wheatStageA.obj using Guid(e9340b80a13ce4846b6782919063817c) Importer(2089858483,192608db42251d675da83286b1cce702) (ScriptedImporter) -> (artifact id: '8e2b10c3abbf6f50bd71e94d05d4ce67') in 0.0682711 seconds
Number of updated asset objects reloaded before import = 0Number of asset objects unloaded after import = 10

========================================================================
Received Import Request.
  Time since last request: 0.000057 seconds.
  path: Assets/Kit/Enviroment/tower defense/Models/OBJ format/crops_cornStageB.mtl
  artifactKey: Guid(e0591752ff0bace49bfb2039f90e8648) Importer(2089858483,192608db42251d675da83286b1cce702)
Start importing Assets/Kit/Enviroment/tower defense/Models/OBJ format/crops_cornStageB.mtl using Guid(e0591752ff0bace49bfb2039f90e8648) Importer(2089858483,192608db42251d675da83286b1cce702) (ScriptedImporter) -> (artifact id: '4cd8bcbfa01b5ccbb457a52ebbade560') in 0.0328052 seconds
Number of updated asset objects reloaded before import = 0Number of asset objects unloaded after import = 1

========================================================================
Received Import Request.
  Time since last request: 0.000034 seconds.
  path: Assets/Kit/Enviroment/tower defense/Models/OBJ format/crops_cornStageB.obj
  artifactKey: Guid(49b8e043a9e81da41a6aa3d56c92b3a1) Importer(2089858483,192608db42251d675da83286b1cce702)
Start importing Assets/Kit/Enviroment/tower defense/Models/OBJ format/crops_cornStageB.obj using Guid(49b8e043a9e81da41a6aa3d56c92b3a1) Importer(2089858483,192608db42251d675da83286b1cce702) (ScriptedImporter) -> (artifact id: '94c0e784a184fea91d2ca86847d150af') in 0.0589849 seconds
Number of updated asset objects reloaded before import = 0Number of asset objects unloaded after import = 10

========================================================================
Received Import Request.
  Time since last request: 0.000035 seconds.
  path: Assets/Kit/Enviroment/tower defense/Models/OBJ format/crop_carrot.obj
  artifactKey: Guid(1fd4194921ceaf8499699ddeae97add0) Importer(2089858483,192608db42251d675da83286b1cce702)
Start importing Assets/Kit/Enviroment/tower defense/Models/OBJ format/crop_carrot.obj using Guid(1fd4194921ceaf8499699ddeae97add0) Importer(2089858483,192608db42251d675da83286b1cce702) (ScriptedImporter) -> (artifact id: '68dd522cbbe37ad6d5277f003915bbf5') in 0.0662861 seconds
Number of updated asset objects reloaded before import = 0Number of asset objects unloaded after import = 11

========================================================================
Received Import Request.
  Time since last request: 0.000056 seconds.
  path: Assets/Kit/Enviroment/tower defense/Models/OBJ format/cliff_cave_rock.mtl
  artifactKey: Guid(3a4a69dd6ce5d3042a7af58e8bd036cf) Importer(2089858483,192608db42251d675da83286b1cce702)
Start importing Assets/Kit/Enviroment/tower defense/Models/OBJ format/cliff_cave_rock.mtl using Guid(3a4a69dd6ce5d3042a7af58e8bd036cf) Importer(2089858483,192608db42251d675da83286b1cce702) (ScriptedImporter) -> (artifact id: '695e5379f187ee46b4d4f54411764dd5') in 0.0266043 seconds
Number of updated asset objects reloaded before import = 0Number of asset objects unloaded after import = 1

========================================================================
Received Import Request.
  Time since last request: 0.000035 seconds.
  path: Assets/Kit/Enviroment/tower defense/Models/OBJ format/crops_dirtDoubleRow.mtl
  artifactKey: Guid(904b39b436cd6cc43b822b6fe08e2750) Importer(2089858483,192608db42251d675da83286b1cce702)
Start importing Assets/Kit/Enviroment/tower defense/Models/OBJ format/crops_dirtDoubleRow.mtl using Guid(904b39b436cd6cc43b822b6fe08e2750) Importer(2089858483,192608db42251d675da83286b1cce702) (ScriptedImporter) -> (artifact id: '0d1230482f1e182aff6764ecfbcc68e4') in 0.032578 seconds
Number of updated asset objects reloaded before import = 0Number of asset objects unloaded after import = 1

========================================================================
Received Import Request.
  Time since last request: 0.000031 seconds.
  path: Assets/Kit/Enviroment/tower defense/Models/OBJ format/fence_simpleCenter.mtl
  artifactKey: Guid(055e9efa7d9fdde45b423b4526e8f35e) Importer(2089858483,192608db42251d675da83286b1cce702)
Start importing Assets/Kit/Enviroment/tower defense/Models/OBJ format/fence_simpleCenter.mtl using Guid(055e9efa7d9fdde45b423b4526e8f35e) Importer(2089858483,192608db42251d675da83286b1cce702) (ScriptedImporter) -> (artifact id: 'c49eb5e0e3cab44259a1eb3eeab8f96c') in 0.0248883 seconds
Number of updated asset objects reloaded before import = 0Number of asset objects unloaded after import = 1

========================================================================
Received Import Request.
  Time since last request: 0.000037 seconds.
  path: Assets/Kit/Enviroment/tower defense/Models/OBJ format/cliff_waterfallTop_rock.mtl
  artifactKey: Guid(5c47465d60eac274faff44d08ff610cb) Importer(2089858483,192608db42251d675da83286b1cce702)
Start importing Assets/Kit/Enviroment/tower defense/Models/OBJ format/cliff_waterfallTop_rock.mtl using Guid(5c47465d60eac274faff44d08ff610cb) Importer(2089858483,192608db42251d675da83286b1cce702) (ScriptedImporter) -> (artifact id: '02630deebd6ee0a02c6f778c31f364ed') in 0.0262979 seconds
Number of updated asset objects reloaded before import = 0Number of asset objects unloaded after import = 1

========================================================================
Received Import Request.
  Time since last request: 0.000052 seconds.
  path: Assets/Kit/Enviroment/tower defense/Models/OBJ format/crops_dirtDoubleRow.obj
  artifactKey: Guid(34faea827330c6d4d920430f8bedbd45) Importer(2089858483,192608db42251d675da83286b1cce702)
Start importing Assets/Kit/Enviroment/tower defense/Models/OBJ format/crops_dirtDoubleRow.obj using Guid(34faea827330c6d4d920430f8bedbd45) Importer(2089858483,192608db42251d675da83286b1cce702) (ScriptedImporter) -> (artifact id: '2f6e92791733ae3119bcff5c0831e71c') in 0.0563621 seconds
Number of updated asset objects reloaded before import = 0Number of asset objects unloaded after import = 11

========================================================================
Received Import Request.
  Time since last request: 0.000031 seconds.
  path: Assets/Kit/Enviroment/tower defense/Models/OBJ format/crops_dirtDoubleRowEnd.mtl
  artifactKey: Guid(b5304124dbb114f4a8a02a0a4bb38492) Importer(2089858483,192608db42251d675da83286b1cce702)
Start importing Assets/Kit/Enviroment/tower defense/Models/OBJ format/crops_dirtDoubleRowEnd.mtl using Guid(b5304124dbb114f4a8a02a0a4bb38492) Importer(2089858483,192608db42251d675da83286b1cce702) (ScriptedImporter) -> (artifact id: 'aa7559fa18a60b8ec9aaecd73e3da9ed') in 0.0262715 seconds
Number of updated asset objects reloaded before import = 0Number of asset objects unloaded after import = 1

========================================================================
Received Import Request.
  Time since last request: 0.000037 seconds.
  path: Assets/Kit/Enviroment/tower defense/Models/OBJ format/crops_bambooStageB.mtl
  artifactKey: Guid(bfa1c58c1d0fc024d98811ba30e67660) Importer(2089858483,192608db42251d675da83286b1cce702)
Start importing Assets/Kit/Enviroment/tower defense/Models/OBJ format/crops_bambooStageB.mtl using Guid(bfa1c58c1d0fc024d98811ba30e67660) Importer(2089858483,192608db42251d675da83286b1cce702) (ScriptedImporter) -> (artifact id: '1ca7c894ee9d9c37fa6548734aa47c18') in 0.0259734 seconds
Number of updated asset objects reloaded before import = 0Number of asset objects unloaded after import = 1

========================================================================
Received Import Request.
  Time since last request: 0.000039 seconds.
  path: Assets/Kit/Enviroment/tower defense/Models/OBJ format/flower_yellowC.mtl
  artifactKey: Guid(def5c103040903d4f9f8cf0637939785) Importer(2089858483,192608db42251d675da83286b1cce702)
Start importing Assets/Kit/Enviroment/tower defense/Models/OBJ format/flower_yellowC.mtl using Guid(def5c103040903d4f9f8cf0637939785) Importer(2089858483,192608db42251d675da83286b1cce702) (ScriptedImporter) -> (artifact id: '3778f222310f420128018fe653932da5') in 0.0277496 seconds
Number of updated asset objects reloaded before import = 0Number of asset objects unloaded after import = 1

========================================================================
Received Import Request.
  Time since last request: 0.000060 seconds.
  path: Assets/Kit/Enviroment/tower defense/Models/OBJ format/ground_pathCross.mtl
  artifactKey: Guid(8c88d1364f26e32429157e9c8bf5f9c3) Importer(2089858483,192608db42251d675da83286b1cce702)
Start importing Assets/Kit/Enviroment/tower defense/Models/OBJ format/ground_pathCross.mtl using Guid(8c88d1364f26e32429157e9c8bf5f9c3) Importer(2089858483,192608db42251d675da83286b1cce702) (ScriptedImporter) -> (artifact id: '5449810fd5b12df42ee9206024f226c9') in 0.0268644 seconds
Number of updated asset objects reloaded before import = 0Number of asset objects unloaded after import = 1

========================================================================
Received Import Request.
  Time since last request: 0.000036 seconds.
  path: Assets/Kit/Enviroment/tower defense/Models/OBJ format/ground_grass.obj
  artifactKey: Guid(82299eb81b2ee3849a01f371038f02ef) Importer(2089858483,192608db42251d675da83286b1cce702)
Start importing Assets/Kit/Enviroment/tower defense/Models/OBJ format/ground_grass.obj using Guid(82299eb81b2ee3849a01f371038f02ef) Importer(2089858483,192608db42251d675da83286b1cce702) (ScriptedImporter) -> (artifact id: 'c894c13005b4593e7cb2e029aade1df6') in 0.0661144 seconds
Number of updated asset objects reloaded before import = 0Number of asset objects unloaded after import = 10

========================================================================
Received Import Request.
  Time since last request: 0.000039 seconds.
  path: Assets/Kit/Enviroment/tower defense/Models/OBJ format/flower_purpleB.obj
  artifactKey: Guid(d0501a0ac5bed954fb71218fb3461930) Importer(2089858483,192608db42251d675da83286b1cce702)
Start importing Assets/Kit/Enviroment/tower defense/Models/OBJ format/flower_purpleB.obj using Guid(d0501a0ac5bed954fb71218fb3461930) Importer(2089858483,192608db42251d675da83286b1cce702) (ScriptedImporter) -> (artifact id: '645e43e224feab3526e8bf3e4e3bc83e') in 0.0614271 seconds
Number of updated asset objects reloaded before import = 0Number of asset objects unloaded after import = 11

========================================================================
Received Import Request.
  Time since last request: 0.000056 seconds.
  path: Assets/Kit/Enviroment/tower defense/Models/OBJ format/flower_redC.obj
  artifactKey: Guid(27fc8d0652bc0bd4bb4535c29f0638c9) Importer(2089858483,192608db42251d675da83286b1cce702)
Start importing Assets/Kit/Enviroment/tower defense/Models/OBJ format/flower_redC.obj using Guid(27fc8d0652bc0bd4bb4535c29f0638c9) Importer(2089858483,192608db42251d675da83286b1cce702) (ScriptedImporter) -> (artifact id: 'cf1bc0220bc5af12a7460b3da5bc122e') in 0.070945 seconds
Number of updated asset objects reloaded before import = 0Number of asset objects unloaded after import = 12

========================================================================
Received Import Request.
  Time since last request: 0.000034 seconds.
  path: Assets/Kit/Enviroment/tower defense/Models/OBJ format/flower_purpleB.mtl
  artifactKey: Guid(8c440ec6760a6ed4cbdce9a25f4b0022) Importer(2089858483,192608db42251d675da83286b1cce702)
Start importing Assets/Kit/Enviroment/tower defense/Models/OBJ format/flower_purpleB.mtl using Guid(8c440ec6760a6ed4cbdce9a25f4b0022) Importer(2089858483,192608db42251d675da83286b1cce702) (ScriptedImporter) -> (artifact id: '62387885611f54ae23e2d482ccffc26c') in 0.0256646 seconds
Number of updated asset objects reloaded before import = 0Number of asset objects unloaded after import = 1

========================================================================
Received Import Request.
  Time since last request: 0.000037 seconds.
  path: Assets/Kit/Enviroment/tower defense/Models/OBJ format/grass.mtl
  artifactKey: Guid(ed8f3500eac2d224e82e6f7ce4bf913f) Importer(2089858483,192608db42251d675da83286b1cce702)
Start importing Assets/Kit/Enviroment/tower defense/Models/OBJ format/grass.mtl using Guid(ed8f3500eac2d224e82e6f7ce4bf913f) Importer(2089858483,192608db42251d675da83286b1cce702) (ScriptedImporter) -> (artifact id: '57151a88af198066ec8d1621710945ff') in 0.0252923 seconds
Number of updated asset objects reloaded before import = 0Number of asset objects unloaded after import = 1

========================================================================
Received Import Request.
  Time since last request: 0.000056 seconds.
  path: Assets/Kit/Enviroment/tower defense/Models/OBJ format/ground_pathSideOpen.mtl
  artifactKey: Guid(19690cf6f9ca9834b827e7422ffda73b) Importer(2089858483,192608db42251d675da83286b1cce702)
Start importing Assets/Kit/Enviroment/tower defense/Models/OBJ format/ground_pathSideOpen.mtl using Guid(19690cf6f9ca9834b827e7422ffda73b) Importer(2089858483,192608db42251d675da83286b1cce702) (ScriptedImporter) -> (artifact id: '036966eef989945192464337d4abf944') in 0.0254728 seconds
Number of updated asset objects reloaded before import = 0Number of asset objects unloaded after import = 1

========================================================================
Received Import Request.
  Time since last request: 0.000055 seconds.
  path: Assets/Kit/Enviroment/tower defense/Models/OBJ format/ground_pathOpen.mtl
  artifactKey: Guid(ef17b2f7773b8884b84a90d08fd889b0) Importer(2089858483,192608db42251d675da83286b1cce702)
Start importing Assets/Kit/Enviroment/tower defense/Models/OBJ format/ground_pathOpen.mtl using Guid(ef17b2f7773b8884b84a90d08fd889b0) Importer(2089858483,192608db42251d675da83286b1cce702) (ScriptedImporter) -> (artifact id: '70ba7b18fbc1498c5c741c43a0d91413') in 0.0281905 seconds
Number of updated asset objects reloaded before import = 0Number of asset objects unloaded after import = 1

========================================================================
Received Import Request.
  Time since last request: 0.000055 seconds.
  path: Assets/Kit/Enviroment/tower defense/Models/OBJ format/flower_purpleC.mtl
  artifactKey: Guid(f9e8619a2adc62541912ebac419ae0d6) Importer(2089858483,192608db42251d675da83286b1cce702)
Start importing Assets/Kit/Enviroment/tower defense/Models/OBJ format/flower_purpleC.mtl using Guid(f9e8619a2adc62541912ebac419ae0d6) Importer(2089858483,192608db42251d675da83286b1cce702) (ScriptedImporter) -> (artifact id: '8a8e38baed83a8152eacda83a3bc5735') in 0.0280358 seconds
Number of updated asset objects reloaded before import = 0Number of asset objects unloaded after import = 1

========================================================================
Received Import Request.
  Time since last request: 0.000036 seconds.
  path: Assets/Kit/Enviroment/tower defense/Models/OBJ format/flower_yellowB.mtl
  artifactKey: Guid(d9176acb076a5dc41bc325c7befd7e45) Importer(2089858483,192608db42251d675da83286b1cce702)
Start importing Assets/Kit/Enviroment/tower defense/Models/OBJ format/flower_yellowB.mtl using Guid(d9176acb076a5dc41bc325c7befd7e45) Importer(2089858483,192608db42251d675da83286b1cce702) (ScriptedImporter) -> (artifact id: '8b71fd135263413f6b648aa23f1e5e13') in 0.0225265 seconds
Number of updated asset objects reloaded before import = 0Number of asset objects unloaded after import = 1

========================================================================
Received Import Request.
  Time since last request: 0.000037 seconds.
  path: Assets/Kit/Enviroment/tower defense/Models/OBJ format/ground_pathCorner.obj
  artifactKey: Guid(90fc86a1d7f8fc545838177b6324fcd4) Importer(2089858483,192608db42251d675da83286b1cce702)
Start importing Assets/Kit/Enviroment/tower defense/Models/OBJ format/ground_pathCorner.obj using Guid(90fc86a1d7f8fc545838177b6324fcd4) Importer(2089858483,192608db42251d675da83286b1cce702) (ScriptedImporter) -> (artifact id: 'a400bcc1586a9a025907bbb3118938e6') in 0.0766623 seconds
Number of updated asset objects reloaded before import = 0Number of asset objects unloaded after import = 12

========================================================================
Received Import Request.
  Time since last request: 0.000051 seconds.
  path: Assets/Kit/Enviroment/tower defense/Models/OBJ format/fence_planksDouble.mtl
  artifactKey: Guid(d50dd1005784aa7419a23b10f383e70e) Importer(2089858483,192608db42251d675da83286b1cce702)
Start importing Assets/Kit/Enviroment/tower defense/Models/OBJ format/fence_planksDouble.mtl using Guid(d50dd1005784aa7419a23b10f383e70e) Importer(2089858483,192608db42251d675da83286b1cce702) (ScriptedImporter) -> (artifact id: 'b25e24cdd2639ed0817be0c343d1c693') in 0.0278519 seconds
Number of updated asset objects reloaded before import = 0Number of asset objects unloaded after import = 1

========================================================================
Received Import Request.
  Time since last request: 0.000036 seconds.
  path: Assets/Kit/Enviroment/tower defense/Models/OBJ format/ground_riverBend.mtl
  artifactKey: Guid(13745eaff2655d8439e1dcb08f69cdb5) Importer(2089858483,192608db42251d675da83286b1cce702)
Start importing Assets/Kit/Enviroment/tower defense/Models/OBJ format/ground_riverBend.mtl using Guid(13745eaff2655d8439e1dcb08f69cdb5) Importer(2089858483,192608db42251d675da83286b1cce702) (ScriptedImporter) -> (artifact id: '2bdfe289b5671f142d113ad7f4844c1a') in 0.0307172 seconds
Number of updated asset objects reloaded before import = 0Number of asset objects unloaded after import = 1

========================================================================
Received Import Request.
  Time since last request: 0.000038 seconds.
  path: Assets/Kit/Enviroment/tower defense/Models/OBJ format/ground_riverBendBank.mtl
  artifactKey: Guid(bf8f74605c26136439eeb5201e908861) Importer(2089858483,192608db42251d675da83286b1cce702)
Start importing Assets/Kit/Enviroment/tower defense/Models/OBJ format/ground_riverBendBank.mtl using Guid(bf8f74605c26136439eeb5201e908861) Importer(2089858483,192608db42251d675da83286b1cce702) (ScriptedImporter) -> (artifact id: '7b1f245176ffcdd7f5b04593d50c89ef') in 0.0279961 seconds
Number of updated asset objects reloaded before import = 0Number of asset objects unloaded after import = 1

========================================================================
Received Import Request.
  Time since last request: 0.000039 seconds.
  path: Assets/Kit/Enviroment/tower defense/Models/OBJ format/mushroom_red.mtl
  artifactKey: Guid(272c6f30a90bc494eb0595c6aaf65d8e) Importer(2089858483,192608db42251d675da83286b1cce702)
Start importing Assets/Kit/Enviroment/tower defense/Models/OBJ format/mushroom_red.mtl using Guid(272c6f30a90bc494eb0595c6aaf65d8e) Importer(2089858483,192608db42251d675da83286b1cce702) (ScriptedImporter) -> (artifact id: '6166b54e74dce9930d7edd74498a964d') in 0.0308262 seconds
Number of updated asset objects reloaded before import = 0Number of asset objects unloaded after import = 1

========================================================================
Received Import Request.
  Time since last request: 0.000054 seconds.
  path: Assets/Kit/Enviroment/tower defense/Models/OBJ format/hanging_moss.obj
  artifactKey: Guid(05e1d402b88b90b46ad5dd3a57367d23) Importer(2089858483,192608db42251d675da83286b1cce702)
Start importing Assets/Kit/Enviroment/tower defense/Models/OBJ format/hanging_moss.obj using Guid(05e1d402b88b90b46ad5dd3a57367d23) Importer(2089858483,192608db42251d675da83286b1cce702) (ScriptedImporter) -> (artifact id: '140df5309618c67546d4dbfdf659eb02') in 0.0815297 seconds
Number of updated asset objects reloaded before import = 0Number of asset objects unloaded after import = 10

========================================================================
Received Import Request.
  Time since last request: 0.000035 seconds.
  path: Assets/Kit/Enviroment/tower defense/Models/OBJ format/mushroom_redGroup.mtl
  artifactKey: Guid(54335ccac12e8b24fb9c184c6012c489) Importer(2089858483,192608db42251d675da83286b1cce702)
Start importing Assets/Kit/Enviroment/tower defense/Models/OBJ format/mushroom_redGroup.mtl using Guid(54335ccac12e8b24fb9c184c6012c489) Importer(2089858483,192608db42251d675da83286b1cce702) (ScriptedImporter) -> (artifact id: 'cc2d5820c03ef4bea322d798c22d7541') in 0.0272222 seconds
Number of updated asset objects reloaded before import = 0Number of asset objects unloaded after import = 1

========================================================================
Received Import Request.
  Time since last request: 0.000039 seconds.
  path: Assets/Kit/Enviroment/tower defense/Models/OBJ format/ground_riverCorner.mtl
  artifactKey: Guid(9ffce3a7616faed43b094e92717f1f84) Importer(2089858483,192608db42251d675da83286b1cce702)
Start importing Assets/Kit/Enviroment/tower defense/Models/OBJ format/ground_riverCorner.mtl using Guid(9ffce3a7616faed43b094e92717f1f84) Importer(2089858483,192608db42251d675da83286b1cce702) (ScriptedImporter) -> (artifact id: '974219e1dee1f0c7e2a77665e81e7cf7') in 0.0320535 seconds
Number of updated asset objects reloaded before import = 0Number of asset objects unloaded after import = 1

========================================================================
Received Import Request.
  Time since last request: 0.000056 seconds.
  path: Assets/Kit/Enviroment/tower defense/Models/OBJ format/path_stone.obj
  artifactKey: Guid(5beb5b1d9cc0d5845ae7c7d6ffdacb49) Importer(2089858483,192608db42251d675da83286b1cce702)
Start importing Assets/Kit/Enviroment/tower defense/Models/OBJ format/path_stone.obj using Guid(5beb5b1d9cc0d5845ae7c7d6ffdacb49) Importer(2089858483,192608db42251d675da83286b1cce702) (ScriptedImporter) -> (artifact id: '1f8dc2b757a63bc52d17aa3a04cbb085') in 0.0671237 seconds
Number of updated asset objects reloaded before import = 0Number of asset objects unloaded after import = 12

========================================================================
Received Import Request.
  Time since last request: 0.000038 seconds.
  path: Assets/Kit/Enviroment/tower defense/Models/OBJ format/mushroom_tan.mtl
  artifactKey: Guid(b95e9e3f238937a4aa6c2eac5a8f48c8) Importer(2089858483,192608db42251d675da83286b1cce702)
Start importing Assets/Kit/Enviroment/tower defense/Models/OBJ format/mushroom_tan.mtl using Guid(b95e9e3f238937a4aa6c2eac5a8f48c8) Importer(2089858483,192608db42251d675da83286b1cce702) (ScriptedImporter) -> (artifact id: 'df3e0c771b35522585b81cc384ca97b3') in 0.0316777 seconds
Number of updated asset objects reloaded before import = 0Number of asset objects unloaded after import = 1

========================================================================
Received Import Request.
  Time since last request: 0.000060 seconds.
  path: Assets/Kit/Enviroment/tower defense/Models/OBJ format/log_stack.obj
  artifactKey: Guid(e0734e5ab96d8014594f83fd3dd8c6f3) Importer(2089858483,192608db42251d675da83286b1cce702)
Start importing Assets/Kit/Enviroment/tower defense/Models/OBJ format/log_stack.obj using Guid(e0734e5ab96d8014594f83fd3dd8c6f3) Importer(2089858483,192608db42251d675da83286b1cce702) (ScriptedImporter) -> (artifact id: '53c20a0940d35d1c7fd29c08a02d7d4d') in 0.0678588 seconds
Number of updated asset objects reloaded before import = 0Number of asset objects unloaded after import = 11

========================================================================
Received Import Request.
  Time since last request: 0.000051 seconds.
  path: Assets/Kit/Enviroment/tower defense/Models/OBJ format/lily_small.mtl
  artifactKey: Guid(4aef4e71f8c04004aa962e6234e874c9) Importer(2089858483,192608db42251d675da83286b1cce702)
Start importing Assets/Kit/Enviroment/tower defense/Models/OBJ format/lily_small.mtl using Guid(4aef4e71f8c04004aa962e6234e874c9) Importer(2089858483,192608db42251d675da83286b1cce702) (ScriptedImporter) -> (artifact id: 'cccfa20f888797cac569a2e588d12e4b') in 0.0295921 seconds
Number of updated asset objects reloaded before import = 0Number of asset objects unloaded after import = 1

========================================================================
Received Import Request.
  Time since last request: 0.000041 seconds.
  path: Assets/Kit/Enviroment/tower defense/Models/OBJ format/flower_yellowA.mtl
  artifactKey: Guid(18be363c569a8c440867e8429a47b374) Importer(2089858483,192608db42251d675da83286b1cce702)
Start importing Assets/Kit/Enviroment/tower defense/Models/OBJ format/flower_yellowA.mtl using Guid(18be363c569a8c440867e8429a47b374) Importer(2089858483,192608db42251d675da83286b1cce702) (ScriptedImporter) -> (artifact id: 'c2c5014ae2b45b5ab593af427218326e') in 0.0258522 seconds
Number of updated asset objects reloaded before import = 0Number of asset objects unloaded after import = 1

========================================================================
Received Import Request.
  Time since last request: 0.000038 seconds.
  path: Assets/Kit/Enviroment/tower defense/Models/OBJ format/crops_leafsStageB.mtl
  artifactKey: Guid(ab1e84040cc1d5947b3a91fe7268e8a7) Importer(2089858483,192608db42251d675da83286b1cce702)
Start importing Assets/Kit/Enviroment/tower defense/Models/OBJ format/crops_leafsStageB.mtl using Guid(ab1e84040cc1d5947b3a91fe7268e8a7) Importer(2089858483,192608db42251d675da83286b1cce702) (ScriptedImporter) -> (artifact id: '6b7c041e484d9bd2ac0b7097ddc70b38') in 0.0258902 seconds
Number of updated asset objects reloaded before import = 0Number of asset objects unloaded after import = 1

========================================================================
Received Import Request.
  Time since last request: 0.000074 seconds.
  path: Assets/Kit/Enviroment/tower defense/Models/OBJ format/ground_pathEndClosed.mtl
  artifactKey: Guid(10afdf48dde8c84418cb9d12468d5893) Importer(2089858483,192608db42251d675da83286b1cce702)
Start importing Assets/Kit/Enviroment/tower defense/Models/OBJ format/ground_pathEndClosed.mtl using Guid(10afdf48dde8c84418cb9d12468d5893) Importer(2089858483,192608db42251d675da83286b1cce702) (ScriptedImporter) -> (artifact id: 'd21034deb09ffee75aa6c2b3757c5241') in 0.0273088 seconds
Number of updated asset objects reloaded before import = 0Number of asset objects unloaded after import = 1

========================================================================
Received Import Request.
  Time since last request: 0.000059 seconds.
  path: Assets/Kit/Enviroment/tower defense/Models/OBJ format/path_wood.obj
  artifactKey: Guid(d96bd75434e173d4a9719b8366589cb6) Importer(2089858483,192608db42251d675da83286b1cce702)
Start importing Assets/Kit/Enviroment/tower defense/Models/OBJ format/path_wood.obj using Guid(d96bd75434e173d4a9719b8366589cb6) Importer(2089858483,192608db42251d675da83286b1cce702) (ScriptedImporter) -> (artifact id: '2ac7d53bb14cfcdd5649cbda134e29b0') in 0.0716821 seconds
Number of updated asset objects reloaded before import = 0Number of asset objects unloaded after import = 11

========================================================================
Received Import Request.
  Time since last request: 0.000040 seconds.
  path: Assets/Kit/Enviroment/tower defense/Models/OBJ format/rock_largeF.obj
  artifactKey: Guid(cafe9dd5ae9f9514d924b43fe4fb94eb) Importer(2089858483,192608db42251d675da83286b1cce702)
Start importing Assets/Kit/Enviroment/tower defense/Models/OBJ format/rock_largeF.obj using Guid(cafe9dd5ae9f9514d924b43fe4fb94eb) Importer(2089858483,192608db42251d675da83286b1cce702) (ScriptedImporter) -> (artifact id: '5cdaf23679ca85dde81aa436a7ee4183') in 0.0675505 seconds
Number of updated asset objects reloaded before import = 0Number of asset objects unloaded after import = 12

========================================================================
Received Import Request.
  Time since last request: 0.000033 seconds.
  path: Assets/Kit/Enviroment/tower defense/Models/OBJ format/platform_grass.mtl
  artifactKey: Guid(1bb1d7cc1b49d1c45ba9b1ad36c8fc5b) Importer(2089858483,192608db42251d675da83286b1cce702)
Start importing Assets/Kit/Enviroment/tower defense/Models/OBJ format/platform_grass.mtl using Guid(1bb1d7cc1b49d1c45ba9b1ad36c8fc5b) Importer(2089858483,192608db42251d675da83286b1cce702) (ScriptedImporter) -> (artifact id: 'cbaecd42204de5dbe8281fa73a2386bd') in 0.0281776 seconds
Number of updated asset objects reloaded before import = 0Number of asset objects unloaded after import = 1

========================================================================
Received Import Request.
  Time since last request: 0.000054 seconds.
  path: Assets/Kit/Enviroment/tower defense/Models/OBJ format/rock_largeC.obj
  artifactKey: Guid(b562ca37c06e92541a18e9ab61cbc598) Importer(2089858483,192608db42251d675da83286b1cce702)
Start importing Assets/Kit/Enviroment/tower defense/Models/OBJ format/rock_largeC.obj using Guid(b562ca37c06e92541a18e9ab61cbc598) Importer(2089858483,192608db42251d675da83286b1cce702) (ScriptedImporter) -> (artifact id: '9f062f3593cba2b7dda9858bb7e8f99c') in 0.0775566 seconds
Number of updated asset objects reloaded before import = 0Number of asset objects unloaded after import = 11

========================================================================
Received Import Request.
  Time since last request: 0.000033 seconds.
  path: Assets/Kit/Enviroment/tower defense/Models/OBJ format/plant_bushTriangle.mtl
  artifactKey: Guid(1137a9a834d130044b0134b4c8d281f0) Importer(2089858483,192608db42251d675da83286b1cce702)
Start importing Assets/Kit/Enviroment/tower defense/Models/OBJ format/plant_bushTriangle.mtl using Guid(1137a9a834d130044b0134b4c8d281f0) Importer(2089858483,192608db42251d675da83286b1cce702) (ScriptedImporter) -> (artifact id: 'b216067ac95ff4f8393fc1e83064c8f9') in 0.0263325 seconds
Number of updated asset objects reloaded before import = 0Number of asset objects unloaded after import = 1

========================================================================
Received Import Request.
  Time since last request: 0.000042 seconds.
  path: Assets/Kit/Enviroment/tower defense/Models/OBJ format/rock_largeE.obj
  artifactKey: Guid(90583eb743392cc488c56009a6b7975f) Importer(2089858483,192608db42251d675da83286b1cce702)
Start importing Assets/Kit/Enviroment/tower defense/Models/OBJ format/rock_largeE.obj using Guid(90583eb743392cc488c56009a6b7975f) Importer(2089858483,192608db42251d675da83286b1cce702) (ScriptedImporter) -> (artifact id: 'ebac26f3785553d11595b9ee04a5606d') in 0.065458 seconds
Number of updated asset objects reloaded before import = 0Number of asset objects unloaded after import = 11

========================================================================
Received Import Request.
  Time since last request: 0.000056 seconds.
  path: Assets/Kit/Enviroment/tower defense/Models/OBJ format/rock_largeA.obj
  artifactKey: Guid(6ff04b426ac8ffb40a962a2bf5b11f60) Importer(2089858483,192608db42251d675da83286b1cce702)
Start importing Assets/Kit/Enviroment/tower defense/Models/OBJ format/rock_largeA.obj using Guid(6ff04b426ac8ffb40a962a2bf5b11f60) Importer(2089858483,192608db42251d675da83286b1cce702) (ScriptedImporter) -> (artifact id: '6b1118088dc4b3ffbefb8204bb6b5308') in 0.0742749 seconds
Number of updated asset objects reloaded before import = 0Number of asset objects unloaded after import = 11

========================================================================
Received Import Request.
  Time since last request: 0.000032 seconds.
  path: Assets/Kit/Enviroment/tower defense/Models/OBJ format/plant_bush.mtl
  artifactKey: Guid(3121f4bccba859b4cb9382385ca07938) Importer(2089858483,192608db42251d675da83286b1cce702)
Start importing Assets/Kit/Enviroment/tower defense/Models/OBJ format/plant_bush.mtl using Guid(3121f4bccba859b4cb9382385ca07938) Importer(2089858483,192608db42251d675da83286b1cce702) (ScriptedImporter) -> (artifact id: '55806a0f69379dc15441539b811fe4e5') in 0.0278582 seconds
Number of updated asset objects reloaded before import = 0Number of asset objects unloaded after import = 1

========================================================================
Received Import Request.
  Time since last request: 0.000041 seconds.
  path: Assets/Kit/Enviroment/tower defense/Models/OBJ format/rock_largeE.mtl
  artifactKey: Guid(bc47f87ee2faf6642a44dbb71be3f852) Importer(2089858483,192608db42251d675da83286b1cce702)
Start importing Assets/Kit/Enviroment/tower defense/Models/OBJ format/rock_largeE.mtl using Guid(bc47f87ee2faf6642a44dbb71be3f852) Importer(2089858483,192608db42251d675da83286b1cce702) (ScriptedImporter) -> (artifact id: '090b5025d0d274eb970b4249ed9fbade') in 0.0271367 seconds
Number of updated asset objects reloaded before import = 0Number of asset objects unloaded after import = 1

========================================================================
Received Import Request.
  Time since last request: 0.000052 seconds.
  path: Assets/Kit/Enviroment/tower defense/Models/OBJ format/rock_largeF.mtl
  artifactKey: Guid(028b5684c637aa84f891bd765b830e35) Importer(2089858483,192608db42251d675da83286b1cce702)
Start importing Assets/Kit/Enviroment/tower defense/Models/OBJ format/rock_largeF.mtl using Guid(028b5684c637aa84f891bd765b830e35) Importer(2089858483,192608db42251d675da83286b1cce702) (ScriptedImporter) -> (artifact id: '0905553434684cb24af98a8de57c9fe0') in 0.0265624 seconds
Number of updated asset objects reloaded before import = 0Number of asset objects unloaded after import = 1

========================================================================
Received Import Request.
  Time since last request: 0.000037 seconds.
  path: Assets/Kit/Enviroment/tower defense/Models/OBJ format/pot_small.obj
  artifactKey: Guid(79d388126b99e6544ace27fe6ce55d4c) Importer(2089858483,192608db42251d675da83286b1cce702)
Start importing Assets/Kit/Enviroment/tower defense/Models/OBJ format/pot_small.obj using Guid(79d388126b99e6544ace27fe6ce55d4c) Importer(2089858483,192608db42251d675da83286b1cce702) (ScriptedImporter) -> (artifact id: '2291dedad668ba2df12c4c687725ff02') in 0.0753459 seconds
Number of updated asset objects reloaded before import = 0Number of asset objects unloaded after import = 12

========================================================================
Received Import Request.
  Time since last request: 0.000037 seconds.
  path: Assets/Kit/Enviroment/tower defense/Models/OBJ format/rock_smallH.obj
  artifactKey: Guid(02d398e4c04554a43b2e472d5e9fa995) Importer(2089858483,192608db42251d675da83286b1cce702)
Start importing Assets/Kit/Enviroment/tower defense/Models/OBJ format/rock_smallH.obj using Guid(02d398e4c04554a43b2e472d5e9fa995) Importer(2089858483,192608db42251d675da83286b1cce702) (ScriptedImporter) -> (artifact id: '75084ebcbb652b66c3812fc93aa92f2e') in 0.0624978 seconds
Number of updated asset objects reloaded before import = 0Number of asset objects unloaded after import = 11

========================================================================
Received Import Request.
  Time since last request: 0.000049 seconds.
  path: Assets/Kit/Enviroment/tower defense/Models/OBJ format/statue_obelisk.obj
  artifactKey: Guid(3c0c5db30608e3948ac7d3f7961f0940) Importer(2089858483,192608db42251d675da83286b1cce702)
Start importing Assets/Kit/Enviroment/tower defense/Models/OBJ format/statue_obelisk.obj using Guid(3c0c5db30608e3948ac7d3f7961f0940) Importer(2089858483,192608db42251d675da83286b1cce702) (ScriptedImporter) -> (artifact id: '2c0b379b53d10efee8a974b592850f6f') in 0.0662977 seconds
Number of updated asset objects reloaded before import = 0Number of asset objects unloaded after import = 11

========================================================================
Received Import Request.
  Time since last request: 0.000037 seconds.
  path: Assets/Kit/Enviroment/tower defense/Models/OBJ format/rock_tallD.obj
  artifactKey: Guid(f9f912cd78d148d48b65f03f922ba57d) Importer(2089858483,192608db42251d675da83286b1cce702)
Start importing Assets/Kit/Enviroment/tower defense/Models/OBJ format/rock_tallD.obj using Guid(f9f912cd78d148d48b65f03f922ba57d) Importer(2089858483,192608db42251d675da83286b1cce702) (ScriptedImporter) -> (artifact id: '27d216f0981f7ee96b9de0b198b123b8') in 0.0693611 seconds
Number of updated asset objects reloaded before import = 0Number of asset objects unloaded after import = 12

========================================================================
Received Import Request.
  Time since last request: 0.000037 seconds.
  path: Assets/Kit/Enviroment/tower defense/Models/OBJ format/rock_smallFlatB.mtl
  artifactKey: Guid(070cb5568b296e64ca2df899de71259b) Importer(2089858483,192608db42251d675da83286b1cce702)
Start importing Assets/Kit/Enviroment/tower defense/Models/OBJ format/rock_smallFlatB.mtl using Guid(070cb5568b296e64ca2df899de71259b) Importer(2089858483,192608db42251d675da83286b1cce702) (ScriptedImporter) -> (artifact id: 'c0c18c41e57c711d5339ab960f6e5e4d') in 0.0288487 seconds
Number of updated asset objects reloaded before import = 0Number of asset objects unloaded after import = 1

========================================================================
Received Import Request.
  Time since last request: 0.000058 seconds.
  path: Assets/Kit/Enviroment/tower defense/Models/OBJ format/rock_tallH.obj
  artifactKey: Guid(294fbdef7f887c749a8f208a3733196c) Importer(2089858483,192608db42251d675da83286b1cce702)
Start importing Assets/Kit/Enviroment/tower defense/Models/OBJ format/rock_tallH.obj using Guid(294fbdef7f887c749a8f208a3733196c) Importer(2089858483,192608db42251d675da83286b1cce702) (ScriptedImporter) -> (artifact id: '4ad35be7f69ef6eff7adadfba5199845') in 0.0737483 seconds
Number of updated asset objects reloaded before import = 0Number of asset objects unloaded after import = 12

========================================================================
Received Import Request.
  Time since last request: 0.000046 seconds.
  path: Assets/Kit/Enviroment/tower defense/Models/OBJ format/sign.obj
  artifactKey: Guid(fa79cde6d2d8cd24bb6d90622a8eb6ae) Importer(2089858483,192608db42251d675da83286b1cce702)
Start importing Assets/Kit/Enviroment/tower defense/Models/OBJ format/sign.obj using Guid(fa79cde6d2d8cd24bb6d90622a8eb6ae) Importer(2089858483,192608db42251d675da83286b1cce702) (ScriptedImporter) -> (artifact id: 'cccf502d55db9e75d3be2aa7c7aaedb3') in 0.0704963 seconds
Number of updated asset objects reloaded before import = 0Number of asset objects unloaded after import = 12

========================================================================
Received Import Request.
  Time since last request: 0.000046 seconds.
  path: Assets/Kit/Enviroment/tower defense/Models/OBJ format/stone_largeB.mtl
  artifactKey: Guid(8b1cc601f85b0404cb20bcce3fb85df4) Importer(2089858483,192608db42251d675da83286b1cce702)
Start importing Assets/Kit/Enviroment/tower defense/Models/OBJ format/stone_largeB.mtl using Guid(8b1cc601f85b0404cb20bcce3fb85df4) Importer(2089858483,192608db42251d675da83286b1cce702) (ScriptedImporter) -> (artifact id: '96deeb704bd7196b4c161b1825d94674') in 0.0252976 seconds
Number of updated asset objects reloaded before import = 0Number of asset objects unloaded after import = 1

========================================================================
Received Import Request.
  Time since last request: 0.000053 seconds.
  path: Assets/Kit/Enviroment/tower defense/Models/OBJ format/rock_smallFlatB.obj
  artifactKey: Guid(bad48a281f2021048b660a2cc024f5f3) Importer(2089858483,192608db42251d675da83286b1cce702)
Start importing Assets/Kit/Enviroment/tower defense/Models/OBJ format/rock_smallFlatB.obj using Guid(bad48a281f2021048b660a2cc024f5f3) Importer(2089858483,192608db42251d675da83286b1cce702) (ScriptedImporter) -> (artifact id: 'eaaa2b8570ce353db96dbad49f48ff87') in 0.0740813 seconds
Number of updated asset objects reloaded before import = 0Number of asset objects unloaded after import = 11

========================================================================
Received Import Request.
  Time since last request: 0.000035 seconds.
  path: Assets/Kit/Enviroment/tower defense/Models/OBJ format/stone_largeB.obj
  artifactKey: Guid(1f210f99fa636b74e8c191e7a3611d97) Importer(2089858483,192608db42251d675da83286b1cce702)
Start importing Assets/Kit/Enviroment/tower defense/Models/OBJ format/stone_largeB.obj using Guid(1f210f99fa636b74e8c191e7a3611d97) Importer(2089858483,192608db42251d675da83286b1cce702) (ScriptedImporter) -> (artifact id: '45c80cec8acddc089042faa9fd768ad2') in 0.0696057 seconds
Number of updated asset objects reloaded before import = 0Number of asset objects unloaded after import = 11

========================================================================
Received Import Request.
  Time since last request: 0.000039 seconds.
  path: Assets/Kit/Enviroment/tower defense/Models/OBJ format/stone_smallB.mtl
  artifactKey: Guid(344cdf85665cf204781b8c9ad42b14c4) Importer(2089858483,192608db42251d675da83286b1cce702)
Start importing Assets/Kit/Enviroment/tower defense/Models/OBJ format/stone_smallB.mtl using Guid(344cdf85665cf204781b8c9ad42b14c4) Importer(2089858483,192608db42251d675da83286b1cce702) (ScriptedImporter) -> (artifact id: 'dd829b8e9db454ec194d636f68038686') in 0.0285777 seconds
Number of updated asset objects reloaded before import = 0Number of asset objects unloaded after import = 1

========================================================================
Received Import Request.
  Time since last request: 0.000054 seconds.
  path: Assets/Kit/Enviroment/tower defense/Models/OBJ format/stone_smallD.obj
  artifactKey: Guid(832aa7cd00fb55744b66996b846a68c7) Importer(2089858483,192608db42251d675da83286b1cce702)
Start importing Assets/Kit/Enviroment/tower defense/Models/OBJ format/stone_smallD.obj using Guid(832aa7cd00fb55744b66996b846a68c7) Importer(2089858483,192608db42251d675da83286b1cce702) (ScriptedImporter) -> (artifact id: '382004154f5090cefb67134288057a87') in 0.0705698 seconds
Number of updated asset objects reloaded before import = 0Number of asset objects unloaded after import = 10

========================================================================
Received Import Request.
  Time since last request: 0.000038 seconds.
  path: Assets/Kit/Enviroment/tower defense/Models/OBJ format/stone_smallA.obj
  artifactKey: Guid(efd7101c7e31b3a4f9e7c9d247263cee) Importer(2089858483,192608db42251d675da83286b1cce702)
Start importing Assets/Kit/Enviroment/tower defense/Models/OBJ format/stone_smallA.obj using Guid(efd7101c7e31b3a4f9e7c9d247263cee) Importer(2089858483,192608db42251d675da83286b1cce702) (ScriptedImporter) -> (artifact id: 'c14e4c8ab90659f0989a3e42d6408d59') in 0.0638311 seconds
Number of updated asset objects reloaded before import = 0Number of asset objects unloaded after import = 10

========================================================================
Received Import Request.
  Time since last request: 0.000044 seconds.
  path: Assets/Kit/Enviroment/tower defense/Models/OBJ format/stone_smallTopB.mtl
  artifactKey: Guid(a7c172367f0b3b54491da77127407087) Importer(2089858483,192608db42251d675da83286b1cce702)
Start importing Assets/Kit/Enviroment/tower defense/Models/OBJ format/stone_smallTopB.mtl using Guid(a7c172367f0b3b54491da77127407087) Importer(2089858483,192608db42251d675da83286b1cce702) (ScriptedImporter) -> (artifact id: '8374cbc895769473a390490a616ba69c') in 0.0263146 seconds
Number of updated asset objects reloaded before import = 0Number of asset objects unloaded after import = 1

========================================================================
Received Import Request.
  Time since last request: 0.000057 seconds.
  path: Assets/Kit/Enviroment/tower defense/Models/OBJ format/stone_largeD.mtl
  artifactKey: Guid(429f57bafa6afd54aa225ebaea4e91c4) Importer(2089858483,192608db42251d675da83286b1cce702)
Start importing Assets/Kit/Enviroment/tower defense/Models/OBJ format/stone_largeD.mtl using Guid(429f57bafa6afd54aa225ebaea4e91c4) Importer(2089858483,192608db42251d675da83286b1cce702) (ScriptedImporter) -> (artifact id: '3d0903858f69c67760278d47532ebe6e') in 0.0270184 seconds
Number of updated asset objects reloaded before import = 0Number of asset objects unloaded after import = 1

========================================================================
Received Import Request.
  Time since last request: 0.000036 seconds.
  path: Assets/Kit/Enviroment/tower defense/Models/OBJ format/stone_smallE.obj
  artifactKey: Guid(3d5e8809e9c50af4aa94505e7b467808) Importer(2089858483,192608db42251d675da83286b1cce702)
Start importing Assets/Kit/Enviroment/tower defense/Models/OBJ format/stone_smallE.obj using Guid(3d5e8809e9c50af4aa94505e7b467808) Importer(2089858483,192608db42251d675da83286b1cce702) (ScriptedImporter) -> (artifact id: '670cb82e0d78e3e0b47c25fa5751afe2') in 0.0652208 seconds
Number of updated asset objects reloaded before import = 0Number of asset objects unloaded after import = 10

========================================================================
Received Import Request.
  Time since last request: 0.000042 seconds.
  path: Assets/Kit/Enviroment/tower defense/Models/OBJ format/stone_smallI.obj
  artifactKey: Guid(260d421c32e2d0a4aa6a3777d1ac34a8) Importer(2089858483,192608db42251d675da83286b1cce702)
Start importing Assets/Kit/Enviroment/tower defense/Models/OBJ format/stone_smallI.obj using Guid(260d421c32e2d0a4aa6a3777d1ac34a8) Importer(2089858483,192608db42251d675da83286b1cce702) (ScriptedImporter) -> (artifact id: 'd19fccdc99951aff376d2eb8f23e16df') in 0.0650479 seconds
Number of updated asset objects reloaded before import = 0Number of asset objects unloaded after import = 10

========================================================================
Received Import Request.
  Time since last request: 0.000050 seconds.
  path: Assets/Kit/Enviroment/tower defense/Models/OBJ format/stone_smallC.obj
  artifactKey: Guid(c14190f1c446c1049bb65859bee7e85a) Importer(2089858483,192608db42251d675da83286b1cce702)
Start importing Assets/Kit/Enviroment/tower defense/Models/OBJ format/stone_smallC.obj using Guid(c14190f1c446c1049bb65859bee7e85a) Importer(2089858483,192608db42251d675da83286b1cce702) (ScriptedImporter) -> (artifact id: 'f941d0da60d2262852374f880917d6fc') in 0.0617931 seconds
Number of updated asset objects reloaded before import = 0Number of asset objects unloaded after import = 10

========================================================================
Received Import Request.
  Time since last request: 0.000033 seconds.
  path: Assets/Kit/Enviroment/tower defense/Models/OBJ format/stone_tallE.mtl
  artifactKey: Guid(f20b48f777f113941930e5312c88aa0d) Importer(2089858483,192608db42251d675da83286b1cce702)
Start importing Assets/Kit/Enviroment/tower defense/Models/OBJ format/stone_tallE.mtl using Guid(f20b48f777f113941930e5312c88aa0d) Importer(2089858483,192608db42251d675da83286b1cce702) (ScriptedImporter) -> (artifact id: '44f55d64b6509eedecd6552ae65964c1') in 0.0283533 seconds
Number of updated asset objects reloaded before import = 0Number of asset objects unloaded after import = 1

========================================================================
Received Import Request.
  Time since last request: 0.000036 seconds.
  path: Assets/Kit/Enviroment/tower defense/Models/OBJ format/pot_large.mtl
  artifactKey: Guid(58a07294883394644a64cc9ff7724b3c) Importer(2089858483,192608db42251d675da83286b1cce702)
Start importing Assets/Kit/Enviroment/tower defense/Models/OBJ format/pot_large.mtl using Guid(58a07294883394644a64cc9ff7724b3c) Importer(2089858483,192608db42251d675da83286b1cce702) (ScriptedImporter) -> (artifact id: 'de503c3dd82b9f99b42fbe087a236ba0') in 0.0269604 seconds
Number of updated asset objects reloaded before import = 0Number of asset objects unloaded after import = 1

========================================================================
Received Import Request.
  Time since last request: 0.000071 seconds.
  path: Assets/Kit/Enviroment/tower defense/Models/OBJ format/tree_default_fall.obj
  artifactKey: Guid(2b01c1b98ad88784891dfe50a396e33a) Importer(2089858483,192608db42251d675da83286b1cce702)
Start importing Assets/Kit/Enviroment/tower defense/Models/OBJ format/tree_default_fall.obj using Guid(2b01c1b98ad88784891dfe50a396e33a) Importer(2089858483,192608db42251d675da83286b1cce702) (ScriptedImporter) -> (artifact id: '7d48326ce3bf1d0a1c4c852aaba6f9ee') in 0.0701544 seconds
Number of updated asset objects reloaded before import = 0Number of asset objects unloaded after import = 11

========================================================================
Received Import Request.
  Time since last request: 0.000029 seconds.
  path: Assets/Kit/Enviroment/tower defense/Models/OBJ format/tent_detailedClosed.mtl
  artifactKey: Guid(430770986c4cba94aaf0cf0babf15150) Importer(2089858483,192608db42251d675da83286b1cce702)
Start importing Assets/Kit/Enviroment/tower defense/Models/OBJ format/tent_detailedClosed.mtl using Guid(430770986c4cba94aaf0cf0babf15150) Importer(2089858483,192608db42251d675da83286b1cce702) (ScriptedImporter) -> (artifact id: '8580acfc8357e17cabc8d44b31173b3c') in 0.0294971 seconds
Number of updated asset objects reloaded before import = 0Number of asset objects unloaded after import = 1

========================================================================
Received Import Request.
  Time since last request: 0.000040 seconds.
  path: Assets/Kit/Enviroment/tower defense/Models/OBJ format/tree_cone_fall.obj
  artifactKey: Guid(e6c0eb5989cf08c42982bb26dda6d313) Importer(2089858483,192608db42251d675da83286b1cce702)
Start importing Assets/Kit/Enviroment/tower defense/Models/OBJ format/tree_cone_fall.obj using Guid(e6c0eb5989cf08c42982bb26dda6d313) Importer(2089858483,192608db42251d675da83286b1cce702) (ScriptedImporter) -> (artifact id: '0b15fb50099a90785802c26370a541db') in 0.0621141 seconds
Number of updated asset objects reloaded before import = 0Number of asset objects unloaded after import = 11

========================================================================
Received Import Request.
  Time since last request: 0.000054 seconds.
  path: Assets/Kit/Enviroment/tower defense/Models/OBJ format/tree_detailed.obj
  artifactKey: Guid(f0ff7ab2ec5cbe543b332b8c2a89157a) Importer(2089858483,192608db42251d675da83286b1cce702)
Start importing Assets/Kit/Enviroment/tower defense/Models/OBJ format/tree_detailed.obj using Guid(f0ff7ab2ec5cbe543b332b8c2a89157a) Importer(2089858483,192608db42251d675da83286b1cce702) (ScriptedImporter) -> (artifact id: '8efcab59fb2a1642bedd66bff37528bb') in 0.0916079 seconds
Number of updated asset objects reloaded before import = 0Number of asset objects unloaded after import = 12

========================================================================
Received Import Request.
  Time since last request: 0.000036 seconds.
  path: Assets/Kit/Enviroment/tower defense/Models/OBJ format/tree_cone_dark.mtl
  artifactKey: Guid(b835c9cadc1f9f840800b74822ad1cb5) Importer(2089858483,192608db42251d675da83286b1cce702)
Start importing Assets/Kit/Enviroment/tower defense/Models/OBJ format/tree_cone_dark.mtl using Guid(b835c9cadc1f9f840800b74822ad1cb5) Importer(2089858483,192608db42251d675da83286b1cce702) (ScriptedImporter) -> (artifact id: '51e67af976b6d5c5bf5216fb323d46a0') in 0.0264804 seconds
Number of updated asset objects reloaded before import = 0Number of asset objects unloaded after import = 1

========================================================================
Received Import Request.
  Time since last request: 0.000045 seconds.
  path: Assets/Kit/Enviroment/tower defense/Models/OBJ format/tree_default_dark.obj
  artifactKey: Guid(fc08a612604495649b43c84aaeeca6bc) Importer(2089858483,192608db42251d675da83286b1cce702)
Start importing Assets/Kit/Enviroment/tower defense/Models/OBJ format/tree_default_dark.obj using Guid(fc08a612604495649b43c84aaeeca6bc) Importer(2089858483,192608db42251d675da83286b1cce702) (ScriptedImporter) -> (artifact id: 'fe52a959ac4d8449e9792bc14fa4e611') in 0.0636383 seconds
Number of updated asset objects reloaded before import = 0Number of asset objects unloaded after import = 11

========================================================================
Received Import Request.
  Time since last request: 0.000051 seconds.
  path: Assets/Kit/Enviroment/tower defense/Models/OBJ format/tree_cone.obj
  artifactKey: Guid(f31565a6724014c42a2a7cadde95b38e) Importer(2089858483,192608db42251d675da83286b1cce702)
Start importing Assets/Kit/Enviroment/tower defense/Models/OBJ format/tree_cone.obj using Guid(f31565a6724014c42a2a7cadde95b38e) Importer(2089858483,192608db42251d675da83286b1cce702) (ScriptedImporter) -> (artifact id: '5e0e0d1a20569ed5396aef236cc28f84') in 0.0699314 seconds
Number of updated asset objects reloaded before import = 0Number of asset objects unloaded after import = 11

========================================================================
Received Import Request.
  Time since last request: 0.000034 seconds.
  path: Assets/Kit/Enviroment/tower defense/Models/OBJ format/tent_smallOpen.obj
  artifactKey: Guid(8b1fd138f3940b049802144f68c4a184) Importer(2089858483,192608db42251d675da83286b1cce702)
Start importing Assets/Kit/Enviroment/tower defense/Models/OBJ format/tent_smallOpen.obj using Guid(8b1fd138f3940b049802144f68c4a184) Importer(2089858483,192608db42251d675da83286b1cce702) (ScriptedImporter) -> (artifact id: 'b34b6494d5d2baa895bc8b1973d81b34') in 0.0666398 seconds
Number of updated asset objects reloaded before import = 0Number of asset objects unloaded after import = 12

========================================================================
Received Import Request.
  Time since last request: 0.000044 seconds.
  path: Assets/Kit/Enviroment/tower defense/Models/OBJ format/tree_blocks_dark.mtl
  artifactKey: Guid(7a5b3b83c56748c4eba7f6766b7fe8be) Importer(2089858483,192608db42251d675da83286b1cce702)
Start importing Assets/Kit/Enviroment/tower defense/Models/OBJ format/tree_blocks_dark.mtl using Guid(7a5b3b83c56748c4eba7f6766b7fe8be) Importer(2089858483,192608db42251d675da83286b1cce702) (ScriptedImporter) -> (artifact id: 'a809d500d9fb1f0f6fc5649cd495d361') in 0.0293102 seconds
Number of updated asset objects reloaded before import = 0Number of asset objects unloaded after import = 1

========================================================================
Received Import Request.
  Time since last request: 0.000051 seconds.
  path: Assets/Kit/Enviroment/tower defense/Models/OBJ format/tree_palmDetailedTall.mtl
  artifactKey: Guid(7f4bc71dcf9612544abc48a69504cbd1) Importer(2089858483,192608db42251d675da83286b1cce702)
Start importing Assets/Kit/Enviroment/tower defense/Models/OBJ format/tree_palmDetailedTall.mtl using Guid(7f4bc71dcf9612544abc48a69504cbd1) Importer(2089858483,192608db42251d675da83286b1cce702) (ScriptedImporter) -> (artifact id: 'f3e23c614098a32707c52663b5cf448b') in 0.0265735 seconds
Number of updated asset objects reloaded before import = 0Number of asset objects unloaded after import = 1

========================================================================
Received Import Request.
  Time since last request: 0.000032 seconds.
  path: Assets/Kit/Enviroment/tower defense/Models/OBJ format/tree_oak_fall.obj
  artifactKey: Guid(398360fb53acd144f8a3203b53f63bce) Importer(2089858483,192608db42251d675da83286b1cce702)
Start importing Assets/Kit/Enviroment/tower defense/Models/OBJ format/tree_oak_fall.obj using Guid(398360fb53acd144f8a3203b53f63bce) Importer(2089858483,192608db42251d675da83286b1cce702) (ScriptedImporter) -> (artifact id: '8fb53b8c4aad1b95f3ffbdf47e19e88d') in 0.0638938 seconds
Number of updated asset objects reloaded before import = 0Number of asset objects unloaded after import = 11

========================================================================
Received Import Request.
  Time since last request: 0.000045 seconds.
  path: Assets/Kit/Enviroment/tower defense/Models/OBJ format/tree_pineSmallA.mtl
  artifactKey: Guid(0e600ef5e000d1d43b7c8dde2c1ac18e) Importer(2089858483,192608db42251d675da83286b1cce702)
Start importing Assets/Kit/Enviroment/tower defense/Models/OBJ format/tree_pineSmallA.mtl using Guid(0e600ef5e000d1d43b7c8dde2c1ac18e) Importer(2089858483,192608db42251d675da83286b1cce702) (ScriptedImporter) -> (artifact id: '82e1dc7062e7e5289f20ea1cfd4b7f43') in 0.0249274 seconds
Number of updated asset objects reloaded before import = 0Number of asset objects unloaded after import = 1

========================================================================
Received Import Request.
  Time since last request: 0.000052 seconds.
  path: Assets/Kit/Enviroment/tower defense/Models/OBJ format/tree_pineRoundE.obj
  artifactKey: Guid(13fa8818c9b3fe44c91b60b5ccefc632) Importer(2089858483,192608db42251d675da83286b1cce702)
Start importing Assets/Kit/Enviroment/tower defense/Models/OBJ format/tree_pineRoundE.obj using Guid(13fa8818c9b3fe44c91b60b5ccefc632) Importer(2089858483,192608db42251d675da83286b1cce702) (ScriptedImporter) -> (artifact id: 'd2a0b08856fde213911cdd55da7bf21a') in 0.0731302 seconds
Number of updated asset objects reloaded before import = 0Number of asset objects unloaded after import = 11

========================================================================
Received Import Request.
  Time since last request: 0.000031 seconds.
  path: Assets/Kit/Enviroment/tower defense/Models/OBJ format/tree_detailed_fall.obj
  artifactKey: Guid(bcf6691b1c9dc594d93c7d8757ad5a91) Importer(2089858483,192608db42251d675da83286b1cce702)
Start importing Assets/Kit/Enviroment/tower defense/Models/OBJ format/tree_detailed_fall.obj using Guid(bcf6691b1c9dc594d93c7d8757ad5a91) Importer(2089858483,192608db42251d675da83286b1cce702) (ScriptedImporter) -> (artifact id: '6daec10fb40d22096838577b342477c2') in 0.0652599 seconds
Number of updated asset objects reloaded before import = 0Number of asset objects unloaded after import = 12

========================================================================
Received Import Request.
  Time since last request: 0.000037 seconds.
  path: Assets/Kit/Enviroment/tower defense/Models/OBJ format/tree_pineRoundB.obj
  artifactKey: Guid(f957c851d54d9c647b53492dc922a2a2) Importer(2089858483,192608db42251d675da83286b1cce702)
Start importing Assets/Kit/Enviroment/tower defense/Models/OBJ format/tree_pineRoundB.obj using Guid(f957c851d54d9c647b53492dc922a2a2) Importer(2089858483,192608db42251d675da83286b1cce702) (ScriptedImporter) -> (artifact id: '67b3f962c1b63ad832e92bb11c324d20') in 0.0746094 seconds
Number of updated asset objects reloaded before import = 0Number of asset objects unloaded after import = 12

========================================================================
Received Import Request.
  Time since last request: 0.000056 seconds.
  path: Assets/Kit/Enviroment/tower defense/Models/OBJ format/tree_palm.mtl
  artifactKey: Guid(90b3d9c540784e64c9291c627972f934) Importer(2089858483,192608db42251d675da83286b1cce702)
Start importing Assets/Kit/Enviroment/tower defense/Models/OBJ format/tree_palm.mtl using Guid(90b3d9c540784e64c9291c627972f934) Importer(2089858483,192608db42251d675da83286b1cce702) (ScriptedImporter) -> (artifact id: '8350e3cbbf2ceedfb04a6dd9899e30e8') in 0.0282473 seconds
Number of updated asset objects reloaded before import = 0Number of asset objects unloaded after import = 1

========================================================================
Received Import Request.
  Time since last request: 0.000033 seconds.
  path: Assets/Kit/Enviroment/tower defense/Models/OBJ format/tree_pineGroundA.mtl
  artifactKey: Guid(6286e186a113ddb4a8b0e31e8bedc1be) Importer(2089858483,192608db42251d675da83286b1cce702)
Start importing Assets/Kit/Enviroment/tower defense/Models/OBJ format/tree_pineGroundA.mtl using Guid(6286e186a113ddb4a8b0e31e8bedc1be) Importer(2089858483,192608db42251d675da83286b1cce702) (ScriptedImporter) -> (artifact id: '23d077106fb153f7c6f198bc2ae3fb7d') in 0.0242429 seconds
Number of updated asset objects reloaded before import = 0Number of asset objects unloaded after import = 1

========================================================================
Received Import Request.
  Time since last request: 0.000033 seconds.
  path: Assets/Kit/Enviroment/tower defense/Models/OBJ format/tree_pineRoundF.mtl
  artifactKey: Guid(da3ac202fd6469e408bae5c5122a4a41) Importer(2089858483,192608db42251d675da83286b1cce702)
Start importing Assets/Kit/Enviroment/tower defense/Models/OBJ format/tree_pineRoundF.mtl using Guid(da3ac202fd6469e408bae5c5122a4a41) Importer(2089858483,192608db42251d675da83286b1cce702) (ScriptedImporter) -> (artifact id: '99480ea1c408b50ff1d3681d5c9f4abf') in 0.028004 seconds
Number of updated asset objects reloaded before import = 0Number of asset objects unloaded after import = 1

========================================================================
Received Import Request.
  Time since last request: 0.000047 seconds.
  path: Assets/Kit/Enviroment/tower defense/Models/OBJ format/tree_pineRoundD.obj
  artifactKey: Guid(09bd24d0a0e1a2e4cba6f89efc695bf5) Importer(2089858483,192608db42251d675da83286b1cce702)
Start importing Assets/Kit/Enviroment/tower defense/Models/OBJ format/tree_pineRoundD.obj using Guid(09bd24d0a0e1a2e4cba6f89efc695bf5) Importer(2089858483,192608db42251d675da83286b1cce702) (ScriptedImporter) -> (artifact id: '3692aee70aba608b89f1d92a3e8e405d') in 0.0761837 seconds
Number of updated asset objects reloaded before import = 0Number of asset objects unloaded after import = 11

========================================================================
Received Import Request.
  Time since last request: 0.000048 seconds.
  path: Assets/Kit/Enviroment/tower defense/Models/OBJ format/tree_pineTallC_detailed.obj
  artifactKey: Guid(26204071b9e43b641aad6bd511bcf10a) Importer(2089858483,192608db42251d675da83286b1cce702)
Start importing Assets/Kit/Enviroment/tower defense/Models/OBJ format/tree_pineTallC_detailed.obj using Guid(26204071b9e43b641aad6bd511bcf10a) Importer(2089858483,192608db42251d675da83286b1cce702) (ScriptedImporter) -> (artifact id: '421e4744af22d1c5491cb6c2a8c1ee7a') in 0.065549 seconds
Number of updated asset objects reloaded before import = 0Number of asset objects unloaded after import = 11

========================================================================
Received Import Request.
  Time since last request: 0.000039 seconds.
  path: Assets/Kit/Enviroment/tower defense/Models/OBJ format/tree_simple_fall.mtl
  artifactKey: Guid(c4f1490e2c1534f48ba8b3aa1b30f077) Importer(2089858483,192608db42251d675da83286b1cce702)
Start importing Assets/Kit/Enviroment/tower defense/Models/OBJ format/tree_simple_fall.mtl using Guid(c4f1490e2c1534f48ba8b3aa1b30f077) Importer(2089858483,192608db42251d675da83286b1cce702) (ScriptedImporter) -> (artifact id: '7ceb184897e6320330ee765fb6c80698') in 0.0246089 seconds
Number of updated asset objects reloaded before import = 0Number of asset objects unloaded after import = 1

========================================================================
Received Import Request.
  Time since last request: 0.000040 seconds.
  path: Assets/Kit/Enviroment/tower defense/Models/OBJ format/tree_thin.mtl
  artifactKey: Guid(a7dd8988fd608684e8f9bcb3d11ab54f) Importer(2089858483,192608db42251d675da83286b1cce702)
Start importing Assets/Kit/Enviroment/tower defense/Models/OBJ format/tree_thin.mtl using Guid(a7dd8988fd608684e8f9bcb3d11ab54f) Importer(2089858483,192608db42251d675da83286b1cce702) (ScriptedImporter) -> (artifact id: '7969c7ebb975abc3f2bd0d0b34a93a7b') in 0.0261895 seconds
Number of updated asset objects reloaded before import = 0Number of asset objects unloaded after import = 1

========================================================================
Received Import Request.
  Time since last request: 0.000054 seconds.
  path: Assets/Kit/Enviroment/tower defense/Models/OBJ format/tree_plateau.obj
  artifactKey: Guid(a70e8a660a4f9554b90f88a2f68384c6) Importer(2089858483,192608db42251d675da83286b1cce702)
Start importing Assets/Kit/Enviroment/tower defense/Models/OBJ format/tree_plateau.obj using Guid(a70e8a660a4f9554b90f88a2f68384c6) Importer(2089858483,192608db42251d675da83286b1cce702) (ScriptedImporter) -> (artifact id: 'e215b6d45de2e4d6e78bf412a87a81df') in 0.0752633 seconds
Number of updated asset objects reloaded before import = 0Number of asset objects unloaded after import = 11

========================================================================
Received Import Request.
  Time since last request: 0.000054 seconds.
  path: Assets/Kit/Enviroment/tower defense/Models/OBJ format/tree_small_dark.mtl
  artifactKey: Guid(fede1cf729dc9294ab196f2f3985a738) Importer(2089858483,192608db42251d675da83286b1cce702)
Start importing Assets/Kit/Enviroment/tower defense/Models/OBJ format/tree_small_dark.mtl using Guid(fede1cf729dc9294ab196f2f3985a738) Importer(2089858483,192608db42251d675da83286b1cce702) (ScriptedImporter) -> (artifact id: 'c1b873f837da534f3c914f61f439329d') in 0.0272093 seconds
Number of updated asset objects reloaded before import = 0Number of asset objects unloaded after import = 1

========================================================================
Received Import Request.
  Time since last request: 0.000038 seconds.
  path: Assets/Kit/Enviroment/tower defense/Models/OBJ format/tree_pineTallD.mtl
  artifactKey: Guid(a073410bf2d0f7b4ba7dcb3f7ae3d196) Importer(2089858483,192608db42251d675da83286b1cce702)
Start importing Assets/Kit/Enviroment/tower defense/Models/OBJ format/tree_pineTallD.mtl using Guid(a073410bf2d0f7b4ba7dcb3f7ae3d196) Importer(2089858483,192608db42251d675da83286b1cce702) (ScriptedImporter) -> (artifact id: 'a0dd30f2fff9409894a775e9edb9614b') in 0.0273272 seconds
Number of updated asset objects reloaded before import = 0Number of asset objects unloaded after import = 1

========================================================================
Received Import Request.
  Time since last request: 0.000055 seconds.
  path: Assets/Kit/Enviroment/tower defense/Models/OBJ format/tree_plateau_fall.obj
  artifactKey: Guid(a6a34b8ac813cfc4c8590110e8934266) Importer(2089858483,192608db42251d675da83286b1cce702)
Start importing Assets/Kit/Enviroment/tower defense/Models/OBJ format/tree_plateau_fall.obj using Guid(a6a34b8ac813cfc4c8590110e8934266) Importer(2089858483,192608db42251d675da83286b1cce702) (ScriptedImporter) -> (artifact id: '79d1788160d8e98e460007e7edb7f769') in 0.0632137 seconds
Number of updated asset objects reloaded before import = 0Number of asset objects unloaded after import = 11

========================================================================
Received Import Request.
  Time since last request: 0.000038 seconds.
  path: Assets/Kit/Enviroment/tower defense/Models/OBJ format/tree_plateau_dark.mtl
  artifactKey: Guid(4dafe62fcfc6a394690011ec53b4e245) Importer(2089858483,192608db42251d675da83286b1cce702)
Start importing Assets/Kit/Enviroment/tower defense/Models/OBJ format/tree_plateau_dark.mtl using Guid(4dafe62fcfc6a394690011ec53b4e245) Importer(2089858483,192608db42251d675da83286b1cce702) (ScriptedImporter) -> (artifact id: '9cd5107f63a1b31481e5285b059660ba') in 0.0256788 seconds
Number of updated asset objects reloaded before import = 0Number of asset objects unloaded after import = 1

========================================================================
Received Import Request.
  Time since last request: 0.000036 seconds.
  path: Assets/Kit/Enviroment/tower defense/Models/OBJ format/tree_fat_darkh.obj
  artifactKey: Guid(ac7bc60b185cf2b4da413e84e723613c) Importer(2089858483,192608db42251d675da83286b1cce702)
Start importing Assets/Kit/Enviroment/tower defense/Models/OBJ format/tree_fat_darkh.obj using Guid(ac7bc60b185cf2b4da413e84e723613c) Importer(2089858483,192608db42251d675da83286b1cce702) (ScriptedImporter) -> (artifact id: '8d7f9ebc2e921a502df3fbdb0ff4f6f4') in 0.0690173 seconds
Number of updated asset objects reloaded before import = 0Number of asset objects unloaded after import = 11

========================================================================
Received Import Request.
  Time since last request: 0.000056 seconds.
  path: Assets/Kit/Enviroment/tower defense/Models/STL format/bridge_center_stone.stl
  artifactKey: Guid(465199bf08c646848a9fa230f9763d79) Importer(2089858483,192608db42251d675da83286b1cce702)
Start importing Assets/Kit/Enviroment/tower defense/Models/STL format/bridge_center_stone.stl using Guid(465199bf08c646848a9fa230f9763d79) Importer(2089858483,192608db42251d675da83286b1cce702) (ScriptedImporter) -> (artifact id: '57fd79a32e6cdc3229a56fd8bc290f5f') in 0.0242195 seconds
Number of updated asset objects reloaded before import = 0Number of asset objects unloaded after import = 1

========================================================================
Received Import Request.
  Time since last request: 0.000035 seconds.
  path: Assets/Kit/Enviroment/tower defense/Models/OBJ format/tree_thin_fall.mtl
  artifactKey: Guid(bc3f1b972128461469a12a1530cb07e4) Importer(2089858483,192608db42251d675da83286b1cce702)
Start importing Assets/Kit/Enviroment/tower defense/Models/OBJ format/tree_thin_fall.mtl using Guid(bc3f1b972128461469a12a1530cb07e4) Importer(2089858483,192608db42251d675da83286b1cce702) (ScriptedImporter) -> (artifact id: '2ab717a990c2db62f7adc605e6ff7254') in 0.0247888 seconds
Number of updated asset objects reloaded before import = 0Number of asset objects unloaded after import = 1

========================================================================
Received Import Request.
  Time since last request: 0.000036 seconds.
  path: Assets/Kit/Enviroment/tower defense/Models/STL format/cliff_blockCave_stone.stl
  artifactKey: Guid(5281bac51e33cd645856b133ab264537) Importer(2089858483,192608db42251d675da83286b1cce702)
Start importing Assets/Kit/Enviroment/tower defense/Models/STL format/cliff_blockCave_stone.stl using Guid(5281bac51e33cd645856b133ab264537) Importer(2089858483,192608db42251d675da83286b1cce702) (ScriptedImporter) -> (artifact id: 'df5444cb93934bd81f0f8eb427c7412a') in 0.0270322 seconds
Number of updated asset objects reloaded before import = 0Number of asset objects unloaded after import = 1

========================================================================
Received Import Request.
  Time since last request: 0.000047 seconds.
  path: Assets/Kit/Enviroment/tower defense/Models/STL format/bridge_center_wood.stl
  artifactKey: Guid(1049173833c000947b741c0cbed72434) Importer(2089858483,192608db42251d675da83286b1cce702)
Start importing Assets/Kit/Enviroment/tower defense/Models/STL format/bridge_center_wood.stl using Guid(1049173833c000947b741c0cbed72434) Importer(2089858483,192608db42251d675da83286b1cce702) (ScriptedImporter) -> (artifact id: '06288cbbcca63937ea27f48b6fe0b2db') in 0.0287702 seconds
Number of updated asset objects reloaded before import = 0Number of asset objects unloaded after import = 1

========================================================================
Received Import Request.
  Time since last request: 0.000051 seconds.
  path: Assets/Kit/Enviroment/tower defense/Models/STL format/cliff_blockDiagonal_rock.stl
  artifactKey: Guid(2a74c98e40328ad499b2d076c4c6b8f5) Importer(2089858483,192608db42251d675da83286b1cce702)
Start importing Assets/Kit/Enviroment/tower defense/Models/STL format/cliff_blockDiagonal_rock.stl using Guid(2a74c98e40328ad499b2d076c4c6b8f5) Importer(2089858483,192608db42251d675da83286b1cce702) (ScriptedImporter) -> (artifact id: 'e7021ca952f3c260e46de1a4335c9c43') in 0.0305445 seconds
Number of updated asset objects reloaded before import = 0Number of asset objects unloaded after import = 1

========================================================================
Received Import Request.
  Time since last request: 0.000037 seconds.
  path: Assets/Kit/Enviroment/tower defense/Models/STL format/bridge_center_woodRound.stl
  artifactKey: Guid(d8da6f2dc7452614ba2cd81d34d8832b) Importer(2089858483,192608db42251d675da83286b1cce702)
Start importing Assets/Kit/Enviroment/tower defense/Models/STL format/bridge_center_woodRound.stl using Guid(d8da6f2dc7452614ba2cd81d34d8832b) Importer(2089858483,192608db42251d675da83286b1cce702) (ScriptedImporter) -> (artifact id: '462e64894425e18722e7c820985905cf') in 0.0301878 seconds
Number of updated asset objects reloaded before import = 0Number of asset objects unloaded after import = 1

========================================================================
Received Import Request.
  Time since last request: 0.000036 seconds.
  path: Assets/Kit/Enviroment/tower defense/Models/STL format/cliff_blockSlope_stone.stl
  artifactKey: Guid(28ebc5a6314495146b6b4e04b8447b12) Importer(2089858483,192608db42251d675da83286b1cce702)
Start importing Assets/Kit/Enviroment/tower defense/Models/STL format/cliff_blockSlope_stone.stl using Guid(28ebc5a6314495146b6b4e04b8447b12) Importer(2089858483,192608db42251d675da83286b1cce702) (ScriptedImporter) -> (artifact id: 'd9b4e8424a0c1f87df0d4ea9555f5630') in 0.0281262 seconds
Number of updated asset objects reloaded before import = 0Number of asset objects unloaded after import = 1

========================================================================
Received Import Request.
  Time since last request: 0.000044 seconds.
  path: Assets/Kit/Enviroment/tower defense/Models/STL format/cliff_blockSlopeHalfWalls_stone.stl
  artifactKey: Guid(3dae47209931b3d47b79ce6ab2a11e10) Importer(2089858483,192608db42251d675da83286b1cce702)
Start importing Assets/Kit/Enviroment/tower defense/Models/STL format/cliff_blockSlopeHalfWalls_stone.stl using Guid(3dae47209931b3d47b79ce6ab2a11e10) Importer(2089858483,192608db42251d675da83286b1cce702) (ScriptedImporter) -> (artifact id: 'dd8251aa0b76f5096ca10ab430c608e2') in 0.0291102 seconds
Number of updated asset objects reloaded before import = 0Number of asset objects unloaded after import = 1

========================================================================
Received Import Request.
  Time since last request: 0.000055 seconds.
  path: Assets/Kit/Enviroment/tower defense/Models/OBJ format/tree_thin.obj
  artifactKey: Guid(ec13e61740836374eba6e11b19f0d905) Importer(2089858483,192608db42251d675da83286b1cce702)
Start importing Assets/Kit/Enviroment/tower defense/Models/OBJ format/tree_thin.obj using Guid(ec13e61740836374eba6e11b19f0d905) Importer(2089858483,192608db42251d675da83286b1cce702) (ScriptedImporter) -> (artifact id: 'e25fe45c4ebaec003d7a1419d460d2b1') in 0.0721904 seconds
Number of updated asset objects reloaded before import = 0Number of asset objects unloaded after import = 11

========================================================================
Received Import Request.
  Time since last request: 0.000033 seconds.
  path: Assets/Kit/Enviroment/tower defense/Models/STL format/cliff_waterfall_stone.stl
  artifactKey: Guid(3ce5d3a7fca1f84488eb3909151750db) Importer(2089858483,192608db42251d675da83286b1cce702)
Start importing Assets/Kit/Enviroment/tower defense/Models/STL format/cliff_waterfall_stone.stl using Guid(3ce5d3a7fca1f84488eb3909151750db) Importer(2089858483,192608db42251d675da83286b1cce702) (ScriptedImporter) -> (artifact id: '601da560d7efe01a996ff2a306d703e3') in 0.0289138 seconds
Number of updated asset objects reloaded before import = 0Number of asset objects unloaded after import = 1

========================================================================
Received Import Request.
  Time since last request: 0.000038 seconds.
  path: Assets/Kit/Enviroment/tower defense/Models/STL format/cliff_halfCornerInner_rock.stl
  artifactKey: Guid(e71164fb0a7da5242b9cbe55dfa2849f) Importer(2089858483,192608db42251d675da83286b1cce702)
Start importing Assets/Kit/Enviroment/tower defense/Models/STL format/cliff_halfCornerInner_rock.stl using Guid(e71164fb0a7da5242b9cbe55dfa2849f) Importer(2089858483,192608db42251d675da83286b1cce702) (ScriptedImporter) -> (artifact id: 'e36e8d546196f38ec340dde108c37f78') in 0.0285953 seconds
Number of updated asset objects reloaded before import = 0Number of asset objects unloaded after import = 1

========================================================================
Received Import Request.
  Time since last request: 0.000076 seconds.
  path: Assets/Kit/Enviroment/tower defense/Models/STL format/cliff_cornerInner_stone.stl
  artifactKey: Guid(98c163181874ac749945f7ab44b23b2f) Importer(2089858483,192608db42251d675da83286b1cce702)
Start importing Assets/Kit/Enviroment/tower defense/Models/STL format/cliff_cornerInner_stone.stl using Guid(98c163181874ac749945f7ab44b23b2f) Importer(2089858483,192608db42251d675da83286b1cce702) (ScriptedImporter) -> (artifact id: '9fe9e0ea0e56ce2200fd8daa220f37fe') in 0.0294731 seconds
Number of updated asset objects reloaded before import = 0Number of asset objects unloaded after import = 1

========================================================================
Received Import Request.
  Time since last request: 0.000039 seconds.
  path: Assets/Kit/Enviroment/tower defense/Models/STL format/crops_cornStageA.stl
  artifactKey: Guid(67c0946d5583ba64db2ff7c2e143012b) Importer(2089858483,192608db42251d675da83286b1cce702)
Start importing Assets/Kit/Enviroment/tower defense/Models/STL format/crops_cornStageA.stl using Guid(67c0946d5583ba64db2ff7c2e143012b) Importer(2089858483,192608db42251d675da83286b1cce702) (ScriptedImporter) -> (artifact id: '4a45760244868aac4ea86a12a3a468a1') in 0.0280039 seconds
Number of updated asset objects reloaded before import = 0Number of asset objects unloaded after import = 1

========================================================================
Received Import Request.
  Time since last request: 0.000034 seconds.
  path: Assets/Kit/Enviroment/tower defense/Models/STL format/cliff_topDiagonal_stone.stl
  artifactKey: Guid(1a1ec11d70462ec44b66461d13c83da6) Importer(2089858483,192608db42251d675da83286b1cce702)
Start importing Assets/Kit/Enviroment/tower defense/Models/STL format/cliff_topDiagonal_stone.stl using Guid(1a1ec11d70462ec44b66461d13c83da6) Importer(2089858483,192608db42251d675da83286b1cce702) (ScriptedImporter) -> (artifact id: 'b24625dfb744193c420309c1cdc45d89') in 0.0319425 seconds
Number of updated asset objects reloaded before import = 0Number of asset objects unloaded after import = 1

========================================================================
Received Import Request.
  Time since last request: 0.000041 seconds.
  path: Assets/Kit/Enviroment/tower defense/Models/STL format/cliff_half_rock.stl
  artifactKey: Guid(bbb95ac589407454695c854bf1875c31) Importer(2089858483,192608db42251d675da83286b1cce702)
Start importing Assets/Kit/Enviroment/tower defense/Models/STL format/cliff_half_rock.stl using Guid(bbb95ac589407454695c854bf1875c31) Importer(2089858483,192608db42251d675da83286b1cce702) (ScriptedImporter) -> (artifact id: '17f79622d66a8e9b6a019885bf55c484') in 0.0306521 seconds
Number of updated asset objects reloaded before import = 0Number of asset objects unloaded after import = 1

========================================================================
Received Import Request.
  Time since last request: 0.000060 seconds.
  path: Assets/Kit/Enviroment/tower defense/Models/STL format/cliff_cornerLarge_rock.stl
  artifactKey: Guid(3ac9a0e2ca3565a46a3d73b29bd15524) Importer(2089858483,192608db42251d675da83286b1cce702)
Start importing Assets/Kit/Enviroment/tower defense/Models/STL format/cliff_cornerLarge_rock.stl using Guid(3ac9a0e2ca3565a46a3d73b29bd15524) Importer(2089858483,192608db42251d675da83286b1cce702) (ScriptedImporter) -> (artifact id: '29ff848640c8ebdee247ec91267114ce') in 0.0284683 seconds
Number of updated asset objects reloaded before import = 0Number of asset objects unloaded after import = 1

========================================================================
Received Import Request.
  Time since last request: 0.000034 seconds.
  path: Assets/Kit/Enviroment/tower defense/Models/STL format/cliff_large_rock.stl
  artifactKey: Guid(46378684503594d4994136852f3ff746) Importer(2089858483,192608db42251d675da83286b1cce702)
Start importing Assets/Kit/Enviroment/tower defense/Models/STL format/cliff_large_rock.stl using Guid(46378684503594d4994136852f3ff746) Importer(2089858483,192608db42251d675da83286b1cce702) (ScriptedImporter) -> (artifact id: '5d44c8676ddb3c168ae8fc8826c1c80b') in 0.0285638 seconds
Number of updated asset objects reloaded before import = 0Number of asset objects unloaded after import = 1

========================================================================
Received Import Request.
  Time since last request: 0.000037 seconds.
  path: Assets/Kit/Enviroment/tower defense/Models/STL format/cliff_block_stone.stl
  artifactKey: Guid(5a0379b4fe796ba47b5435a08f80b160) Importer(2089858483,192608db42251d675da83286b1cce702)
Start importing Assets/Kit/Enviroment/tower defense/Models/STL format/cliff_block_stone.stl using Guid(5a0379b4fe796ba47b5435a08f80b160) Importer(2089858483,192608db42251d675da83286b1cce702) (ScriptedImporter) -> (artifact id: '56b2ca5f1012f6abf22e26d6581594c9') in 0.0289675 seconds
Number of updated asset objects reloaded before import = 0Number of asset objects unloaded after import = 1

========================================================================
Received Import Request.
  Time since last request: 0.000045 seconds.
  path: Assets/Kit/Enviroment/tower defense/Models/STL format/flower_purpleA.stl
  artifactKey: Guid(f81f356441b61c9409cda67aca407a5d) Importer(2089858483,192608db42251d675da83286b1cce702)
Start importing Assets/Kit/Enviroment/tower defense/Models/STL format/flower_purpleA.stl using Guid(f81f356441b61c9409cda67aca407a5d) Importer(2089858483,192608db42251d675da83286b1cce702) (ScriptedImporter) -> (artifact id: '8d64fd431ef77d387ded152f991be243') in 0.0288476 seconds
Number of updated asset objects reloaded before import = 0Number of asset objects unloaded after import = 1

========================================================================
Received Import Request.
  Time since last request: 0.000053 seconds.
  path: Assets/Kit/Enviroment/tower defense/Models/STL format/fence_bendCenter.stl
  artifactKey: Guid(a3724b424bc9d0a4b96f8d8634a95e67) Importer(2089858483,192608db42251d675da83286b1cce702)
Start importing Assets/Kit/Enviroment/tower defense/Models/STL format/fence_bendCenter.stl using Guid(a3724b424bc9d0a4b96f8d8634a95e67) Importer(2089858483,192608db42251d675da83286b1cce702) (ScriptedImporter) -> (artifact id: '0933fa2ef1823e12df767815b8001a65') in 0.0295659 seconds
Number of updated asset objects reloaded before import = 0Number of asset objects unloaded after import = 1

========================================================================
Received Import Request.
  Time since last request: 0.000037 seconds.
  path: Assets/Kit/Enviroment/tower defense/Models/STL format/flower_purpleB.stl
  artifactKey: Guid(1466916bfc1159d4ca975be0cf692981) Importer(2089858483,192608db42251d675da83286b1cce702)
Start importing Assets/Kit/Enviroment/tower defense/Models/STL format/flower_purpleB.stl using Guid(1466916bfc1159d4ca975be0cf692981) Importer(2089858483,192608db42251d675da83286b1cce702) (ScriptedImporter) -> (artifact id: 'ba723859f1171753f107d66b0eea4173') in 0.0286307 seconds
Number of updated asset objects reloaded before import = 0Number of asset objects unloaded after import = 1

========================================================================
Received Import Request.
  Time since last request: 0.000039 seconds.
  path: Assets/Kit/Enviroment/tower defense/Models/STL format/crops_leafsStageA.stl
  artifactKey: Guid(e7ce1d4b7798cf642907a034d0f5f397) Importer(2089858483,192608db42251d675da83286b1cce702)
Start importing Assets/Kit/Enviroment/tower defense/Models/STL format/crops_leafsStageA.stl using Guid(e7ce1d4b7798cf642907a034d0f5f397) Importer(2089858483,192608db42251d675da83286b1cce702) (ScriptedImporter) -> (artifact id: '97b611cde2242bab0ce4d33102957e5f') in 0.030715 seconds
Number of updated asset objects reloaded before import = 0Number of asset objects unloaded after import = 1

========================================================================
Received Import Request.
  Time since last request: 0.000043 seconds.
  path: Assets/Kit/Enviroment/tower defense/Models/STL format/fence_planks.stl
  artifactKey: Guid(74da93a02312c57429a2951a74eead0b) Importer(2089858483,192608db42251d675da83286b1cce702)
Start importing Assets/Kit/Enviroment/tower defense/Models/STL format/fence_planks.stl using Guid(74da93a02312c57429a2951a74eead0b) Importer(2089858483,192608db42251d675da83286b1cce702) (ScriptedImporter) -> (artifact id: '7d49866c97c9155bc184f8e3d622b045') in 0.0287668 seconds
Number of updated asset objects reloaded before import = 0Number of asset objects unloaded after import = 1

========================================================================
Received Import Request.
  Time since last request: 0.000059 seconds.
  path: Assets/Kit/Enviroment/tower defense/Models/STL format/crops_wheatStageA.stl
  artifactKey: Guid(1cfd3ebd9ec89b944a52882ef792c099) Importer(2089858483,192608db42251d675da83286b1cce702)
Start importing Assets/Kit/Enviroment/tower defense/Models/STL format/crops_wheatStageA.stl using Guid(1cfd3ebd9ec89b944a52882ef792c099) Importer(2089858483,192608db42251d675da83286b1cce702) (ScriptedImporter) -> (artifact id: 'fa9c5f63a6f97ca2d2ec6cd0af54f1c0') in 0.0267023 seconds
Number of updated asset objects reloaded before import = 0Number of asset objects unloaded after import = 1

========================================================================
Received Import Request.
  Time since last request: 0.000035 seconds.
  path: Assets/Kit/Enviroment/tower defense/Models/STL format/flower_purpleC.stl
  artifactKey: Guid(5236cabd1f0585940805bf739225d55e) Importer(2089858483,192608db42251d675da83286b1cce702)
Start importing Assets/Kit/Enviroment/tower defense/Models/STL format/flower_purpleC.stl using Guid(5236cabd1f0585940805bf739225d55e) Importer(2089858483,192608db42251d675da83286b1cce702) (ScriptedImporter) -> (artifact id: 'b176c5bdbf8a949dd6918d3b5cc26daa') in 0.0303147 seconds
Number of updated asset objects reloaded before import = 0Number of asset objects unloaded after import = 1

========================================================================
Received Import Request.
  Time since last request: 0.000038 seconds.
  path: Assets/Kit/Enviroment/tower defense/Models/STL format/crops_dirtSingle.stl
  artifactKey: Guid(07131dac6f547684b9eafaac92bd78ee) Importer(2089858483,192608db42251d675da83286b1cce702)
Start importing Assets/Kit/Enviroment/tower defense/Models/STL format/crops_dirtSingle.stl using Guid(07131dac6f547684b9eafaac92bd78ee) Importer(2089858483,192608db42251d675da83286b1cce702) (ScriptedImporter) -> (artifact id: 'b10323efff21cff97f2ef67f9553bbb1') in 0.0326371 seconds
Number of updated asset objects reloaded before import = 0Number of asset objects unloaded after import = 1

========================================================================
Received Import Request.
  Time since last request: 0.000046 seconds.
  path: Assets/Kit/Enviroment/tower defense/Models/STL format/crops_dirtRow.stl
  artifactKey: Guid(bb44bdbed4d63734a89a3d659c296507) Importer(2089858483,192608db42251d675da83286b1cce702)
Start importing Assets/Kit/Enviroment/tower defense/Models/STL format/crops_dirtRow.stl using Guid(bb44bdbed4d63734a89a3d659c296507) Importer(2089858483,192608db42251d675da83286b1cce702) (ScriptedImporter) -> (artifact id: '4fc6444588266948f5052b2b66ca4d22') in 0.0338212 seconds
Number of updated asset objects reloaded before import = 0Number of asset objects unloaded after import = 1

========================================================================
Received Import Request.
  Time since last request: 0.000067 seconds.
  path: Assets/Kit/Enviroment/tower defense/Models/STL format/ground_riverCross.stl
  artifactKey: Guid(8fa107d5c57479b4e9a42fb08fe5e5dc) Importer(2089858483,192608db42251d675da83286b1cce702)
Start importing Assets/Kit/Enviroment/tower defense/Models/STL format/ground_riverCross.stl using Guid(8fa107d5c57479b4e9a42fb08fe5e5dc) Importer(2089858483,192608db42251d675da83286b1cce702) (ScriptedImporter) -> (artifact id: '4da9af37adfde39e394cb588ac5d02ed') in 0.0302327 seconds
Number of updated asset objects reloaded before import = 0Number of asset objects unloaded after import = 1

========================================================================
Received Import Request.
  Time since last request: 0.000036 seconds.
  path: Assets/Kit/Enviroment/tower defense/Models/STL format/ground_riverCornerSmall.stl
  artifactKey: Guid(d9dc47cfdcc02d240a801922a3a8b154) Importer(2089858483,192608db42251d675da83286b1cce702)
Start importing Assets/Kit/Enviroment/tower defense/Models/STL format/ground_riverCornerSmall.stl using Guid(d9dc47cfdcc02d240a801922a3a8b154) Importer(2089858483,192608db42251d675da83286b1cce702) (ScriptedImporter) -> (artifact id: '29f3009736bee16539af1edcbe97b78a') in 0.0286227 seconds
Number of updated asset objects reloaded before import = 0Number of asset objects unloaded after import = 1

========================================================================
Received Import Request.
  Time since last request: 0.000037 seconds.
  path: Assets/Kit/Enviroment/tower defense/Models/STL format/mushroom_tanTall.stl
  artifactKey: Guid(05b9238791f2d1c4e81f6a8626cdc67e) Importer(2089858483,192608db42251d675da83286b1cce702)
Start importing Assets/Kit/Enviroment/tower defense/Models/STL format/mushroom_tanTall.stl using Guid(05b9238791f2d1c4e81f6a8626cdc67e) Importer(2089858483,192608db42251d675da83286b1cce702) (ScriptedImporter) -> (artifact id: 'df191e83ad7b2525c24bdb6284751f39') in 0.0301347 seconds
Number of updated asset objects reloaded before import = 0Number of asset objects unloaded after import = 1

========================================================================
Received Import Request.
  Time since last request: 0.000041 seconds.
  path: Assets/Kit/Enviroment/tower defense/Models/STL format/log.stl
  artifactKey: Guid(0f8c03a89e37ec643a7a2d6b048bf5bc) Importer(2089858483,192608db42251d675da83286b1cce702)
Start importing Assets/Kit/Enviroment/tower defense/Models/STL format/log.stl using Guid(0f8c03a89e37ec643a7a2d6b048bf5bc) Importer(2089858483,192608db42251d675da83286b1cce702) (ScriptedImporter) -> (artifact id: '038bbcdafabeb274250f194f3b7214cf') in 0.0265699 seconds
Number of updated asset objects reloaded before import = 0Number of asset objects unloaded after import = 1

========================================================================
Received Import Request.
  Time since last request: 0.000055 seconds.
  path: Assets/Kit/Enviroment/tower defense/Models/STL format/ground_pathRocks.stl
  artifactKey: Guid(295cea5512515ee469f2b34ba6fcc353) Importer(2089858483,192608db42251d675da83286b1cce702)
Start importing Assets/Kit/Enviroment/tower defense/Models/STL format/ground_pathRocks.stl using Guid(295cea5512515ee469f2b34ba6fcc353) Importer(2089858483,192608db42251d675da83286b1cce702) (ScriptedImporter) -> (artifact id: '32e810aaaf3c0f30d0a296679cac8c33') in 0.0283594 seconds
Number of updated asset objects reloaded before import = 0Number of asset objects unloaded after import = 1

========================================================================
Received Import Request.
  Time since last request: 0.000033 seconds.
  path: Assets/Kit/Enviroment/tower defense/Models/STL format/mushroom_red.stl
  artifactKey: Guid(67408f3e200b24e46860f09ed179507c) Importer(2089858483,192608db42251d675da83286b1cce702)
Start importing Assets/Kit/Enviroment/tower defense/Models/STL format/mushroom_red.stl using Guid(67408f3e200b24e46860f09ed179507c) Importer(2089858483,192608db42251d675da83286b1cce702) (ScriptedImporter) -> (artifact id: 'd87ce52837f6681558a5a070aa10e638') in 0.0292119 seconds
Number of updated asset objects reloaded before import = 0Number of asset objects unloaded after import = 1

========================================================================
Received Import Request.
  Time since last request: 0.000041 seconds.
  path: Assets/Kit/Enviroment/tower defense/Models/STL format/ground_riverEnd.stl
  artifactKey: Guid(90b3a29c5ffffcf42b3419a90826ed21) Importer(2089858483,192608db42251d675da83286b1cce702)
Start importing Assets/Kit/Enviroment/tower defense/Models/STL format/ground_riverEnd.stl using Guid(90b3a29c5ffffcf42b3419a90826ed21) Importer(2089858483,192608db42251d675da83286b1cce702) (ScriptedImporter) -> (artifact id: '1898df7c7cfcc455d82ccdbd8cc3da22') in 0.0290426 seconds
Number of updated asset objects reloaded before import = 0Number of asset objects unloaded after import = 1

========================================================================
Received Import Request.
  Time since last request: 0.000047 seconds.
  path: Assets/Kit/Enviroment/tower defense/Models/STL format/ground_pathOpen.stl
  artifactKey: Guid(4d1b08ac0153ebf4699f0bb9c14da5fd) Importer(2089858483,192608db42251d675da83286b1cce702)
Start importing Assets/Kit/Enviroment/tower defense/Models/STL format/ground_pathOpen.stl using Guid(4d1b08ac0153ebf4699f0bb9c14da5fd) Importer(2089858483,192608db42251d675da83286b1cce702) (ScriptedImporter) -> (artifact id: '23841c086afc008309e93b8979b51793') in 0.0288985 seconds
Number of updated asset objects reloaded before import = 0Number of asset objects unloaded after import = 1

========================================================================
Received Import Request.
  Time since last request: 0.000050 seconds.
  path: Assets/Kit/Enviroment/tower defense/Models/STL format/rock_smallFlatB.stl
  artifactKey: Guid(0156448ff38ee0140a8080f4c0458b47) Importer(2089858483,192608db42251d675da83286b1cce702)
Start importing Assets/Kit/Enviroment/tower defense/Models/STL format/rock_smallFlatB.stl using Guid(0156448ff38ee0140a8080f4c0458b47) Importer(2089858483,192608db42251d675da83286b1cce702) (ScriptedImporter) -> (artifact id: '6ecd22137a016c2e0b7a94cfae3515fa') in 0.0280654 seconds
Number of updated asset objects reloaded before import = 0Number of asset objects unloaded after import = 1

========================================================================
Received Import Request.
  Time since last request: 0.000035 seconds.
  path: Assets/Kit/Enviroment/tower defense/Models/STL format/rock_smallH.stl
  artifactKey: Guid(7843b7c5b8413444eac34b077e6bbb1c) Importer(2089858483,192608db42251d675da83286b1cce702)
Start importing Assets/Kit/Enviroment/tower defense/Models/STL format/rock_smallH.stl using Guid(7843b7c5b8413444eac34b077e6bbb1c) Importer(2089858483,192608db42251d675da83286b1cce702) (ScriptedImporter) -> (artifact id: '1e1257d0d3fdf4bedbf9d023d2cd7d01') in 0.0325778 seconds
Number of updated asset objects reloaded before import = 0Number of asset objects unloaded after import = 1

========================================================================
Received Import Request.
  Time since last request: 0.000034 seconds.
  path: Assets/Kit/Enviroment/tower defense/Models/STL format/platform_beach.stl
  artifactKey: Guid(1211d5bb31fc379418eba55861efcc20) Importer(2089858483,192608db42251d675da83286b1cce702)
Start importing Assets/Kit/Enviroment/tower defense/Models/STL format/platform_beach.stl using Guid(1211d5bb31fc379418eba55861efcc20) Importer(2089858483,192608db42251d675da83286b1cce702) (ScriptedImporter) -> (artifact id: '101a750f30b7bf6b906f1f5784d720ca') in 0.0304666 seconds
Number of updated asset objects reloaded before import = 0Number of asset objects unloaded after import = 1

========================================================================
Received Import Request.
  Time since last request: 0.000061 seconds.
  path: Assets/Kit/Enviroment/tower defense/Models/STL format/rock_tallA.stl
  artifactKey: Guid(8df5ca1346ec54d4e97b0303178751f8) Importer(2089858483,192608db42251d675da83286b1cce702)
Start importing Assets/Kit/Enviroment/tower defense/Models/STL format/rock_tallA.stl using Guid(8df5ca1346ec54d4e97b0303178751f8) Importer(2089858483,192608db42251d675da83286b1cce702) (ScriptedImporter) -> (artifact id: 'ba4633cb5c133fe2051e65b49184fcec') in 0.0302538 seconds
Number of updated asset objects reloaded before import = 0Number of asset objects unloaded after import = 1

========================================================================
Received Import Request.
  Time since last request: 0.000047 seconds.
  path: Assets/Kit/Enviroment/tower defense/Models/STL format/rock_smallTopB.stl
  artifactKey: Guid(0461a917a5fcec8418b77f2949515b42) Importer(2089858483,192608db42251d675da83286b1cce702)
Start importing Assets/Kit/Enviroment/tower defense/Models/STL format/rock_smallTopB.stl using Guid(0461a917a5fcec8418b77f2949515b42) Importer(2089858483,192608db42251d675da83286b1cce702) (ScriptedImporter) -> (artifact id: '20ed81d2cff41154496ab5ffe271ca0f') in 0.0261938 seconds
Number of updated asset objects reloaded before import = 0Number of asset objects unloaded after import = 1

========================================================================
Received Import Request.
  Time since last request: 0.000031 seconds.
  path: Assets/Kit/Enviroment/tower defense/Models/STL format/rock_smallC.stl
  artifactKey: Guid(00f2e4d264a727f46b4b0d8ffce693b0) Importer(2089858483,192608db42251d675da83286b1cce702)
Start importing Assets/Kit/Enviroment/tower defense/Models/STL format/rock_smallC.stl using Guid(00f2e4d264a727f46b4b0d8ffce693b0) Importer(2089858483,192608db42251d675da83286b1cce702) (ScriptedImporter) -> (artifact id: '3c3f6953d908f023bfb9efd062259492') in 0.0256442 seconds
Number of updated asset objects reloaded before import = 0Number of asset objects unloaded after import = 1

========================================================================
Received Import Request.
  Time since last request: 0.000035 seconds.
  path: Assets/Kit/Enviroment/tower defense/Models/STL format/rock_smallA.stl
  artifactKey: Guid(4941fb214a8465b4c831b10ff4442797) Importer(2089858483,192608db42251d675da83286b1cce702)
Start importing Assets/Kit/Enviroment/tower defense/Models/STL format/rock_smallA.stl using Guid(4941fb214a8465b4c831b10ff4442797) Importer(2089858483,192608db42251d675da83286b1cce702) (ScriptedImporter) -> (artifact id: '9414dcc69acb348c7becbcf1310a4135') in 0.025627 seconds
Number of updated asset objects reloaded before import = 0Number of asset objects unloaded after import = 1

========================================================================
Received Import Request.
  Time since last request: 0.000036 seconds.
  path: Assets/Kit/Enviroment/tower defense/Models/STL format/pot_large.stl
  artifactKey: Guid(e1697c7df20420a4eb3e27996d9f8638) Importer(2089858483,192608db42251d675da83286b1cce702)
Start importing Assets/Kit/Enviroment/tower defense/Models/STL format/pot_large.stl using Guid(e1697c7df20420a4eb3e27996d9f8638) Importer(2089858483,192608db42251d675da83286b1cce702) (ScriptedImporter) -> (artifact id: '32fd420a2d78171cba4b7481af1c38e6') in 0.0266984 seconds
Number of updated asset objects reloaded before import = 0Number of asset objects unloaded after import = 1

========================================================================
Received Import Request.
  Time since last request: 0.000049 seconds.
  path: Assets/Kit/Enviroment/tower defense/Models/STL format/stone_tallF.stl
  artifactKey: Guid(612eb062177b48d408cf7e127529de86) Importer(2089858483,192608db42251d675da83286b1cce702)
Start importing Assets/Kit/Enviroment/tower defense/Models/STL format/stone_tallF.stl using Guid(612eb062177b48d408cf7e127529de86) Importer(2089858483,192608db42251d675da83286b1cce702) (ScriptedImporter) -> (artifact id: '56dc6f3b3074886d350d78af8bbe85f9') in 0.0286532 seconds
Number of updated asset objects reloaded before import = 0Number of asset objects unloaded after import = 1

========================================================================
Received Import Request.
  Time since last request: 0.000033 seconds.
  path: Assets/Kit/Enviroment/tower defense/Models/STL format/statue_column.stl
  artifactKey: Guid(8774f704509d81646bb297d56d26a086) Importer(2089858483,192608db42251d675da83286b1cce702)
Start importing Assets/Kit/Enviroment/tower defense/Models/STL format/statue_column.stl using Guid(8774f704509d81646bb297d56d26a086) Importer(2089858483,192608db42251d675da83286b1cce702) (ScriptedImporter) -> (artifact id: 'acd218dc939e8387474955e9024f5215') in 0.0194458 seconds
Number of updated asset objects reloaded before import = 0Number of asset objects unloaded after import = 1

========================================================================
Received Import Request.
  Time since last request: 0.000037 seconds.
  path: Assets/Kit/Enviroment/tower defense/Models/STL format/stone_smallA.stl
  artifactKey: Guid(aca174ceed5fd6849abfa422efb4e18a) Importer(2089858483,192608db42251d675da83286b1cce702)
Start importing Assets/Kit/Enviroment/tower defense/Models/STL format/stone_smallA.stl using Guid(aca174ceed5fd6849abfa422efb4e18a) Importer(2089858483,192608db42251d675da83286b1cce702) (ScriptedImporter) -> (artifact id: '283557dbad016563d396db3b245a7eb0') in 0.0248112 seconds
Number of updated asset objects reloaded before import = 0Number of asset objects unloaded after import = 1

========================================================================
Received Import Request.
  Time since last request: 0.000039 seconds.
  path: Assets/Kit/Enviroment/tower defense/Models/STL format/statue_columnDamaged.stl
  artifactKey: Guid(28ade42bb41af83408a3d79def6bed37) Importer(2089858483,192608db42251d675da83286b1cce702)
Start importing Assets/Kit/Enviroment/tower defense/Models/STL format/statue_columnDamaged.stl using Guid(28ade42bb41af83408a3d79def6bed37) Importer(2089858483,192608db42251d675da83286b1cce702) (ScriptedImporter) -> (artifact id: '388f911b9a2c183cdc748b827db756ff') in 0.0266962 seconds
Number of updated asset objects reloaded before import = 0Number of asset objects unloaded after import = 1

========================================================================
Received Import Request.
  Time since last request: 0.000048 seconds.
  path: Assets/Kit/Enviroment/tower defense/Models/STL format/stone_smallH.stl
  artifactKey: Guid(cc5e648c419819d4f9079b369e3037ba) Importer(2089858483,192608db42251d675da83286b1cce702)
Start importing Assets/Kit/Enviroment/tower defense/Models/STL format/stone_smallH.stl using Guid(cc5e648c419819d4f9079b369e3037ba) Importer(2089858483,192608db42251d675da83286b1cce702) (ScriptedImporter) -> (artifact id: 'd1dcc3d8e5eb41c241ba3724c0fc099a') in 0.0328789 seconds
Number of updated asset objects reloaded before import = 0Number of asset objects unloaded after import = 1

========================================================================
Received Import Request.
  Time since last request: 0.000042 seconds.
  path: Assets/Kit/Enviroment/tower defense/Models/STL format/statue_head.stl
  artifactKey: Guid(f1dcf3af8aed0a74799d943a45f12b05) Importer(2089858483,192608db42251d675da83286b1cce702)
Start importing Assets/Kit/Enviroment/tower defense/Models/STL format/statue_head.stl using Guid(f1dcf3af8aed0a74799d943a45f12b05) Importer(2089858483,192608db42251d675da83286b1cce702) (ScriptedImporter) -> (artifact id: '2f56b46214fb5ff525183f3ed50dbaec') in 0.0300704 seconds
Number of updated asset objects reloaded before import = 0Number of asset objects unloaded after import = 1

========================================================================
Received Import Request.
  Time since last request: 0.000038 seconds.
  path: Assets/Kit/Enviroment/tower defense/Models/STL format/stone_largeF.stl
  artifactKey: Guid(379b18a4afd35fb4e8d4c0fc687823ba) Importer(2089858483,192608db42251d675da83286b1cce702)
Start importing Assets/Kit/Enviroment/tower defense/Models/STL format/stone_largeF.stl using Guid(379b18a4afd35fb4e8d4c0fc687823ba) Importer(2089858483,192608db42251d675da83286b1cce702) (ScriptedImporter) -> (artifact id: 'a99780ecda095145168bfd3799d83e15') in 0.0288502 seconds
Number of updated asset objects reloaded before import = 0Number of asset objects unloaded after import = 1

========================================================================
Received Import Request.
  Time since last request: 0.000041 seconds.
  path: Assets/Kit/Enviroment/tower defense/Models/STL format/stump_square.stl
  artifactKey: Guid(fa24f02bd13307f4d9dadf2ac5ac90a6) Importer(2089858483,192608db42251d675da83286b1cce702)
Start importing Assets/Kit/Enviroment/tower defense/Models/STL format/stump_square.stl using Guid(fa24f02bd13307f4d9dadf2ac5ac90a6) Importer(2089858483,192608db42251d675da83286b1cce702) (ScriptedImporter) -> (artifact id: '67391421c0f4bbdcd2671595f2b221b3') in 0.0310227 seconds
Number of updated asset objects reloaded before import = 0Number of asset objects unloaded after import = 1

========================================================================
Received Import Request.
  Time since last request: 0.000053 seconds.
  path: Assets/Kit/Enviroment/tower defense/Models/STL format/tree_palmTall.stl
  artifactKey: Guid(ecb739ea5c2eb0441b28f82e2ac5be00) Importer(2089858483,192608db42251d675da83286b1cce702)
Start importing Assets/Kit/Enviroment/tower defense/Models/STL format/tree_palmTall.stl using Guid(ecb739ea5c2eb0441b28f82e2ac5be00) Importer(2089858483,192608db42251d675da83286b1cce702) (ScriptedImporter) -> (artifact id: '005d8b7746fec7c007c26a11384a8f49') in 0.0268617 seconds
Number of updated asset objects reloaded before import = 0Number of asset objects unloaded after import = 1

========================================================================
Received Import Request.
  Time since last request: 0.000031 seconds.
  path: Assets/Kit/Enviroment/tower defense/Models/STL format/tree_fat_fall.stl
  artifactKey: Guid(9f9367d6b644c594495381dae3d1348b) Importer(2089858483,192608db42251d675da83286b1cce702)
Start importing Assets/Kit/Enviroment/tower defense/Models/STL format/tree_fat_fall.stl using Guid(9f9367d6b644c594495381dae3d1348b) Importer(2089858483,192608db42251d675da83286b1cce702) (ScriptedImporter) -> (artifact id: '4fc3965d5b3061e4069a0305498fb01e') in 0.0230415 seconds
Number of updated asset objects reloaded before import = 0Number of asset objects unloaded after import = 1

========================================================================
Received Import Request.
  Time since last request: 0.000033 seconds.
  path: Assets/Kit/Enviroment/tower defense/Models/STL format/tree_detailed_fall.stl
  artifactKey: Guid(25d21b5673c0ee34b8ca021b0757e06a) Importer(2089858483,192608db42251d675da83286b1cce702)
Start importing Assets/Kit/Enviroment/tower defense/Models/STL format/tree_detailed_fall.stl using Guid(25d21b5673c0ee34b8ca021b0757e06a) Importer(2089858483,192608db42251d675da83286b1cce702) (ScriptedImporter) -> (artifact id: 'd9725499903fdea69f8878651fa6623b') in 0.0300694 seconds
Number of updated asset objects reloaded before import = 0Number of asset objects unloaded after import = 1

========================================================================
Received Import Request.
  Time since last request: 0.000035 seconds.
  path: Assets/Kit/Enviroment/tower defense/Models/STL format/stump_oldTall.stl
  artifactKey: Guid(e8ba003e4f7dbbd43ba720447fa7dafa) Importer(2089858483,192608db42251d675da83286b1cce702)
Start importing Assets/Kit/Enviroment/tower defense/Models/STL format/stump_oldTall.stl using Guid(e8ba003e4f7dbbd43ba720447fa7dafa) Importer(2089858483,192608db42251d675da83286b1cce702) (ScriptedImporter) -> (artifact id: 'c28bc37e5b55542b22ad9f58b76e2aef') in 0.0265025 seconds
Number of updated asset objects reloaded before import = 0Number of asset objects unloaded after import = 1

========================================================================
Received Import Request.
  Time since last request: 0.000056 seconds.
  path: Assets/Kit/Enviroment/tower defense/Models/STL format/stump_old.stl
  artifactKey: Guid(345f968b2d9b2594191d8225acca4497) Importer(2089858483,192608db42251d675da83286b1cce702)
Start importing Assets/Kit/Enviroment/tower defense/Models/STL format/stump_old.stl using Guid(345f968b2d9b2594191d8225acca4497) Importer(2089858483,192608db42251d675da83286b1cce702) (ScriptedImporter) -> (artifact id: 'c65c65ac2712e0a3e0e1519454360bd6') in 0.0257743 seconds
Number of updated asset objects reloaded before import = 0Number of asset objects unloaded after import = 1

========================================================================
Received Import Request.
  Time since last request: 0.000050 seconds.
  path: Assets/Kit/Enviroment/tower defense/Models/STL format/tree_oak_fall.stl
  artifactKey: Guid(ba6ba94e4de503d4c95536f1ccdfb444) Importer(2089858483,192608db42251d675da83286b1cce702)
Start importing Assets/Kit/Enviroment/tower defense/Models/STL format/tree_oak_fall.stl using Guid(ba6ba94e4de503d4c95536f1ccdfb444) Importer(2089858483,192608db42251d675da83286b1cce702) (ScriptedImporter) -> (artifact id: '8302ae20a4fe6c4d5c7bbc86d53191ec') in 0.025843 seconds
Number of updated asset objects reloaded before import = 0Number of asset objects unloaded after import = 1

========================================================================
Received Import Request.
  Time since last request: 0.000034 seconds.
  path: Assets/Kit/Enviroment/tower defense/Models/STL format/tree_thin_dark.stl
  artifactKey: Guid(09bd87e6ad8099540816909ed1c404af) Importer(2089858483,192608db42251d675da83286b1cce702)
Start importing Assets/Kit/Enviroment/tower defense/Models/STL format/tree_thin_dark.stl using Guid(09bd87e6ad8099540816909ed1c404af) Importer(2089858483,192608db42251d675da83286b1cce702) (ScriptedImporter) -> (artifact id: 'e106e0fe7f20f41f636fc4524c21b233') in 0.0282714 seconds
Number of updated asset objects reloaded before import = 0Number of asset objects unloaded after import = 1

========================================================================
Received Import Request.
  Time since last request: 0.000038 seconds.
  path: Assets/Kit/Enviroment/tower defense/Models/STL format/tree_tall_dark.stl
  artifactKey: Guid(e3a5ee097092a004eaa79909814beb06) Importer(2089858483,192608db42251d675da83286b1cce702)
Start importing Assets/Kit/Enviroment/tower defense/Models/STL format/tree_tall_dark.stl using Guid(e3a5ee097092a004eaa79909814beb06) Importer(2089858483,192608db42251d675da83286b1cce702) (ScriptedImporter) -> (artifact id: 'd03d652ab0d2cba0a55ce730621a31fc') in 0.0292428 seconds
Number of updated asset objects reloaded before import = 0Number of asset objects unloaded after import = 1

========================================================================
Received Import Request.
  Time since last request: 0.000056 seconds.
  path: Assets/Kit/Enviroment/tower defense/Models/STL format/tree_small.stl
  artifactKey: Guid(398a0965c27577a418da90696d061100) Importer(2089858483,192608db42251d675da83286b1cce702)
Start importing Assets/Kit/Enviroment/tower defense/Models/STL format/tree_small.stl using Guid(398a0965c27577a418da90696d061100) Importer(2089858483,192608db42251d675da83286b1cce702) (ScriptedImporter) -> (artifact id: '43df56ad66879cda6faef94bc749f545') in 0.0283204 seconds
Number of updated asset objects reloaded before import = 0Number of asset objects unloaded after import = 1

========================================================================
Received Import Request.
  Time since last request: 0.000031 seconds.
  path: Assets/Kit/Enviroment/tower defense/Models/STL format/tree_pineRoundE.stl
  artifactKey: Guid(140cf1cc39e18b84eb16923b6ecbcb39) Importer(2089858483,192608db42251d675da83286b1cce702)
Start importing Assets/Kit/Enviroment/tower defense/Models/STL format/tree_pineRoundE.stl using Guid(140cf1cc39e18b84eb16923b6ecbcb39) Importer(2089858483,192608db42251d675da83286b1cce702) (ScriptedImporter) -> (artifact id: '404d1f826f23f25c8c80563f38ffeaed') in 0.0289279 seconds
Number of updated asset objects reloaded before import = 0Number of asset objects unloaded after import = 1

========================================================================
Received Import Request.
  Time since last request: 0.000051 seconds.
  path: Assets/Kit/Enviroment/tower defense/Models/STL format/tree_thin.stl
  artifactKey: Guid(bdaaaa29838113b4483a2d6e424c2315) Importer(2089858483,192608db42251d675da83286b1cce702)
Start importing Assets/Kit/Enviroment/tower defense/Models/STL format/tree_thin.stl using Guid(bdaaaa29838113b4483a2d6e424c2315) Importer(2089858483,192608db42251d675da83286b1cce702) (ScriptedImporter) -> (artifact id: 'fa17b7a628f43d1a6d30269c3b46d880') in 0.0310109 seconds
Number of updated asset objects reloaded before import = 0Number of asset objects unloaded after import = 1

========================================================================
Received Import Request.
  Time since last request: 0.000039 seconds.
  path: Assets/Kit/Enviroment/tower defense/Models/STL format/tree_pineRoundC.stl
  artifactKey: Guid(fd6e541007e604a46aeac24e8eadd21d) Importer(2089858483,192608db42251d675da83286b1cce702)
Start importing Assets/Kit/Enviroment/tower defense/Models/STL format/tree_pineRoundC.stl using Guid(fd6e541007e604a46aeac24e8eadd21d) Importer(2089858483,192608db42251d675da83286b1cce702) (ScriptedImporter) -> (artifact id: '38153d338091fd6d57978a0af5a9aa39') in 0.0283685 seconds
Number of updated asset objects reloaded before import = 0Number of asset objects unloaded after import = 1

========================================================================
Received Import Request.
  Time since last request: 0.000054 seconds.
  path: Assets/Kit/Enviroment/tower defense/Models/STL format/tree_pineTallB.stl
  artifactKey: Guid(fa8c649cbe916c04cabbb6fb1e09a6cb) Importer(2089858483,192608db42251d675da83286b1cce702)
Start importing Assets/Kit/Enviroment/tower defense/Models/STL format/tree_pineTallB.stl using Guid(fa8c649cbe916c04cabbb6fb1e09a6cb) Importer(2089858483,192608db42251d675da83286b1cce702) (ScriptedImporter) -> (artifact id: 'c4edbd499ad0d7de55b5631b1b9410f9') in 0.0293168 seconds
Number of updated asset objects reloaded before import = 0Number of asset objects unloaded after import = 1

========================================================================
Received Import Request.
  Time since last request: 0.000035 seconds.
  path: Assets/Kit/Interior/Preview int/house/casa parteMedia/wall-corner.png
  artifactKey: Guid(9ecdca8e7140eef4f8aaa3fde2743819) Importer(2089858483,192608db42251d675da83286b1cce702)
Start importing Assets/Kit/Interior/Preview int/house/casa parteMedia/wall-corner.png using Guid(9ecdca8e7140eef4f8aaa3fde2743819) Importer(2089858483,192608db42251d675da83286b1cce702) (ScriptedImporter) -> (artifact id: 'c7c5435e1547bc734a4658e781f8f422') in 0.0570703 seconds
Number of updated asset objects reloaded before import = 0Number of asset objects unloaded after import = 1

========================================================================
Received Import Request.
  Time since last request: 0.000040 seconds.
  path: Assets/Kit/Interior/Preview int/house/casa parteMedia/wall-doorway-square.png
  artifactKey: Guid(9ac5f9074250fe24eaa4ddc2b94874cc) Importer(2089858483,192608db42251d675da83286b1cce702)
Start importing Assets/Kit/Interior/Preview int/house/casa parteMedia/wall-doorway-square.png using Guid(9ac5f9074250fe24eaa4ddc2b94874cc) Importer(2089858483,192608db42251d675da83286b1cce702) (ScriptedImporter) -> (artifact id: '85918888c1c078bd6a079554f08a88aa') in 0.0590716 seconds
Number of updated asset objects reloaded before import = 0Number of asset objects unloaded after import = 1

========================================================================
Received Import Request.
  Time since last request: 0.000058 seconds.
  path: Assets/Kit/Interior/Preview int/house/casa parteMedia/wall-corner-diagonal-half.png
  artifactKey: Guid(265ee06bf01741d4a8c4ddcab9b39d7f) Importer(2089858483,192608db42251d675da83286b1cce702)
Start importing Assets/Kit/Interior/Preview int/house/casa parteMedia/wall-corner-diagonal-half.png using Guid(265ee06bf01741d4a8c4ddcab9b39d7f) Importer(2089858483,192608db42251d675da83286b1cce702) (ScriptedImporter) -> (artifact id: 'a987100954a08e95d65134f8d49d93f6') in 0.0733106 seconds
Number of updated asset objects reloaded before import = 0Number of asset objects unloaded after import = 1

========================================================================
Received Import Request.
  Time since last request: 0.000032 seconds.
  path: Assets/Kit/Interior/Preview int/house/casa parteMedia/pillar-wood.png
  artifactKey: Guid(aa1db59979ec3d347a052a4b8d1d8cc1) Importer(2089858483,192608db42251d675da83286b1cce702)
Start importing Assets/Kit/Interior/Preview int/house/casa parteMedia/pillar-wood.png using Guid(aa1db59979ec3d347a052a4b8d1d8cc1) Importer(2089858483,192608db42251d675da83286b1cce702) (ScriptedImporter) -> (artifact id: 'a0d85b7b71c49a899696831a467f0dd6') in 0.0581879 seconds
Number of updated asset objects reloaded before import = 0Number of asset objects unloaded after import = 1

========================================================================
Received Import Request.
  Time since last request: 0.000039 seconds.
  path: Assets/Kit/Interior/Preview int/house/casa parteMedia/wall-diagonal.png
  artifactKey: Guid(dfd08d0c07897a445834a54f94d83846) Importer(2089858483,192608db42251d675da83286b1cce702)
Start importing Assets/Kit/Interior/Preview int/house/casa parteMedia/wall-diagonal.png using Guid(dfd08d0c07897a445834a54f94d83846) Importer(2089858483,192608db42251d675da83286b1cce702) (ScriptedImporter) -> (artifact id: '22ef5842f192b15248815e3767de96a7') in 0.0625447 seconds
Number of updated asset objects reloaded before import = 0Number of asset objects unloaded after import = 1

========================================================================
Received Import Request.
  Time since last request: 0.000049 seconds.
  path: Assets/Kit/Interior/Preview int/house/casa parteMedia/wall-wood-arch-top.png
  artifactKey: Guid(fcbc65bee7ec6de4abd9b297347ef023) Importer(2089858483,192608db42251d675da83286b1cce702)
Start importing Assets/Kit/Interior/Preview int/house/casa parteMedia/wall-wood-arch-top.png using Guid(fcbc65bee7ec6de4abd9b297347ef023) Importer(2089858483,192608db42251d675da83286b1cce702) (ScriptedImporter) -> (artifact id: '65f7628dc2faabf5b609e901c87559ce') in 0.0586115 seconds
Number of updated asset objects reloaded before import = 0Number of asset objects unloaded after import = 1

========================================================================
Received Import Request.
  Time since last request: 0.000039 seconds.
  path: Assets/Kit/Interior/Preview int/house/casa parteMedia/wall-wood-doorway-square-wide-curved.png
  artifactKey: Guid(27f58af13f5320f45aa33f2390a5e201) Importer(2089858483,192608db42251d675da83286b1cce702)
Start importing Assets/Kit/Interior/Preview int/house/casa parteMedia/wall-wood-doorway-square-wide-curved.png using Guid(27f58af13f5320f45aa33f2390a5e201) Importer(2089858483,192608db42251d675da83286b1cce702) (ScriptedImporter) -> (artifact id: '12bf465b8c7597d1fd7efb618990aff2') in 0.0588081 seconds
Number of updated asset objects reloaded before import = 0Number of asset objects unloaded after import = 1

========================================================================
Received Import Request.
  Time since last request: 0.000063 seconds.
  path: Assets/Kit/Interior/Preview int/house/casa parteMedia/wall-wood-doorway-base.png
  artifactKey: Guid(474f54c4801cf0243b69de09308e8fc9) Importer(2089858483,192608db42251d675da83286b1cce702)
Start importing Assets/Kit/Interior/Preview int/house/casa parteMedia/wall-wood-doorway-base.png using Guid(474f54c4801cf0243b69de09308e8fc9) Importer(2089858483,192608db42251d675da83286b1cce702) (ScriptedImporter) -> (artifact id: 'c63ae63eb7ccbdcbf8179789f23e19d4') in 0.0579744 seconds
Number of updated asset objects reloaded before import = 0Number of asset objects unloaded after import = 1

========================================================================
Received Import Request.
  Time since last request: 0.000057 seconds.
  path: Assets/Kit/Interior/Preview int/house/casa parteMedia/wall-wood-corner.png
  artifactKey: Guid(5b651e81697324345a19e123a0bb0668) Importer(2089858483,192608db42251d675da83286b1cce702)
Start importing Assets/Kit/Interior/Preview int/house/casa parteMedia/wall-wood-corner.png using Guid(5b651e81697324345a19e123a0bb0668) Importer(2089858483,192608db42251d675da83286b1cce702) (ScriptedImporter) -> (artifact id: '9ebfd7a5423c55f14ab7777309b73117') in 0.0797544 seconds
Number of updated asset objects reloaded before import = 0Number of asset objects unloaded after import = 1

========================================================================
Received Import Request.
  Time since last request: 0.000037 seconds.
  path: Assets/Kit/Interior/Preview int/house/planks wood/poles.png
  artifactKey: Guid(40550c23bf8f59d4888a222ea66aa77c) Importer(2089858483,192608db42251d675da83286b1cce702)
Start importing Assets/Kit/Interior/Preview int/house/planks wood/poles.png using Guid(40550c23bf8f59d4888a222ea66aa77c) Importer(2089858483,192608db42251d675da83286b1cce702) (ScriptedImporter) -> (artifact id: '98da138804e3932b13813b3daf58ec54') in 0.0719923 seconds
Number of updated asset objects reloaded before import = 0Number of asset objects unloaded after import = 1

========================================================================
Received Import Request.
  Time since last request: 0.000041 seconds.
  path: Assets/Kit/Interior/Preview int/house/casa parteMedia/wall.png
  artifactKey: Guid(40ad9660e0d20724fb07ab8dc65f5bcc) Importer(2089858483,192608db42251d675da83286b1cce702)
Start importing Assets/Kit/Interior/Preview int/house/casa parteMedia/wall.png using Guid(40ad9660e0d20724fb07ab8dc65f5bcc) Importer(2089858483,192608db42251d675da83286b1cce702) (ScriptedImporter) -> (artifact id: 'b621207ba5482b229d4c2d1a4abbc34d') in 0.0566529 seconds
Number of updated asset objects reloaded before import = 0Number of asset objects unloaded after import = 1

========================================================================
Received Import Request.
  Time since last request: 0.000048 seconds.
  path: Assets/Kit/Interior/Preview int/house/casa parteMedia/wall-wood-side.png
  artifactKey: Guid(2781a1bd4b923f14ba40906c41c6023b) Importer(2089858483,192608db42251d675da83286b1cce702)
Start importing Assets/Kit/Interior/Preview int/house/casa parteMedia/wall-wood-side.png using Guid(2781a1bd4b923f14ba40906c41c6023b) Importer(2089858483,192608db42251d675da83286b1cce702) (ScriptedImporter) -> (artifact id: '713b74722d862aad73f017c5f9ac8f29') in 0.0639436 seconds
Number of updated asset objects reloaded before import = 0Number of asset objects unloaded after import = 1

========================================================================
Received Import Request.
  Time since last request: 0.000032 seconds.
  path: Assets/Kit/Interior/Preview int/house/casa parteMedia/wall-arch.png
  artifactKey: Guid(0f71bae3d899c3c46a3a74e43b097723) Importer(2089858483,192608db42251d675da83286b1cce702)
Start importing Assets/Kit/Interior/Preview int/house/casa parteMedia/wall-arch.png using Guid(0f71bae3d899c3c46a3a74e43b097723) Importer(2089858483,192608db42251d675da83286b1cce702) (ScriptedImporter) -> (artifact id: 'a1629e15d33cb605b712c3e0f983c7f6') in 0.0566342 seconds
Number of updated asset objects reloaded before import = 0Number of asset objects unloaded after import = 1

========================================================================
Received Import Request.
  Time since last request: 0.000045 seconds.
  path: Assets/Kit/Interior/Preview int/house/casa parteMedia/wall-wood-detail-cross.png
  artifactKey: Guid(206afbda14a6c5c4fad8db366466cab1) Importer(2089858483,192608db42251d675da83286b1cce702)
Start importing Assets/Kit/Interior/Preview int/house/casa parteMedia/wall-wood-detail-cross.png using Guid(206afbda14a6c5c4fad8db366466cab1) Importer(2089858483,192608db42251d675da83286b1cce702) (ScriptedImporter) -> (artifact id: 'cbbb99272168aa802c17ed112cbea9c1') in 0.0580805 seconds
Number of updated asset objects reloaded before import = 0Number of asset objects unloaded after import = 1

========================================================================
Received Import Request.
  Time since last request: 0.000046 seconds.
  path: Assets/Kit/Interior/Preview int/house/techo_rojo/roof-high-cornerinner.png
  artifactKey: Guid(9640b6169862fd94ebafaad5fc15cb6b) Importer(2089858483,192608db42251d675da83286b1cce702)
Start importing Assets/Kit/Interior/Preview int/house/techo_rojo/roof-high-cornerinner.png using Guid(9640b6169862fd94ebafaad5fc15cb6b) Importer(2089858483,192608db42251d675da83286b1cce702) (ScriptedImporter) -> (artifact id: '184668ad86ca9dd8e91ad705471d34ae') in 0.0593868 seconds
Number of updated asset objects reloaded before import = 0Number of asset objects unloaded after import = 1

========================================================================
Received Import Request.
  Time since last request: 0.000031 seconds.
  path: Assets/Kit/Interior/Preview int/house/techo_rojo/roof-high-corner.png
  artifactKey: Guid(b27137f07f094d045b7f3c85ea15ae58) Importer(2089858483,192608db42251d675da83286b1cce702)
Start importing Assets/Kit/Interior/Preview int/house/techo_rojo/roof-high-corner.png using Guid(b27137f07f094d045b7f3c85ea15ae58) Importer(2089858483,192608db42251d675da83286b1cce702) (ScriptedImporter) -> (artifact id: 'a9ecb8e2f8a048b9ee2138e9ea9c3c6a') in 0.053699 seconds
Number of updated asset objects reloaded before import = 0Number of asset objects unloaded after import = 1

========================================================================
Received Import Request.
  Time since last request: 0.000036 seconds.
  path: Assets/Kit/Interior/Preview int/house/techo_rojo/roof-high-gable-top.png
  artifactKey: Guid(24f194d176020404ebd5e42b7d90c0ad) Importer(2089858483,192608db42251d675da83286b1cce702)
Start importing Assets/Kit/Interior/Preview int/house/techo_rojo/roof-high-gable-top.png using Guid(24f194d176020404ebd5e42b7d90c0ad) Importer(2089858483,192608db42251d675da83286b1cce702) (ScriptedImporter) -> (artifact id: '017072d48a628fd9e358c54d979b81d9') in 0.051241 seconds
Number of updated asset objects reloaded before import = 0Number of asset objects unloaded after import = 1

========================================================================
Received Import Request.
  Time since last request: 0.000044 seconds.
  path: Assets/Kit/Interior/Preview int/house/stairs/stairs-wide-stone-handrail.png
  artifactKey: Guid(55eacb5aeb507574e9b89d501d7e703a) Importer(2089858483,192608db42251d675da83286b1cce702)
Start importing Assets/Kit/Interior/Preview int/house/stairs/stairs-wide-stone-handrail.png using Guid(55eacb5aeb507574e9b89d501d7e703a) Importer(2089858483,192608db42251d675da83286b1cce702) (ScriptedImporter) -> (artifact id: '0a94051eac36c29ecf0ca6c3107a5528') in 0.0541511 seconds
Number of updated asset objects reloaded before import = 0Number of asset objects unloaded after import = 1

========================================================================
Received Import Request.
  Time since last request: 0.000034 seconds.
  path: Assets/Kit/Tower Defense/Models/FBX format/Textures/colormap.png
  artifactKey: Guid(ded992c7208cb2444ba4011e3ee29e30) Importer(2089858483,192608db42251d675da83286b1cce702)
Start importing Assets/Kit/Tower Defense/Models/FBX format/Textures/colormap.png using Guid(ded992c7208cb2444ba4011e3ee29e30) Importer(2089858483,192608db42251d675da83286b1cce702) (ScriptedImporter) -> (artifact id: '5c9ac730da28d1805816a928ab8fc6af') in 0.0439128 seconds
Number of updated asset objects reloaded before import = 0Number of asset objects unloaded after import = 1

========================================================================
Received Import Request.
  Time since last request: 0.000040 seconds.
  path: Assets/Kit/Interior/Preview int/house/techo_rojo/roof-high-right.png
  artifactKey: Guid(7002e1aa28d7c2c4e9644d7ed2acc388) Importer(2089858483,192608db42251d675da83286b1cce702)
Start importing Assets/Kit/Interior/Preview int/house/techo_rojo/roof-high-right.png using Guid(7002e1aa28d7c2c4e9644d7ed2acc388) Importer(2089858483,192608db42251d675da83286b1cce702) (ScriptedImporter) -> (artifact id: '6bcb0866bf17682dd6b7b10342fbddf3') in 0.0623632 seconds
Number of updated asset objects reloaded before import = 0Number of asset objects unloaded after import = 1

========================================================================
Received Import Request.
  Time since last request: 0.000047 seconds.
  path: Assets/Kit/Interior/Preview int/house/techo_verde/roof-point.png
  artifactKey: Guid(c565e9edac6054744b978f22175db6bd) Importer(2089858483,192608db42251d675da83286b1cce702)
Start importing Assets/Kit/Interior/Preview int/house/techo_verde/roof-point.png using Guid(c565e9edac6054744b978f22175db6bd) Importer(2089858483,192608db42251d675da83286b1cce702) (ScriptedImporter) -> (artifact id: 'b4b4983eac99084934d2a3d9de2fc59a') in 0.0534017 seconds
Number of updated asset objects reloaded before import = 0Number of asset objects unloaded after import = 1

========================================================================
Received Import Request.
  Time since last request: 0.000036 seconds.
  path: Assets/Kit/Interior/Preview int/house/_mill (ruedas)/windmill.png
  artifactKey: Guid(dbdd22f384cc74a48b7ce1360ec6f4d7) Importer(2089858483,192608db42251d675da83286b1cce702)
Start importing Assets/Kit/Interior/Preview int/house/_mill (ruedas)/windmill.png using Guid(dbdd22f384cc74a48b7ce1360ec6f4d7) Importer(2089858483,192608db42251d675da83286b1cce702) (ScriptedImporter) -> (artifact id: 'b3c55f605b5be05bbe5cd1b9ce0b4205') in 0.0518854 seconds
Number of updated asset objects reloaded before import = 0Number of asset objects unloaded after import = 1

========================================================================
Received Import Request.
  Time since last request: 0.000037 seconds.
  path: Assets/Kit/Interior/Preview int/house/stairs/stairs-stone-handrail.png
  artifactKey: Guid(cad592d775a39e24185fcae476ae3f39) Importer(2089858483,192608db42251d675da83286b1cce702)
Start importing Assets/Kit/Interior/Preview int/house/stairs/stairs-stone-handrail.png using Guid(cad592d775a39e24185fcae476ae3f39) Importer(2089858483,192608db42251d675da83286b1cce702) (ScriptedImporter) -> (artifact id: '4c71f651fab6e0743f1f6d735d3edf77') in 0.0568475 seconds
Number of updated asset objects reloaded before import = 0Number of asset objects unloaded after import = 1

========================================================================
Received Import Request.
  Time since last request: 0.000045 seconds.
  path: Assets/Kit/Enviroment/Eviroment hexa/Assets/buildings/blue/building_tower_catapult_blue.fbx
  artifactKey: Guid(c1a7fb01a84bb0b4da428c2d21b39e10) Importer(2089858483,192608db42251d675da83286b1cce702)
Start importing Assets/Kit/Enviroment/Eviroment hexa/Assets/buildings/blue/building_tower_catapult_blue.fbx using Guid(c1a7fb01a84bb0b4da428c2d21b39e10) Importer(2089858483,192608db42251d675da83286b1cce702) (ScriptedImporter) -> (artifact id: '07761532b4a4944f5425ad53c86c140b') in 0.07146 seconds
Number of updated asset objects reloaded before import = 0Number of asset objects unloaded after import = 19

========================================================================
Received Import Request.
  Time since last request: 0.000032 seconds.
  path: Assets/Kit/Enviroment/Eviroment hexa/Assets/buildings/blue/building_barracks_blue.fbx
  artifactKey: Guid(5bc7ee019d76920418142b9e2db5daf4) Importer(2089858483,192608db42251d675da83286b1cce702)
Start importing Assets/Kit/Enviroment/Eviroment hexa/Assets/buildings/blue/building_barracks_blue.fbx using Guid(5bc7ee019d76920418142b9e2db5daf4) Importer(2089858483,192608db42251d675da83286b1cce702) (ScriptedImporter) -> (artifact id: 'cbc2b52a3a42b1b2d15fbda90312d0c5') in 0.0764262 seconds
Number of updated asset objects reloaded before import = 0Number of asset objects unloaded after import = 9

========================================================================
Received Import Request.
  Time since last request: 0.000036 seconds.
  path: Assets/Kit/Character/alies/Animations/gltf/Rig_Medium/Rig_Medium_General.glb
  artifactKey: Guid(0d5883e935964a04380a462ee2cd5c93) Importer(2089858483,192608db42251d675da83286b1cce702)
Start importing Assets/Kit/Character/alies/Animations/gltf/Rig_Medium/Rig_Medium_General.glb using Guid(0d5883e935964a04380a462ee2cd5c93) Importer(2089858483,192608db42251d675da83286b1cce702) (ScriptedImporter) -> (artifact id: '5f40bd63d3008ce6ea9b1c093eaad951') in 0.0309571 seconds
Number of updated asset objects reloaded before import = 0Number of asset objects unloaded after import = 1

========================================================================
Received Import Request.
  Time since last request: 0.000057 seconds.
  path: Assets/Kit/DungeonKit/dungeon map/Models/FBX format/Textures/colormap.png
  artifactKey: Guid(5f9b80a3db2ef694ba3f50a3b9f2043e) Importer(2089858483,192608db42251d675da83286b1cce702)
Start importing Assets/Kit/DungeonKit/dungeon map/Models/FBX format/Textures/colormap.png using Guid(5f9b80a3db2ef694ba3f50a3b9f2043e) Importer(2089858483,192608db42251d675da83286b1cce702) (ScriptedImporter) -> (artifact id: '2a07e547bad91163508c684be94e7528') in 0.038227 seconds
Number of updated asset objects reloaded before import = 0Number of asset objects unloaded after import = 1

========================================================================
Received Import Request.
  Time since last request: 0.000046 seconds.
  path: Assets/Kit/Character/alies/Animations/fbx/Rig_Medium/Rig_Medium_General.fbx
  artifactKey: Guid(4705d5b9f6a788e44b4865b72cdddc25) Importer(2089858483,192608db42251d675da83286b1cce702)
Start importing Assets/Kit/Character/alies/Animations/fbx/Rig_Medium/Rig_Medium_General.fbx using Guid(4705d5b9f6a788e44b4865b72cdddc25) Importer(2089858483,192608db42251d675da83286b1cce702) (ScriptedImporter) -> (artifact id: '01464f387b2c7f5bd7f186da3cc98d05') in 0.1215609 seconds
Number of updated asset objects reloaded before import = 0Number of asset objects unloaded after import = 92

========================================================================
Received Import Request.
  Time since last request: 0.000041 seconds.
  path: Assets/Kit/Enviroment/Eviroment hexa/Assets/buildings/green/building_tower_A_green.fbx
  artifactKey: Guid(9f8cbe6ddde7d864a85899c4523e35af) Importer(2089858483,192608db42251d675da83286b1cce702)
Start importing Assets/Kit/Enviroment/Eviroment hexa/Assets/buildings/green/building_tower_A_green.fbx using Guid(9f8cbe6ddde7d864a85899c4523e35af) Importer(2089858483,192608db42251d675da83286b1cce702) (ScriptedImporter) -> (artifact id: '4b249092ab543c29ebb5a6eb3edb64e7') in 0.0751224 seconds
Number of updated asset objects reloaded before import = 0Number of asset objects unloaded after import = 14

========================================================================
Received Import Request.
  Time since last request: 0.000049 seconds.
  path: Assets/Kit/Enviroment/Eviroment hexa/Assets/buildings/green/building_archeryrange_green.fbx
  artifactKey: Guid(8ee05a9a16243394e929f5beeb521813) Importer(2089858483,192608db42251d675da83286b1cce702)
Start importing Assets/Kit/Enviroment/Eviroment hexa/Assets/buildings/green/building_archeryrange_green.fbx using Guid(8ee05a9a16243394e929f5beeb521813) Importer(2089858483,192608db42251d675da83286b1cce702) (ScriptedImporter) -> (artifact id: '19c60830ece90155da96895285bdf3f8') in 0.0640316 seconds
Number of updated asset objects reloaded before import = 0Number of asset objects unloaded after import = 9

========================================================================
Received Import Request.
  Time since last request: 0.000034 seconds.
  path: Assets/Kit/Enviroment/Eviroment hexa/Assets/buildings/green/building_windmill_green.fbx
  artifactKey: Guid(9bc5cf4fa9e331747b2be40ea2f0e14d) Importer(2089858483,192608db42251d675da83286b1cce702)
Start importing Assets/Kit/Enviroment/Eviroment hexa/Assets/buildings/green/building_windmill_green.fbx using Guid(9bc5cf4fa9e331747b2be40ea2f0e14d) Importer(2089858483,192608db42251d675da83286b1cce702) (ScriptedImporter) -> (artifact id: '5bdeec5da26c638a127301d2175621c9') in 0.0852907 seconds
Number of updated asset objects reloaded before import = 0Number of asset objects unloaded after import = 19

========================================================================
Received Import Request.
  Time since last request: 0.000034 seconds.
  path: Assets/Kit/Enviroment/Eviroment hexa/Assets/buildings/neutral/building_stage_C.fbx
  artifactKey: Guid(6d0b68ec18c30bc4d8e82bdf954de0d4) Importer(2089858483,192608db42251d675da83286b1cce702)
Start importing Assets/Kit/Enviroment/Eviroment hexa/Assets/buildings/neutral/building_stage_C.fbx using Guid(6d0b68ec18c30bc4d8e82bdf954de0d4) Importer(2089858483,192608db42251d675da83286b1cce702) (ScriptedImporter) -> (artifact id: 'd70ad65a21a735e0a4c356ce3611a215') in 0.0430153 seconds
Number of updated asset objects reloaded before import = 0Number of asset objects unloaded after import = 9

========================================================================
Received Import Request.
  Time since last request: 0.000051 seconds.
  path: Assets/Kit/Enviroment/Eviroment hexa/Assets/buildings/neutral/building_dirt.fbx
  artifactKey: Guid(425e2a514eda1a442850a59e60d3f0b4) Importer(2089858483,192608db42251d675da83286b1cce702)
Start importing Assets/Kit/Enviroment/Eviroment hexa/Assets/buildings/neutral/building_dirt.fbx using Guid(425e2a514eda1a442850a59e60d3f0b4) Importer(2089858483,192608db42251d675da83286b1cce702) (ScriptedImporter) -> (artifact id: '23982784ea8fccb4adc177cd11606ee5') in 0.0496246 seconds
Number of updated asset objects reloaded before import = 0Number of asset objects unloaded after import = 9

========================================================================
Received Import Request.
  Time since last request: 0.000035 seconds.
  path: Assets/Kit/Enviroment/Eviroment hexa/Assets/buildings/neutral/fence_stone_straight_gate.fbx
  artifactKey: Guid(cc650d098e53bfa468016dc3f717f3a0) Importer(2089858483,192608db42251d675da83286b1cce702)
Start importing Assets/Kit/Enviroment/Eviroment hexa/Assets/buildings/neutral/fence_stone_straight_gate.fbx using Guid(cc650d098e53bfa468016dc3f717f3a0) Importer(2089858483,192608db42251d675da83286b1cce702) (ScriptedImporter) -> (artifact id: 'e3d34c54f67b9b2dda79ec5287e7c44f') in 0.0536002 seconds
Number of updated asset objects reloaded before import = 0Number of asset objects unloaded after import = 14

========================================================================
Received Import Request.
  Time since last request: 0.000042 seconds.
  path: Assets/Kit/Enviroment/Eviroment hexa/Assets/buildings/neutral/building_destroyed.fbx
  artifactKey: Guid(72c435521b2a95e41b6b0aeb541394c8) Importer(2089858483,192608db42251d675da83286b1cce702)
Start importing Assets/Kit/Enviroment/Eviroment hexa/Assets/buildings/neutral/building_destroyed.fbx using Guid(72c435521b2a95e41b6b0aeb541394c8) Importer(2089858483,192608db42251d675da83286b1cce702) (ScriptedImporter) -> (artifact id: 'bdf1ed5638ebc52cc774a23de2324c30') in 0.0480013 seconds
Number of updated asset objects reloaded before import = 0Number of asset objects unloaded after import = 9

========================================================================
Received Import Request.
  Time since last request: 0.000053 seconds.
  path: Assets/Kit/Enviroment/Eviroment hexa/Assets/buildings/neutral/wall_straight.fbx
  artifactKey: Guid(6c4b3a59feb9fa04b9a90907740aeded) Importer(2089858483,192608db42251d675da83286b1cce702)
Start importing Assets/Kit/Enviroment/Eviroment hexa/Assets/buildings/neutral/wall_straight.fbx using Guid(6c4b3a59feb9fa04b9a90907740aeded) Importer(2089858483,192608db42251d675da83286b1cce702) (ScriptedImporter) -> (artifact id: 'ada51548a65c71441460ab7ed0be759b') in 0.0498426 seconds
Number of updated asset objects reloaded before import = 0Number of asset objects unloaded after import = 9

========================================================================
Received Import Request.
  Time since last request: 0.000037 seconds.
  path: Assets/Kit/Enviroment/Eviroment hexa/Assets/buildings/red/building_tavern_red.fbx
  artifactKey: Guid(bb0af6d1a1ae2164c9615e1e452efe3b) Importer(2089858483,192608db42251d675da83286b1cce702)
Start importing Assets/Kit/Enviroment/Eviroment hexa/Assets/buildings/red/building_tavern_red.fbx using Guid(bb0af6d1a1ae2164c9615e1e452efe3b) Importer(2089858483,192608db42251d675da83286b1cce702) (ScriptedImporter) -> (artifact id: '49738f2d6734311ae2d2545a28dd31c4') in 0.0680549 seconds
Number of updated asset objects reloaded before import = 0Number of asset objects unloaded after import = 9

========================================================================
Received Import Request.
  Time since last request: 0.000036 seconds.
  path: Assets/Kit/Enviroment/Eviroment hexa/Assets/buildings/red/building_home_A_red.fbx
  artifactKey: Guid(b0c8143a7dc255d4ca606d4298643a7b) Importer(2089858483,192608db42251d675da83286b1cce702)
Start importing Assets/Kit/Enviroment/Eviroment hexa/Assets/buildings/red/building_home_A_red.fbx using Guid(b0c8143a7dc255d4ca606d4298643a7b) Importer(2089858483,192608db42251d675da83286b1cce702) (ScriptedImporter) -> (artifact id: '6fc09ec719643029c7090658c0195cc8') in 0.0706317 seconds
Number of updated asset objects reloaded before import = 0Number of asset objects unloaded after import = 9

========================================================================
Received Import Request.
  Time since last request: 0.000054 seconds.
  path: Assets/Kit/Enviroment/Eviroment hexa/Assets/buildings/red/building_blacksmith_red.fbx
  artifactKey: Guid(210340cd343d5714dba70e7e5e5a0c7b) Importer(2089858483,192608db42251d675da83286b1cce702)
Start importing Assets/Kit/Enviroment/Eviroment hexa/Assets/buildings/red/building_blacksmith_red.fbx using Guid(210340cd343d5714dba70e7e5e5a0c7b) Importer(2089858483,192608db42251d675da83286b1cce702) (ScriptedImporter) -> (artifact id: '5327d30dcdd46d74d963cffb8a551f11') in 0.0622862 seconds
Number of updated asset objects reloaded before import = 0Number of asset objects unloaded after import = 9

========================================================================
Received Import Request.
  Time since last request: 0.000032 seconds.
  path: Assets/Kit/Enviroment/Eviroment hexa/Assets/buildings/yellow/building_castle_yellow.fbx
  artifactKey: Guid(64dca85b8fc64c6408ef6eaed7a8d678) Importer(2089858483,192608db42251d675da83286b1cce702)
Start importing Assets/Kit/Enviroment/Eviroment hexa/Assets/buildings/yellow/building_castle_yellow.fbx using Guid(64dca85b8fc64c6408ef6eaed7a8d678) Importer(2089858483,192608db42251d675da83286b1cce702) (ScriptedImporter) -> (artifact id: 'cff7aae289354aa8db301db80aab42a7') in 0.0725219 seconds
Number of updated asset objects reloaded before import = 0Number of asset objects unloaded after import = 9

========================================================================
Received Import Request.
  Time since last request: 0.000039 seconds.
  path: Assets/Kit/Enviroment/Eviroment hexa/Assets/buildings/yellow/building_archeryrange_yellow.fbx
  artifactKey: Guid(5c2ff0a75d43f114182fd7ac989db3b3) Importer(2089858483,192608db42251d675da83286b1cce702)
Start importing Assets/Kit/Enviroment/Eviroment hexa/Assets/buildings/yellow/building_archeryrange_yellow.fbx using Guid(5c2ff0a75d43f114182fd7ac989db3b3) Importer(2089858483,192608db42251d675da83286b1cce702) (ScriptedImporter) -> (artifact id: 'eef1b8268b5d8eac702067822533a113') in 0.0956088 seconds
Number of updated asset objects reloaded before import = 0Number of asset objects unloaded after import = 9

========================================================================
Received Import Request.
  Time since last request: 0.000067 seconds.
  path: Assets/Kit/Enviroment/Eviroment hexa/Assets/buildings/yellow/building_windmill_yellow.fbx
  artifactKey: Guid(d03ed5c6ed1152d428b213e357ed861b) Importer(2089858483,192608db42251d675da83286b1cce702)
Start importing Assets/Kit/Enviroment/Eviroment hexa/Assets/buildings/yellow/building_windmill_yellow.fbx using Guid(d03ed5c6ed1152d428b213e357ed861b) Importer(2089858483,192608db42251d675da83286b1cce702) (ScriptedImporter) -> (artifact id: '81a832444909b2320e73608b127e6348') in 0.0693395 seconds
Number of updated asset objects reloaded before import = 0Number of asset objects unloaded after import = 19

========================================================================
Received Import Request.
  Time since last request: 0.000035 seconds.
  path: Assets/Kit/Enviroment/Eviroment hexa/Assets/buildings/red/building_tower_catapult_red.fbx
  artifactKey: Guid(e057e961bb14d7748b2a52103e574266) Importer(2089858483,192608db42251d675da83286b1cce702)
Start importing Assets/Kit/Enviroment/Eviroment hexa/Assets/buildings/red/building_tower_catapult_red.fbx using Guid(e057e961bb14d7748b2a52103e574266) Importer(2089858483,192608db42251d675da83286b1cce702) (ScriptedImporter) -> (artifact id: '7f44de8beaaef90da426f79383fb0808') in 0.0826836 seconds
Number of updated asset objects reloaded before import = 0Number of asset objects unloaded after import = 19

========================================================================
Received Import Request.
  Time since last request: 0.000036 seconds.
  path: Assets/Kit/Enviroment/Eviroment hexa/Assets/decoration/nature/hill_single_A.fbx
  artifactKey: Guid(af50a0f0b5abaa746afebc54876fd750) Importer(2089858483,192608db42251d675da83286b1cce702)
Start importing Assets/Kit/Enviroment/Eviroment hexa/Assets/decoration/nature/hill_single_A.fbx using Guid(af50a0f0b5abaa746afebc54876fd750) Importer(2089858483,192608db42251d675da83286b1cce702) (ScriptedImporter) -> (artifact id: '9f441a88c7b82836ee0d751f233b1460') in 0.0656715 seconds
Number of updated asset objects reloaded before import = 0Number of asset objects unloaded after import = 9

========================================================================
Received Import Request.
  Time since last request: 0.000050 seconds.
  path: Assets/Kit/Enviroment/Eviroment hexa/Assets/decoration/nature/hills_A_trees.fbx
  artifactKey: Guid(748292a5398d2454f90aac28aa7291d8) Importer(2089858483,192608db42251d675da83286b1cce702)
Start importing Assets/Kit/Enviroment/Eviroment hexa/Assets/decoration/nature/hills_A_trees.fbx using Guid(748292a5398d2454f90aac28aa7291d8) Importer(2089858483,192608db42251d675da83286b1cce702) (ScriptedImporter) -> (artifact id: 'da8a1c39b86aa9acdc932cfab1f3b1cf') in 0.0645902 seconds
Number of updated asset objects reloaded before import = 0Number of asset objects unloaded after import = 9

========================================================================
Received Import Request.
  Time since last request: 0.000032 seconds.
  path: Assets/Kit/Enviroment/Eviroment hexa/Assets/decoration/nature/hills_B.fbx
  artifactKey: Guid(d531b0d55757d32439faf3fe69466c8f) Importer(2089858483,192608db42251d675da83286b1cce702)
Start importing Assets/Kit/Enviroment/Eviroment hexa/Assets/decoration/nature/hills_B.fbx using Guid(d531b0d55757d32439faf3fe69466c8f) Importer(2089858483,192608db42251d675da83286b1cce702) (ScriptedImporter) -> (artifact id: '2958cc48f5b17c07cb22909c2b073115') in 0.1270848 seconds
Number of updated asset objects reloaded before import = 0Number of asset objects unloaded after import = 9

========================================================================
Received Import Request.
  Time since last request: 0.000041 seconds.
  path: Assets/Kit/Enviroment/Eviroment hexa/Assets/decoration/nature/mountain_C_grass_trees.fbx
  artifactKey: Guid(efb34053deaa7fc49812f4f71ec335c5) Importer(2089858483,192608db42251d675da83286b1cce702)
Start importing Assets/Kit/Enviroment/Eviroment hexa/Assets/decoration/nature/mountain_C_grass_trees.fbx using Guid(efb34053deaa7fc49812f4f71ec335c5) Importer(2089858483,192608db42251d675da83286b1cce702) (ScriptedImporter) -> (artifact id: 'b58b97fcce5a06470075ebcc7328f5ec') in 0.0717232 seconds
Number of updated asset objects reloaded before import = 0Number of asset objects unloaded after import = 9

========================================================================
Received Import Request.
  Time since last request: 0.000061 seconds.
  path: Assets/Kit/Enviroment/Eviroment hexa/Assets/decoration/nature/trees_A_medium.fbx
  artifactKey: Guid(aef31209a351a984dba783bd28797403) Importer(2089858483,192608db42251d675da83286b1cce702)
Start importing Assets/Kit/Enviroment/Eviroment hexa/Assets/decoration/nature/trees_A_medium.fbx using Guid(aef31209a351a984dba783bd28797403) Importer(2089858483,192608db42251d675da83286b1cce702) (ScriptedImporter) -> (artifact id: '80f200c0ed11df82c82b67784a6f192e') in 0.0659479 seconds
Number of updated asset objects reloaded before import = 0Number of asset objects unloaded after import = 9

========================================================================
Received Import Request.
  Time since last request: 0.000040 seconds.
  path: Assets/Kit/Enviroment/Eviroment hexa/Assets/decoration/nature/trees_B_cut.fbx
  artifactKey: Guid(767db8e077c13714bbe8a4ace231dd1f) Importer(2089858483,192608db42251d675da83286b1cce702)
Start importing Assets/Kit/Enviroment/Eviroment hexa/Assets/decoration/nature/trees_B_cut.fbx using Guid(767db8e077c13714bbe8a4ace231dd1f) Importer(2089858483,192608db42251d675da83286b1cce702) (ScriptedImporter) -> (artifact id: '44013d6f3e969824cd4ef21473fece28') in 0.0711617 seconds
Number of updated asset objects reloaded before import = 0Number of asset objects unloaded after import = 9

========================================================================
Received Import Request.
  Time since last request: 0.000041 seconds.
  path: Assets/Kit/Enviroment/Eviroment hexa/Assets/decoration/nature/waterplant_A.fbx
  artifactKey: Guid(56a87b05fac90b3498c41a7f600db8c2) Importer(2089858483,192608db42251d675da83286b1cce702)
Start importing Assets/Kit/Enviroment/Eviroment hexa/Assets/decoration/nature/waterplant_A.fbx using Guid(56a87b05fac90b3498c41a7f600db8c2) Importer(2089858483,192608db42251d675da83286b1cce702) (ScriptedImporter) -> (artifact id: '7407bb53d578792cc4c8729f4f284445') in 0.0620408 seconds
Number of updated asset objects reloaded before import = 0Number of asset objects unloaded after import = 9

========================================================================
Received Import Request.
  Time since last request: 0.000054 seconds.
  path: Assets/Kit/Enviroment/Eviroment hexa/Assets/decoration/nature/rock_single_D.fbx
  artifactKey: Guid(ef3d7cbde936c864f8bb6a99ea57d4f0) Importer(2089858483,192608db42251d675da83286b1cce702)
Start importing Assets/Kit/Enviroment/Eviroment hexa/Assets/decoration/nature/rock_single_D.fbx using Guid(ef3d7cbde936c864f8bb6a99ea57d4f0) Importer(2089858483,192608db42251d675da83286b1cce702) (ScriptedImporter) -> (artifact id: '845382bf3853eaa985e3cfe1edf38c1b') in 0.0709112 seconds
Number of updated asset objects reloaded before import = 0Number of asset objects unloaded after import = 9

========================================================================
Received Import Request.
  Time since last request: 0.000048 seconds.
  path: Assets/Kit/Enviroment/Eviroment hexa/Assets/decoration/props/ladder.fbx
  artifactKey: Guid(a9b3aa425c2227340bdf2998b5b50c30) Importer(2089858483,192608db42251d675da83286b1cce702)
Start importing Assets/Kit/Enviroment/Eviroment hexa/Assets/decoration/props/ladder.fbx using Guid(a9b3aa425c2227340bdf2998b5b50c30) Importer(2089858483,192608db42251d675da83286b1cce702) (ScriptedImporter) -> (artifact id: '12eb2d69186773aa6931144daee9f7ba') in 0.0668619 seconds
Number of updated asset objects reloaded before import = 0Number of asset objects unloaded after import = 9

========================================================================
Received Import Request.
  Time since last request: 0.000041 seconds.
  path: Assets/Kit/Enviroment/Eviroment hexa/Assets/decoration/props/hexagons_medieval.png
  artifactKey: Guid(20dd3bfdeb2aa5e4fb4916ea80a7d74f) Importer(2089858483,192608db42251d675da83286b1cce702)
Start importing Assets/Kit/Enviroment/Eviroment hexa/Assets/decoration/props/hexagons_medieval.png using Guid(20dd3bfdeb2aa5e4fb4916ea80a7d74f) Importer(2089858483,192608db42251d675da83286b1cce702) (ScriptedImporter) -> (artifact id: '1b3ed0b3155ce536596d3147a66cefad') in 0.0425867 seconds
Number of updated asset objects reloaded before import = 0Number of asset objects unloaded after import = 1

========================================================================
Received Import Request.
  Time since last request: 0.000058 seconds.
  path: Assets/Kit/Enviroment/Eviroment hexa/Assets/decoration/props/crate_long_A.fbx
  artifactKey: Guid(d4b87e6e40b5842469b89af4fd1c2ac0) Importer(2089858483,192608db42251d675da83286b1cce702)
Start importing Assets/Kit/Enviroment/Eviroment hexa/Assets/decoration/props/crate_long_A.fbx using Guid(d4b87e6e40b5842469b89af4fd1c2ac0) Importer(2089858483,192608db42251d675da83286b1cce702) (ScriptedImporter) -> (artifact id: 'f43f4ee2e44648dbfbea7c198a95ee5c') in 0.0691755 seconds
Number of updated asset objects reloaded before import = 0Number of asset objects unloaded after import = 9

========================================================================
Received Import Request.
  Time since last request: 0.000042 seconds.
  path: Assets/Kit/Enviroment/Eviroment hexa/Assets/decoration/props/crate_open.fbx
  artifactKey: Guid(b85cf34e92ef3684aae744f9f1419a82) Importer(2089858483,192608db42251d675da83286b1cce702)
Start importing Assets/Kit/Enviroment/Eviroment hexa/Assets/decoration/props/crate_open.fbx using Guid(b85cf34e92ef3684aae744f9f1419a82) Importer(2089858483,192608db42251d675da83286b1cce702) (ScriptedImporter) -> (artifact id: '099a665ccea50f580efc7e2e25c02598') in 0.0642968 seconds
Number of updated asset objects reloaded before import = 0Number of asset objects unloaded after import = 9

========================================================================
Received Import Request.
  Time since last request: 0.000042 seconds.
  path: Assets/Kit/Enviroment/Eviroment hexa/Assets/decoration/props/resource_stone.fbx
  artifactKey: Guid(167dcd6dc3925c64787adbace1b32a6a) Importer(2089858483,192608db42251d675da83286b1cce702)
Start importing Assets/Kit/Enviroment/Eviroment hexa/Assets/decoration/props/resource_stone.fbx using Guid(167dcd6dc3925c64787adbace1b32a6a) Importer(2089858483,192608db42251d675da83286b1cce702) (ScriptedImporter) -> (artifact id: '44b0a1c9bc1d5c12ee2121af69ff18e2') in 0.0664358 seconds
Number of updated asset objects reloaded before import = 0Number of asset objects unloaded after import = 9

========================================================================
Received Import Request.
  Time since last request: 0.000066 seconds.
  path: Assets/Kit/Enviroment/Eviroment hexa/Assets/tiles/coast/hex_coast_C.fbx
  artifactKey: Guid(7605412a6b359294599f9db3743c4d62) Importer(2089858483,192608db42251d675da83286b1cce702)
Start importing Assets/Kit/Enviroment/Eviroment hexa/Assets/tiles/coast/hex_coast_C.fbx using Guid(7605412a6b359294599f9db3743c4d62) Importer(2089858483,192608db42251d675da83286b1cce702) (ScriptedImporter) -> (artifact id: '9be6f77afe1cf2f1bd134b6611bdc0aa') in 0.0717995 seconds
Number of updated asset objects reloaded before import = 0Number of asset objects unloaded after import = 9

========================================================================
Received Import Request.
  Time since last request: 0.000035 seconds.
  path: Assets/Kit/Enviroment/Eviroment hexa/Assets/tiles/base/hex_water.fbx
  artifactKey: Guid(d5ea0097b1971414b8ee62ab9a2046fb) Importer(2089858483,192608db42251d675da83286b1cce702)
Start importing Assets/Kit/Enviroment/Eviroment hexa/Assets/tiles/base/hex_water.fbx using Guid(d5ea0097b1971414b8ee62ab9a2046fb) Importer(2089858483,192608db42251d675da83286b1cce702) (ScriptedImporter) -> (artifact id: 'e4af12ddbfdcf7fd5b571eb3d433bc28') in 0.0427528 seconds
Number of updated asset objects reloaded before import = 0Number of asset objects unloaded after import = 9

========================================================================
Received Import Request.
  Time since last request: 0.000042 seconds.
  path: Assets/Kit/Enviroment/Eviroment hexa/Assets/decoration/props/tent.fbx
  artifactKey: Guid(b8372f30ba36f3849ba34c8464c7c828) Importer(2089858483,192608db42251d675da83286b1cce702)
Start importing Assets/Kit/Enviroment/Eviroment hexa/Assets/decoration/props/tent.fbx using Guid(b8372f30ba36f3849ba34c8464c7c828) Importer(2089858483,192608db42251d675da83286b1cce702) (ScriptedImporter) -> (artifact id: '3dc234a43a7dabeb24342caa084ce532') in 0.0723676 seconds
Number of updated asset objects reloaded before import = 0Number of asset objects unloaded after import = 9

========================================================================
Received Import Request.
  Time since last request: 0.000054 seconds.
  path: Assets/Kit/Enviroment/Eviroment hexa/Assets/tiles/rivers/hex_river_J.fbx
  artifactKey: Guid(41e786a2ccfb13548ae52b959d6ff0d1) Importer(2089858483,192608db42251d675da83286b1cce702)
Start importing Assets/Kit/Enviroment/Eviroment hexa/Assets/tiles/rivers/hex_river_J.fbx using Guid(41e786a2ccfb13548ae52b959d6ff0d1) Importer(2089858483,192608db42251d675da83286b1cce702) (ScriptedImporter) -> (artifact id: '6ff709dbb12bdfd3a0ebebf955dd3b29') in 0.0630347 seconds
Number of updated asset objects reloaded before import = 0Number of asset objects unloaded after import = 9

========================================================================
Received Import Request.
  Time since last request: 0.000040 seconds.
  path: Assets/Kit/Enviroment/Eviroment hexa/Assets/tiles/rivers/hex_river_K.fbx
  artifactKey: Guid(b85fd2578be393f4793d3796a9ab1095) Importer(2089858483,192608db42251d675da83286b1cce702)
Start importing Assets/Kit/Enviroment/Eviroment hexa/Assets/tiles/rivers/hex_river_K.fbx using Guid(b85fd2578be393f4793d3796a9ab1095) Importer(2089858483,192608db42251d675da83286b1cce702) (ScriptedImporter) -> (artifact id: '0d02511086898bb811c2f00f7eca3ea6') in 0.0641642 seconds
Number of updated asset objects reloaded before import = 0Number of asset objects unloaded after import = 9

========================================================================
Received Import Request.
  Time since last request: 0.000077 seconds.
  path: Assets/Kit/Enviroment/Eviroment hexa/Assets/tiles/roads/hex_road_C.fbx
  artifactKey: Guid(2e06fd0f90313ae41961b840da4f8c2c) Importer(2089858483,192608db42251d675da83286b1cce702)
Start importing Assets/Kit/Enviroment/Eviroment hexa/Assets/tiles/roads/hex_road_C.fbx using Guid(2e06fd0f90313ae41961b840da4f8c2c) Importer(2089858483,192608db42251d675da83286b1cce702) (ScriptedImporter) -> (artifact id: '66abe40dab2e57bcba1ee20b55bc966e') in 0.0697625 seconds
Number of updated asset objects reloaded before import = 0Number of asset objects unloaded after import = 9

========================================================================
Received Import Request.
  Time since last request: 0.000067 seconds.
  path: Assets/Kit/Enviroment/Eviroment hexa/Assets/tiles/rivers/hex_river_I.fbx
  artifactKey: Guid(cedfba9afdb547a428674c236d913e06) Importer(2089858483,192608db42251d675da83286b1cce702)
Start importing Assets/Kit/Enviroment/Eviroment hexa/Assets/tiles/rivers/hex_river_I.fbx using Guid(cedfba9afdb547a428674c236d913e06) Importer(2089858483,192608db42251d675da83286b1cce702) (ScriptedImporter) -> (artifact id: '655a039329433368d7dd135c64fe7f2d') in 0.0664431 seconds
Number of updated asset objects reloaded before import = 0Number of asset objects unloaded after import = 9

========================================================================
Received Import Request.
  Time since last request: 0.000036 seconds.
  path: Assets/Kit/Enviroment/Eviroment hexa/Assets/tiles/roads/hexagons_medieval.png
  artifactKey: Guid(22b1db8cddac11a47b228c52ff995a3d) Importer(2089858483,192608db42251d675da83286b1cce702)
Start importing Assets/Kit/Enviroment/Eviroment hexa/Assets/tiles/roads/hexagons_medieval.png using Guid(22b1db8cddac11a47b228c52ff995a3d) Importer(2089858483,192608db42251d675da83286b1cce702) (ScriptedImporter) -> (artifact id: 'ab211d127f419967f5ea16d54d14dbc9') in 0.0454258 seconds
Number of updated asset objects reloaded before import = 0Number of asset objects unloaded after import = 1

========================================================================
Received Import Request.
  Time since last request: 0.000040 seconds.
  path: Assets/Kit/Enviroment/Eviroment hexa/Assets/tiles/roads/hex_road_M.fbx
  artifactKey: Guid(913d55c9b23233742aee3c2733362abc) Importer(2089858483,192608db42251d675da83286b1cce702)
Start importing Assets/Kit/Enviroment/Eviroment hexa/Assets/tiles/roads/hex_road_M.fbx using Guid(913d55c9b23233742aee3c2733362abc) Importer(2089858483,192608db42251d675da83286b1cce702) (ScriptedImporter) -> (artifact id: 'f95c1fafc8f3f7aa07ef357163823862') in 0.075387 seconds
Number of updated asset objects reloaded before import = 0Number of asset objects unloaded after import = 9

========================================================================
Received Import Request.
  Time since last request: 0.000059 seconds.
  path: Assets/Kit/Enviroment/Eviroment hexa/Assets/tiles/rivers/waterless/hex_river_A_curvy_waterless.fbx
  artifactKey: Guid(f574e7847217caa408c4b6bb4d06d11a) Importer(2089858483,192608db42251d675da83286b1cce702)
Start importing Assets/Kit/Enviroment/Eviroment hexa/Assets/tiles/rivers/waterless/hex_river_A_curvy_waterless.fbx using Guid(f574e7847217caa408c4b6bb4d06d11a) Importer(2089858483,192608db42251d675da83286b1cce702) (ScriptedImporter) -> (artifact id: '5a2bec8e103d4b8c6cc3450e954d9f72') in 0.0648404 seconds
Number of updated asset objects reloaded before import = 0Number of asset objects unloaded after import = 9

========================================================================
Received Import Request.
  Time since last request: 0.000033 seconds.
  path: Assets/Kit/Enviroment/Eviroment hexa/Assets/tiles/roads/hex_road_F.fbx
  artifactKey: Guid(3a65ffe743552b74293137029655f8ac) Importer(2089858483,192608db42251d675da83286b1cce702)
Start importing Assets/Kit/Enviroment/Eviroment hexa/Assets/tiles/roads/hex_road_F.fbx using Guid(3a65ffe743552b74293137029655f8ac) Importer(2089858483,192608db42251d675da83286b1cce702) (ScriptedImporter) -> (artifact id: 'c44a0d6e78e96a829dc7223b0bf30515') in 0.0724469 seconds
Number of updated asset objects reloaded before import = 0Number of asset objects unloaded after import = 9

========================================================================
Received Import Request.
  Time since last request: 0.000045 seconds.
  path: Assets/Kit/Enviroment/Eviroment hexa/Assets/buildings/green/building_home_B_green.fbx
  artifactKey: Guid(311634b69720e814ebedaa5fbe7df97c) Importer(2089858483,192608db42251d675da83286b1cce702)
Start importing Assets/Kit/Enviroment/Eviroment hexa/Assets/buildings/green/building_home_B_green.fbx using Guid(311634b69720e814ebedaa5fbe7df97c) Importer(2089858483,192608db42251d675da83286b1cce702) (ScriptedImporter) -> (artifact id: '233d716025ed9ff75f9f0ae07733857e') in 0.0655076 seconds
Number of updated asset objects reloaded before import = 0Number of asset objects unloaded after import = 9

========================================================================
Received Import Request.
  Time since last request: 0.000059 seconds.
  path: Assets/Kit/Enviroment/Eviroment hexa/Assets/tiles/rivers/waterless/hex_river_L_waterless.fbx
  artifactKey: Guid(a62e126217a4bfb4599ee4ef5b3fda71) Importer(2089858483,192608db42251d675da83286b1cce702)
Start importing Assets/Kit/Enviroment/Eviroment hexa/Assets/tiles/rivers/waterless/hex_river_L_waterless.fbx using Guid(a62e126217a4bfb4599ee4ef5b3fda71) Importer(2089858483,192608db42251d675da83286b1cce702) (ScriptedImporter) -> (artifact id: 'c22abe6e34ce397c67c7f7f1c7102e86') in 0.0625037 seconds
Number of updated asset objects reloaded before import = 0Number of asset objects unloaded after import = 9

========================================================================
Received Import Request.
  Time since last request: 0.000038 seconds.
  path: Assets/Kit/Enviroment/Eviroment hexa/Assets/tiles/rivers/waterless/hex_river_crossing_B_waterless.fbx
  artifactKey: Guid(88daefd4d2055f248b4d411eb16b850e) Importer(2089858483,192608db42251d675da83286b1cce702)
Start importing Assets/Kit/Enviroment/Eviroment hexa/Assets/tiles/rivers/waterless/hex_river_crossing_B_waterless.fbx using Guid(88daefd4d2055f248b4d411eb16b850e) Importer(2089858483,192608db42251d675da83286b1cce702) (ScriptedImporter) -> (artifact id: 'd51f290570b88871b89917536fe391cd') in 0.0746968 seconds
Number of updated asset objects reloaded before import = 0Number of asset objects unloaded after import = 9

========================================================================
Received Import Request.
  Time since last request: 0.000045 seconds.
  path: Assets/Kit/Enviroment/tower defense/Models/STL format/tree_pineTallA_detailed.stl
  artifactKey: Guid(f8d9af72907aaa4448ca83a525b1d7ec) Importer(2089858483,192608db42251d675da83286b1cce702)
Start importing Assets/Kit/Enviroment/tower defense/Models/STL format/tree_pineTallA_detailed.stl using Guid(f8d9af72907aaa4448ca83a525b1d7ec) Importer(2089858483,192608db42251d675da83286b1cce702) (ScriptedImporter) -> (artifact id: '14f5e1e0ec2cf0fd4c5d486f51a7d8b0') in 0.0266711 seconds
Number of updated asset objects reloaded before import = 0Number of asset objects unloaded after import = 1

========================================================================
Received Import Request.
  Time since last request: 0.000049 seconds.
  path: Assets/Kit/Enviroment/Eviroment hexa/Assets/tiles/rivers/waterless/hex_river_C_waterless.fbx
  artifactKey: Guid(59a3a5b540a3ff64790a3b94f7a34d64) Importer(2089858483,192608db42251d675da83286b1cce702)
Start importing Assets/Kit/Enviroment/Eviroment hexa/Assets/tiles/rivers/waterless/hex_river_C_waterless.fbx using Guid(59a3a5b540a3ff64790a3b94f7a34d64) Importer(2089858483,192608db42251d675da83286b1cce702) (ScriptedImporter) -> (artifact id: '7154c36f412995b05ae7dcd4772c3b82') in 0.0625583 seconds
Number of updated asset objects reloaded before import = 0Number of asset objects unloaded after import = 9

========================================================================
Received Import Request.
  Time since last request: 0.000034 seconds.
  path: Assets/Kit/Enviroment/tower defense/Models/STL format/path_stoneEnd.stl
  artifactKey: Guid(a860bec52f5d33d48a84f636b6c396f0) Importer(2089858483,192608db42251d675da83286b1cce702)
Start importing Assets/Kit/Enviroment/tower defense/Models/STL format/path_stoneEnd.stl using Guid(a860bec52f5d33d48a84f636b6c396f0) Importer(2089858483,192608db42251d675da83286b1cce702) (ScriptedImporter) -> (artifact id: 'd767250d1b210c3b16c416012fd5f05d') in 0.0256453 seconds
Number of updated asset objects reloaded before import = 0Number of asset objects unloaded after import = 1

========================================================================
Received Import Request.
  Time since last request: 0.000040 seconds.
  path: Assets/Kit/Enviroment/Eviroment hexa/Assets/buildings/blue/hexagons_medieval.png
  artifactKey: Guid(196f2cc6e3cdf414e848617fa7402caa) Importer(2089858483,192608db42251d675da83286b1cce702)
Start importing Assets/Kit/Enviroment/Eviroment hexa/Assets/buildings/blue/hexagons_medieval.png using Guid(196f2cc6e3cdf414e848617fa7402caa) Importer(2089858483,192608db42251d675da83286b1cce702) (ScriptedImporter) -> (artifact id: '2d4f72e76ad0a7a18f0284095e6798fe') in 0.0518718 seconds
Number of updated asset objects reloaded before import = 0Number of asset objects unloaded after import = 1

========================================================================
Received Import Request.
  Time since last request: 0.000060 seconds.
  path: Assets/Kit/Enviroment/Eviroment hexa/Assets/tiles/rivers/waterless/hexagons_medieval.png
  artifactKey: Guid(25b0c56bd8626584788786c33f06b3c6) Importer(2089858483,192608db42251d675da83286b1cce702)
Start importing Assets/Kit/Enviroment/Eviroment hexa/Assets/tiles/rivers/waterless/hexagons_medieval.png using Guid(25b0c56bd8626584788786c33f06b3c6) Importer(2089858483,192608db42251d675da83286b1cce702) (ScriptedImporter) -> (artifact id: '10666c54cd889684c738297f5525ef08') in 0.0386482 seconds
Number of updated asset objects reloaded before import = 0Number of asset objects unloaded after import = 1

========================================================================
Received Import Request.
  Time since last request: 0.000038 seconds.
  path: Assets/Kit/Enviroment/tower defense/Models/OBJ format/ground_riverEndClosed.mtl
  artifactKey: Guid(af39b58704cfc5d42aebe3cb834294c6) Importer(2089858483,192608db42251d675da83286b1cce702)
Start importing Assets/Kit/Enviroment/tower defense/Models/OBJ format/ground_riverEndClosed.mtl using Guid(af39b58704cfc5d42aebe3cb834294c6) Importer(2089858483,192608db42251d675da83286b1cce702) (ScriptedImporter) -> (artifact id: 'd75753b9f2a36e3d94e16687f1fdc182') in 0.0283094 seconds
Number of updated asset objects reloaded before import = 0Number of asset objects unloaded after import = 1

========================================================================
Received Import Request.
  Time since last request: 0.000041 seconds.
  path: Assets/Kit/Enviroment/tower defense/Models/OBJ format/tree_tall_dark.obj
  artifactKey: Guid(8d335199ea87b17459a5153c6bdede9a) Importer(2089858483,192608db42251d675da83286b1cce702)
Start importing Assets/Kit/Enviroment/tower defense/Models/OBJ format/tree_tall_dark.obj using Guid(8d335199ea87b17459a5153c6bdede9a) Importer(2089858483,192608db42251d675da83286b1cce702) (ScriptedImporter) -> (artifact id: 'd8e58d614157e2c379f23ec57b0a4daa') in 0.0624182 seconds
Number of updated asset objects reloaded before import = 0Number of asset objects unloaded after import = 11

========================================================================
Received Import Request.
  Time since last request: 0.000039 seconds.
  path: Assets/Kit/Enviroment/tower defense/Models/GLTF format/path_wood.glb
  artifactKey: Guid(caac24605302d4542a92ef429d4cea0a) Importer(2089858483,192608db42251d675da83286b1cce702)
Start importing Assets/Kit/Enviroment/tower defense/Models/GLTF format/path_wood.glb using Guid(caac24605302d4542a92ef429d4cea0a) Importer(2089858483,192608db42251d675da83286b1cce702) (ScriptedImporter) -> (artifact id: '05d344bea9c3203c5924d6d2014474ad') in 0.0273969 seconds
Number of updated asset objects reloaded before import = 0Number of asset objects unloaded after import = 1

========================================================================
Received Import Request.
  Time since last request: 0.000057 seconds.
  path: Assets/Kit/Enviroment/tower defense/Models/OBJ format/rock_tallI.mtl
  artifactKey: Guid(a6bf57dac129efb459aaff53219a470c) Importer(2089858483,192608db42251d675da83286b1cce702)
Start importing Assets/Kit/Enviroment/tower defense/Models/OBJ format/rock_tallI.mtl using Guid(a6bf57dac129efb459aaff53219a470c) Importer(2089858483,192608db42251d675da83286b1cce702) (ScriptedImporter) -> (artifact id: '238910696883444fcbc4f34fbb14fe1a') in 0.0256433 seconds
Number of updated asset objects reloaded before import = 0Number of asset objects unloaded after import = 1

========================================================================
Received Import Request.
  Time since last request: 0.000037 seconds.
  path: Assets/Kit/Enviroment/tower defense/Models/OBJ format/stone_smallE.mtl
  artifactKey: Guid(bc65be3d2951f8d4c8325f1a45f60273) Importer(2089858483,192608db42251d675da83286b1cce702)
Start importing Assets/Kit/Enviroment/tower defense/Models/OBJ format/stone_smallE.mtl using Guid(bc65be3d2951f8d4c8325f1a45f60273) Importer(2089858483,192608db42251d675da83286b1cce702) (ScriptedImporter) -> (artifact id: 'ca4eb200da625a17d07b797a0da13a47') in 0.0220648 seconds
Number of updated asset objects reloaded before import = 0Number of asset objects unloaded after import = 1

========================================================================
Received Import Request.
  Time since last request: 0.000034 seconds.
  path: Assets/Kit/Enviroment/tower defense/Models/OBJ format/crop_melon.obj
  artifactKey: Guid(9172b6483550a3b4c8e8c0f611690b90) Importer(2089858483,192608db42251d675da83286b1cce702)
Start importing Assets/Kit/Enviroment/tower defense/Models/OBJ format/crop_melon.obj using Guid(9172b6483550a3b4c8e8c0f611690b90) Importer(2089858483,192608db42251d675da83286b1cce702) (ScriptedImporter) -> (artifact id: '7000bb15824938e2ee135072ddb31389') in 0.0891983 seconds
Number of updated asset objects reloaded before import = 0Number of asset objects unloaded after import = 12

========================================================================
Received Import Request.
  Time since last request: 0.000036 seconds.
  path: Assets/Kit/Enviroment/tower defense/Models/OBJ format/stump_roundDetailed.mtl
  artifactKey: Guid(f8593aa91169ac64d91a29cdc5c4a6b4) Importer(2089858483,192608db42251d675da83286b1cce702)
Start importing Assets/Kit/Enviroment/tower defense/Models/OBJ format/stump_roundDetailed.mtl using Guid(f8593aa91169ac64d91a29cdc5c4a6b4) Importer(2089858483,192608db42251d675da83286b1cce702) (ScriptedImporter) -> (artifact id: 'da9682c2b418be54355ec42d2e6dcbdd') in 0.0244749 seconds
Number of updated asset objects reloaded before import = 0Number of asset objects unloaded after import = 1

========================================================================
Received Import Request.
  Time since last request: 0.000151 seconds.
  path: Assets/Kit/Enviroment/tower defense/Models/GLTF format/stone_tallJ.glb
  artifactKey: Guid(0192ce47bbf4d8043ae06b1d0c73f742) Importer(2089858483,192608db42251d675da83286b1cce702)
Start importing Assets/Kit/Enviroment/tower defense/Models/GLTF format/stone_tallJ.glb using Guid(0192ce47bbf4d8043ae06b1d0c73f742) Importer(2089858483,192608db42251d675da83286b1cce702) (ScriptedImporter) -> (artifact id: 'c1592a45b7b048e2042909b7e5615183') in 0.0256948 seconds
Number of updated asset objects reloaded before import = 0Number of asset objects unloaded after import = 1

========================================================================
Received Import Request.
  Time since last request: 0.000034 seconds.
  path: Assets/Kit/Enviroment/tower defense/Models/OBJ format/path_stoneCorner.mtl
  artifactKey: Guid(ff0e795e33dfacf46b59b7c2e9a7e3e9) Importer(2089858483,192608db42251d675da83286b1cce702)
Start importing Assets/Kit/Enviroment/tower defense/Models/OBJ format/path_stoneCorner.mtl using Guid(ff0e795e33dfacf46b59b7c2e9a7e3e9) Importer(2089858483,192608db42251d675da83286b1cce702) (ScriptedImporter) -> (artifact id: '10a6fc4d48375354961896eb0ded00e8') in 0.0274335 seconds
Number of updated asset objects reloaded before import = 0Number of asset objects unloaded after import = 1

========================================================================
Received Import Request.
  Time since last request: 0.000032 seconds.
  path: Assets/Kit/Enviroment/tower defense/Models/OBJ format/ground_pathSide.mtl
  artifactKey: Guid(b001bc645fe73c94eb251acebae9a540) Importer(2089858483,192608db42251d675da83286b1cce702)
Start importing Assets/Kit/Enviroment/tower defense/Models/OBJ format/ground_pathSide.mtl using Guid(b001bc645fe73c94eb251acebae9a540) Importer(2089858483,192608db42251d675da83286b1cce702) (ScriptedImporter) -> (artifact id: 'a91cfc908996fa59c6780b6120ffb570') in 0.0279732 seconds
Number of updated asset objects reloaded before import = 0Number of asset objects unloaded after import = 1

========================================================================
Received Import Request.
  Time since last request: 0.000039 seconds.
  path: Assets/Kit/Enviroment/tower defense/Models/FBX format/ground_pathSideOpen.fbx
  artifactKey: Guid(15061a198317d33428bd66c28d6b2ef9) Importer(2089858483,192608db42251d675da83286b1cce702)
Start importing Assets/Kit/Enviroment/tower defense/Models/FBX format/ground_pathSideOpen.fbx using Guid(15061a198317d33428bd66c28d6b2ef9) Importer(2089858483,192608db42251d675da83286b1cce702) (ScriptedImporter) -> (artifact id: 'fb5ffacf6f497f90429dca228a955442') in 0.0673006 seconds
Number of updated asset objects reloaded before import = 0Number of asset objects unloaded after import = 10

========================================================================
Received Import Request.
  Time since last request: 0.000058 seconds.
  path: Assets/Kit/DungeonKit/KayKit_DungeonRemastered_1.1_FREE/Assets/obj/bottle_A_brown.mtl
  artifactKey: Guid(201971ff513da5549879069c5016f1ad) Importer(2089858483,192608db42251d675da83286b1cce702)
Start importing Assets/Kit/DungeonKit/KayKit_DungeonRemastered_1.1_FREE/Assets/obj/bottle_A_brown.mtl using Guid(201971ff513da5549879069c5016f1ad) Importer(2089858483,192608db42251d675da83286b1cce702) (ScriptedImporter) -> (artifact id: '7728de9fd06e89ac82336a1ac538c945') in 0.0325226 seconds
Number of updated asset objects reloaded before import = 0Number of asset objects unloaded after import = 1

========================================================================
Received Import Request.
  Time since last request: 0.000036 seconds.
  path: Assets/Kit/Enviroment/tower defense/Models/DAE format/rock_largeD.dae
  artifactKey: Guid(1a7c7fb83c9231f479163a3935b59cfc) Importer(2089858483,192608db42251d675da83286b1cce702)
Start importing Assets/Kit/Enviroment/tower defense/Models/DAE format/rock_largeD.dae using Guid(1a7c7fb83c9231f479163a3935b59cfc) Importer(2089858483,192608db42251d675da83286b1cce702) (ScriptedImporter) -> (artifact id: '1e77ee3c3768917ed4053044653aed5a') in 0.0782066 seconds
Number of updated asset objects reloaded before import = 0Number of asset objects unloaded after import = 10

========================================================================
Received Import Request.
  Time since last request: 0.000045 seconds.
  path: Assets/Kit/Enviroment/tower defense/Models/FBX format/cliff_blockCave_rock.fbx
  artifactKey: Guid(db70f91697da3a64d846c055880184ca) Importer(2089858483,192608db42251d675da83286b1cce702)
Start importing Assets/Kit/Enviroment/tower defense/Models/FBX format/cliff_blockCave_rock.fbx using Guid(db70f91697da3a64d846c055880184ca) Importer(2089858483,192608db42251d675da83286b1cce702) (ScriptedImporter) -> (artifact id: 'd7bfbc5055882cce98b0b74d61f3d108') in 0.0792372 seconds
Number of updated asset objects reloaded before import = 0Number of asset objects unloaded after import = 9

========================================================================
Received Import Request.
  Time since last request: 0.000057 seconds.
  path: Assets/Kit/Enviroment/tower defense/Models/DAE format/rock_tallB.dae
  artifactKey: Guid(9fb1074583cc85d48bba31b4a15c3bb1) Importer(2089858483,192608db42251d675da83286b1cce702)
Start importing Assets/Kit/Enviroment/tower defense/Models/DAE format/rock_tallB.dae using Guid(9fb1074583cc85d48bba31b4a15c3bb1) Importer(2089858483,192608db42251d675da83286b1cce702) (ScriptedImporter) -> (artifact id: 'bdf1438bc114bd33e5ef8c187552ee21') in 0.0645519 seconds
Number of updated asset objects reloaded before import = 0Number of asset objects unloaded after import = 10

========================================================================
Received Import Request.
  Time since last request: 0.000034 seconds.
  path: Assets/Kit/Enviroment/tower defense/Models/FBX format/cliff_top_stone.fbx
  artifactKey: Guid(8f2f37fc56df91d49852a6d6efc8b7bd) Importer(2089858483,192608db42251d675da83286b1cce702)
Start importing Assets/Kit/Enviroment/tower defense/Models/FBX format/cliff_top_stone.fbx using Guid(8f2f37fc56df91d49852a6d6efc8b7bd) Importer(2089858483,192608db42251d675da83286b1cce702) (ScriptedImporter) -> (artifact id: 'e7f745277d18592ba1a05c74cfd4d655') in 0.0696942 seconds
Number of updated asset objects reloaded before import = 0Number of asset objects unloaded after import = 9

========================================================================
Received Import Request.
  Time since last request: 0.000041 seconds.
  path: Assets/Kit/Enviroment/tower defense/Models/FBX format/cliff_cornerLarge_stone.fbx
  artifactKey: Guid(6aee86a367b02ec43b76d8fc29b5b677) Importer(2089858483,192608db42251d675da83286b1cce702)
Start importing Assets/Kit/Enviroment/tower defense/Models/FBX format/cliff_cornerLarge_stone.fbx using Guid(6aee86a367b02ec43b76d8fc29b5b677) Importer(2089858483,192608db42251d675da83286b1cce702) (ScriptedImporter) -> (artifact id: '3f3bb6e99469c8dc3c459535212cbd99') in 0.0663245 seconds
Number of updated asset objects reloaded before import = 0Number of asset objects unloaded after import = 8

========================================================================
Received Import Request.
  Time since last request: 0.000051 seconds.
  path: Assets/Kit/Enviroment/tower defense/Models/DAE format/canoe_paddle.dae
  artifactKey: Guid(af68dc36d0853d44babe11091e9574b2) Importer(2089858483,192608db42251d675da83286b1cce702)
Start importing Assets/Kit/Enviroment/tower defense/Models/DAE format/canoe_paddle.dae using Guid(af68dc36d0853d44babe11091e9574b2) Importer(2089858483,192608db42251d675da83286b1cce702) (ScriptedImporter) -> (artifact id: '9b0580bc77991bd2edd5fb3ce060f617') in 0.0683019 seconds
Number of updated asset objects reloaded before import = 0Number of asset objects unloaded after import = 8

========================================================================
Received Import Request.
  Time since last request: 0.000036 seconds.
  path: Assets/Kit/Enviroment/tower defense/Models/FBX format/bridge_center_stone.fbx
  artifactKey: Guid(08b03485b449310438ee77adaa27c4ba) Importer(2089858483,192608db42251d675da83286b1cce702)
Start importing Assets/Kit/Enviroment/tower defense/Models/FBX format/bridge_center_stone.fbx using Guid(08b03485b449310438ee77adaa27c4ba) Importer(2089858483,192608db42251d675da83286b1cce702) (ScriptedImporter) -> (artifact id: 'b3ec879c10702dc83f117f58ecead0a4') in 0.0643209 seconds
Number of updated asset objects reloaded before import = 0Number of asset objects unloaded after import = 9

========================================================================
Received Import Request.
  Time since last request: 0.000038 seconds.
  path: Assets/Kit/DungeonKit/KayKit_DungeonRemastered_1.1_FREE/Assets/obj/floor_wood_small.mtl
  artifactKey: Guid(5a73497cbdab51e42aa346a1f1530e6b) Importer(2089858483,192608db42251d675da83286b1cce702)
Start importing Assets/Kit/DungeonKit/KayKit_DungeonRemastered_1.1_FREE/Assets/obj/floor_wood_small.mtl using Guid(5a73497cbdab51e42aa346a1f1530e6b) Importer(2089858483,192608db42251d675da83286b1cce702) (ScriptedImporter) -> (artifact id: 'b949421d6b415389570ae1fcecb10804') in 0.0288879 seconds
Number of updated asset objects reloaded before import = 0Number of asset objects unloaded after import = 1

========================================================================
Received Import Request.
  Time since last request: 0.000063 seconds.
  path: Assets/Kit/DungeonKit/KayKit_DungeonRemastered_1.1_FREE/Assets/obj/floor_foundation_allsides.obj
  artifactKey: Guid(46a3479d02eff1448a068c670746a49d) Importer(2089858483,192608db42251d675da83286b1cce702)
Start importing Assets/Kit/DungeonKit/KayKit_DungeonRemastered_1.1_FREE/Assets/obj/floor_foundation_allsides.obj using Guid(46a3479d02eff1448a068c670746a49d) Importer(2089858483,192608db42251d675da83286b1cce702) (ScriptedImporter) -> (artifact id: 'a5ace6bc634b084a9b3abdcda11e1d2e') in 0.0744441 seconds
Number of updated asset objects reloaded before import = 0Number of asset objects unloaded after import = 11

========================================================================
Received Import Request.
  Time since last request: 0.000037 seconds.
  path: Assets/Kit/DungeonKit/KayKit_DungeonRemastered_1.1_FREE/Assets/obj/torch.mtl
  artifactKey: Guid(872698671dcf8434ebbcf4ad786895a7) Importer(2089858483,192608db42251d675da83286b1cce702)
Start importing Assets/Kit/DungeonKit/KayKit_DungeonRemastered_1.1_FREE/Assets/obj/torch.mtl using Guid(872698671dcf8434ebbcf4ad786895a7) Importer(2089858483,192608db42251d675da83286b1cce702) (ScriptedImporter) -> (artifact id: 'e4bd921b90acdb3bb5a464a62284fb74') in 0.0250725 seconds
Number of updated asset objects reloaded before import = 0Number of asset objects unloaded after import = 1

========================================================================
Received Import Request.
  Time since last request: 0.000038 seconds.
  path: Assets/Kit/DungeonKit/KayKit_DungeonRemastered_1.1_FREE/Assets/obj/wall_doorway_sides.mtl
  artifactKey: Guid(307a7d84a284ec4499fa961412e3c3e8) Importer(2089858483,192608db42251d675da83286b1cce702)
Start importing Assets/Kit/DungeonKit/KayKit_DungeonRemastered_1.1_FREE/Assets/obj/wall_doorway_sides.mtl using Guid(307a7d84a284ec4499fa961412e3c3e8) Importer(2089858483,192608db42251d675da83286b1cce702) (ScriptedImporter) -> (artifact id: '4c5710fdea0da333391e853edf14c315') in 0.0279994 seconds
Number of updated asset objects reloaded before import = 0Number of asset objects unloaded after import = 1

========================================================================
Received Import Request.
  Time since last request: 0.000053 seconds.
  path: Assets/Kit/DungeonKit/KayKit_DungeonRemastered_1.1_FREE/Assets/obj/box_small_decorated.obj
  artifactKey: Guid(b54c5950df624424c9237b18036d8188) Importer(2089858483,192608db42251d675da83286b1cce702)
Start importing Assets/Kit/DungeonKit/KayKit_DungeonRemastered_1.1_FREE/Assets/obj/box_small_decorated.obj using Guid(b54c5950df624424c9237b18036d8188) Importer(2089858483,192608db42251d675da83286b1cce702) (ScriptedImporter) -> (artifact id: 'e05dd6ff37bef55d6574d86c254a152c') in 0.0666161 seconds
Number of updated asset objects reloaded before import = 0Number of asset objects unloaded after import = 11

========================================================================
Received Import Request.
  Time since last request: 0.000036 seconds.
  path: Assets/Kit/Enviroment/tower defense/Models/OBJ format/crops_dirtRowCorner.obj
  artifactKey: Guid(29f0779a0a708b24bae76345be9e028f) Importer(2089858483,192608db42251d675da83286b1cce702)
Start importing Assets/Kit/Enviroment/tower defense/Models/OBJ format/crops_dirtRowCorner.obj using Guid(29f0779a0a708b24bae76345be9e028f) Importer(2089858483,192608db42251d675da83286b1cce702) (ScriptedImporter) -> (artifact id: 'd95db2f49ef69229692d29c8b9a28076') in 0.0646014 seconds
Number of updated asset objects reloaded before import = 0Number of asset objects unloaded after import = 11

========================================================================
Received Import Request.
  Time since last request: 0.000038 seconds.
  path: Assets/Kit/Enviroment/tower defense/Models/DAE format/tree_thin_dark.dae
  artifactKey: Guid(e4efb4c32ea8bdc4982c82998b937c79) Importer(2089858483,192608db42251d675da83286b1cce702)
Start importing Assets/Kit/Enviroment/tower defense/Models/DAE format/tree_thin_dark.dae using Guid(e4efb4c32ea8bdc4982c82998b937c79) Importer(2089858483,192608db42251d675da83286b1cce702) (ScriptedImporter) -> (artifact id: '3ffc716bc017a60b6d42a4e49399212a') in 0.0681248 seconds
Number of updated asset objects reloaded before import = 0Number of asset objects unloaded after import = 9

========================================================================
Received Import Request.
  Time since last request: 0.000055 seconds.
  path: Assets/Kit/DungeonKit/KayKit_DungeonRemastered_1.1_FREE/Assets/obj/table_long_tablecloth_decorated_A.mtl
  artifactKey: Guid(38118ee1b732be54a823f7b4a57b43a2) Importer(2089858483,192608db42251d675da83286b1cce702)
Start importing Assets/Kit/DungeonKit/KayKit_DungeonRemastered_1.1_FREE/Assets/obj/table_long_tablecloth_decorated_A.mtl using Guid(38118ee1b732be54a823f7b4a57b43a2) Importer(2089858483,192608db42251d675da83286b1cce702) (ScriptedImporter) -> (artifact id: 'fb44d90ea30d5cf99cb69da2dc9af7cb') in 0.0267768 seconds
Number of updated asset objects reloaded before import = 0Number of asset objects unloaded after import = 1

========================================================================
Received Import Request.
  Time since last request: 0.000037 seconds.
  path: Assets/Kit/Enviroment/tower defense/Models/FBX format/ground_riverCorner.fbx
  artifactKey: Guid(b7effa815d6ad1546a25cd54a7ad1746) Importer(2089858483,192608db42251d675da83286b1cce702)
Start importing Assets/Kit/Enviroment/tower defense/Models/FBX format/ground_riverCorner.fbx using Guid(b7effa815d6ad1546a25cd54a7ad1746) Importer(2089858483,192608db42251d675da83286b1cce702) (ScriptedImporter) -> (artifact id: '5320af0e45399638895a7d1bf5eecf8b') in 0.0778137 seconds
Number of updated asset objects reloaded before import = 0Number of asset objects unloaded after import = 11

========================================================================
Received Import Request.
  Time since last request: 0.000036 seconds.
  path: Assets/Kit/Enviroment/tower defense/Models/DAE format/tree_pineGroundA.dae
  artifactKey: Guid(9e1b58f7b3c91dd47bbc48c86e8b3270) Importer(2089858483,192608db42251d675da83286b1cce702)
Start importing Assets/Kit/Enviroment/tower defense/Models/DAE format/tree_pineGroundA.dae using Guid(9e1b58f7b3c91dd47bbc48c86e8b3270) Importer(2089858483,192608db42251d675da83286b1cce702) (ScriptedImporter) -> (artifact id: '71fe161e7131ab341d2f4732fa91b1c8') in 0.0576434 seconds
Number of updated asset objects reloaded before import = 0Number of asset objects unloaded after import = 8

========================================================================
Received Import Request.
  Time since last request: 0.000051 seconds.
  path: Assets/Kit/DungeonKit/KayKit_DungeonRemastered_1.1_FREE/Assets/obj/coin_stack_medium.mtl
  artifactKey: Guid(3baf4e7e01b9a5647b80a7835531fb82) Importer(2089858483,192608db42251d675da83286b1cce702)
Start importing Assets/Kit/DungeonKit/KayKit_DungeonRemastered_1.1_FREE/Assets/obj/coin_stack_medium.mtl using Guid(3baf4e7e01b9a5647b80a7835531fb82) Importer(2089858483,192608db42251d675da83286b1cce702) (ScriptedImporter) -> (artifact id: '4b8b8b4f56b0fb01b11b38e999361b12') in 0.0284304 seconds
Number of updated asset objects reloaded before import = 0Number of asset objects unloaded after import = 1

========================================================================
Received Import Request.
  Time since last request: 0.000037 seconds.
  path: Assets/Kit/DungeonKit/KayKit_DungeonRemastered_1.1_FREE/Assets/obj/floor_dirt_small_corner.mtl
  artifactKey: Guid(b4105e50ee4ed344ea8631dab9b547b9) Importer(2089858483,192608db42251d675da83286b1cce702)
Start importing Assets/Kit/DungeonKit/KayKit_DungeonRemastered_1.1_FREE/Assets/obj/floor_dirt_small_corner.mtl using Guid(b4105e50ee4ed344ea8631dab9b547b9) Importer(2089858483,192608db42251d675da83286b1cce702) (ScriptedImporter) -> (artifact id: '178c93d2c08f042fead2b2f667418ac5') in 0.027568 seconds
Number of updated asset objects reloaded before import = 0Number of asset objects unloaded after import = 1

========================================================================
Received Import Request.
  Time since last request: 0.000037 seconds.
  path: Assets/Kit/Interior/Preview int/house/casa parteMedia/wall-arch-top.png
  artifactKey: Guid(1c5eb6ddd787c0b4aa7f2f0d4cbb0203) Importer(2089858483,192608db42251d675da83286b1cce702)
Start importing Assets/Kit/Interior/Preview int/house/casa parteMedia/wall-arch-top.png using Guid(1c5eb6ddd787c0b4aa7f2f0d4cbb0203) Importer(2089858483,192608db42251d675da83286b1cce702) (ScriptedImporter) -> (artifact id: '07ce1c7ceb28cd48e61a69d93b551a07') in 0.0594833 seconds
Number of updated asset objects reloaded before import = 0Number of asset objects unloaded after import = 1

========================================================================
Received Import Request.
  Time since last request: 0.000049 seconds.
  path: Assets/Kit/Enviroment/tower defense/Models/DAE format/path_stoneEnd.dae
  artifactKey: Guid(3b8b03376bd2eab4bbe598d10cd595c1) Importer(2089858483,192608db42251d675da83286b1cce702)
Start importing Assets/Kit/Enviroment/tower defense/Models/DAE format/path_stoneEnd.dae using Guid(3b8b03376bd2eab4bbe598d10cd595c1) Importer(2089858483,192608db42251d675da83286b1cce702) (ScriptedImporter) -> (artifact id: 'd4d442605d15e45207a36423a4fac0b5') in 0.0729036 seconds
Number of updated asset objects reloaded before import = 0Number of asset objects unloaded after import = 10

========================================================================
Received Import Request.
  Time since last request: 0.000056 seconds.
  path: Assets/Kit/Enviroment/tower defense/Models/FBX format/cliff_diagonal_rock.fbx
  artifactKey: Guid(8e6e602dbb53000499f89d9ad5a875dc) Importer(2089858483,192608db42251d675da83286b1cce702)
Start importing Assets/Kit/Enviroment/tower defense/Models/FBX format/cliff_diagonal_rock.fbx using Guid(8e6e602dbb53000499f89d9ad5a875dc) Importer(2089858483,192608db42251d675da83286b1cce702) (ScriptedImporter) -> (artifact id: '78587145dd71386cdc1a3db37aebe396') in 0.0582186 seconds
Number of updated asset objects reloaded before import = 0Number of asset objects unloaded after import = 8

========================================================================
Received Import Request.
  Time since last request: 0.000034 seconds.
  path: Assets/Kit/Enviroment/tower defense/Models/DAE format/log_stack.dae
  artifactKey: Guid(232e9dacf65b67b4ca41553c37f0b05b) Importer(2089858483,192608db42251d675da83286b1cce702)
Start importing Assets/Kit/Enviroment/tower defense/Models/DAE format/log_stack.dae using Guid(232e9dacf65b67b4ca41553c37f0b05b) Importer(2089858483,192608db42251d675da83286b1cce702) (ScriptedImporter) -> (artifact id: '1af195ff48b9d42c426a9f3eb201a659') in 0.0670615 seconds
Number of updated asset objects reloaded before import = 0Number of asset objects unloaded after import = 9

Editor requested this worker to shutdown with reason: Scaling down because of idle timeout
AssetImportWorker is now disconnected from the server
Process exiting
Exiting without the bug reporter. Application will terminate with return code 0